/var/spool/slurmd/job6427237/slurm_script: line 13: /mnt/petrelfs/jianglihan/miniforge3/bin/activate: No such file or directory
Head Node IP: SH-IDCA1404-10-140-54-56
Total Nodes: 4
Command to run:
accelerate launch   --config_file configs/accelerate_config/mnode8gpu.yaml   --main_process_ip=SH-IDCA1404-10-140-54-56   --main_process_port=29500   --num_processes=32   --num_machines=4   --machine_rank=$SLURM_PROCID   scripts/train_generator.py config=configs/training/generator/gpt_quadtree_fixtree.yaml
attention mode is flash
attention mode is flash
attention mode is flash
attention mode is flash
attention mode is flash
attention mode is flash
attention mode is flash
attention mode is flash
attention mode is flash
attention mode is flash
attention mode is flash
attention mode is flash
attention mode is flash
attention mode is flash
attention mode is flash
attention mode is flash
attention mode is flash
attention mode is flash
attention mode is flash
attention mode is flash
attention mode is flash
attention mode is flash
attention mode is flash
attention mode is flash
attention mode is flash
attention mode is flash
attention mode is flash
attention mode is flash
attention mode is flash
attention mode is flash
attention mode is flash
attention mode is flash
Detected kernel version 3.10.0, which is below the recommended minimum of 5.5.0; this can cause the process to hang. It is recommended to upgrade the kernel to the minimum version or higher.
wandb: Tracking run with wandb version 0.23.0
wandb: W&B syncing is set to `offline` in this directory. Run `wandb online` or set WANDB_MODE=online to enable cloud syncing.
wandb: Run data is saved locally in /mnt/petrelfs/jianglihan/my_code/quadtok/wandb/offline-run-20251130_151617-5ikp3fl3
[11/30 15:16:18 TiTok-Gen]: Saving config to checkpoints/generator/gpt_quadtree_fixtree/config.yaml
[11/30 15:16:18 TiTok-Gen]: Config:
experiment:
  project: dynamic_tokenizer_generation
  name: gpt_quadtree_fixtree
  output_dir: checkpoints/generator/gpt_quadtree_fixtree
  max_train_examples: 1281167
  save_every: 10000
  eval_every: 50000
  generate_every: 1000
  log_every: 50
  log_grad_norm_every: 1000
  resume: false
  logging_dir: checkpoints/generator/gpt_quadtree_fixtree/logs
tokenizer:
  type: quadtok
  tokenizer_ckpt_dir: /mnt/petrelfs/jianglihan/my_code/quadtok/checkpoints/quadtok_sl256_vq_ts8-expandprob34/checkpoint-200000/ema_model/pytorch_model.bin
  vae_embed_dim: 8
model:
  type: quadtok
  grad_checkpointing: true
  vq_model:
    quantize_mode: vq
    vit_enc_model_size: small
    vit_dec_model_size: small
    vit_enc_patch_size: 16
    vit_dec_patch_size: 16
    decoder_token_size: 256
    codebook_size: 16384
    use_l2_norm: true
    commitment_cost: 0.25
    token_size: 8
  selector:
    token_size: 8
    num_patch_side_list:
    - 1
    - 2
    - 4
    - 8
    - 16
    - 32
    patch_size_list:
    - 16
    - 16
    - 16
    - 16
    - 16
    - 8
  generator_type: gpt-quadtree
  generator:
    model_size: base
    patch_size: 1
    image_size: 256
    num_patch_side_list:
    - 1
    - 2
    - 4
    - 8
    - 16
    - 32
    patch_size_list:
    - 16
    - 16
    - 16
    - 16
    - 16
    - 8
    guaranteed_depth: 3
    class_num: 1000
    label_drop_prob: 0.1
    mask_ratio_min: 0.7
    buffer_size: 1
    proj_dropout: 0.1
    attn_dropout: 0.1
losses:
  model_embed_dim: 768
  diffloss_d: 8
  diffloss_w: 1280
  expand_loss_weight: 1.0
dataset:
  type: simple_image
  params:
    train_shards_path_or_url: pipe:rclone cat hoss:jianglihan/data/imagenet/imagenet-train-{000000..000070}.tar
    eval_shards_path_or_url: pipe:rclone cat hoss:jianglihan/data/imagenet/imagenet-val-{000000..000049}.tar
    num_workers_per_gpu: 12
  preprocessing:
    resize_shorter_edge: 256
    crop_size: 256
    random_crop: true
    random_flip: true
    res_ratio_filtering: true
optimizer:
  name: adamw
  params:
    learning_rate: 0.0004
    beta1: 0.9
    beta2: 0.96
    weight_decay: 0.03
lr_scheduler:
  scheduler: cosine
  params:
    learning_rate: ${optimizer.params.learning_rate}
    warmup_steps: 10000
    end_lr: 1.0e-05
training:
  gradient_accumulation_steps: 1
  per_gpu_batch_size: 32
  mixed_precision: bf16
  enable_tf32: true
  enable_wandb: true
  use_ema: true
  seed: 42
  max_train_steps: 1000000
  max_grad_norm: 1.0
config: configs/training/generator/gpt_quadtree_fixtree.yaml

[11/30 15:16:25 TiTok-Gen]: Creating model and loss module.
[11/30 15:16:25 TiTok-Gen]: Creating model.
self.train_transform: Compose(
    Resize(size=256, interpolation=bicubic, max_size=None, antialias=True)
    RandomCrop(size=(256, 256), padding=None)
    RandomHorizontalFlip(p=0.5)
    ToTensor()
    Normalize(mean=[0.0, 0.0, 0.0], std=[1.0, 1.0, 1.0])
)
self.eval_transform: Compose(
    Resize(size=256, interpolation=bilinear, max_size=None, antialias=True)
    CenterCrop(size=(256, 256))
    ToTensor()
    Normalize(mean=[0.0, 0.0, 0.0], std=[1.0, 1.0, 1.0])
)
self.train_transform: Compose(
    Resize(size=256, interpolation=bicubic, max_size=None, antialias=True)
    RandomCrop(size=(256, 256), padding=None)
    RandomHorizontalFlip(p=0.5)
    ToTensor()
    Normalize(mean=[0.0, 0.0, 0.0], std=[1.0, 1.0, 1.0])
)
self.eval_transform: Compose(
    Resize(size=256, interpolation=bilinear, max_size=None, antialias=True)
    CenterCrop(size=(256, 256))
    ToTensor()
    Normalize(mean=[0.0, 0.0, 0.0], std=[1.0, 1.0, 1.0])
)
self.train_transform: Compose(
    Resize(size=256, interpolation=bicubic, max_size=None, antialias=True)
    RandomCrop(size=(256, 256), padding=None)
    RandomHorizontalFlip(p=0.5)
    ToTensor()
    Normalize(mean=[0.0, 0.0, 0.0], std=[1.0, 1.0, 1.0])
)
self.eval_transform: Compose(
    Resize(size=256, interpolation=bilinear, max_size=None, antialias=True)
    CenterCrop(size=(256, 256))
    ToTensor()
    Normalize(mean=[0.0, 0.0, 0.0], std=[1.0, 1.0, 1.0])
)
self.train_transform: Compose(
    Resize(size=256, interpolation=bicubic, max_size=None, antialias=True)
    RandomCrop(size=(256, 256), padding=None)
    RandomHorizontalFlip(p=0.5)
    ToTensor()
    Normalize(mean=[0.0, 0.0, 0.0], std=[1.0, 1.0, 1.0])
)
self.eval_transform: Compose(
    Resize(size=256, interpolation=bilinear, max_size=None, antialias=True)
    CenterCrop(size=(256, 256))
    ToTensor()
    Normalize(mean=[0.0, 0.0, 0.0], std=[1.0, 1.0, 1.0])
)
self.train_transform: Compose(
    Resize(size=256, interpolation=bicubic, max_size=None, antialias=True)
    RandomCrop(size=(256, 256), padding=None)
    RandomHorizontalFlip(p=0.5)
    ToTensor()
    Normalize(mean=[0.0, 0.0, 0.0], std=[1.0, 1.0, 1.0])
)
self.eval_transform: Compose(
    Resize(size=256, interpolation=bilinear, max_size=None, antialias=True)
    CenterCrop(size=(256, 256))
    ToTensor()
    Normalize(mean=[0.0, 0.0, 0.0], std=[1.0, 1.0, 1.0])
)
self.train_transform: Compose(
    Resize(size=256, interpolation=bicubic, max_size=None, antialias=True)
    RandomCrop(size=(256, 256), padding=None)
    RandomHorizontalFlip(p=0.5)
    ToTensor()
    Normalize(mean=[0.0, 0.0, 0.0], std=[1.0, 1.0, 1.0])
)
self.eval_transform: Compose(
    Resize(size=256, interpolation=bilinear, max_size=None, antialias=True)
    CenterCrop(size=(256, 256))
    ToTensor()
    Normalize(mean=[0.0, 0.0, 0.0], std=[1.0, 1.0, 1.0])
)
self.train_transform: Compose(
    Resize(size=256, interpolation=bicubic, max_size=None, antialias=True)
    RandomCrop(size=(256, 256), padding=None)
    RandomHorizontalFlip(p=0.5)
    ToTensor()
    Normalize(mean=[0.0, 0.0, 0.0], std=[1.0, 1.0, 1.0])
)
self.eval_transform: Compose(
    Resize(size=256, interpolation=bilinear, max_size=None, antialias=True)
    CenterCrop(size=(256, 256))
    ToTensor()
    Normalize(mean=[0.0, 0.0, 0.0], std=[1.0, 1.0, 1.0])
)
self.train_transform: Compose(
    Resize(size=256, interpolation=bicubic, max_size=None, antialias=True)
    RandomCrop(size=(256, 256), padding=None)
    RandomHorizontalFlip(p=0.5)
    ToTensor()
    Normalize(mean=[0.0, 0.0, 0.0], std=[1.0, 1.0, 1.0])
)
self.eval_transform: Compose(
    Resize(size=256, interpolation=bilinear, max_size=None, antialias=True)
    CenterCrop(size=(256, 256))
    ToTensor()
    Normalize(mean=[0.0, 0.0, 0.0], std=[1.0, 1.0, 1.0])
)
self.train_transform: Compose(
    Resize(size=256, interpolation=bicubic, max_size=None, antialias=True)
    RandomCrop(size=(256, 256), padding=None)
    RandomHorizontalFlip(p=0.5)
    ToTensor()
    Normalize(mean=[0.0, 0.0, 0.0], std=[1.0, 1.0, 1.0])
)
self.eval_transform: Compose(
    Resize(size=256, interpolation=bilinear, max_size=None, antialias=True)
    CenterCrop(size=(256, 256))
    ToTensor()
    Normalize(mean=[0.0, 0.0, 0.0], std=[1.0, 1.0, 1.0])
)
self.train_transform: Compose(
    Resize(size=256, interpolation=bicubic, max_size=None, antialias=True)
    RandomCrop(size=(256, 256), padding=None)
    RandomHorizontalFlip(p=0.5)
    ToTensor()
    Normalize(mean=[0.0, 0.0, 0.0], std=[1.0, 1.0, 1.0])
)
self.eval_transform: Compose(
    Resize(size=256, interpolation=bilinear, max_size=None, antialias=True)
    CenterCrop(size=(256, 256))
    ToTensor()
    Normalize(mean=[0.0, 0.0, 0.0], std=[1.0, 1.0, 1.0])
)
self.train_transform: Compose(
    Resize(size=256, interpolation=bicubic, max_size=None, antialias=True)
    RandomCrop(size=(256, 256), padding=None)
    RandomHorizontalFlip(p=0.5)
    ToTensor()
    Normalize(mean=[0.0, 0.0, 0.0], std=[1.0, 1.0, 1.0])
)
self.eval_transform: Compose(
    Resize(size=256, interpolation=bilinear, max_size=None, antialias=True)
    CenterCrop(size=(256, 256))
    ToTensor()
    Normalize(mean=[0.0, 0.0, 0.0], std=[1.0, 1.0, 1.0])
)
self.train_transform: Compose(
    Resize(size=256, interpolation=bicubic, max_size=None, antialias=True)
    RandomCrop(size=(256, 256), padding=None)
    RandomHorizontalFlip(p=0.5)
    ToTensor()
    Normalize(mean=[0.0, 0.0, 0.0], std=[1.0, 1.0, 1.0])
)
self.eval_transform: Compose(
    Resize(size=256, interpolation=bilinear, max_size=None, antialias=True)
    CenterCrop(size=(256, 256))
    ToTensor()
    Normalize(mean=[0.0, 0.0, 0.0], std=[1.0, 1.0, 1.0])
)
self.train_transform: Compose(
    Resize(size=256, interpolation=bicubic, max_size=None, antialias=True)
    RandomCrop(size=(256, 256), padding=None)
    RandomHorizontalFlip(p=0.5)
    ToTensor()
    Normalize(mean=[0.0, 0.0, 0.0], std=[1.0, 1.0, 1.0])
)
self.eval_transform: Compose(
    Resize(size=256, interpolation=bilinear, max_size=None, antialias=True)
    CenterCrop(size=(256, 256))
    ToTensor()
    Normalize(mean=[0.0, 0.0, 0.0], std=[1.0, 1.0, 1.0])
)
self.train_transform: Compose(
    Resize(size=256, interpolation=bicubic, max_size=None, antialias=True)
    RandomCrop(size=(256, 256), padding=None)
    RandomHorizontalFlip(p=0.5)
    ToTensor()
    Normalize(mean=[0.0, 0.0, 0.0], std=[1.0, 1.0, 1.0])
)
self.eval_transform: Compose(
    Resize(size=256, interpolation=bilinear, max_size=None, antialias=True)
    CenterCrop(size=(256, 256))
    ToTensor()
    Normalize(mean=[0.0, 0.0, 0.0], std=[1.0, 1.0, 1.0])
)
self.train_transform: Compose(
    Resize(size=256, interpolation=bicubic, max_size=None, antialias=True)
    RandomCrop(size=(256, 256), padding=None)
    RandomHorizontalFlip(p=0.5)
    ToTensor()
    Normalize(mean=[0.0, 0.0, 0.0], std=[1.0, 1.0, 1.0])
)
self.eval_transform: Compose(
    Resize(size=256, interpolation=bilinear, max_size=None, antialias=True)
    CenterCrop(size=(256, 256))
    ToTensor()
    Normalize(mean=[0.0, 0.0, 0.0], std=[1.0, 1.0, 1.0])
)
self.train_transform: Compose(
    Resize(size=256, interpolation=bicubic, max_size=None, antialias=True)
    RandomCrop(size=(256, 256), padding=None)
    RandomHorizontalFlip(p=0.5)
    ToTensor()
    Normalize(mean=[0.0, 0.0, 0.0], std=[1.0, 1.0, 1.0])
)
self.eval_transform: Compose(
    Resize(size=256, interpolation=bilinear, max_size=None, antialias=True)
    CenterCrop(size=(256, 256))
    ToTensor()
    Normalize(mean=[0.0, 0.0, 0.0], std=[1.0, 1.0, 1.0])
)
self.train_transform: Compose(
    Resize(size=256, interpolation=bicubic, max_size=None, antialias=True)
    RandomCrop(size=(256, 256), padding=None)
    RandomHorizontalFlip(p=0.5)
    ToTensor()
    Normalize(mean=[0.0, 0.0, 0.0], std=[1.0, 1.0, 1.0])
)
self.eval_transform: Compose(
    Resize(size=256, interpolation=bilinear, max_size=None, antialias=True)
    CenterCrop(size=(256, 256))
    ToTensor()
    Normalize(mean=[0.0, 0.0, 0.0], std=[1.0, 1.0, 1.0])
)
self.train_transform: Compose(
    Resize(size=256, interpolation=bicubic, max_size=None, antialias=True)
    RandomCrop(size=(256, 256), padding=None)
    RandomHorizontalFlip(p=0.5)
    ToTensor()
    Normalize(mean=[0.0, 0.0, 0.0], std=[1.0, 1.0, 1.0])
)
self.eval_transform: Compose(
    Resize(size=256, interpolation=bilinear, max_size=None, antialias=True)
    CenterCrop(size=(256, 256))
    ToTensor()
    Normalize(mean=[0.0, 0.0, 0.0], std=[1.0, 1.0, 1.0])
)
self.train_transform: Compose(
    Resize(size=256, interpolation=bicubic, max_size=None, antialias=True)
    RandomCrop(size=(256, 256), padding=None)
    RandomHorizontalFlip(p=0.5)
    ToTensor()
    Normalize(mean=[0.0, 0.0, 0.0], std=[1.0, 1.0, 1.0])
)
self.eval_transform: Compose(
    Resize(size=256, interpolation=bilinear, max_size=None, antialias=True)
    CenterCrop(size=(256, 256))
    ToTensor()
    Normalize(mean=[0.0, 0.0, 0.0], std=[1.0, 1.0, 1.0])
)
self.train_transform: Compose(
    Resize(size=256, interpolation=bicubic, max_size=None, antialias=True)
    RandomCrop(size=(256, 256), padding=None)
    RandomHorizontalFlip(p=0.5)
    ToTensor()
    Normalize(mean=[0.0, 0.0, 0.0], std=[1.0, 1.0, 1.0])
)
self.eval_transform: Compose(
    Resize(size=256, interpolation=bilinear, max_size=None, antialias=True)
    CenterCrop(size=(256, 256))
    ToTensor()
    Normalize(mean=[0.0, 0.0, 0.0], std=[1.0, 1.0, 1.0])
)
self.train_transform: Compose(
    Resize(size=256, interpolation=bicubic, max_size=None, antialias=True)
    RandomCrop(size=(256, 256), padding=None)
    RandomHorizontalFlip(p=0.5)
    ToTensor()
    Normalize(mean=[0.0, 0.0, 0.0], std=[1.0, 1.0, 1.0])
)
self.eval_transform: Compose(
    Resize(size=256, interpolation=bilinear, max_size=None, antialias=True)
    CenterCrop(size=(256, 256))
    ToTensor()
    Normalize(mean=[0.0, 0.0, 0.0], std=[1.0, 1.0, 1.0])
)
self.train_transform: Compose(
    Resize(size=256, interpolation=bicubic, max_size=None, antialias=True)
    RandomCrop(size=(256, 256), padding=None)
    RandomHorizontalFlip(p=0.5)
    ToTensor()
    Normalize(mean=[0.0, 0.0, 0.0], std=[1.0, 1.0, 1.0])
)
self.eval_transform: Compose(
    Resize(size=256, interpolation=bilinear, max_size=None, antialias=True)
    CenterCrop(size=(256, 256))
    ToTensor()
    Normalize(mean=[0.0, 0.0, 0.0], std=[1.0, 1.0, 1.0])
)
[11/30 15:16:32 TiTok-Gen]: Creating optimizers.
[11/30 15:16:32 TiTok-Gen]: Creating lr_schedulers.
self.train_transform: Compose(
    Resize(size=256, interpolation=bicubic, max_size=None, antialias=True)
    RandomCrop(size=(256, 256), padding=None)
    RandomHorizontalFlip(p=0.5)
    ToTensor()
    Normalize(mean=[0.0, 0.0, 0.0], std=[1.0, 1.0, 1.0])
)
self.eval_transform: Compose(
    Resize(size=256, interpolation=bilinear, max_size=None, antialias=True)
    CenterCrop(size=(256, 256))
    ToTensor()
    Normalize(mean=[0.0, 0.0, 0.0], std=[1.0, 1.0, 1.0])
)
[11/30 15:16:32 TiTok-Gen]: Preparing model, optimizer and dataloaders
self.train_transform: Compose(
    Resize(size=256, interpolation=bicubic, max_size=None, antialias=True)
    RandomCrop(size=(256, 256), padding=None)
    RandomHorizontalFlip(p=0.5)
    ToTensor()
    Normalize(mean=[0.0, 0.0, 0.0], std=[1.0, 1.0, 1.0])
)
self.eval_transform: Compose(
    Resize(size=256, interpolation=bilinear, max_size=None, antialias=True)
    CenterCrop(size=(256, 256))
    ToTensor()
    Normalize(mean=[0.0, 0.0, 0.0], std=[1.0, 1.0, 1.0])
)
self.train_transform: Compose(
    Resize(size=256, interpolation=bicubic, max_size=None, antialias=True)
    RandomCrop(size=(256, 256), padding=None)
    RandomHorizontalFlip(p=0.5)
    ToTensor()
    Normalize(mean=[0.0, 0.0, 0.0], std=[1.0, 1.0, 1.0])
)
self.eval_transform: Compose(
    Resize(size=256, interpolation=bilinear, max_size=None, antialias=True)
    CenterCrop(size=(256, 256))
    ToTensor()
    Normalize(mean=[0.0, 0.0, 0.0], std=[1.0, 1.0, 1.0])
)
self.train_transform: Compose(
    Resize(size=256, interpolation=bicubic, max_size=None, antialias=True)
    RandomCrop(size=(256, 256), padding=None)
    RandomHorizontalFlip(p=0.5)
    ToTensor()
    Normalize(mean=[0.0, 0.0, 0.0], std=[1.0, 1.0, 1.0])
)
self.eval_transform: Compose(
    Resize(size=256, interpolation=bilinear, max_size=None, antialias=True)
    CenterCrop(size=(256, 256))
    ToTensor()
    Normalize(mean=[0.0, 0.0, 0.0], std=[1.0, 1.0, 1.0])
)
self.train_transform: Compose(
    Resize(size=256, interpolation=bicubic, max_size=None, antialias=True)
    RandomCrop(size=(256, 256), padding=None)
    RandomHorizontalFlip(p=0.5)
    ToTensor()
    Normalize(mean=[0.0, 0.0, 0.0], std=[1.0, 1.0, 1.0])
)
self.eval_transform: Compose(
    Resize(size=256, interpolation=bilinear, max_size=None, antialias=True)
    CenterCrop(size=(256, 256))
    ToTensor()
    Normalize(mean=[0.0, 0.0, 0.0], std=[1.0, 1.0, 1.0])
)
self.train_transform: Compose(
    Resize(size=256, interpolation=bicubic, max_size=None, antialias=True)
    RandomCrop(size=(256, 256), padding=None)
    RandomHorizontalFlip(p=0.5)
    ToTensor()
    Normalize(mean=[0.0, 0.0, 0.0], std=[1.0, 1.0, 1.0])
)
self.eval_transform: Compose(
    Resize(size=256, interpolation=bilinear, max_size=None, antialias=True)
    CenterCrop(size=(256, 256))
    ToTensor()
    Normalize(mean=[0.0, 0.0, 0.0], std=[1.0, 1.0, 1.0])
)
self.train_transform: Compose(
    Resize(size=256, interpolation=bicubic, max_size=None, antialias=True)
    RandomCrop(size=(256, 256), padding=None)
    RandomHorizontalFlip(p=0.5)
    ToTensor()
    Normalize(mean=[0.0, 0.0, 0.0], std=[1.0, 1.0, 1.0])
)
self.eval_transform: Compose(
    Resize(size=256, interpolation=bilinear, max_size=None, antialias=True)
    CenterCrop(size=(256, 256))
    ToTensor()
    Normalize(mean=[0.0, 0.0, 0.0], std=[1.0, 1.0, 1.0])
)
self.train_transform: Compose(
    Resize(size=256, interpolation=bicubic, max_size=None, antialias=True)
    RandomCrop(size=(256, 256), padding=None)
    RandomHorizontalFlip(p=0.5)
    ToTensor()
    Normalize(mean=[0.0, 0.0, 0.0], std=[1.0, 1.0, 1.0])
)
self.eval_transform: Compose(
    Resize(size=256, interpolation=bilinear, max_size=None, antialias=True)
    CenterCrop(size=(256, 256))
    ToTensor()
    Normalize(mean=[0.0, 0.0, 0.0], std=[1.0, 1.0, 1.0])
)
self.train_transform: Compose(
    Resize(size=256, interpolation=bicubic, max_size=None, antialias=True)
    RandomCrop(size=(256, 256), padding=None)
    RandomHorizontalFlip(p=0.5)
    ToTensor()
    Normalize(mean=[0.0, 0.0, 0.0], std=[1.0, 1.0, 1.0])
)
self.eval_transform: Compose(
    Resize(size=256, interpolation=bilinear, max_size=None, antialias=True)
    CenterCrop(size=(256, 256))
    ToTensor()
    Normalize(mean=[0.0, 0.0, 0.0], std=[1.0, 1.0, 1.0])
)
self.train_transform: Compose(
    Resize(size=256, interpolation=bicubic, max_size=None, antialias=True)
    RandomCrop(size=(256, 256), padding=None)
    RandomHorizontalFlip(p=0.5)
    ToTensor()
    Normalize(mean=[0.0, 0.0, 0.0], std=[1.0, 1.0, 1.0])
)
self.eval_transform: Compose(
    Resize(size=256, interpolation=bilinear, max_size=None, antialias=True)
    CenterCrop(size=(256, 256))
    ToTensor()
    Normalize(mean=[0.0, 0.0, 0.0], std=[1.0, 1.0, 1.0])
)
SH-IDCA1404-10-140-54-56:81266:81266 [0] NCCL INFO NCCL_SOCKET_IFNAME set by environment to bond0
SH-IDCA1404-10-140-54-56:81266:81266 [0] NCCL INFO Bootstrap : Using bond0:10.140.54.56<0>
SH-IDCA1404-10-140-54-56:81266:81266 [0] NCCL INFO NET/Plugin: No plugin found (libnccl-net.so)
SH-IDCA1404-10-140-54-56:81266:81266 [0] NCCL INFO NET/Plugin: Plugin load returned 2 : libnccl-net.so: cannot open shared object file: No such file or directory : when loading libnccl-net.so
SH-IDCA1404-10-140-54-56:81266:81266 [0] NCCL INFO NET/Plugin: Using internal network plugin.
SH-IDCA1404-10-140-54-56:81266:81266 [0] NCCL INFO cudaDriverVersion 12000
NCCL version 2.21.5+cuda11.0
SH-IDCA1404-10-140-54-56:81272:81272 [6] NCCL INFO cudaDriverVersion 12000
SH-IDCA1404-10-140-54-56:81272:81272 [6] NCCL INFO NCCL_SOCKET_IFNAME set by environment to bond0
SH-IDCA1404-10-140-54-56:81269:81269 [3] NCCL INFO cudaDriverVersion 12000
SH-IDCA1404-10-140-54-56:81269:81269 [3] NCCL INFO NCCL_SOCKET_IFNAME set by environment to bond0
SH-IDCA1404-10-140-54-56:81273:81273 [7] NCCL INFO cudaDriverVersion 12000
SH-IDCA1404-10-140-54-56:81273:81273 [7] NCCL INFO NCCL_SOCKET_IFNAME set by environment to bond0
SH-IDCA1404-10-140-54-56:81268:81268 [2] NCCL INFO cudaDriverVersion 12000
SH-IDCA1404-10-140-54-56:81268:81268 [2] NCCL INFO NCCL_SOCKET_IFNAME set by environment to bond0
SH-IDCA1404-10-140-54-56:81272:81272 [6] NCCL INFO Bootstrap : Using bond0:10.140.54.56<0>
SH-IDCA1404-10-140-54-56:81271:81271 [5] NCCL INFO cudaDriverVersion 12000
SH-IDCA1404-10-140-54-56:81270:81270 [4] NCCL INFO cudaDriverVersion 12000
SH-IDCA1404-10-140-54-56:81270:81270 [4] NCCL INFO NCCL_SOCKET_IFNAME set by environment to bond0
SH-IDCA1404-10-140-54-56:81271:81271 [5] NCCL INFO NCCL_SOCKET_IFNAME set by environment to bond0
SH-IDCA1404-10-140-54-56:81269:81269 [3] NCCL INFO Bootstrap : Using bond0:10.140.54.56<0>
SH-IDCA1404-10-140-54-56:81273:81273 [7] NCCL INFO Bootstrap : Using bond0:10.140.54.56<0>
SH-IDCA1404-10-140-54-56:81268:81268 [2] NCCL INFO Bootstrap : Using bond0:10.140.54.56<0>
SH-IDCA1404-10-140-54-56:81271:81271 [5] NCCL INFO Bootstrap : Using bond0:10.140.54.56<0>
SH-IDCA1404-10-140-54-56:81270:81270 [4] NCCL INFO Bootstrap : Using bond0:10.140.54.56<0>
SH-IDCA1404-10-140-54-56:81267:81267 [1] NCCL INFO cudaDriverVersion 12000
SH-IDCA1404-10-140-54-56:81267:81267 [1] NCCL INFO NCCL_SOCKET_IFNAME set by environment to bond0
SH-IDCA1404-10-140-54-56:81267:81267 [1] NCCL INFO Bootstrap : Using bond0:10.140.54.56<0>
SH-IDCA1404-10-140-54-56:81271:81271 [5] NCCL INFO NET/Plugin: No plugin found (libnccl-net.so)
SH-IDCA1404-10-140-54-56:81271:81271 [5] NCCL INFO NET/Plugin: Plugin load returned 2 : libnccl-net.so: cannot open shared object file: No such file or directory : when loading libnccl-net.so
SH-IDCA1404-10-140-54-56:81271:81271 [5] NCCL INFO NET/Plugin: Using internal network plugin.
SH-IDCA1404-10-140-54-56:81273:81273 [7] NCCL INFO NET/Plugin: No plugin found (libnccl-net.so)
SH-IDCA1404-10-140-54-56:81273:81273 [7] NCCL INFO NET/Plugin: Plugin load returned 2 : libnccl-net.so: cannot open shared object file: No such file or directory : when loading libnccl-net.so
SH-IDCA1404-10-140-54-56:81273:81273 [7] NCCL INFO NET/Plugin: Using internal network plugin.
SH-IDCA1404-10-140-54-56:81268:81268 [2] NCCL INFO NET/Plugin: No plugin found (libnccl-net.so)
SH-IDCA1404-10-140-54-56:81268:81268 [2] NCCL INFO NET/Plugin: Plugin load returned 2 : libnccl-net.so: cannot open shared object file: No such file or directory : when loading libnccl-net.so
SH-IDCA1404-10-140-54-56:81268:81268 [2] NCCL INFO NET/Plugin: Using internal network plugin.
SH-IDCA1404-10-140-54-56:81272:81272 [6] NCCL INFO NET/Plugin: No plugin found (libnccl-net.so)
SH-IDCA1404-10-140-54-56:81272:81272 [6] NCCL INFO NET/Plugin: Plugin load returned 2 : libnccl-net.so: cannot open shared object file: No such file or directory : when loading libnccl-net.so
SH-IDCA1404-10-140-54-56:81272:81272 [6] NCCL INFO NET/Plugin: Using internal network plugin.
SH-IDCA1404-10-140-54-56:81270:81270 [4] NCCL INFO NET/Plugin: No plugin found (libnccl-net.so)
SH-IDCA1404-10-140-54-56:81270:81270 [4] NCCL INFO NET/Plugin: Plugin load returned 2 : libnccl-net.so: cannot open shared object file: No such file or directory : when loading libnccl-net.so
SH-IDCA1404-10-140-54-56:81270:81270 [4] NCCL INFO NET/Plugin: Using internal network plugin.
SH-IDCA1404-10-140-54-56:81269:81269 [3] NCCL INFO NET/Plugin: No plugin found (libnccl-net.so)
SH-IDCA1404-10-140-54-56:81269:81269 [3] NCCL INFO NET/Plugin: Plugin load returned 2 : libnccl-net.so: cannot open shared object file: No such file or directory : when loading libnccl-net.so
SH-IDCA1404-10-140-54-56:81269:81269 [3] NCCL INFO NET/Plugin: Using internal network plugin.
SH-IDCA1404-10-140-54-56:81267:81267 [1] NCCL INFO NET/Plugin: No plugin found (libnccl-net.so)
SH-IDCA1404-10-140-54-56:81267:81267 [1] NCCL INFO NET/Plugin: Plugin load returned 2 : libnccl-net.so: cannot open shared object file: No such file or directory : when loading libnccl-net.so
SH-IDCA1404-10-140-54-56:81267:81267 [1] NCCL INFO NET/Plugin: Using internal network plugin.
SH-IDCA1404-10-140-54-117:24449:24449 [7] NCCL INFO cudaDriverVersion 12000
SH-IDCA1404-10-140-54-117:24443:24443 [2] NCCL INFO cudaDriverVersion 12000
SH-IDCA1404-10-140-54-117:24441:24441 [0] NCCL INFO cudaDriverVersion 12000
SH-IDCA1404-10-140-54-117:24449:24449 [7] NCCL INFO NCCL_SOCKET_IFNAME set by environment to bond0
SH-IDCA1404-10-140-54-117:24443:24443 [2] NCCL INFO NCCL_SOCKET_IFNAME set by environment to bond0
SH-IDCA1404-10-140-54-117:24441:24441 [0] NCCL INFO NCCL_SOCKET_IFNAME set by environment to bond0
SH-IDCA1404-10-140-54-117:24444:24444 [3] NCCL INFO cudaDriverVersion 12000
SH-IDCA1404-10-140-54-117:24444:24444 [3] NCCL INFO NCCL_SOCKET_IFNAME set by environment to bond0
SH-IDCA1404-10-140-54-117:24448:24448 [6] NCCL INFO cudaDriverVersion 12000
SH-IDCA1404-10-140-54-117:24442:24442 [1] NCCL INFO cudaDriverVersion 12000
SH-IDCA1404-10-140-54-117:24448:24448 [6] NCCL INFO NCCL_SOCKET_IFNAME set by environment to bond0
SH-IDCA1404-10-140-54-117:24442:24442 [1] NCCL INFO NCCL_SOCKET_IFNAME set by environment to bond0
SH-IDCA1404-10-140-54-117:24449:24449 [7] NCCL INFO Bootstrap : Using bond0:10.140.54.117<0>
SH-IDCA1404-10-140-54-117:24441:24441 [0] NCCL INFO Bootstrap : Using bond0:10.140.54.117<0>
SH-IDCA1404-10-140-54-117:24444:24444 [3] NCCL INFO Bootstrap : Using bond0:10.140.54.117<0>
SH-IDCA1404-10-140-54-117:24448:24448 [6] NCCL INFO Bootstrap : Using bond0:10.140.54.117<0>
SH-IDCA1404-10-140-54-117:24442:24442 [1] NCCL INFO Bootstrap : Using bond0:10.140.54.117<0>
SH-IDCA1404-10-140-54-117:24443:24443 [2] NCCL INFO Bootstrap : Using bond0:10.140.54.117<0>
SH-IDCA1404-10-140-54-73:61930:61930 [4] NCCL INFO cudaDriverVersion 12000
SH-IDCA1404-10-140-54-73:61927:61927 [1] NCCL INFO cudaDriverVersion 12000
SH-IDCA1404-10-140-54-117:24447:24447 [5] NCCL INFO cudaDriverVersion 12000
SH-IDCA1404-10-140-54-73:61932:61932 [6] NCCL INFO cudaDriverVersion 12000
SH-IDCA1404-10-140-54-117:24446:24446 [4] NCCL INFO cudaDriverVersion 12000
SH-IDCA1404-10-140-54-73:61927:61927 [1] NCCL INFO NCCL_SOCKET_IFNAME set by environment to bond0
SH-IDCA1404-10-140-54-117:24446:24446 [4] NCCL INFO NCCL_SOCKET_IFNAME set by environment to bond0
SH-IDCA1404-10-140-54-117:24447:24447 [5] NCCL INFO NCCL_SOCKET_IFNAME set by environment to bond0
SH-IDCA1404-10-140-54-73:61930:61930 [4] NCCL INFO NCCL_SOCKET_IFNAME set by environment to bond0
SH-IDCA1404-10-140-54-117:24447:24447 [5] NCCL INFO Bootstrap : Using bond0:10.140.54.117<0>
SH-IDCA1404-10-140-54-117:24446:24446 [4] NCCL INFO Bootstrap : Using bond0:10.140.54.117<0>
SH-IDCA1404-10-140-54-73:61932:61932 [6] NCCL INFO NCCL_SOCKET_IFNAME set by environment to bond0
SH-IDCA1404-10-140-54-73:61929:61929 [3] NCCL INFO cudaDriverVersion 12000
SH-IDCA1404-10-140-54-73:61929:61929 [3] NCCL INFO NCCL_SOCKET_IFNAME set by environment to bond0
SH-IDCA1404-10-140-54-73:61933:61933 [7] NCCL INFO cudaDriverVersion 12000
SH-IDCA1404-10-140-54-73:61931:61931 [5] NCCL INFO cudaDriverVersion 12000
SH-IDCA1404-10-140-54-73:61928:61928 [2] NCCL INFO cudaDriverVersion 12000
SH-IDCA1404-10-140-54-73:61933:61933 [7] NCCL INFO NCCL_SOCKET_IFNAME set by environment to bond0
SH-IDCA1404-10-140-54-92:70681:70681 [5] NCCL INFO cudaDriverVersion 12000
SH-IDCA1404-10-140-54-73:61926:61926 [0] NCCL INFO cudaDriverVersion 12000
SH-IDCA1404-10-140-54-92:70676:70676 [1] NCCL INFO cudaDriverVersion 12000
SH-IDCA1404-10-140-54-73:61931:61931 [5] NCCL INFO NCCL_SOCKET_IFNAME set by environment to bond0
SH-IDCA1404-10-140-54-92:70680:70680 [4] NCCL INFO cudaDriverVersion 12000
SH-IDCA1404-10-140-54-73:61928:61928 [2] NCCL INFO NCCL_SOCKET_IFNAME set by environment to bond0
SH-IDCA1404-10-140-54-73:61926:61926 [0] NCCL INFO NCCL_SOCKET_IFNAME set by environment to bond0
SH-IDCA1404-10-140-54-92:70681:70681 [5] NCCL INFO NCCL_SOCKET_IFNAME set by environment to bond0
SH-IDCA1404-10-140-54-92:70676:70676 [1] NCCL INFO NCCL_SOCKET_IFNAME set by environment to bond0
SH-IDCA1404-10-140-54-92:70680:70680 [4] NCCL INFO NCCL_SOCKET_IFNAME set by environment to bond0
SH-IDCA1404-10-140-54-73:61932:61932 [6] NCCL INFO Bootstrap : Using bond0:10.140.54.73<0>
SH-IDCA1404-10-140-54-73:61927:61927 [1] NCCL INFO Bootstrap : Using bond0:10.140.54.73<0>
SH-IDCA1404-10-140-54-92:70679:70679 [3] NCCL INFO cudaDriverVersion 12000
SH-IDCA1404-10-140-54-73:61930:61930 [4] NCCL INFO Bootstrap : Using bond0:10.140.54.73<0>
SH-IDCA1404-10-140-54-92:70679:70679 [3] NCCL INFO NCCL_SOCKET_IFNAME set by environment to bond0
SH-IDCA1404-10-140-54-73:61928:61928 [2] NCCL INFO Bootstrap : Using bond0:10.140.54.73<0>
SH-IDCA1404-10-140-54-73:61933:61933 [7] NCCL INFO Bootstrap : Using bond0:10.140.54.73<0>
SH-IDCA1404-10-140-54-92:70683:70683 [7] NCCL INFO cudaDriverVersion 12000
SH-IDCA1404-10-140-54-73:61926:61926 [0] NCCL INFO Bootstrap : Using bond0:10.140.54.73<0>
SH-IDCA1404-10-140-54-92:70683:70683 [7] NCCL INFO NCCL_SOCKET_IFNAME set by environment to bond0
SH-IDCA1404-10-140-54-73:61929:61929 [3] NCCL INFO Bootstrap : Using bond0:10.140.54.73<0>
SH-IDCA1404-10-140-54-92:70677:70677 [2] NCCL INFO cudaDriverVersion 12000
SH-IDCA1404-10-140-54-73:61931:61931 [5] NCCL INFO Bootstrap : Using bond0:10.140.54.73<0>
SH-IDCA1404-10-140-54-92:70682:70682 [6] NCCL INFO cudaDriverVersion 12000
SH-IDCA1404-10-140-54-92:70677:70677 [2] NCCL INFO NCCL_SOCKET_IFNAME set by environment to bond0
SH-IDCA1404-10-140-54-92:70682:70682 [6] NCCL INFO NCCL_SOCKET_IFNAME set by environment to bond0
SH-IDCA1404-10-140-54-92:70675:70675 [0] NCCL INFO cudaDriverVersion 12000
SH-IDCA1404-10-140-54-92:70675:70675 [0] NCCL INFO NCCL_SOCKET_IFNAME set by environment to bond0
SH-IDCA1404-10-140-54-92:70676:70676 [1] NCCL INFO Bootstrap : Using bond0:10.140.54.92<0>
SH-IDCA1404-10-140-54-92:70680:70680 [4] NCCL INFO Bootstrap : Using bond0:10.140.54.92<0>
SH-IDCA1404-10-140-54-92:70681:70681 [5] NCCL INFO Bootstrap : Using bond0:10.140.54.92<0>
SH-IDCA1404-10-140-54-92:70679:70679 [3] NCCL INFO Bootstrap : Using bond0:10.140.54.92<0>
SH-IDCA1404-10-140-54-92:70683:70683 [7] NCCL INFO Bootstrap : Using bond0:10.140.54.92<0>
SH-IDCA1404-10-140-54-92:70677:70677 [2] NCCL INFO Bootstrap : Using bond0:10.140.54.92<0>
SH-IDCA1404-10-140-54-92:70675:70675 [0] NCCL INFO Bootstrap : Using bond0:10.140.54.92<0>
SH-IDCA1404-10-140-54-92:70682:70682 [6] NCCL INFO Bootstrap : Using bond0:10.140.54.92<0>
SH-IDCA1404-10-140-54-117:24448:24448 [6] NCCL INFO NET/Plugin: No plugin found (libnccl-net.so)
SH-IDCA1404-10-140-54-117:24448:24448 [6] NCCL INFO NET/Plugin: Plugin load returned 2 : libnccl-net.so: cannot open shared object file: No such file or directory : when loading libnccl-net.so
SH-IDCA1404-10-140-54-117:24448:24448 [6] NCCL INFO NET/Plugin: Using internal network plugin.
SH-IDCA1404-10-140-54-117:24449:24449 [7] NCCL INFO NET/Plugin: No plugin found (libnccl-net.so)
SH-IDCA1404-10-140-54-117:24449:24449 [7] NCCL INFO NET/Plugin: Plugin load returned 2 : libnccl-net.so: cannot open shared object file: No such file or directory : when loading libnccl-net.so
SH-IDCA1404-10-140-54-117:24449:24449 [7] NCCL INFO NET/Plugin: Using internal network plugin.
SH-IDCA1404-10-140-54-117:24447:24447 [5] NCCL INFO NET/Plugin: No plugin found (libnccl-net.so)
SH-IDCA1404-10-140-54-117:24447:24447 [5] NCCL INFO NET/Plugin: Plugin load returned 2 : libnccl-net.so: cannot open shared object file: No such file or directory : when loading libnccl-net.so
SH-IDCA1404-10-140-54-117:24447:24447 [5] NCCL INFO NET/Plugin: Using internal network plugin.
SH-IDCA1404-10-140-54-117:24441:24441 [0] NCCL INFO NET/Plugin: No plugin found (libnccl-net.so)
SH-IDCA1404-10-140-54-117:24441:24441 [0] NCCL INFO NET/Plugin: Plugin load returned 2 : libnccl-net.so: cannot open shared object file: No such file or directory : when loading libnccl-net.so
SH-IDCA1404-10-140-54-117:24441:24441 [0] NCCL INFO NET/Plugin: Using internal network plugin.
SH-IDCA1404-10-140-54-117:24446:24446 [4] NCCL INFO NET/Plugin: No plugin found (libnccl-net.so)
SH-IDCA1404-10-140-54-117:24446:24446 [4] NCCL INFO NET/Plugin: Plugin load returned 2 : libnccl-net.so: cannot open shared object file: No such file or directory : when loading libnccl-net.so
SH-IDCA1404-10-140-54-117:24446:24446 [4] NCCL INFO NET/Plugin: Using internal network plugin.
SH-IDCA1404-10-140-54-73:61933:61933 [7] NCCL INFO NET/Plugin: No plugin found (libnccl-net.so)
SH-IDCA1404-10-140-54-117:24442:24442 [1] NCCL INFO NET/Plugin: No plugin found (libnccl-net.so)
SH-IDCA1404-10-140-54-117:24442:24442 [1] NCCL INFO NET/Plugin: Plugin load returned 2 : libnccl-net.so: cannot open shared object file: No such file or directory : when loading libnccl-net.so
SH-IDCA1404-10-140-54-117:24442:24442 [1] NCCL INFO NET/Plugin: Using internal network plugin.
SH-IDCA1404-10-140-54-73:61933:61933 [7] NCCL INFO NET/Plugin: Plugin load returned 2 : libnccl-net.so: cannot open shared object file: No such file or directory : when loading libnccl-net.so
SH-IDCA1404-10-140-54-117:24444:24444 [3] NCCL INFO NET/Plugin: No plugin found (libnccl-net.so)
SH-IDCA1404-10-140-54-73:61933:61933 [7] NCCL INFO NET/Plugin: Using internal network plugin.
SH-IDCA1404-10-140-54-117:24444:24444 [3] NCCL INFO NET/Plugin: Plugin load returned 2 : libnccl-net.so: cannot open shared object file: No such file or directory : when loading libnccl-net.so
SH-IDCA1404-10-140-54-73:61932:61932 [6] NCCL INFO NET/Plugin: No plugin found (libnccl-net.so)
SH-IDCA1404-10-140-54-117:24444:24444 [3] NCCL INFO NET/Plugin: Using internal network plugin.
SH-IDCA1404-10-140-54-73:61932:61932 [6] NCCL INFO NET/Plugin: Plugin load returned 2 : libnccl-net.so: cannot open shared object file: No such file or directory : when loading libnccl-net.so
SH-IDCA1404-10-140-54-73:61932:61932 [6] NCCL INFO NET/Plugin: Using internal network plugin.
SH-IDCA1404-10-140-54-117:24443:24443 [2] NCCL INFO NET/Plugin: No plugin found (libnccl-net.so)
SH-IDCA1404-10-140-54-73:61928:61928 [2] NCCL INFO NET/Plugin: No plugin found (libnccl-net.so)
SH-IDCA1404-10-140-54-117:24443:24443 [2] NCCL INFO NET/Plugin: Plugin load returned 2 : libnccl-net.so: cannot open shared object file: No such file or directory : when loading libnccl-net.so
SH-IDCA1404-10-140-54-117:24443:24443 [2] NCCL INFO NET/Plugin: Using internal network plugin.
SH-IDCA1404-10-140-54-73:61928:61928 [2] NCCL INFO NET/Plugin: Plugin load returned 2 : libnccl-net.so: cannot open shared object file: No such file or directory : when loading libnccl-net.so
SH-IDCA1404-10-140-54-73:61928:61928 [2] NCCL INFO NET/Plugin: Using internal network plugin.
SH-IDCA1404-10-140-54-73:61929:61929 [3] NCCL INFO NET/Plugin: No plugin found (libnccl-net.so)
SH-IDCA1404-10-140-54-73:61929:61929 [3] NCCL INFO NET/Plugin: Plugin load returned 2 : libnccl-net.so: cannot open shared object file: No such file or directory : when loading libnccl-net.so
SH-IDCA1404-10-140-54-73:61929:61929 [3] NCCL INFO NET/Plugin: Using internal network plugin.
SH-IDCA1404-10-140-54-73:61927:61927 [1] NCCL INFO NET/Plugin: No plugin found (libnccl-net.so)
SH-IDCA1404-10-140-54-73:61927:61927 [1] NCCL INFO NET/Plugin: Plugin load returned 2 : libnccl-net.so: cannot open shared object file: No such file or directory : when loading libnccl-net.so
SH-IDCA1404-10-140-54-73:61927:61927 [1] NCCL INFO NET/Plugin: Using internal network plugin.
SH-IDCA1404-10-140-54-73:61926:61926 [0] NCCL INFO NET/Plugin: No plugin found (libnccl-net.so)
SH-IDCA1404-10-140-54-73:61926:61926 [0] NCCL INFO NET/Plugin: Plugin load returned 2 : libnccl-net.so: cannot open shared object file: No such file or directory : when loading libnccl-net.so
SH-IDCA1404-10-140-54-73:61926:61926 [0] NCCL INFO NET/Plugin: Using internal network plugin.
SH-IDCA1404-10-140-54-73:61930:61930 [4] NCCL INFO NET/Plugin: No plugin found (libnccl-net.so)
SH-IDCA1404-10-140-54-92:70681:70681 [5] NCCL INFO NET/Plugin: No plugin found (libnccl-net.so)
SH-IDCA1404-10-140-54-73:61930:61930 [4] NCCL INFO NET/Plugin: Plugin load returned 2 : libnccl-net.so: cannot open shared object file: No such file or directory : when loading libnccl-net.so
SH-IDCA1404-10-140-54-73:61930:61930 [4] NCCL INFO NET/Plugin: Using internal network plugin.
SH-IDCA1404-10-140-54-92:70681:70681 [5] NCCL INFO NET/Plugin: Plugin load returned 2 : libnccl-net.so: cannot open shared object file: No such file or directory : when loading libnccl-net.so
SH-IDCA1404-10-140-54-73:61931:61931 [5] NCCL INFO NET/Plugin: No plugin found (libnccl-net.so)
SH-IDCA1404-10-140-54-92:70681:70681 [5] NCCL INFO NET/Plugin: Using internal network plugin.
SH-IDCA1404-10-140-54-73:61931:61931 [5] NCCL INFO NET/Plugin: Plugin load returned 2 : libnccl-net.so: cannot open shared object file: No such file or directory : when loading libnccl-net.so
SH-IDCA1404-10-140-54-73:61931:61931 [5] NCCL INFO NET/Plugin: Using internal network plugin.
SH-IDCA1404-10-140-54-92:70680:70680 [4] NCCL INFO NET/Plugin: No plugin found (libnccl-net.so)
SH-IDCA1404-10-140-54-92:70680:70680 [4] NCCL INFO NET/Plugin: Plugin load returned 2 : libnccl-net.so: cannot open shared object file: No such file or directory : when loading libnccl-net.so
SH-IDCA1404-10-140-54-92:70680:70680 [4] NCCL INFO NET/Plugin: Using internal network plugin.
SH-IDCA1404-10-140-54-92:70677:70677 [2] NCCL INFO NET/Plugin: No plugin found (libnccl-net.so)
SH-IDCA1404-10-140-54-92:70677:70677 [2] NCCL INFO NET/Plugin: Plugin load returned 2 : libnccl-net.so: cannot open shared object file: No such file or directory : when loading libnccl-net.so
SH-IDCA1404-10-140-54-92:70677:70677 [2] NCCL INFO NET/Plugin: Using internal network plugin.
SH-IDCA1404-10-140-54-92:70676:70676 [1] NCCL INFO NET/Plugin: No plugin found (libnccl-net.so)
SH-IDCA1404-10-140-54-92:70676:70676 [1] NCCL INFO NET/Plugin: Plugin load returned 2 : libnccl-net.so: cannot open shared object file: No such file or directory : when loading libnccl-net.so
SH-IDCA1404-10-140-54-92:70676:70676 [1] NCCL INFO NET/Plugin: Using internal network plugin.
SH-IDCA1404-10-140-54-92:70675:70675 [0] NCCL INFO NET/Plugin: No plugin found (libnccl-net.so)
SH-IDCA1404-10-140-54-92:70675:70675 [0] NCCL INFO NET/Plugin: Plugin load returned 2 : libnccl-net.so: cannot open shared object file: No such file or directory : when loading libnccl-net.so
SH-IDCA1404-10-140-54-92:70675:70675 [0] NCCL INFO NET/Plugin: Using internal network plugin.
SH-IDCA1404-10-140-54-92:70679:70679 [3] NCCL INFO NET/Plugin: No plugin found (libnccl-net.so)
SH-IDCA1404-10-140-54-92:70679:70679 [3] NCCL INFO NET/Plugin: Plugin load returned 2 : libnccl-net.so: cannot open shared object file: No such file or directory : when loading libnccl-net.so
SH-IDCA1404-10-140-54-92:70679:70679 [3] NCCL INFO NET/Plugin: Using internal network plugin.
SH-IDCA1404-10-140-54-92:70682:70682 [6] NCCL INFO NET/Plugin: No plugin found (libnccl-net.so)
SH-IDCA1404-10-140-54-92:70682:70682 [6] NCCL INFO NET/Plugin: Plugin load returned 2 : libnccl-net.so: cannot open shared object file: No such file or directory : when loading libnccl-net.so
SH-IDCA1404-10-140-54-92:70682:70682 [6] NCCL INFO NET/Plugin: Using internal network plugin.
SH-IDCA1404-10-140-54-92:70683:70683 [7] NCCL INFO NET/Plugin: No plugin found (libnccl-net.so)
SH-IDCA1404-10-140-54-92:70683:70683 [7] NCCL INFO NET/Plugin: Plugin load returned 2 : libnccl-net.so: cannot open shared object file: No such file or directory : when loading libnccl-net.so
SH-IDCA1404-10-140-54-92:70683:70683 [7] NCCL INFO NET/Plugin: Using internal network plugin.
SH-IDCA1404-10-140-54-56:81266:81266 [0] NCCL INFO Comm config Blocking set to 1
SH-IDCA1404-10-140-54-56:81266:82407 [0] NCCL INFO NCCL_SOCKET_IFNAME set by environment to bond0
SH-IDCA1404-10-140-54-56:81266:82407 [0] NCCL INFO NCCL_IB_HCA set to mlx5_0,mlx5_2
SH-IDCA1404-10-140-54-56:81266:82407 [0] NCCL INFO NET/IB : Using [0]mlx5_2:1/IB [RO]; OOB bond0:10.140.54.56<0>
SH-IDCA1404-10-140-54-56:81266:82407 [0] NCCL INFO Using non-device net plugin version 0
SH-IDCA1404-10-140-54-56:81266:82407 [0] NCCL INFO Using network IB
SH-IDCA1404-10-140-54-56:81269:81269 [3] NCCL INFO Comm config Blocking set to 1
SH-IDCA1404-10-140-54-56:81272:81272 [6] NCCL INFO Comm config Blocking set to 1
SH-IDCA1404-10-140-54-56:81269:82409 [3] NCCL INFO NCCL_SOCKET_IFNAME set by environment to bond0
SH-IDCA1404-10-140-54-56:81269:82409 [3] NCCL INFO NCCL_IB_HCA set to mlx5_0,mlx5_2
SH-IDCA1404-10-140-54-56:81268:81268 [2] NCCL INFO Comm config Blocking set to 1
SH-IDCA1404-10-140-54-56:81267:81267 [1] NCCL INFO Comm config Blocking set to 1
SH-IDCA1404-10-140-54-56:81272:82410 [6] NCCL INFO NCCL_SOCKET_IFNAME set by environment to bond0
SH-IDCA1404-10-140-54-56:81271:81271 [5] NCCL INFO Comm config Blocking set to 1
SH-IDCA1404-10-140-54-56:81272:82410 [6] NCCL INFO NCCL_IB_HCA set to mlx5_0,mlx5_2
SH-IDCA1404-10-140-54-56:81270:81270 [4] NCCL INFO Comm config Blocking set to 1
SH-IDCA1404-10-140-54-56:81267:82412 [1] NCCL INFO NCCL_SOCKET_IFNAME set by environment to bond0
SH-IDCA1404-10-140-54-56:81270:82414 [4] NCCL INFO NCCL_SOCKET_IFNAME set by environment to bond0
SH-IDCA1404-10-140-54-56:81271:82413 [5] NCCL INFO NCCL_SOCKET_IFNAME set by environment to bond0
SH-IDCA1404-10-140-54-56:81268:82411 [2] NCCL INFO NCCL_SOCKET_IFNAME set by environment to bond0
SH-IDCA1404-10-140-54-56:81273:81273 [7] NCCL INFO Comm config Blocking set to 1
SH-IDCA1404-10-140-54-56:81267:82412 [1] NCCL INFO NCCL_IB_HCA set to mlx5_0,mlx5_2
SH-IDCA1404-10-140-54-56:81270:82414 [4] NCCL INFO NCCL_IB_HCA set to mlx5_0,mlx5_2
SH-IDCA1404-10-140-54-56:81271:82413 [5] NCCL INFO NCCL_IB_HCA set to mlx5_0,mlx5_2
SH-IDCA1404-10-140-54-56:81268:82411 [2] NCCL INFO NCCL_IB_HCA set to mlx5_0,mlx5_2
SH-IDCA1404-10-140-54-56:81269:82409 [3] NCCL INFO NET/IB : Using [0]mlx5_2:1/IB [RO]; OOB bond0:10.140.54.56<0>
SH-IDCA1404-10-140-54-56:81269:82409 [3] NCCL INFO Using non-device net plugin version 0
SH-IDCA1404-10-140-54-56:81269:82409 [3] NCCL INFO Using network IB
SH-IDCA1404-10-140-54-56:81272:82410 [6] NCCL INFO NET/IB : Using [0]mlx5_2:1/IB [RO]; OOB bond0:10.140.54.56<0>
SH-IDCA1404-10-140-54-56:81272:82410 [6] NCCL INFO Using non-device net plugin version 0
SH-IDCA1404-10-140-54-56:81272:82410 [6] NCCL INFO Using network IB
SH-IDCA1404-10-140-54-117:24448:24448 [6] NCCL INFO Comm config Blocking set to 1
SH-IDCA1404-10-140-54-56:81273:82417 [7] NCCL INFO NCCL_SOCKET_IFNAME set by environment to bond0
SH-IDCA1404-10-140-54-56:81273:82417 [7] NCCL INFO NCCL_IB_HCA set to mlx5_0,mlx5_2
SH-IDCA1404-10-140-54-56:81267:82412 [1] NCCL INFO NET/IB : Using [0]mlx5_2:1/IB [RO]; OOB bond0:10.140.54.56<0>
SH-IDCA1404-10-140-54-56:81267:82412 [1] NCCL INFO Using non-device net plugin version 0
SH-IDCA1404-10-140-54-56:81267:82412 [1] NCCL INFO Using network IB
SH-IDCA1404-10-140-54-56:81268:82411 [2] NCCL INFO NET/IB : Using [0]mlx5_2:1/IB [RO]; OOB bond0:10.140.54.56<0>
SH-IDCA1404-10-140-54-56:81268:82411 [2] NCCL INFO Using non-device net plugin version 0
SH-IDCA1404-10-140-54-56:81268:82411 [2] NCCL INFO Using network IB
SH-IDCA1404-10-140-54-56:81271:82413 [5] NCCL INFO NET/IB : Using [0]mlx5_2:1/IB [RO]; OOB bond0:10.140.54.56<0>
SH-IDCA1404-10-140-54-117:24448:25341 [6] NCCL INFO NCCL_SOCKET_IFNAME set by environment to bond0
SH-IDCA1404-10-140-54-56:81270:82414 [4] NCCL INFO NET/IB : Using [0]mlx5_2:1/IB [RO]; OOB bond0:10.140.54.56<0>
SH-IDCA1404-10-140-54-56:81271:82413 [5] NCCL INFO Using non-device net plugin version 0
SH-IDCA1404-10-140-54-56:81271:82413 [5] NCCL INFO Using network IB
SH-IDCA1404-10-140-54-56:81270:82414 [4] NCCL INFO Using non-device net plugin version 0
SH-IDCA1404-10-140-54-56:81270:82414 [4] NCCL INFO Using network IB
SH-IDCA1404-10-140-54-117:24448:25341 [6] NCCL INFO NCCL_IB_HCA set to mlx5_0,mlx5_2
SH-IDCA1404-10-140-54-56:81273:82417 [7] NCCL INFO NET/IB : Using [0]mlx5_2:1/IB [RO]; OOB bond0:10.140.54.56<0>
SH-IDCA1404-10-140-54-56:81273:82417 [7] NCCL INFO Using non-device net plugin version 0
SH-IDCA1404-10-140-54-56:81273:82417 [7] NCCL INFO Using network IB
SH-IDCA1404-10-140-54-117:24442:24442 [1] NCCL INFO Comm config Blocking set to 1
SH-IDCA1404-10-140-54-117:24447:24447 [5] NCCL INFO Comm config Blocking set to 1
SH-IDCA1404-10-140-54-117:24446:24446 [4] NCCL INFO Comm config Blocking set to 1
SH-IDCA1404-10-140-54-117:24441:24441 [0] NCCL INFO Comm config Blocking set to 1
SH-IDCA1404-10-140-54-117:24442:25343 [1] NCCL INFO NCCL_SOCKET_IFNAME set by environment to bond0
SH-IDCA1404-10-140-54-117:24442:25343 [1] NCCL INFO NCCL_IB_HCA set to mlx5_0,mlx5_2
SH-IDCA1404-10-140-54-117:24448:25341 [6] NCCL INFO NET/IB : Using [0]mlx5_2:1/IB [RO]; OOB bond0:10.140.54.117<0>
SH-IDCA1404-10-140-54-117:24448:25341 [6] NCCL INFO Using non-device net plugin version 0
SH-IDCA1404-10-140-54-117:24448:25341 [6] NCCL INFO Using network IB
SH-IDCA1404-10-140-54-117:24447:25344 [5] NCCL INFO NCCL_SOCKET_IFNAME set by environment to bond0
SH-IDCA1404-10-140-54-73:61928:61928 [2] NCCL INFO Comm config Blocking set to 1
SH-IDCA1404-10-140-54-117:24447:25344 [5] NCCL INFO NCCL_IB_HCA set to mlx5_0,mlx5_2
SH-IDCA1404-10-140-54-117:24446:25345 [4] NCCL INFO NCCL_SOCKET_IFNAME set by environment to bond0
SH-IDCA1404-10-140-54-117:24446:25345 [4] NCCL INFO NCCL_IB_HCA set to mlx5_0,mlx5_2
SH-IDCA1404-10-140-54-73:61929:61929 [3] NCCL INFO Comm config Blocking set to 1
SH-IDCA1404-10-140-54-73:61931:61931 [5] NCCL INFO Comm config Blocking set to 1
SH-IDCA1404-10-140-54-117:24441:25346 [0] NCCL INFO NCCL_SOCKET_IFNAME set by environment to bond0
SH-IDCA1404-10-140-54-117:24443:24443 [2] NCCL INFO Comm config Blocking set to 1
SH-IDCA1404-10-140-54-117:24441:25346 [0] NCCL INFO NCCL_IB_HCA set to mlx5_0,mlx5_2
SH-IDCA1404-10-140-54-73:61926:61926 [0] NCCL INFO Comm config Blocking set to 1
SH-IDCA1404-10-140-54-92:70680:70680 [4] NCCL INFO Comm config Blocking set to 1
SH-IDCA1404-10-140-54-92:70679:70679 [3] NCCL INFO Comm config Blocking set to 1
SH-IDCA1404-10-140-54-92:70677:70677 [2] NCCL INFO Comm config Blocking set to 1
SH-IDCA1404-10-140-54-92:70675:70675 [0] NCCL INFO Comm config Blocking set to 1
SH-IDCA1404-10-140-54-73:61931:63036 [5] NCCL INFO NCCL_SOCKET_IFNAME set by environment to bond0
SH-IDCA1404-10-140-54-73:61928:63034 [2] NCCL INFO NCCL_SOCKET_IFNAME set by environment to bond0
SH-IDCA1404-10-140-54-73:61929:63035 [3] NCCL INFO NCCL_SOCKET_IFNAME set by environment to bond0
SH-IDCA1404-10-140-54-73:61928:63034 [2] NCCL INFO NCCL_IB_HCA set to mlx5_0,mlx5_2
SH-IDCA1404-10-140-54-73:61931:63036 [5] NCCL INFO NCCL_IB_HCA set to mlx5_0,mlx5_2
SH-IDCA1404-10-140-54-73:61929:63035 [3] NCCL INFO NCCL_IB_HCA set to mlx5_0,mlx5_2
SH-IDCA1404-10-140-54-117:24443:25348 [2] NCCL INFO NCCL_SOCKET_IFNAME set by environment to bond0
SH-IDCA1404-10-140-54-117:24443:25348 [2] NCCL INFO NCCL_IB_HCA set to mlx5_0,mlx5_2
SH-IDCA1404-10-140-54-73:61926:63037 [0] NCCL INFO NCCL_SOCKET_IFNAME set by environment to bond0
SH-IDCA1404-10-140-54-73:61926:63037 [0] NCCL INFO NCCL_IB_HCA set to mlx5_0,mlx5_2
SH-IDCA1404-10-140-54-73:61932:61932 [6] NCCL INFO Comm config Blocking set to 1
SH-IDCA1404-10-140-54-73:61930:61930 [4] NCCL INFO Comm config Blocking set to 1
SH-IDCA1404-10-140-54-73:61927:61927 [1] NCCL INFO Comm config Blocking set to 1
SH-IDCA1404-10-140-54-92:70680:71784 [4] NCCL INFO NCCL_SOCKET_IFNAME set by environment to bond0
SH-IDCA1404-10-140-54-92:70680:71784 [4] NCCL INFO NCCL_IB_HCA set to mlx5_0,mlx5_2
SH-IDCA1404-10-140-54-92:70679:71785 [3] NCCL INFO NCCL_SOCKET_IFNAME set by environment to bond0
SH-IDCA1404-10-140-54-117:24442:25343 [1] NCCL INFO NET/IB : Using [0]mlx5_2:1/IB [RO]; OOB bond0:10.140.54.117<0>
SH-IDCA1404-10-140-54-92:70679:71785 [3] NCCL INFO NCCL_IB_HCA set to mlx5_0,mlx5_2
SH-IDCA1404-10-140-54-117:24442:25343 [1] NCCL INFO Using non-device net plugin version 0
SH-IDCA1404-10-140-54-117:24442:25343 [1] NCCL INFO Using network IB
SH-IDCA1404-10-140-54-92:70677:71786 [2] NCCL INFO NCCL_SOCKET_IFNAME set by environment to bond0
SH-IDCA1404-10-140-54-73:61933:61933 [7] NCCL INFO Comm config Blocking set to 1
SH-IDCA1404-10-140-54-92:70677:71786 [2] NCCL INFO NCCL_IB_HCA set to mlx5_0,mlx5_2
SH-IDCA1404-10-140-54-92:70675:71787 [0] NCCL INFO NCCL_SOCKET_IFNAME set by environment to bond0
SH-IDCA1404-10-140-54-117:24447:25344 [5] NCCL INFO NET/IB : Using [0]mlx5_2:1/IB [RO]; OOB bond0:10.140.54.117<0>
SH-IDCA1404-10-140-54-92:70675:71787 [0] NCCL INFO NCCL_IB_HCA set to mlx5_0,mlx5_2
SH-IDCA1404-10-140-54-117:24447:25344 [5] NCCL INFO Using non-device net plugin version 0
SH-IDCA1404-10-140-54-117:24447:25344 [5] NCCL INFO Using network IB
SH-IDCA1404-10-140-54-117:24446:25345 [4] NCCL INFO NET/IB : Using [0]mlx5_2:1/IB [RO]; OOB bond0:10.140.54.117<0>
SH-IDCA1404-10-140-54-92:70683:70683 [7] NCCL INFO Comm config Blocking set to 1
SH-IDCA1404-10-140-54-117:24446:25345 [4] NCCL INFO Using non-device net plugin version 0
SH-IDCA1404-10-140-54-117:24446:25345 [4] NCCL INFO Using network IB
SH-IDCA1404-10-140-54-117:24441:25346 [0] NCCL INFO NET/IB : Using [0]mlx5_2:1/IB [RO]; OOB bond0:10.140.54.117<0>
SH-IDCA1404-10-140-54-92:70676:70676 [1] NCCL INFO Comm config Blocking set to 1
SH-IDCA1404-10-140-54-117:24441:25346 [0] NCCL INFO Using non-device net plugin version 0
SH-IDCA1404-10-140-54-117:24441:25346 [0] NCCL INFO Using network IB
SH-IDCA1404-10-140-54-92:70681:70681 [5] NCCL INFO Comm config Blocking set to 1
SH-IDCA1404-10-140-54-92:70682:70682 [6] NCCL INFO Comm config Blocking set to 1
SH-IDCA1404-10-140-54-73:61927:63040 [1] NCCL INFO NCCL_SOCKET_IFNAME set by environment to bond0
SH-IDCA1404-10-140-54-73:61927:63040 [1] NCCL INFO NCCL_IB_HCA set to mlx5_0,mlx5_2
SH-IDCA1404-10-140-54-73:61930:63039 [4] NCCL INFO NCCL_SOCKET_IFNAME set by environment to bond0
SH-IDCA1404-10-140-54-73:61932:63038 [6] NCCL INFO NCCL_SOCKET_IFNAME set by environment to bond0
SH-IDCA1404-10-140-54-73:61929:63035 [3] NCCL INFO NET/IB : Using [0]mlx5_2:1/IB [RO]; OOB bond0:10.140.54.73<0>
SH-IDCA1404-10-140-54-73:61929:63035 [3] NCCL INFO Using non-device net plugin version 0
SH-IDCA1404-10-140-54-73:61929:63035 [3] NCCL INFO Using network IB
SH-IDCA1404-10-140-54-73:61931:63036 [5] NCCL INFO NET/IB : Using [0]mlx5_2:1/IB [RO]; OOB bond0:10.140.54.73<0>
SH-IDCA1404-10-140-54-73:61930:63039 [4] NCCL INFO NCCL_IB_HCA set to mlx5_0,mlx5_2
SH-IDCA1404-10-140-54-117:24449:24449 [7] NCCL INFO Comm config Blocking set to 1
SH-IDCA1404-10-140-54-73:61932:63038 [6] NCCL INFO NCCL_IB_HCA set to mlx5_0,mlx5_2
SH-IDCA1404-10-140-54-73:61931:63036 [5] NCCL INFO Using non-device net plugin version 0
SH-IDCA1404-10-140-54-73:61931:63036 [5] NCCL INFO Using network IB
SH-IDCA1404-10-140-54-73:61928:63034 [2] NCCL INFO NET/IB : Using [0]mlx5_2:1/IB [RO]; OOB bond0:10.140.54.73<0>
SH-IDCA1404-10-140-54-73:61926:63037 [0] NCCL INFO NET/IB : Using [0]mlx5_2:1/IB [RO]; OOB bond0:10.140.54.73<0>
SH-IDCA1404-10-140-54-73:61928:63034 [2] NCCL INFO Using non-device net plugin version 0
SH-IDCA1404-10-140-54-73:61928:63034 [2] NCCL INFO Using network IB
SH-IDCA1404-10-140-54-117:24443:25348 [2] NCCL INFO NET/IB : Using [0]mlx5_2:1/IB [RO]; OOB bond0:10.140.54.117<0>
SH-IDCA1404-10-140-54-92:70680:71784 [4] NCCL INFO NET/IB : Using [0]mlx5_2:1/IB [RO]; OOB bond0:10.140.54.92<0>
SH-IDCA1404-10-140-54-73:61926:63037 [0] NCCL INFO Using non-device net plugin version 0
SH-IDCA1404-10-140-54-73:61926:63037 [0] NCCL INFO Using network IB
SH-IDCA1404-10-140-54-73:61933:63045 [7] NCCL INFO NCCL_SOCKET_IFNAME set by environment to bond0
SH-IDCA1404-10-140-54-117:24443:25348 [2] NCCL INFO Using non-device net plugin version 0
SH-IDCA1404-10-140-54-117:24443:25348 [2] NCCL INFO Using network IB
SH-IDCA1404-10-140-54-92:70680:71784 [4] NCCL INFO Using non-device net plugin version 0
SH-IDCA1404-10-140-54-92:70680:71784 [4] NCCL INFO Using network IB
SH-IDCA1404-10-140-54-73:61933:63045 [7] NCCL INFO NCCL_IB_HCA set to mlx5_0,mlx5_2
SH-IDCA1404-10-140-54-92:70677:71786 [2] NCCL INFO NET/IB : Using [0]mlx5_2:1/IB [RO]; OOB bond0:10.140.54.92<0>
SH-IDCA1404-10-140-54-73:61927:63040 [1] NCCL INFO NET/IB : Using [0]mlx5_2:1/IB [RO]; OOB bond0:10.140.54.73<0>
SH-IDCA1404-10-140-54-92:70677:71786 [2] NCCL INFO Using non-device net plugin version 0
SH-IDCA1404-10-140-54-92:70677:71786 [2] NCCL INFO Using network IB
SH-IDCA1404-10-140-54-92:70683:71788 [7] NCCL INFO NCCL_SOCKET_IFNAME set by environment to bond0
SH-IDCA1404-10-140-54-73:61927:63040 [1] NCCL INFO Using non-device net plugin version 0
SH-IDCA1404-10-140-54-73:61927:63040 [1] NCCL INFO Using network IB
SH-IDCA1404-10-140-54-117:24449:25353 [7] NCCL INFO NCCL_SOCKET_IFNAME set by environment to bond0
SH-IDCA1404-10-140-54-92:70679:71785 [3] NCCL INFO NET/IB : Using [0]mlx5_2:1/IB [RO]; OOB bond0:10.140.54.92<0>
SH-IDCA1404-10-140-54-73:61932:63038 [6] NCCL INFO NET/IB : Using [0]mlx5_2:1/IB [RO]; OOB bond0:10.140.54.73<0>
SH-IDCA1404-10-140-54-92:70679:71785 [3] NCCL INFO Using non-device net plugin version 0
SH-IDCA1404-10-140-54-92:70679:71785 [3] NCCL INFO Using network IB
SH-IDCA1404-10-140-54-117:24449:25353 [7] NCCL INFO NCCL_IB_HCA set to mlx5_0,mlx5_2
SH-IDCA1404-10-140-54-92:70676:71791 [1] NCCL INFO NCCL_SOCKET_IFNAME set by environment to bond0
SH-IDCA1404-10-140-54-73:61932:63038 [6] NCCL INFO Using non-device net plugin version 0
SH-IDCA1404-10-140-54-73:61932:63038 [6] NCCL INFO Using network IB
SH-IDCA1404-10-140-54-92:70683:71788 [7] NCCL INFO NCCL_IB_HCA set to mlx5_0,mlx5_2
SH-IDCA1404-10-140-54-73:61930:63039 [4] NCCL INFO NET/IB : Using [0]mlx5_2:1/IB [RO]; OOB bond0:10.140.54.73<0>
SH-IDCA1404-10-140-54-73:61930:63039 [4] NCCL INFO Using non-device net plugin version 0
SH-IDCA1404-10-140-54-73:61930:63039 [4] NCCL INFO Using network IB
SH-IDCA1404-10-140-54-92:70676:71791 [1] NCCL INFO NCCL_IB_HCA set to mlx5_0,mlx5_2
SH-IDCA1404-10-140-54-73:61933:63045 [7] NCCL INFO NET/IB : Using [0]mlx5_2:1/IB [RO]; OOB bond0:10.140.54.73<0>
SH-IDCA1404-10-140-54-92:70675:71787 [0] NCCL INFO NET/IB : Using [0]mlx5_2:1/IB [RO]; OOB bond0:10.140.54.92<0>
SH-IDCA1404-10-140-54-92:70675:71787 [0] NCCL INFO Using non-device net plugin version 0
SH-IDCA1404-10-140-54-92:70675:71787 [0] NCCL INFO Using network IB
SH-IDCA1404-10-140-54-73:61933:63045 [7] NCCL INFO Using non-device net plugin version 0
SH-IDCA1404-10-140-54-73:61933:63045 [7] NCCL INFO Using network IB
SH-IDCA1404-10-140-54-92:70682:71794 [6] NCCL INFO NCCL_SOCKET_IFNAME set by environment to bond0
SH-IDCA1404-10-140-54-92:70682:71794 [6] NCCL INFO NCCL_IB_HCA set to mlx5_0,mlx5_2
SH-IDCA1404-10-140-54-92:70681:71793 [5] NCCL INFO NCCL_SOCKET_IFNAME set by environment to bond0
SH-IDCA1404-10-140-54-92:70681:71793 [5] NCCL INFO NCCL_IB_HCA set to mlx5_0,mlx5_2
SH-IDCA1404-10-140-54-92:70683:71788 [7] NCCL INFO NET/IB : Using [0]mlx5_2:1/IB [RO]; OOB bond0:10.140.54.92<0>
SH-IDCA1404-10-140-54-92:70683:71788 [7] NCCL INFO Using non-device net plugin version 0
SH-IDCA1404-10-140-54-92:70683:71788 [7] NCCL INFO Using network IB
SH-IDCA1404-10-140-54-92:70682:71794 [6] NCCL INFO NET/IB : Using [0]mlx5_2:1/IB [RO]; OOB bond0:10.140.54.92<0>
SH-IDCA1404-10-140-54-92:70682:71794 [6] NCCL INFO Using non-device net plugin version 0
SH-IDCA1404-10-140-54-92:70682:71794 [6] NCCL INFO Using network IB
SH-IDCA1404-10-140-54-92:70676:71791 [1] NCCL INFO NET/IB : Using [0]mlx5_2:1/IB [RO]; OOB bond0:10.140.54.92<0>
SH-IDCA1404-10-140-54-92:70681:71793 [5] NCCL INFO NET/IB : Using [0]mlx5_2:1/IB [RO]; OOB bond0:10.140.54.92<0>
SH-IDCA1404-10-140-54-92:70681:71793 [5] NCCL INFO Using non-device net plugin version 0
SH-IDCA1404-10-140-54-92:70681:71793 [5] NCCL INFO Using network IB
SH-IDCA1404-10-140-54-92:70676:71791 [1] NCCL INFO Using non-device net plugin version 0
SH-IDCA1404-10-140-54-92:70676:71791 [1] NCCL INFO Using network IB
SH-IDCA1404-10-140-54-117:24444:24444 [3] NCCL INFO Comm config Blocking set to 1
SH-IDCA1404-10-140-54-117:24449:25353 [7] NCCL INFO NET/IB : Using [0]mlx5_2:1/IB [RO]; OOB bond0:10.140.54.117<0>
SH-IDCA1404-10-140-54-117:24449:25353 [7] NCCL INFO Using non-device net plugin version 0
SH-IDCA1404-10-140-54-117:24449:25353 [7] NCCL INFO Using network IB
SH-IDCA1404-10-140-54-117:24444:25355 [3] NCCL INFO NCCL_SOCKET_IFNAME set by environment to bond0
SH-IDCA1404-10-140-54-117:24444:25355 [3] NCCL INFO NCCL_IB_HCA set to mlx5_0,mlx5_2
SH-IDCA1404-10-140-54-117:24444:25355 [3] NCCL INFO NET/IB : Using [0]mlx5_2:1/IB [RO]; OOB bond0:10.140.54.117<0>
SH-IDCA1404-10-140-54-117:24444:25355 [3] NCCL INFO Using non-device net plugin version 0
SH-IDCA1404-10-140-54-117:24444:25355 [3] NCCL INFO Using network IB
SH-IDCA1404-10-140-54-56:81270:82414 [4] NCCL INFO ncclCommInitRank comm 0xc037120 rank 4 nranks 32 cudaDev 4 nvmlDev 4 busId 9d000 commId 0xe5c64c8d95265d1e - Init START
SH-IDCA1404-10-140-54-56:81269:82409 [3] NCCL INFO ncclCommInitRank comm 0xacb8b40 rank 3 nranks 32 cudaDev 3 nvmlDev 3 busId 71000 commId 0xe5c64c8d95265d1e - Init START
SH-IDCA1404-10-140-54-56:81268:82411 [2] NCCL INFO ncclCommInitRank comm 0xb651aa0 rank 2 nranks 32 cudaDev 2 nvmlDev 2 busId 6b000 commId 0xe5c64c8d95265d1e - Init START
SH-IDCA1404-10-140-54-56:81267:82412 [1] NCCL INFO ncclCommInitRank comm 0x61146800 rank 1 nranks 32 cudaDev 1 nvmlDev 1 busId 56000 commId 0xe5c64c8d95265d1e - Init START
SH-IDCA1404-10-140-54-56:81273:82417 [7] NCCL INFO ncclCommInitRank comm 0xcc8e450 rank 7 nranks 32 cudaDev 7 nvmlDev 7 busId d7000 commId 0xe5c64c8d95265d1e - Init START
SH-IDCA1404-10-140-54-73:61932:63038 [6] NCCL INFO ncclCommInitRank comm 0xbe7cc80 rank 14 nranks 32 cudaDev 6 nvmlDev 6 busId d4000 commId 0xe5c64c8d95265d1e - Init START
SH-IDCA1404-10-140-54-73:61928:63034 [2] NCCL INFO ncclCommInitRank comm 0xaa3d9f0 rank 10 nranks 32 cudaDev 2 nvmlDev 2 busId 6b000 commId 0xe5c64c8d95265d1e - Init START
SH-IDCA1404-10-140-54-73:61927:63040 [1] NCCL INFO ncclCommInitRank comm 0xae55050 rank 9 nranks 32 cudaDev 1 nvmlDev 1 busId 56000 commId 0xe5c64c8d95265d1e - Init START
SH-IDCA1404-10-140-54-73:61931:63036 [5] NCCL INFO ncclCommInitRank comm 0xca717e0 rank 13 nranks 32 cudaDev 5 nvmlDev 5 busId a1000 commId 0xe5c64c8d95265d1e - Init START
SH-IDCA1404-10-140-54-73:61930:63039 [4] NCCL INFO ncclCommInitRank comm 0x606a2400 rank 12 nranks 32 cudaDev 4 nvmlDev 4 busId 9d000 commId 0xe5c64c8d95265d1e - Init START
SH-IDCA1404-10-140-54-56:81266:82407 [0] NCCL INFO ncclCommInitRank comm 0x572c54a0 rank 0 nranks 32 cudaDev 0 nvmlDev 0 busId 51000 commId 0xe5c64c8d95265d1e - Init START
SH-IDCA1404-10-140-54-56:81272:82410 [6] NCCL INFO ncclCommInitRank comm 0xb7ed180 rank 6 nranks 32 cudaDev 6 nvmlDev 6 busId d4000 commId 0xe5c64c8d95265d1e - Init START
SH-IDCA1404-10-140-54-56:81271:82413 [5] NCCL INFO ncclCommInitRank comm 0xc071670 rank 5 nranks 32 cudaDev 5 nvmlDev 5 busId a1000 commId 0xe5c64c8d95265d1e - Init START
SH-IDCA1404-10-140-54-73:61926:63037 [0] NCCL INFO ncclCommInitRank comm 0x56c81e20 rank 8 nranks 32 cudaDev 0 nvmlDev 0 busId 51000 commId 0xe5c64c8d95265d1e - Init START
SH-IDCA1404-10-140-54-73:61929:63035 [3] NCCL INFO ncclCommInitRank comm 0x58607d10 rank 11 nranks 32 cudaDev 3 nvmlDev 3 busId 71000 commId 0xe5c64c8d95265d1e - Init START
SH-IDCA1404-10-140-54-73:61933:63045 [7] NCCL INFO ncclCommInitRank comm 0xbda1760 rank 15 nranks 32 cudaDev 7 nvmlDev 7 busId d7000 commId 0xe5c64c8d95265d1e - Init START
SH-IDCA1404-10-140-54-117:24448:25341 [6] NCCL INFO ncclCommInitRank comm 0x56d3ca10 rank 30 nranks 32 cudaDev 6 nvmlDev 6 busId d4000 commId 0xe5c64c8d95265d1e - Init START
SH-IDCA1404-10-140-54-117:24447:25344 [5] NCCL INFO ncclCommInitRank comm 0x57ef7bc0 rank 29 nranks 32 cudaDev 5 nvmlDev 5 busId a1000 commId 0xe5c64c8d95265d1e - Init START
SH-IDCA1404-10-140-54-117:24446:25345 [4] NCCL INFO ncclCommInitRank comm 0xc54ef40 rank 28 nranks 32 cudaDev 4 nvmlDev 4 busId 9d000 commId 0xe5c64c8d95265d1e - Init START
SH-IDCA1404-10-140-54-117:24444:25355 [3] NCCL INFO ncclCommInitRank comm 0x56feb040 rank 27 nranks 32 cudaDev 3 nvmlDev 3 busId 71000 commId 0xe5c64c8d95265d1e - Init START
SH-IDCA1404-10-140-54-117:24443:25348 [2] NCCL INFO ncclCommInitRank comm 0xbf0e030 rank 26 nranks 32 cudaDev 2 nvmlDev 2 busId 6b000 commId 0xe5c64c8d95265d1e - Init START
SH-IDCA1404-10-140-54-92:70679:71785 [3] NCCL INFO ncclCommInitRank comm 0xc526b80 rank 19 nranks 32 cudaDev 3 nvmlDev 3 busId 71000 commId 0xe5c64c8d95265d1e - Init START
SH-IDCA1404-10-140-54-92:70681:71793 [5] NCCL INFO ncclCommInitRank comm 0xd5eb0a0 rank 21 nranks 32 cudaDev 5 nvmlDev 5 busId a1000 commId 0xe5c64c8d95265d1e - Init START
SH-IDCA1404-10-140-54-92:70680:71784 [4] NCCL INFO ncclCommInitRank comm 0xb248fd0 rank 20 nranks 32 cudaDev 4 nvmlDev 4 busId 9d000 commId 0xe5c64c8d95265d1e - Init START
SH-IDCA1404-10-140-54-92:70682:71794 [6] NCCL INFO ncclCommInitRank comm 0x54b7aeb0 rank 22 nranks 32 cudaDev 6 nvmlDev 6 busId d4000 commId 0xe5c64c8d95265d1e - Init START
SH-IDCA1404-10-140-54-92:70677:71786 [2] NCCL INFO ncclCommInitRank comm 0xb669780 rank 18 nranks 32 cudaDev 2 nvmlDev 2 busId 6b000 commId 0xe5c64c8d95265d1e - Init START
SH-IDCA1404-10-140-54-117:24442:25343 [1] NCCL INFO ncclCommInitRank comm 0xd3524e0 rank 25 nranks 32 cudaDev 1 nvmlDev 1 busId 56000 commId 0xe5c64c8d95265d1e - Init START
SH-IDCA1404-10-140-54-117:24441:25346 [0] NCCL INFO ncclCommInitRank comm 0xc954ab0 rank 24 nranks 32 cudaDev 0 nvmlDev 0 busId 51000 commId 0xe5c64c8d95265d1e - Init START
SH-IDCA1404-10-140-54-117:24449:25353 [7] NCCL INFO ncclCommInitRank comm 0xaeadbc0 rank 31 nranks 32 cudaDev 7 nvmlDev 7 busId d7000 commId 0xe5c64c8d95265d1e - Init START
SH-IDCA1404-10-140-54-92:70675:71787 [0] NCCL INFO ncclCommInitRank comm 0x573bd870 rank 16 nranks 32 cudaDev 0 nvmlDev 0 busId 51000 commId 0xe5c64c8d95265d1e - Init START
SH-IDCA1404-10-140-54-92:70676:71791 [1] NCCL INFO ncclCommInitRank comm 0x57213fe0 rank 17 nranks 32 cudaDev 1 nvmlDev 1 busId 56000 commId 0xe5c64c8d95265d1e - Init START
SH-IDCA1404-10-140-54-92:70683:71788 [7] NCCL INFO ncclCommInitRank comm 0x562fed40 rank 23 nranks 32 cudaDev 7 nvmlDev 7 busId d7000 commId 0xe5c64c8d95265d1e - Init START
SH-IDCA1404-10-140-54-117:24444:25355 [3] NCCL INFO Setting affinity for GPU 3 to ffffffff,00000000,ffffffff
SH-IDCA1404-10-140-54-92:70676:71791 [1] NCCL INFO Setting affinity for GPU 1 to ffffffff,00000000,ffffffff
SH-IDCA1404-10-140-54-56:81271:82413 [5] NCCL INFO Setting affinity for GPU 5 to ffffffff,00000000,ffffffff,00000000
SH-IDCA1404-10-140-54-117:24447:25344 [5] NCCL INFO Setting affinity for GPU 5 to ffffffff,00000000,ffffffff,00000000
SH-IDCA1404-10-140-54-117:24442:25343 [1] NCCL INFO Setting affinity for GPU 1 to ffffffff,00000000,ffffffff
SH-IDCA1404-10-140-54-73:61930:63039 [4] NCCL INFO Setting affinity for GPU 4 to ffffffff,00000000,ffffffff,00000000
SH-IDCA1404-10-140-54-92:70679:71785 [3] NCCL INFO Setting affinity for GPU 3 to ffffffff,00000000,ffffffff
SH-IDCA1404-10-140-54-92:70682:71794 [6] NCCL INFO Setting affinity for GPU 6 to ffffffff,00000000,ffffffff,00000000
SH-IDCA1404-10-140-54-117:24449:25353 [7] NCCL INFO Setting affinity for GPU 7 to ffffffff,00000000,ffffffff,00000000
SH-IDCA1404-10-140-54-117:24443:25348 [2] NCCL INFO Setting affinity for GPU 2 to ffffffff,00000000,ffffffff
SH-IDCA1404-10-140-54-56:81269:82409 [3] NCCL INFO Setting affinity for GPU 3 to ffffffff,00000000,ffffffff
SH-IDCA1404-10-140-54-92:70675:71787 [0] NCCL INFO Setting affinity for GPU 0 to ffffffff,00000000,ffffffff
SH-IDCA1404-10-140-54-56:81268:82411 [2] NCCL INFO Setting affinity for GPU 2 to ffffffff,00000000,ffffffff
SH-IDCA1404-10-140-54-73:61932:63038 [6] NCCL INFO Setting affinity for GPU 6 to ffffffff,00000000,ffffffff,00000000
SH-IDCA1404-10-140-54-73:61928:63034 [2] NCCL INFO Setting affinity for GPU 2 to ffffffff,00000000,ffffffff
SH-IDCA1404-10-140-54-56:81266:82407 [0] NCCL INFO Setting affinity for GPU 0 to ffffffff,00000000,ffffffff
SH-IDCA1404-10-140-54-73:61927:63040 [1] NCCL INFO Setting affinity for GPU 1 to ffffffff,00000000,ffffffff
SH-IDCA1404-10-140-54-56:81272:82410 [6] NCCL INFO Setting affinity for GPU 6 to ffffffff,00000000,ffffffff,00000000
SH-IDCA1404-10-140-54-92:70680:71784 [4] NCCL INFO Setting affinity for GPU 4 to ffffffff,00000000,ffffffff,00000000
SH-IDCA1404-10-140-54-56:81267:82412 [1] NCCL INFO Setting affinity for GPU 1 to ffffffff,00000000,ffffffff
SH-IDCA1404-10-140-54-92:70677:71786 [2] NCCL INFO Setting affinity for GPU 2 to ffffffff,00000000,ffffffff
SH-IDCA1404-10-140-54-92:70681:71793 [5] NCCL INFO Setting affinity for GPU 5 to ffffffff,00000000,ffffffff,00000000
SH-IDCA1404-10-140-54-73:61929:63035 [3] NCCL INFO Setting affinity for GPU 3 to ffffffff,00000000,ffffffff
SH-IDCA1404-10-140-54-56:81270:82414 [4] NCCL INFO Setting affinity for GPU 4 to ffffffff,00000000,ffffffff,00000000
SH-IDCA1404-10-140-54-117:24448:25341 [6] NCCL INFO Setting affinity for GPU 6 to ffffffff,00000000,ffffffff,00000000
SH-IDCA1404-10-140-54-73:61933:63045 [7] NCCL INFO Setting affinity for GPU 7 to ffffffff,00000000,ffffffff,00000000
SH-IDCA1404-10-140-54-73:61931:63036 [5] NCCL INFO Setting affinity for GPU 5 to ffffffff,00000000,ffffffff,00000000
SH-IDCA1404-10-140-54-73:61926:63037 [0] NCCL INFO Setting affinity for GPU 0 to ffffffff,00000000,ffffffff
SH-IDCA1404-10-140-54-56:81273:82417 [7] NCCL INFO Setting affinity for GPU 7 to ffffffff,00000000,ffffffff,00000000
SH-IDCA1404-10-140-54-117:24446:25345 [4] NCCL INFO Setting affinity for GPU 4 to ffffffff,00000000,ffffffff,00000000
SH-IDCA1404-10-140-54-117:24441:25346 [0] NCCL INFO Setting affinity for GPU 0 to ffffffff,00000000,ffffffff
SH-IDCA1404-10-140-54-92:70683:71788 [7] NCCL INFO Setting affinity for GPU 7 to ffffffff,00000000,ffffffff,00000000
SH-IDCA1404-10-140-54-56:81273:82417 [7] NCCL INFO comm 0xcc8e450 rank 7 nRanks 32 nNodes 4 localRanks 8 localRank 7 MNNVL 0
SH-IDCA1404-10-140-54-92:70683:71788 [7] NCCL INFO comm 0x562fed40 rank 23 nRanks 32 nNodes 4 localRanks 8 localRank 7 MNNVL 0
SH-IDCA1404-10-140-54-56:81272:82410 [6] NCCL INFO comm 0xb7ed180 rank 6 nRanks 32 nNodes 4 localRanks 8 localRank 6 MNNVL 0
SH-IDCA1404-10-140-54-73:61933:63045 [7] NCCL INFO comm 0xbda1760 rank 15 nRanks 32 nNodes 4 localRanks 8 localRank 7 MNNVL 0
SH-IDCA1404-10-140-54-73:61932:63038 [6] NCCL INFO comm 0xbe7cc80 rank 14 nRanks 32 nNodes 4 localRanks 8 localRank 6 MNNVL 0
SH-IDCA1404-10-140-54-73:61931:63036 [5] NCCL INFO comm 0xca717e0 rank 13 nRanks 32 nNodes 4 localRanks 8 localRank 5 MNNVL 0
SH-IDCA1404-10-140-54-73:61928:63034 [2] NCCL INFO comm 0xaa3d9f0 rank 10 nRanks 32 nNodes 4 localRanks 8 localRank 2 MNNVL 0
SH-IDCA1404-10-140-54-73:61927:63040 [1] NCCL INFO comm 0xae55050 rank 9 nRanks 32 nNodes 4 localRanks 8 localRank 1 MNNVL 0
SH-IDCA1404-10-140-54-56:81273:82417 [7] NCCL INFO Trees [0] -1/-1/-1->7->6 [1] -1/-1/-1->7->6
SH-IDCA1404-10-140-54-56:81273:82417 [7] NCCL INFO P2P Chunksize set to 131072
SH-IDCA1404-10-140-54-73:61930:63039 [4] NCCL INFO comm 0x606a2400 rank 12 nRanks 32 nNodes 4 localRanks 8 localRank 4 MNNVL 0
SH-IDCA1404-10-140-54-73:61929:63035 [3] NCCL INFO comm 0x58607d10 rank 11 nRanks 32 nNodes 4 localRanks 8 localRank 3 MNNVL 0
SH-IDCA1404-10-140-54-73:61933:63045 [7] NCCL INFO Trees [0] -1/-1/-1->15->14 [1] -1/-1/-1->15->14
SH-IDCA1404-10-140-54-73:61932:63038 [6] NCCL INFO Trees [0] 15/-1/-1->14->13 [1] 15/-1/-1->14->13
SH-IDCA1404-10-140-54-73:61931:63036 [5] NCCL INFO Trees [0] 14/-1/-1->13->12 [1] 14/-1/-1->13->12
SH-IDCA1404-10-140-54-73:61933:63045 [7] NCCL INFO P2P Chunksize set to 131072
SH-IDCA1404-10-140-54-117:24442:25343 [1] NCCL INFO comm 0xd3524e0 rank 25 nRanks 32 nNodes 4 localRanks 8 localRank 1 MNNVL 0
SH-IDCA1404-10-140-54-117:24443:25348 [2] NCCL INFO comm 0xbf0e030 rank 26 nRanks 32 nNodes 4 localRanks 8 localRank 2 MNNVL 0
SH-IDCA1404-10-140-54-117:24449:25353 [7] NCCL INFO comm 0xaeadbc0 rank 31 nRanks 32 nNodes 4 localRanks 8 localRank 7 MNNVL 0
SH-IDCA1404-10-140-54-117:24441:25346 [0] NCCL INFO comm 0xc954ab0 rank 24 nRanks 32 nNodes 4 localRanks 8 localRank 0 MNNVL 0
SH-IDCA1404-10-140-54-117:24448:25341 [6] NCCL INFO comm 0x56d3ca10 rank 30 nRanks 32 nNodes 4 localRanks 8 localRank 6 MNNVL 0
SH-IDCA1404-10-140-54-117:24444:25355 [3] NCCL INFO comm 0x56feb040 rank 27 nRanks 32 nNodes 4 localRanks 8 localRank 3 MNNVL 0
SH-IDCA1404-10-140-54-117:24446:25345 [4] NCCL INFO comm 0xc54ef40 rank 28 nRanks 32 nNodes 4 localRanks 8 localRank 4 MNNVL 0
SH-IDCA1404-10-140-54-117:24447:25344 [5] NCCL INFO comm 0x57ef7bc0 rank 29 nRanks 32 nNodes 4 localRanks 8 localRank 5 MNNVL 0
SH-IDCA1404-10-140-54-92:70681:71793 [5] NCCL INFO comm 0xd5eb0a0 rank 21 nRanks 32 nNodes 4 localRanks 8 localRank 5 MNNVL 0
SH-IDCA1404-10-140-54-92:70682:71794 [6] NCCL INFO comm 0x54b7aeb0 rank 22 nRanks 32 nNodes 4 localRanks 8 localRank 6 MNNVL 0
SH-IDCA1404-10-140-54-56:81269:82409 [3] NCCL INFO comm 0xacb8b40 rank 3 nRanks 32 nNodes 4 localRanks 8 localRank 3 MNNVL 0
SH-IDCA1404-10-140-54-56:81270:82414 [4] NCCL INFO comm 0xc037120 rank 4 nRanks 32 nNodes 4 localRanks 8 localRank 4 MNNVL 0
SH-IDCA1404-10-140-54-56:81272:82410 [6] NCCL INFO Trees [0] 7/-1/-1->6->5 [1] 7/-1/-1->6->5
SH-IDCA1404-10-140-54-56:81271:82413 [5] NCCL INFO comm 0xc071670 rank 5 nRanks 32 nNodes 4 localRanks 8 localRank 5 MNNVL 0
SH-IDCA1404-10-140-54-56:81268:82411 [2] NCCL INFO comm 0xb651aa0 rank 2 nRanks 32 nNodes 4 localRanks 8 localRank 2 MNNVL 0
SH-IDCA1404-10-140-54-56:81272:82410 [6] NCCL INFO P2P Chunksize set to 131072
SH-IDCA1404-10-140-54-73:61932:63038 [6] NCCL INFO P2P Chunksize set to 131072
SH-IDCA1404-10-140-54-73:61928:63034 [2] NCCL INFO Trees [0] 11/-1/-1->10->9 [1] 11/-1/-1->10->9
SH-IDCA1404-10-140-54-73:61931:63036 [5] NCCL INFO P2P Chunksize set to 131072
SH-IDCA1404-10-140-54-73:61927:63040 [1] NCCL INFO Trees [0] 10/-1/-1->9->8 [1] 10/16/-1->9->8
SH-IDCA1404-10-140-54-73:61928:63034 [2] NCCL INFO P2P Chunksize set to 131072
SH-IDCA1404-10-140-54-73:61927:63040 [1] NCCL INFO P2P Chunksize set to 131072
SH-IDCA1404-10-140-54-73:61926:63037 [0] NCCL INFO comm 0x56c81e20 rank 8 nRanks 32 nNodes 4 localRanks 8 localRank 0 MNNVL 0
SH-IDCA1404-10-140-54-73:61929:63035 [3] NCCL INFO Trees [0] 12/-1/-1->11->10 [1] 12/-1/-1->11->10
SH-IDCA1404-10-140-54-73:61930:63039 [4] NCCL INFO Trees [0] 13/-1/-1->12->11 [1] 13/-1/-1->12->11
SH-IDCA1404-10-140-54-73:61929:63035 [3] NCCL INFO P2P Chunksize set to 131072
SH-IDCA1404-10-140-54-117:24442:25343 [1] NCCL INFO Trees [0] 26/-1/-1->25->24 [1] 26/-1/-1->25->24
SH-IDCA1404-10-140-54-117:24441:25346 [0] NCCL INFO Trees [0] 25/-1/-1->24->16 [1] 25/8/-1->24->-1
SH-IDCA1404-10-140-54-117:24443:25348 [2] NCCL INFO Trees [0] 27/-1/-1->26->25 [1] 27/-1/-1->26->25
SH-IDCA1404-10-140-54-117:24441:25346 [0] NCCL INFO P2P Chunksize set to 131072
SH-IDCA1404-10-140-54-117:24442:25343 [1] NCCL INFO P2P Chunksize set to 131072
SH-IDCA1404-10-140-54-117:24443:25348 [2] NCCL INFO P2P Chunksize set to 131072
SH-IDCA1404-10-140-54-117:24446:25345 [4] NCCL INFO Trees [0] 29/-1/-1->28->27 [1] 29/-1/-1->28->27
SH-IDCA1404-10-140-54-117:24444:25355 [3] NCCL INFO Trees [0] 28/-1/-1->27->26 [1] 28/-1/-1->27->26
SH-IDCA1404-10-140-54-92:70679:71785 [3] NCCL INFO comm 0xc526b80 rank 19 nRanks 32 nNodes 4 localRanks 8 localRank 3 MNNVL 0
SH-IDCA1404-10-140-54-92:70676:71791 [1] NCCL INFO comm 0x57213fe0 rank 17 nRanks 32 nNodes 4 localRanks 8 localRank 1 MNNVL 0
SH-IDCA1404-10-140-54-92:70677:71786 [2] NCCL INFO comm 0xb669780 rank 18 nRanks 32 nNodes 4 localRanks 8 localRank 2 MNNVL 0
SH-IDCA1404-10-140-54-92:70680:71784 [4] NCCL INFO comm 0xb248fd0 rank 20 nRanks 32 nNodes 4 localRanks 8 localRank 4 MNNVL 0
SH-IDCA1404-10-140-54-56:81267:82412 [1] NCCL INFO comm 0x61146800 rank 1 nRanks 32 nNodes 4 localRanks 8 localRank 1 MNNVL 0
SH-IDCA1404-10-140-54-56:81270:82414 [4] NCCL INFO Trees [0] 5/-1/-1->4->3 [1] 5/-1/-1->4->3
SH-IDCA1404-10-140-54-56:81266:82407 [0] NCCL INFO comm 0x572c54a0 rank 0 nRanks 32 nNodes 4 localRanks 8 localRank 0 MNNVL 0
SH-IDCA1404-10-140-54-56:81269:82409 [3] NCCL INFO Trees [0] 4/-1/-1->3->2 [1] 4/-1/-1->3->2
SH-IDCA1404-10-140-54-73:61930:63039 [4] NCCL INFO P2P Chunksize set to 131072
SH-IDCA1404-10-140-54-117:24448:25341 [6] NCCL INFO Trees [0] 31/-1/-1->30->29 [1] 31/-1/-1->30->29
SH-IDCA1404-10-140-54-117:24446:25345 [4] NCCL INFO P2P Chunksize set to 131072
SH-IDCA1404-10-140-54-117:24444:25355 [3] NCCL INFO P2P Chunksize set to 131072
SH-IDCA1404-10-140-54-117:24448:25341 [6] NCCL INFO P2P Chunksize set to 131072
SH-IDCA1404-10-140-54-117:24449:25353 [7] NCCL INFO Trees [0] -1/-1/-1->31->30 [1] -1/-1/-1->31->30
SH-IDCA1404-10-140-54-117:24447:25344 [5] NCCL INFO Trees [0] 30/-1/-1->29->28 [1] 30/-1/-1->29->28
SH-IDCA1404-10-140-54-117:24449:25353 [7] NCCL INFO P2P Chunksize set to 131072
SH-IDCA1404-10-140-54-117:24447:25344 [5] NCCL INFO P2P Chunksize set to 131072
SH-IDCA1404-10-140-54-92:70675:71787 [0] NCCL INFO comm 0x573bd870 rank 16 nRanks 32 nNodes 4 localRanks 8 localRank 0 MNNVL 0
SH-IDCA1404-10-140-54-92:70683:71788 [7] NCCL INFO Trees [0] -1/-1/-1->23->22 [1] -1/-1/-1->23->22
SH-IDCA1404-10-140-54-56:81268:82411 [2] NCCL INFO Trees [0] 3/-1/-1->2->1 [1] 3/-1/-1->2->1
SH-IDCA1404-10-140-54-56:81270:82414 [4] NCCL INFO P2P Chunksize set to 131072
SH-IDCA1404-10-140-54-56:81269:82409 [3] NCCL INFO P2P Chunksize set to 131072
SH-IDCA1404-10-140-54-56:81268:82411 [2] NCCL INFO P2P Chunksize set to 131072
SH-IDCA1404-10-140-54-73:61926:63037 [0] NCCL INFO Trees [0] 9/-1/-1->8->17 [1] 9/0/-1->8->24
SH-IDCA1404-10-140-54-73:61926:63037 [0] NCCL INFO P2P Chunksize set to 131072
SH-IDCA1404-10-140-54-92:70683:71788 [7] NCCL INFO P2P Chunksize set to 131072
SH-IDCA1404-10-140-54-92:70677:71786 [2] NCCL INFO Trees [0] 19/-1/-1->18->17 [1] 19/-1/-1->18->17
SH-IDCA1404-10-140-54-92:70679:71785 [3] NCCL INFO Trees [0] 20/-1/-1->19->18 [1] 20/-1/-1->19->18
SH-IDCA1404-10-140-54-92:70676:71791 [1] NCCL INFO Trees [0] 18/8/-1->17->16 [1] 18/-1/-1->17->16
SH-IDCA1404-10-140-54-92:70677:71786 [2] NCCL INFO P2P Chunksize set to 131072
SH-IDCA1404-10-140-54-92:70679:71785 [3] NCCL INFO P2P Chunksize set to 131072
SH-IDCA1404-10-140-54-92:70676:71791 [1] NCCL INFO P2P Chunksize set to 131072
SH-IDCA1404-10-140-54-56:81271:82413 [5] NCCL INFO Trees [0] 6/-1/-1->5->4 [1] 6/-1/-1->5->4
SH-IDCA1404-10-140-54-56:81271:82413 [5] NCCL INFO P2P Chunksize set to 131072
SH-IDCA1404-10-140-54-56:81267:82412 [1] NCCL INFO Trees [0] 2/-1/-1->1->0 [1] 2/-1/-1->1->0
SH-IDCA1404-10-140-54-56:81267:82412 [1] NCCL INFO P2P Chunksize set to 131072
SH-IDCA1404-10-140-54-92:70681:71793 [5] NCCL INFO Trees [0] 22/-1/-1->21->20 [1] 22/-1/-1->21->20
SH-IDCA1404-10-140-54-92:70680:71784 [4] NCCL INFO Trees [0] 21/-1/-1->20->19 [1] 21/-1/-1->20->19
SH-IDCA1404-10-140-54-92:70681:71793 [5] NCCL INFO P2P Chunksize set to 131072
SH-IDCA1404-10-140-54-92:70680:71784 [4] NCCL INFO P2P Chunksize set to 131072
SH-IDCA1404-10-140-54-92:70675:71787 [0] NCCL INFO Trees [0] 17/24/-1->16->0 [1] 17/-1/-1->16->9
SH-IDCA1404-10-140-54-56:81266:82407 [0] NCCL INFO Channel 00/02 :    0   7   6   5   4   3   2   1   8  15  14  13  12  11  10   9  16  23  22  21
SH-IDCA1404-10-140-54-56:81266:82407 [0] NCCL INFO Channel 01/02 :    0   7   6   5   4   3   2   1   8  15  14  13  12  11  10   9  16  23  22  21
SH-IDCA1404-10-140-54-73:61928:63034 [2] NCCL INFO Channel 00/0 : 10[2] -> 9[1] via P2P/IPC/read
SH-IDCA1404-10-140-54-117:24443:25348 [2] NCCL INFO Channel 00/0 : 26[2] -> 25[1] via P2P/IPC/read
SH-IDCA1404-10-140-54-92:70682:71794 [6] NCCL INFO Trees [0] 23/-1/-1->22->21 [1] 23/-1/-1->22->21
SH-IDCA1404-10-140-54-92:70675:71787 [0] NCCL INFO P2P Chunksize set to 131072
SH-IDCA1404-10-140-54-92:70682:71794 [6] NCCL INFO P2P Chunksize set to 131072
SH-IDCA1404-10-140-54-56:81266:82407 [0] NCCL INFO Trees [0] 1/16/-1->0->-1 [1] 1/-1/-1->0->8
SH-IDCA1404-10-140-54-56:81266:82407 [0] NCCL INFO P2P Chunksize set to 131072
SH-IDCA1404-10-140-54-73:61930:63039 [4] NCCL INFO Channel 00/0 : 12[4] -> 11[3] via P2P/IPC/read
SH-IDCA1404-10-140-54-117:24444:25355 [3] NCCL INFO Channel 00/0 : 27[3] -> 26[2] via P2P/IPC/read
SH-IDCA1404-10-140-54-92:70679:71785 [3] NCCL INFO Channel 00/0 : 19[3] -> 18[2] via P2P/IPC/read
SH-IDCA1404-10-140-54-56:81268:82411 [2] NCCL INFO Channel 00/0 : 2[2] -> 1[1] via P2P/IPC/read
SH-IDCA1404-10-140-54-73:61932:63038 [6] NCCL INFO Channel 00/0 : 14[6] -> 13[5] via P2P/IPC/read
SH-IDCA1404-10-140-54-117:24447:25344 [5] NCCL INFO Channel 00/0 : 29[5] -> 28[4] via P2P/IPC/read
SH-IDCA1404-10-140-54-117:24448:25341 [6] NCCL INFO Channel 00/0 : 30[6] -> 29[5] via P2P/IPC/read
SH-IDCA1404-10-140-54-117:24446:25345 [4] NCCL INFO Channel 00/0 : 28[4] -> 27[3] via P2P/IPC/read
SH-IDCA1404-10-140-54-92:70680:71784 [4] NCCL INFO Channel 00/0 : 20[4] -> 19[3] via P2P/IPC/read
SH-IDCA1404-10-140-54-56:81272:82410 [6] NCCL INFO Channel 00/0 : 6[6] -> 5[5] via P2P/IPC/read
SH-IDCA1404-10-140-54-73:61931:63036 [5] NCCL INFO Channel 00/0 : 13[5] -> 12[4] via P2P/IPC/read
SH-IDCA1404-10-140-54-117:24443:25348 [2] NCCL INFO Channel 01/0 : 26[2] -> 25[1] via P2P/IPC/read
SH-IDCA1404-10-140-54-92:70677:71786 [2] NCCL INFO Channel 00/0 : 18[2] -> 17[1] via P2P/IPC/read
SH-IDCA1404-10-140-54-92:70681:71793 [5] NCCL INFO Channel 00/0 : 21[5] -> 20[4] via P2P/IPC/read
SH-IDCA1404-10-140-54-56:81270:82414 [4] NCCL INFO Channel 00/0 : 4[4] -> 3[3] via P2P/IPC/read
SH-IDCA1404-10-140-54-73:61929:63035 [3] NCCL INFO Channel 00/0 : 11[3] -> 10[2] via P2P/IPC/read
SH-IDCA1404-10-140-54-117:24444:25355 [3] NCCL INFO Channel 01/0 : 27[3] -> 26[2] via P2P/IPC/read
SH-IDCA1404-10-140-54-92:70682:71794 [6] NCCL INFO Channel 00/0 : 22[6] -> 21[5] via P2P/IPC/read
SH-IDCA1404-10-140-54-56:81271:82413 [5] NCCL INFO Channel 00/0 : 5[5] -> 4[4] via P2P/IPC/read
SH-IDCA1404-10-140-54-73:61928:63034 [2] NCCL INFO Channel 01/0 : 10[2] -> 9[1] via P2P/IPC/read
SH-IDCA1404-10-140-54-117:24447:25344 [5] NCCL INFO Channel 01/0 : 29[5] -> 28[4] via P2P/IPC/read
SH-IDCA1404-10-140-54-117:24448:25341 [6] NCCL INFO Channel 01/0 : 30[6] -> 29[5] via P2P/IPC/read
SH-IDCA1404-10-140-54-92:70679:71785 [3] NCCL INFO Channel 01/0 : 19[3] -> 18[2] via P2P/IPC/read
SH-IDCA1404-10-140-54-56:81269:82409 [3] NCCL INFO Channel 00/0 : 3[3] -> 2[2] via P2P/IPC/read
SH-IDCA1404-10-140-54-73:61930:63039 [4] NCCL INFO Channel 01/0 : 12[4] -> 11[3] via P2P/IPC/read
SH-IDCA1404-10-140-54-117:24446:25345 [4] NCCL INFO Channel 01/0 : 28[4] -> 27[3] via P2P/IPC/read
SH-IDCA1404-10-140-54-92:70680:71784 [4] NCCL INFO Channel 01/0 : 20[4] -> 19[3] via P2P/IPC/read
SH-IDCA1404-10-140-54-56:81268:82411 [2] NCCL INFO Channel 01/0 : 2[2] -> 1[1] via P2P/IPC/read
SH-IDCA1404-10-140-54-73:61932:63038 [6] NCCL INFO Channel 01/0 : 14[6] -> 13[5] via P2P/IPC/read
SH-IDCA1404-10-140-54-117:24442:25343 [1] NCCL INFO Channel 00/0 : 25[1] -> 0[0] [send] via NET/IB/0/GDRDMA
SH-IDCA1404-10-140-54-92:70681:71793 [5] NCCL INFO Channel 01/0 : 21[5] -> 20[4] via P2P/IPC/read
SH-IDCA1404-10-140-54-56:81272:82410 [6] NCCL INFO Channel 01/0 : 6[6] -> 5[5] via P2P/IPC/read
SH-IDCA1404-10-140-54-73:61931:63036 [5] NCCL INFO Channel 01/0 : 13[5] -> 12[4] via P2P/IPC/read
SH-IDCA1404-10-140-54-117:24442:25343 [1] NCCL INFO Channel 01/0 : 25[1] -> 0[0] [send] via NET/IB/0/GDRDMA
SH-IDCA1404-10-140-54-92:70682:71794 [6] NCCL INFO Channel 01/0 : 22[6] -> 21[5] via P2P/IPC/read
SH-IDCA1404-10-140-54-92:70677:71786 [2] NCCL INFO Channel 01/0 : 18[2] -> 17[1] via P2P/IPC/read
SH-IDCA1404-10-140-54-56:81270:82414 [4] NCCL INFO Channel 01/0 : 4[4] -> 3[3] via P2P/IPC/read
SH-IDCA1404-10-140-54-73:61929:63035 [3] NCCL INFO Channel 01/0 : 11[3] -> 10[2] via P2P/IPC/read
SH-IDCA1404-10-140-54-117:24441:25346 [0] NCCL INFO Channel 00/0 : 17[1] -> 24[0] [receive] via NET/IB/0/GDRDMA
SH-IDCA1404-10-140-54-92:70675:71787 [0] NCCL INFO Channel 00/0 : 9[1] -> 16[0] [receive] via NET/IB/0/GDRDMA
SH-IDCA1404-10-140-54-56:81271:82413 [5] NCCL INFO Channel 01/0 : 5[5] -> 4[4] via P2P/IPC/read
SH-IDCA1404-10-140-54-73:61927:63040 [1] NCCL INFO Channel 00/0 : 9[1] -> 16[0] [send] via NET/IB/0/GDRDMA
SH-IDCA1404-10-140-54-117:24441:25346 [0] NCCL INFO Channel 01/0 : 17[1] -> 24[0] [receive] via NET/IB/0/GDRDMA
SH-IDCA1404-10-140-54-92:70675:71787 [0] NCCL INFO Channel 01/0 : 9[1] -> 16[0] [receive] via NET/IB/0/GDRDMA
SH-IDCA1404-10-140-54-56:81267:82412 [1] NCCL INFO Channel 00/0 : 1[1] -> 8[0] [send] via NET/IB/0/GDRDMA
SH-IDCA1404-10-140-54-56:81269:82409 [3] NCCL INFO Channel 01/0 : 3[3] -> 2[2] via P2P/IPC/read
SH-IDCA1404-10-140-54-73:61927:63040 [1] NCCL INFO Channel 01/0 : 9[1] -> 16[0] [send] via NET/IB/0/GDRDMA
SH-IDCA1404-10-140-54-117:24441:25346 [0] NCCL INFO Channel 00/0 : 24[0] -> 31[7] via P2P/IPC/read
SH-IDCA1404-10-140-54-92:70675:71787 [0] NCCL INFO Channel 00/0 : 16[0] -> 23[7] via P2P/IPC/read
SH-IDCA1404-10-140-54-56:81267:82412 [1] NCCL INFO Channel 01/0 : 1[1] -> 8[0] [send] via NET/IB/0/GDRDMA
SH-IDCA1404-10-140-54-73:61926:63037 [0] NCCL INFO Channel 00/0 : 1[1] -> 8[0] [receive] via NET/IB/0/GDRDMA
SH-IDCA1404-10-140-54-117:24441:25346 [0] NCCL INFO Channel 01/0 : 24[0] -> 31[7] via P2P/IPC/read
SH-IDCA1404-10-140-54-92:70676:71791 [1] NCCL INFO Channel 00/0 : 17[1] -> 24[0] [send] via NET/IB/0/GDRDMA
SH-IDCA1404-10-140-54-56:81266:82407 [0] NCCL INFO Channel 00/0 : 25[1] -> 0[0] [receive] via NET/IB/0/GDRDMA
SH-IDCA1404-10-140-54-73:61926:63037 [0] NCCL INFO Channel 01/0 : 1[1] -> 8[0] [receive] via NET/IB/0/GDRDMA
SH-IDCA1404-10-140-54-117:24446:25345 [4] NCCL INFO Connected all rings
SH-IDCA1404-10-140-54-92:70676:71791 [1] NCCL INFO Channel 01/0 : 17[1] -> 24[0] [send] via NET/IB/0/GDRDMA
SH-IDCA1404-10-140-54-56:81266:82407 [0] NCCL INFO Channel 01/0 : 25[1] -> 0[0] [receive] via NET/IB/0/GDRDMA
SH-IDCA1404-10-140-54-73:61926:63037 [0] NCCL INFO Channel 00/0 : 8[0] -> 15[7] via P2P/IPC/read
SH-IDCA1404-10-140-54-117:24446:25345 [4] NCCL INFO Channel 00/0 : 28[4] -> 29[5] via P2P/IPC/read
SH-IDCA1404-10-140-54-92:70675:71787 [0] NCCL INFO Channel 01/0 : 16[0] -> 23[7] via P2P/IPC/read
SH-IDCA1404-10-140-54-56:81266:82407 [0] NCCL INFO Channel 00/0 : 0[0] -> 7[7] via P2P/IPC/read
SH-IDCA1404-10-140-54-73:61926:63037 [0] NCCL INFO Channel 01/0 : 8[0] -> 15[7] via P2P/IPC/read
SH-IDCA1404-10-140-54-117:24444:25355 [3] NCCL INFO Connected all rings
SH-IDCA1404-10-140-54-92:70680:71784 [4] NCCL INFO Connected all rings
SH-IDCA1404-10-140-54-56:81266:82407 [0] NCCL INFO Channel 01/0 : 0[0] -> 7[7] via P2P/IPC/read
SH-IDCA1404-10-140-54-73:61930:63039 [4] NCCL INFO Connected all rings
SH-IDCA1404-10-140-54-117:24446:25345 [4] NCCL INFO Channel 01/0 : 28[4] -> 29[5] via P2P/IPC/read
SH-IDCA1404-10-140-54-92:70680:71784 [4] NCCL INFO Channel 00/0 : 20[4] -> 21[5] via P2P/IPC/read
SH-IDCA1404-10-140-54-56:81273:82417 [7] NCCL INFO Channel 00/0 : 7[7] -> 6[6] via P2P/IPC/read
SH-IDCA1404-10-140-54-73:61930:63039 [4] NCCL INFO Channel 00/0 : 12[4] -> 13[5] via P2P/IPC/read
SH-IDCA1404-10-140-54-117:24444:25355 [3] NCCL INFO Channel 00/0 : 27[3] -> 28[4] via P2P/IPC/read
SH-IDCA1404-10-140-54-92:70680:71784 [4] NCCL INFO Channel 01/0 : 20[4] -> 21[5] via P2P/IPC/read
SH-IDCA1404-10-140-54-56:81273:82417 [7] NCCL INFO Channel 01/0 : 7[7] -> 6[6] via P2P/IPC/read
SH-IDCA1404-10-140-54-73:61930:63039 [4] NCCL INFO Channel 01/0 : 12[4] -> 13[5] via P2P/IPC/read
SH-IDCA1404-10-140-54-117:24444:25355 [3] NCCL INFO Channel 01/0 : 27[3] -> 28[4] via P2P/IPC/read
SH-IDCA1404-10-140-54-92:70679:71785 [3] NCCL INFO Connected all rings
SH-IDCA1404-10-140-54-56:81270:82414 [4] NCCL INFO Connected all rings
SH-IDCA1404-10-140-54-73:61933:63045 [7] NCCL INFO Channel 00/0 : 15[7] -> 14[6] via P2P/IPC/read
SH-IDCA1404-10-140-54-117:24449:25353 [7] NCCL INFO Channel 00/0 : 31[7] -> 30[6] via P2P/IPC/read
SH-IDCA1404-10-140-54-92:70679:71785 [3] NCCL INFO Channel 00/0 : 19[3] -> 20[4] via P2P/IPC/read
SH-IDCA1404-10-140-54-56:81270:82414 [4] NCCL INFO Channel 00/0 : 4[4] -> 5[5] via P2P/IPC/read
SH-IDCA1404-10-140-54-73:61933:63045 [7] NCCL INFO Channel 01/0 : 15[7] -> 14[6] via P2P/IPC/read
SH-IDCA1404-10-140-54-117:24449:25353 [7] NCCL INFO Channel 01/0 : 31[7] -> 30[6] via P2P/IPC/read
SH-IDCA1404-10-140-54-92:70679:71785 [3] NCCL INFO Channel 01/0 : 19[3] -> 20[4] via P2P/IPC/read
SH-IDCA1404-10-140-54-56:81270:82414 [4] NCCL INFO Channel 01/0 : 4[4] -> 5[5] via P2P/IPC/read
SH-IDCA1404-10-140-54-73:61931:63036 [5] NCCL INFO Connected all rings
SH-IDCA1404-10-140-54-117:24447:25344 [5] NCCL INFO Connected all rings
SH-IDCA1404-10-140-54-92:70683:71788 [7] NCCL INFO Channel 00/0 : 23[7] -> 22[6] via P2P/IPC/read
SH-IDCA1404-10-140-54-56:81271:82413 [5] NCCL INFO Connected all rings
SH-IDCA1404-10-140-54-73:61931:63036 [5] NCCL INFO Channel 00/0 : 13[5] -> 14[6] via P2P/IPC/read
SH-IDCA1404-10-140-54-117:24447:25344 [5] NCCL INFO Channel 00/0 : 29[5] -> 30[6] via P2P/IPC/read
SH-IDCA1404-10-140-54-92:70683:71788 [7] NCCL INFO Channel 01/0 : 23[7] -> 22[6] via P2P/IPC/read
SH-IDCA1404-10-140-54-56:81271:82413 [5] NCCL INFO Channel 00/0 : 5[5] -> 6[6] via P2P/IPC/read
SH-IDCA1404-10-140-54-73:61931:63036 [5] NCCL INFO Channel 01/0 : 13[5] -> 14[6] via P2P/IPC/read
SH-IDCA1404-10-140-54-117:24447:25344 [5] NCCL INFO Channel 01/0 : 29[5] -> 30[6] via P2P/IPC/read
SH-IDCA1404-10-140-54-92:70681:71793 [5] NCCL INFO Connected all rings
SH-IDCA1404-10-140-54-56:81271:82413 [5] NCCL INFO Channel 01/0 : 5[5] -> 6[6] via P2P/IPC/read
SH-IDCA1404-10-140-54-73:61932:63038 [6] NCCL INFO Connected all rings
SH-IDCA1404-10-140-54-73:61933:63045 [7] NCCL INFO Connected all rings
SH-IDCA1404-10-140-54-117:24449:25353 [7] NCCL INFO Connected all rings
SH-IDCA1404-10-140-54-92:70681:71793 [5] NCCL INFO Channel 00/0 : 21[5] -> 22[6] via P2P/IPC/read
SH-IDCA1404-10-140-54-56:81272:82410 [6] NCCL INFO Connected all rings
SH-IDCA1404-10-140-54-73:61932:63038 [6] NCCL INFO Channel 00/0 : 14[6] -> 15[7] via P2P/IPC/read
SH-IDCA1404-10-140-54-117:24448:25341 [6] NCCL INFO Connected all rings
SH-IDCA1404-10-140-54-92:70681:71793 [5] NCCL INFO Channel 01/0 : 21[5] -> 22[6] via P2P/IPC/read
SH-IDCA1404-10-140-54-56:81273:82417 [7] NCCL INFO Connected all rings
SH-IDCA1404-10-140-54-73:61932:63038 [6] NCCL INFO Channel 01/0 : 14[6] -> 15[7] via P2P/IPC/read
SH-IDCA1404-10-140-54-117:24448:25341 [6] NCCL INFO Channel 00/0 : 30[6] -> 31[7] via P2P/IPC/read
SH-IDCA1404-10-140-54-92:70682:71794 [6] NCCL INFO Connected all rings
SH-IDCA1404-10-140-54-92:70683:71788 [7] NCCL INFO Connected all rings
SH-IDCA1404-10-140-54-56:81272:82410 [6] NCCL INFO Channel 00/0 : 6[6] -> 7[7] via P2P/IPC/read
SH-IDCA1404-10-140-54-73:61929:63035 [3] NCCL INFO Connected all rings
SH-IDCA1404-10-140-54-117:24448:25341 [6] NCCL INFO Channel 01/0 : 30[6] -> 31[7] via P2P/IPC/read
SH-IDCA1404-10-140-54-92:70682:71794 [6] NCCL INFO Channel 00/0 : 22[6] -> 23[7] via P2P/IPC/read
SH-IDCA1404-10-140-54-56:81272:82410 [6] NCCL INFO Channel 01/0 : 6[6] -> 7[7] via P2P/IPC/read
SH-IDCA1404-10-140-54-73:61929:63035 [3] NCCL INFO Channel 00/0 : 11[3] -> 12[4] via P2P/IPC/read
SH-IDCA1404-10-140-54-117:24449:25353 [7] NCCL INFO Connected all trees
SH-IDCA1404-10-140-54-92:70682:71794 [6] NCCL INFO Channel 01/0 : 22[6] -> 23[7] via P2P/IPC/read
SH-IDCA1404-10-140-54-56:81273:82417 [7] NCCL INFO Connected all trees
SH-IDCA1404-10-140-54-73:61929:63035 [3] NCCL INFO Channel 01/0 : 11[3] -> 12[4] via P2P/IPC/read
SH-IDCA1404-10-140-54-117:24449:25353 [7] NCCL INFO threadThresholds 8/8/64 | 256/8/64 | 512 | 512
SH-IDCA1404-10-140-54-117:24449:25353 [7] NCCL INFO 2 coll channels, 2 collnet channels, 0 nvls channels, 2 p2p channels, 1 p2p channels per peer
SH-IDCA1404-10-140-54-92:70676:71791 [1] NCCL INFO Connected all rings
SH-IDCA1404-10-140-54-56:81273:82417 [7] NCCL INFO threadThresholds 8/8/64 | 256/8/64 | 512 | 512
SH-IDCA1404-10-140-54-56:81273:82417 [7] NCCL INFO 2 coll channels, 2 collnet channels, 0 nvls channels, 2 p2p channels, 1 p2p channels per peer
SH-IDCA1404-10-140-54-73:61932:63038 [6] NCCL INFO Connected all trees
SH-IDCA1404-10-140-54-117:24448:25341 [6] NCCL INFO Connected all trees
SH-IDCA1404-10-140-54-92:70677:71786 [2] NCCL INFO Connected all rings
SH-IDCA1404-10-140-54-56:81272:82410 [6] NCCL INFO Connected all trees
SH-IDCA1404-10-140-54-73:61932:63038 [6] NCCL INFO threadThresholds 8/8/64 | 256/8/64 | 512 | 512
SH-IDCA1404-10-140-54-73:61932:63038 [6] NCCL INFO 2 coll channels, 2 collnet channels, 0 nvls channels, 2 p2p channels, 1 p2p channels per peer
SH-IDCA1404-10-140-54-117:24448:25341 [6] NCCL INFO threadThresholds 8/8/64 | 256/8/64 | 512 | 512
SH-IDCA1404-10-140-54-92:70676:71791 [1] NCCL INFO Channel 00/0 : 17[1] -> 18[2] via P2P/IPC/read
SH-IDCA1404-10-140-54-56:81272:82410 [6] NCCL INFO threadThresholds 8/8/64 | 256/8/64 | 512 | 512
SH-IDCA1404-10-140-54-56:81272:82410 [6] NCCL INFO 2 coll channels, 2 collnet channels, 0 nvls channels, 2 p2p channels, 1 p2p channels per peer
SH-IDCA1404-10-140-54-73:61933:63045 [7] NCCL INFO Connected all trees
SH-IDCA1404-10-140-54-117:24448:25341 [6] NCCL INFO 2 coll channels, 2 collnet channels, 0 nvls channels, 2 p2p channels, 1 p2p channels per peer
SH-IDCA1404-10-140-54-92:70677:71786 [2] NCCL INFO Channel 00/0 : 18[2] -> 19[3] via P2P/IPC/read
SH-IDCA1404-10-140-54-56:81269:82409 [3] NCCL INFO Connected all rings
SH-IDCA1404-10-140-54-73:61933:63045 [7] NCCL INFO threadThresholds 8/8/64 | 256/8/64 | 512 | 512
SH-IDCA1404-10-140-54-73:61933:63045 [7] NCCL INFO 2 coll channels, 2 collnet channels, 0 nvls channels, 2 p2p channels, 1 p2p channels per peer
SH-IDCA1404-10-140-54-117:24447:25344 [5] NCCL INFO Connected all trees
SH-IDCA1404-10-140-54-92:70676:71791 [1] NCCL INFO Channel 01/0 : 17[1] -> 18[2] via P2P/IPC/read
SH-IDCA1404-10-140-54-56:81269:82409 [3] NCCL INFO Channel 00/0 : 3[3] -> 4[4] via P2P/IPC/read
SH-IDCA1404-10-140-54-73:61931:63036 [5] NCCL INFO Connected all trees
SH-IDCA1404-10-140-54-117:24447:25344 [5] NCCL INFO threadThresholds 8/8/64 | 256/8/64 | 512 | 512
SH-IDCA1404-10-140-54-117:24447:25344 [5] NCCL INFO 2 coll channels, 2 collnet channels, 0 nvls channels, 2 p2p channels, 1 p2p channels per peer
SH-IDCA1404-10-140-54-92:70683:71788 [7] NCCL INFO Connected all trees
SH-IDCA1404-10-140-54-56:81269:82409 [3] NCCL INFO Channel 01/0 : 3[3] -> 4[4] via P2P/IPC/read
SH-IDCA1404-10-140-54-117:24442:25343 [1] NCCL INFO Connected all rings
SH-IDCA1404-10-140-54-92:70683:71788 [7] NCCL INFO threadThresholds 8/8/64 | 256/8/64 | 512 | 512
SH-IDCA1404-10-140-54-92:70683:71788 [7] NCCL INFO 2 coll channels, 2 collnet channels, 0 nvls channels, 2 p2p channels, 1 p2p channels per peer
SH-IDCA1404-10-140-54-56:81271:82413 [5] NCCL INFO Connected all trees
SH-IDCA1404-10-140-54-73:61931:63036 [5] NCCL INFO threadThresholds 8/8/64 | 256/8/64 | 512 | 512
SH-IDCA1404-10-140-54-73:61931:63036 [5] NCCL INFO 2 coll channels, 2 collnet channels, 0 nvls channels, 2 p2p channels, 1 p2p channels per peer
SH-IDCA1404-10-140-54-117:24442:25343 [1] NCCL INFO Channel 00/0 : 25[1] -> 26[2] via P2P/IPC/read
SH-IDCA1404-10-140-54-92:70677:71786 [2] NCCL INFO Channel 01/0 : 18[2] -> 19[3] via P2P/IPC/read
SH-IDCA1404-10-140-54-56:81271:82413 [5] NCCL INFO threadThresholds 8/8/64 | 256/8/64 | 512 | 512
SH-IDCA1404-10-140-54-56:81271:82413 [5] NCCL INFO 2 coll channels, 2 collnet channels, 0 nvls channels, 2 p2p channels, 1 p2p channels per peer
SH-IDCA1404-10-140-54-117:24442:25343 [1] NCCL INFO Channel 01/0 : 25[1] -> 26[2] via P2P/IPC/read
SH-IDCA1404-10-140-54-92:70681:71793 [5] NCCL INFO Connected all trees
SH-IDCA1404-10-140-54-56:81266:82407 [0] NCCL INFO Connected all rings
SH-IDCA1404-10-140-54-117:24443:25348 [2] NCCL INFO Connected all rings
SH-IDCA1404-10-140-54-92:70682:71794 [6] NCCL INFO Connected all trees
SH-IDCA1404-10-140-54-56:81266:82407 [0] NCCL INFO Channel 00/0 : 0[0] -> 1[1] via P2P/IPC/read
SH-IDCA1404-10-140-54-117:24443:25348 [2] NCCL INFO Channel 00/0 : 26[2] -> 27[3] via P2P/IPC/read
SH-IDCA1404-10-140-54-92:70682:71794 [6] NCCL INFO threadThresholds 8/8/64 | 256/8/64 | 512 | 512
SH-IDCA1404-10-140-54-92:70681:71793 [5] NCCL INFO threadThresholds 8/8/64 | 256/8/64 | 512 | 512
SH-IDCA1404-10-140-54-92:70682:71794 [6] NCCL INFO 2 coll channels, 2 collnet channels, 0 nvls channels, 2 p2p channels, 1 p2p channels per peer
SH-IDCA1404-10-140-54-92:70681:71793 [5] NCCL INFO 2 coll channels, 2 collnet channels, 0 nvls channels, 2 p2p channels, 1 p2p channels per peer
SH-IDCA1404-10-140-54-56:81266:82407 [0] NCCL INFO Channel 01/0 : 0[0] -> 1[1] via P2P/IPC/read
SH-IDCA1404-10-140-54-117:24443:25348 [2] NCCL INFO Channel 01/0 : 26[2] -> 27[3] via P2P/IPC/read
SH-IDCA1404-10-140-54-92:70680:71784 [4] NCCL INFO Connected all trees
SH-IDCA1404-10-140-54-117:24446:25345 [4] NCCL INFO Connected all trees
SH-IDCA1404-10-140-54-117:24444:25355 [3] NCCL INFO Connected all trees
SH-IDCA1404-10-140-54-117:24444:25355 [3] NCCL INFO threadThresholds 8/8/64 | 256/8/64 | 512 | 512
SH-IDCA1404-10-140-54-117:24444:25355 [3] NCCL INFO 2 coll channels, 2 collnet channels, 0 nvls channels, 2 p2p channels, 1 p2p channels per peer
SH-IDCA1404-10-140-54-117:24446:25345 [4] NCCL INFO threadThresholds 8/8/64 | 256/8/64 | 512 | 512
SH-IDCA1404-10-140-54-92:70680:71784 [4] NCCL INFO threadThresholds 8/8/64 | 256/8/64 | 512 | 512
SH-IDCA1404-10-140-54-92:70680:71784 [4] NCCL INFO 2 coll channels, 2 collnet channels, 0 nvls channels, 2 p2p channels, 1 p2p channels per peer
SH-IDCA1404-10-140-54-117:24446:25345 [4] NCCL INFO 2 coll channels, 2 collnet channels, 0 nvls channels, 2 p2p channels, 1 p2p channels per peer
SH-IDCA1404-10-140-54-92:70679:71785 [3] NCCL INFO Connected all trees
SH-IDCA1404-10-140-54-117:24441:25346 [0] NCCL INFO Connected all rings
SH-IDCA1404-10-140-54-92:70679:71785 [3] NCCL INFO threadThresholds 8/8/64 | 256/8/64 | 512 | 512
SH-IDCA1404-10-140-54-56:81267:82412 [1] NCCL INFO Connected all rings
SH-IDCA1404-10-140-54-73:61926:63037 [0] NCCL INFO Connected all rings
SH-IDCA1404-10-140-54-92:70679:71785 [3] NCCL INFO 2 coll channels, 2 collnet channels, 0 nvls channels, 2 p2p channels, 1 p2p channels per peer
SH-IDCA1404-10-140-54-56:81268:82411 [2] NCCL INFO Connected all rings
SH-IDCA1404-10-140-54-117:24441:25346 [0] NCCL INFO Channel 00/0 : 24[0] -> 25[1] via P2P/IPC/read
SH-IDCA1404-10-140-54-56:81267:82412 [1] NCCL INFO Channel 00/0 : 1[1] -> 2[2] via P2P/IPC/read
SH-IDCA1404-10-140-54-73:61926:63037 [0] NCCL INFO Channel 00/0 : 8[0] -> 9[1] via P2P/IPC/read
SH-IDCA1404-10-140-54-117:24441:25346 [0] NCCL INFO Channel 01/0 : 24[0] -> 25[1] via P2P/IPC/read
SH-IDCA1404-10-140-54-56:81268:82411 [2] NCCL INFO Channel 00/0 : 2[2] -> 3[3] via P2P/IPC/read
SH-IDCA1404-10-140-54-73:61926:63037 [0] NCCL INFO Channel 01/0 : 8[0] -> 9[1] via P2P/IPC/read
SH-IDCA1404-10-140-54-117:24442:25343 [1] NCCL INFO Channel 00/0 : 25[1] -> 24[0] via P2P/IPC/read
SH-IDCA1404-10-140-54-92:70675:71787 [0] NCCL INFO Connected all rings
SH-IDCA1404-10-140-54-56:81267:82412 [1] NCCL INFO Channel 01/0 : 1[1] -> 2[2] via P2P/IPC/read
SH-IDCA1404-10-140-54-73:61927:63040 [1] NCCL INFO Connected all rings
SH-IDCA1404-10-140-54-117:24441:25346 [0] NCCL INFO Channel 00/0 : 16[0] -> 24[0] [receive] via NET/IB/0/GDRDMA
SH-IDCA1404-10-140-54-56:81268:82411 [2] NCCL INFO Channel 01/0 : 2[2] -> 3[3] via P2P/IPC/read
SH-IDCA1404-10-140-54-117:24442:25343 [1] NCCL INFO Channel 01/0 : 25[1] -> 24[0] via P2P/IPC/read
SH-IDCA1404-10-140-54-92:70675:71787 [0] NCCL INFO Channel 00/0 : 16[0] -> 17[1] via P2P/IPC/read
SH-IDCA1404-10-140-54-56:81266:82407 [0] NCCL INFO Channel 01/0 : 0[0] -> 8[0] [send] via NET/IB/0/GDRDMA
SH-IDCA1404-10-140-54-73:61927:63040 [1] NCCL INFO Channel 00/0 : 9[1] -> 10[2] via P2P/IPC/read
SH-IDCA1404-10-140-54-117:24441:25346 [0] NCCL INFO Channel 01/0 : 8[0] -> 24[0] [receive] via NET/IB/0/GDRDMA
SH-IDCA1404-10-140-54-92:70675:71787 [0] NCCL INFO Channel 01/0 : 16[0] -> 17[1] via P2P/IPC/read
SH-IDCA1404-10-140-54-56:81267:82412 [1] NCCL INFO Channel 00/0 : 1[1] -> 0[0] via P2P/IPC/read
SH-IDCA1404-10-140-54-73:61928:63034 [2] NCCL INFO Connected all rings
SH-IDCA1404-10-140-54-92:70675:71787 [0] NCCL INFO Channel 00/0 : 16[0] -> 24[0] [send] via NET/IB/0/GDRDMA
SH-IDCA1404-10-140-54-56:81267:82412 [1] NCCL INFO Channel 01/0 : 1[1] -> 0[0] via P2P/IPC/read
SH-IDCA1404-10-140-54-73:61927:63040 [1] NCCL INFO Channel 01/0 : 9[1] -> 10[2] via P2P/IPC/read
SH-IDCA1404-10-140-54-117:24441:25346 [0] NCCL INFO Channel 01/0 : 24[0] -> 8[0] [send] via NET/IB/0/GDRDMA
SH-IDCA1404-10-140-54-92:70676:71791 [1] NCCL INFO Channel 00/0 : 8[0] -> 17[1] [receive] via NET/IB/0/GDRDMA
SH-IDCA1404-10-140-54-56:81266:82407 [0] NCCL INFO Channel 00/0 : 16[0] -> 0[0] [receive] via NET/IB/0/GDRDMA
SH-IDCA1404-10-140-54-73:61926:63037 [0] NCCL INFO Channel 01/0 : 0[0] -> 8[0] [receive] via NET/IB/0/GDRDMA
SH-IDCA1404-10-140-54-117:24441:25346 [0] NCCL INFO Channel 00/0 : 24[0] -> 16[0] [send] via NET/IB/0/GDRDMA
SH-IDCA1404-10-140-54-92:70675:71787 [0] NCCL INFO Channel 00/0 : 0[0] -> 16[0] [receive] via NET/IB/0/GDRDMA
SH-IDCA1404-10-140-54-56:81266:82407 [0] NCCL INFO Channel 00/0 : 0[0] -> 16[0] [send] via NET/IB/0/GDRDMA
SH-IDCA1404-10-140-54-56:81266:82407 [0] NCCL INFO Channel 01/0 : 8[0] -> 0[0] [receive] via NET/IB/0/GDRDMA
SH-IDCA1404-10-140-54-73:61928:63034 [2] NCCL INFO Channel 00/0 : 10[2] -> 11[3] via P2P/IPC/read
SH-IDCA1404-10-140-54-92:70675:71787 [0] NCCL INFO Channel 00/0 : 16[0] -> 0[0] [send] via NET/IB/0/GDRDMA
SH-IDCA1404-10-140-54-56:81270:82414 [4] NCCL INFO Connected all trees
SH-IDCA1404-10-140-54-73:61926:63037 [0] NCCL INFO Channel 00/0 : 8[0] -> 17[1] [send] via NET/IB/0/GDRDMA
SH-IDCA1404-10-140-54-92:70676:71791 [1] NCCL INFO Channel 00/0 : 17[1] -> 8[0] [send] via NET/IB/0/GDRDMA
SH-IDCA1404-10-140-54-56:81270:82414 [4] NCCL INFO threadThresholds 8/8/64 | 256/8/64 | 512 | 512
SH-IDCA1404-10-140-54-56:81270:82414 [4] NCCL INFO 2 coll channels, 2 collnet channels, 0 nvls channels, 2 p2p channels, 1 p2p channels per peer
SH-IDCA1404-10-140-54-73:61926:63037 [0] NCCL INFO Channel 01/0 : 24[0] -> 8[0] [receive] via NET/IB/0/GDRDMA
SH-IDCA1404-10-140-54-92:70675:71787 [0] NCCL INFO Channel 00/0 : 24[0] -> 16[0] [receive] via NET/IB/0/GDRDMA
SH-IDCA1404-10-140-54-56:81269:82409 [3] NCCL INFO Connected all trees
SH-IDCA1404-10-140-54-73:61926:63037 [0] NCCL INFO Channel 01/0 : 8[0] -> 24[0] [send] via NET/IB/0/GDRDMA
SH-IDCA1404-10-140-54-92:70676:71791 [1] NCCL INFO Channel 00/0 : 17[1] -> 16[0] via P2P/IPC/read
SH-IDCA1404-10-140-54-56:81269:82409 [3] NCCL INFO threadThresholds 8/8/64 | 256/8/64 | 512 | 512
SH-IDCA1404-10-140-54-56:81269:82409 [3] NCCL INFO 2 coll channels, 2 collnet channels, 0 nvls channels, 2 p2p channels, 1 p2p channels per peer
SH-IDCA1404-10-140-54-73:61928:63034 [2] NCCL INFO Channel 01/0 : 10[2] -> 11[3] via P2P/IPC/read
SH-IDCA1404-10-140-54-117:24443:25348 [2] NCCL INFO Connected all trees
SH-IDCA1404-10-140-54-92:70675:71787 [0] NCCL INFO Channel 01/0 : 16[0] -> 9[1] [send] via NET/IB/0/GDRDMA
SH-IDCA1404-10-140-54-56:81268:82411 [2] NCCL INFO Connected all trees
SH-IDCA1404-10-140-54-73:61926:63037 [0] NCCL INFO Channel 00/0 : 17[1] -> 8[0] [receive] via NET/IB/0/GDRDMA
SH-IDCA1404-10-140-54-92:70676:71791 [1] NCCL INFO Channel 01/0 : 17[1] -> 16[0] via P2P/IPC/read
SH-IDCA1404-10-140-54-56:81268:82411 [2] NCCL INFO threadThresholds 8/8/64 | 256/8/64 | 512 | 512
SH-IDCA1404-10-140-54-56:81268:82411 [2] NCCL INFO 2 coll channels, 2 collnet channels, 0 nvls channels, 2 p2p channels, 1 p2p channels per peer
SH-IDCA1404-10-140-54-73:61926:63037 [0] NCCL INFO Channel 01/0 : 8[0] -> 0[0] [send] via NET/IB/0/GDRDMA
SH-IDCA1404-10-140-54-117:24443:25348 [2] NCCL INFO threadThresholds 8/8/64 | 256/8/64 | 512 | 512
SH-IDCA1404-10-140-54-117:24443:25348 [2] NCCL INFO 2 coll channels, 2 collnet channels, 0 nvls channels, 2 p2p channels, 1 p2p channels per peer
SH-IDCA1404-10-140-54-73:61927:63040 [1] NCCL INFO Channel 01/0 : 16[0] -> 9[1] [receive] via NET/IB/0/GDRDMA
SH-IDCA1404-10-140-54-73:61927:63040 [1] NCCL INFO Channel 00/0 : 9[1] -> 8[0] via P2P/IPC/read
SH-IDCA1404-10-140-54-73:61927:63040 [1] NCCL INFO Channel 01/0 : 9[1] -> 8[0] via P2P/IPC/read
SH-IDCA1404-10-140-54-73:61930:63039 [4] NCCL INFO Connected all trees
SH-IDCA1404-10-140-54-73:61929:63035 [3] NCCL INFO Connected all trees
SH-IDCA1404-10-140-54-73:61930:63039 [4] NCCL INFO threadThresholds 8/8/64 | 256/8/64 | 512 | 512
SH-IDCA1404-10-140-54-73:61930:63039 [4] NCCL INFO 2 coll channels, 2 collnet channels, 0 nvls channels, 2 p2p channels, 1 p2p channels per peer
SH-IDCA1404-10-140-54-73:61929:63035 [3] NCCL INFO threadThresholds 8/8/64 | 256/8/64 | 512 | 512
SH-IDCA1404-10-140-54-73:61929:63035 [3] NCCL INFO 2 coll channels, 2 collnet channels, 0 nvls channels, 2 p2p channels, 1 p2p channels per peer
SH-IDCA1404-10-140-54-92:70677:71786 [2] NCCL INFO Connected all trees
SH-IDCA1404-10-140-54-92:70677:71786 [2] NCCL INFO threadThresholds 8/8/64 | 256/8/64 | 512 | 512
SH-IDCA1404-10-140-54-92:70677:71786 [2] NCCL INFO 2 coll channels, 2 collnet channels, 0 nvls channels, 2 p2p channels, 1 p2p channels per peer
SH-IDCA1404-10-140-54-73:61928:63034 [2] NCCL INFO Connected all trees
SH-IDCA1404-10-140-54-73:61928:63034 [2] NCCL INFO threadThresholds 8/8/64 | 256/8/64 | 512 | 512
SH-IDCA1404-10-140-54-73:61928:63034 [2] NCCL INFO 2 coll channels, 2 collnet channels, 0 nvls channels, 2 p2p channels, 1 p2p channels per peer
SH-IDCA1404-10-140-54-56:81267:82412 [1] NCCL INFO Connected all trees
SH-IDCA1404-10-140-54-56:81266:82407 [0] NCCL INFO Connected all trees
SH-IDCA1404-10-140-54-73:61926:63037 [0] NCCL INFO Connected all trees
SH-IDCA1404-10-140-54-73:61927:63040 [1] NCCL INFO Connected all trees
SH-IDCA1404-10-140-54-117:24442:25343 [1] NCCL INFO Connected all trees
SH-IDCA1404-10-140-54-117:24441:25346 [0] NCCL INFO Connected all trees
SH-IDCA1404-10-140-54-92:70676:71791 [1] NCCL INFO Connected all trees
SH-IDCA1404-10-140-54-56:81267:82412 [1] NCCL INFO threadThresholds 8/8/64 | 256/8/64 | 512 | 512
SH-IDCA1404-10-140-54-56:81267:82412 [1] NCCL INFO 2 coll channels, 2 collnet channels, 0 nvls channels, 2 p2p channels, 1 p2p channels per peer
SH-IDCA1404-10-140-54-73:61926:63037 [0] NCCL INFO threadThresholds 8/8/64 | 256/8/64 | 512 | 512
SH-IDCA1404-10-140-54-73:61926:63037 [0] NCCL INFO 2 coll channels, 2 collnet channels, 0 nvls channels, 2 p2p channels, 1 p2p channels per peer
SH-IDCA1404-10-140-54-73:61927:63040 [1] NCCL INFO threadThresholds 8/8/64 | 256/8/64 | 512 | 512
SH-IDCA1404-10-140-54-117:24441:25346 [0] NCCL INFO threadThresholds 8/8/64 | 256/8/64 | 512 | 512
SH-IDCA1404-10-140-54-117:24441:25346 [0] NCCL INFO 2 coll channels, 2 collnet channels, 0 nvls channels, 2 p2p channels, 1 p2p channels per peer
SH-IDCA1404-10-140-54-117:24442:25343 [1] NCCL INFO threadThresholds 8/8/64 | 256/8/64 | 512 | 512
SH-IDCA1404-10-140-54-117:24442:25343 [1] NCCL INFO 2 coll channels, 2 collnet channels, 0 nvls channels, 2 p2p channels, 1 p2p channels per peer
SH-IDCA1404-10-140-54-56:81266:82407 [0] NCCL INFO threadThresholds 8/8/64 | 256/8/64 | 512 | 512
SH-IDCA1404-10-140-54-56:81266:82407 [0] NCCL INFO 2 coll channels, 2 collnet channels, 0 nvls channels, 2 p2p channels, 1 p2p channels per peer
SH-IDCA1404-10-140-54-73:61927:63040 [1] NCCL INFO 2 coll channels, 2 collnet channels, 0 nvls channels, 2 p2p channels, 1 p2p channels per peer
SH-IDCA1404-10-140-54-92:70675:71787 [0] NCCL INFO Connected all trees
SH-IDCA1404-10-140-54-92:70676:71791 [1] NCCL INFO threadThresholds 8/8/64 | 256/8/64 | 512 | 512
SH-IDCA1404-10-140-54-92:70676:71791 [1] NCCL INFO 2 coll channels, 2 collnet channels, 0 nvls channels, 2 p2p channels, 1 p2p channels per peer
SH-IDCA1404-10-140-54-92:70675:71787 [0] NCCL INFO threadThresholds 8/8/64 | 256/8/64 | 512 | 512
SH-IDCA1404-10-140-54-92:70675:71787 [0] NCCL INFO 2 coll channels, 2 collnet channels, 0 nvls channels, 2 p2p channels, 1 p2p channels per peer
SH-IDCA1404-10-140-54-56:81273:82417 [7] NCCL INFO TUNER/Plugin: Plugin load returned 11 : libnccl-net.so: cannot open shared object file: No such file or directory : when loading libnccl-tuner.so
SH-IDCA1404-10-140-54-56:81273:82417 [7] NCCL INFO TUNER/Plugin: Using internal tuner plugin.
SH-IDCA1404-10-140-54-56:81273:82417 [7] NCCL INFO ncclCommInitRank comm 0xcc8e450 rank 7 nranks 32 cudaDev 7 nvmlDev 7 busId d7000 commId 0xe5c64c8d95265d1e - Init COMPLETE
SH-IDCA1404-10-140-54-56:81267:82412 [1] NCCL INFO TUNER/Plugin: Plugin load returned 11 : libnccl-net.so: cannot open shared object file: No such file or directory : when loading libnccl-tuner.so
SH-IDCA1404-10-140-54-56:81267:82412 [1] NCCL INFO TUNER/Plugin: Using internal tuner plugin.
SH-IDCA1404-10-140-54-56:81267:82412 [1] NCCL INFO ncclCommInitRank comm 0x61146800 rank 1 nranks 32 cudaDev 1 nvmlDev 1 busId 56000 commId 0xe5c64c8d95265d1e - Init COMPLETE
SH-IDCA1404-10-140-54-56:81271:82413 [5] NCCL INFO TUNER/Plugin: Plugin load returned 11 : libnccl-net.so: cannot open shared object file: No such file or directory : when loading libnccl-tuner.so
SH-IDCA1404-10-140-54-56:81271:82413 [5] NCCL INFO TUNER/Plugin: Using internal tuner plugin.
SH-IDCA1404-10-140-54-56:81271:82413 [5] NCCL INFO ncclCommInitRank comm 0xc071670 rank 5 nranks 32 cudaDev 5 nvmlDev 5 busId a1000 commId 0xe5c64c8d95265d1e - Init COMPLETE
SH-IDCA1404-10-140-54-56:81268:82411 [2] NCCL INFO TUNER/Plugin: Plugin load returned 11 : libnccl-net.so: cannot open shared object file: No such file or directory : when loading libnccl-tuner.so
SH-IDCA1404-10-140-54-56:81268:82411 [2] NCCL INFO TUNER/Plugin: Using internal tuner plugin.
SH-IDCA1404-10-140-54-56:81268:82411 [2] NCCL INFO ncclCommInitRank comm 0xb651aa0 rank 2 nranks 32 cudaDev 2 nvmlDev 2 busId 6b000 commId 0xe5c64c8d95265d1e - Init COMPLETE
SH-IDCA1404-10-140-54-56:81272:82410 [6] NCCL INFO TUNER/Plugin: Plugin load returned 11 : libnccl-net.so: cannot open shared object file: No such file or directory : when loading libnccl-tuner.so
SH-IDCA1404-10-140-54-56:81272:82410 [6] NCCL INFO TUNER/Plugin: Using internal tuner plugin.
SH-IDCA1404-10-140-54-56:81272:82410 [6] NCCL INFO ncclCommInitRank comm 0xb7ed180 rank 6 nranks 32 cudaDev 6 nvmlDev 6 busId d4000 commId 0xe5c64c8d95265d1e - Init COMPLETE
SH-IDCA1404-10-140-54-56:81270:82414 [4] NCCL INFO TUNER/Plugin: Plugin load returned 11 : libnccl-net.so: cannot open shared object file: No such file or directory : when loading libnccl-tuner.so
SH-IDCA1404-10-140-54-56:81270:82414 [4] NCCL INFO TUNER/Plugin: Using internal tuner plugin.
SH-IDCA1404-10-140-54-56:81270:82414 [4] NCCL INFO ncclCommInitRank comm 0xc037120 rank 4 nranks 32 cudaDev 4 nvmlDev 4 busId 9d000 commId 0xe5c64c8d95265d1e - Init COMPLETE
SH-IDCA1404-10-140-54-56:81269:82409 [3] NCCL INFO TUNER/Plugin: Plugin load returned 11 : libnccl-net.so: cannot open shared object file: No such file or directory : when loading libnccl-tuner.so
SH-IDCA1404-10-140-54-56:81269:82409 [3] NCCL INFO TUNER/Plugin: Using internal tuner plugin.
SH-IDCA1404-10-140-54-56:81269:82409 [3] NCCL INFO ncclCommInitRank comm 0xacb8b40 rank 3 nranks 32 cudaDev 3 nvmlDev 3 busId 71000 commId 0xe5c64c8d95265d1e - Init COMPLETE
SH-IDCA1404-10-140-54-56:81266:82407 [0] NCCL INFO TUNER/Plugin: Plugin load returned 11 : libnccl-net.so: cannot open shared object file: No such file or directory : when loading libnccl-tuner.so
SH-IDCA1404-10-140-54-56:81266:82407 [0] NCCL INFO TUNER/Plugin: Using internal tuner plugin.
SH-IDCA1404-10-140-54-56:81266:82407 [0] NCCL INFO ncclCommInitRank comm 0x572c54a0 rank 0 nranks 32 cudaDev 0 nvmlDev 0 busId 51000 commId 0xe5c64c8d95265d1e - Init COMPLETE
SH-IDCA1404-10-140-54-117:24449:25353 [7] NCCL INFO TUNER/Plugin: Plugin load returned 11 : libnccl-net.so: cannot open shared object file: No such file or directory : when loading libnccl-tuner.so
SH-IDCA1404-10-140-54-117:24449:25353 [7] NCCL INFO TUNER/Plugin: Using internal tuner plugin.
SH-IDCA1404-10-140-54-117:24449:25353 [7] NCCL INFO ncclCommInitRank comm 0xaeadbc0 rank 31 nranks 32 cudaDev 7 nvmlDev 7 busId d7000 commId 0xe5c64c8d95265d1e - Init COMPLETE
SH-IDCA1404-10-140-54-117:24443:25348 [2] NCCL INFO TUNER/Plugin: Plugin load returned 11 : libnccl-net.so: cannot open shared object file: No such file or directory : when loading libnccl-tuner.so
SH-IDCA1404-10-140-54-117:24443:25348 [2] NCCL INFO TUNER/Plugin: Using internal tuner plugin.
SH-IDCA1404-10-140-54-117:24443:25348 [2] NCCL INFO ncclCommInitRank comm 0xbf0e030 rank 26 nranks 32 cudaDev 2 nvmlDev 2 busId 6b000 commId 0xe5c64c8d95265d1e - Init COMPLETE
SH-IDCA1404-10-140-54-117:24442:25343 [1] NCCL INFO TUNER/Plugin: Plugin load returned 11 : libnccl-net.so: cannot open shared object file: No such file or directory : when loading libnccl-tuner.so
SH-IDCA1404-10-140-54-117:24442:25343 [1] NCCL INFO TUNER/Plugin: Using internal tuner plugin.
SH-IDCA1404-10-140-54-117:24442:25343 [1] NCCL INFO ncclCommInitRank comm 0xd3524e0 rank 25 nranks 32 cudaDev 1 nvmlDev 1 busId 56000 commId 0xe5c64c8d95265d1e - Init COMPLETE
SH-IDCA1404-10-140-54-117:24446:25345 [4] NCCL INFO TUNER/Plugin: Plugin load returned 11 : libnccl-net.so: cannot open shared object file: No such file or directory : when loading libnccl-tuner.so
SH-IDCA1404-10-140-54-117:24446:25345 [4] NCCL INFO TUNER/Plugin: Using internal tuner plugin.
SH-IDCA1404-10-140-54-117:24446:25345 [4] NCCL INFO ncclCommInitRank comm 0xc54ef40 rank 28 nranks 32 cudaDev 4 nvmlDev 4 busId 9d000 commId 0xe5c64c8d95265d1e - Init COMPLETE
SH-IDCA1404-10-140-54-117:24448:25341 [6] NCCL INFO TUNER/Plugin: Plugin load returned 11 : libnccl-net.so: cannot open shared object file: No such file or directory : when loading libnccl-tuner.so
SH-IDCA1404-10-140-54-117:24448:25341 [6] NCCL INFO TUNER/Plugin: Using internal tuner plugin.
SH-IDCA1404-10-140-54-117:24448:25341 [6] NCCL INFO ncclCommInitRank comm 0x56d3ca10 rank 30 nranks 32 cudaDev 6 nvmlDev 6 busId d4000 commId 0xe5c64c8d95265d1e - Init COMPLETE
SH-IDCA1404-10-140-54-117:24444:25355 [3] NCCL INFO TUNER/Plugin: Plugin load returned 11 : libnccl-net.so: cannot open shared object file: No such file or directory : when loading libnccl-tuner.so
SH-IDCA1404-10-140-54-117:24444:25355 [3] NCCL INFO TUNER/Plugin: Using internal tuner plugin.
SH-IDCA1404-10-140-54-73:61928:63034 [2] NCCL INFO TUNER/Plugin: Plugin load returned 11 : libnccl-net.so: cannot open shared object file: No such file or directory : when loading libnccl-tuner.so
SH-IDCA1404-10-140-54-73:61928:63034 [2] NCCL INFO TUNER/Plugin: Using internal tuner plugin.
SH-IDCA1404-10-140-54-73:61928:63034 [2] NCCL INFO ncclCommInitRank comm 0xaa3d9f0 rank 10 nranks 32 cudaDev 2 nvmlDev 2 busId 6b000 commId 0xe5c64c8d95265d1e - Init COMPLETE
SH-IDCA1404-10-140-54-117:24444:25355 [3] NCCL INFO ncclCommInitRank comm 0x56feb040 rank 27 nranks 32 cudaDev 3 nvmlDev 3 busId 71000 commId 0xe5c64c8d95265d1e - Init COMPLETE
SH-IDCA1404-10-140-54-73:61927:63040 [1] NCCL INFO TUNER/Plugin: Plugin load returned 11 : libnccl-net.so: cannot open shared object file: No such file or directory : when loading libnccl-tuner.so
SH-IDCA1404-10-140-54-73:61927:63040 [1] NCCL INFO TUNER/Plugin: Using internal tuner plugin.
SH-IDCA1404-10-140-54-117:24447:25344 [5] NCCL INFO TUNER/Plugin: Plugin load returned 11 : libnccl-net.so: cannot open shared object file: No such file or directory : when loading libnccl-tuner.so
SH-IDCA1404-10-140-54-117:24447:25344 [5] NCCL INFO TUNER/Plugin: Using internal tuner plugin.
SH-IDCA1404-10-140-54-73:61927:63040 [1] NCCL INFO ncclCommInitRank comm 0xae55050 rank 9 nranks 32 cudaDev 1 nvmlDev 1 busId 56000 commId 0xe5c64c8d95265d1e - Init COMPLETE
SH-IDCA1404-10-140-54-117:24447:25344 [5] NCCL INFO ncclCommInitRank comm 0x57ef7bc0 rank 29 nranks 32 cudaDev 5 nvmlDev 5 busId a1000 commId 0xe5c64c8d95265d1e - Init COMPLETE
SH-IDCA1404-10-140-54-73:61926:63037 [0] NCCL INFO TUNER/Plugin: Plugin load returned 11 : libnccl-net.so: cannot open shared object file: No such file or directory : when loading libnccl-tuner.so
SH-IDCA1404-10-140-54-73:61926:63037 [0] NCCL INFO TUNER/Plugin: Using internal tuner plugin.
SH-IDCA1404-10-140-54-117:24441:25346 [0] NCCL INFO TUNER/Plugin: Plugin load returned 11 : libnccl-net.so: cannot open shared object file: No such file or directory : when loading libnccl-tuner.so
SH-IDCA1404-10-140-54-117:24441:25346 [0] NCCL INFO TUNER/Plugin: Using internal tuner plugin.
SH-IDCA1404-10-140-54-73:61926:63037 [0] NCCL INFO ncclCommInitRank comm 0x56c81e20 rank 8 nranks 32 cudaDev 0 nvmlDev 0 busId 51000 commId 0xe5c64c8d95265d1e - Init COMPLETE
SH-IDCA1404-10-140-54-73:61929:63035 [3] NCCL INFO TUNER/Plugin: Plugin load returned 11 : libnccl-net.so: cannot open shared object file: No such file or directory : when loading libnccl-tuner.so
SH-IDCA1404-10-140-54-73:61929:63035 [3] NCCL INFO TUNER/Plugin: Using internal tuner plugin.
SH-IDCA1404-10-140-54-73:61929:63035 [3] NCCL INFO ncclCommInitRank comm 0x58607d10 rank 11 nranks 32 cudaDev 3 nvmlDev 3 busId 71000 commId 0xe5c64c8d95265d1e - Init COMPLETE
SH-IDCA1404-10-140-54-117:24441:25346 [0] NCCL INFO ncclCommInitRank comm 0xc954ab0 rank 24 nranks 32 cudaDev 0 nvmlDev 0 busId 51000 commId 0xe5c64c8d95265d1e - Init COMPLETE
SH-IDCA1404-10-140-54-73:61930:63039 [4] NCCL INFO TUNER/Plugin: Plugin load returned 11 : libnccl-net.so: cannot open shared object file: No such file or directory : when loading libnccl-tuner.so
SH-IDCA1404-10-140-54-73:61930:63039 [4] NCCL INFO TUNER/Plugin: Using internal tuner plugin.
SH-IDCA1404-10-140-54-73:61930:63039 [4] NCCL INFO ncclCommInitRank comm 0x606a2400 rank 12 nranks 32 cudaDev 4 nvmlDev 4 busId 9d000 commId 0xe5c64c8d95265d1e - Init COMPLETE
SH-IDCA1404-10-140-54-73:61932:63038 [6] NCCL INFO TUNER/Plugin: Plugin load returned 11 : libnccl-net.so: cannot open shared object file: No such file or directory : when loading libnccl-tuner.so
SH-IDCA1404-10-140-54-73:61932:63038 [6] NCCL INFO TUNER/Plugin: Using internal tuner plugin.
SH-IDCA1404-10-140-54-73:61932:63038 [6] NCCL INFO ncclCommInitRank comm 0xbe7cc80 rank 14 nranks 32 cudaDev 6 nvmlDev 6 busId d4000 commId 0xe5c64c8d95265d1e - Init COMPLETE
SH-IDCA1404-10-140-54-73:61931:63036 [5] NCCL INFO TUNER/Plugin: Plugin load returned 11 : libnccl-net.so: cannot open shared object file: No such file or directory : when loading libnccl-tuner.so
SH-IDCA1404-10-140-54-73:61931:63036 [5] NCCL INFO TUNER/Plugin: Using internal tuner plugin.
SH-IDCA1404-10-140-54-92:70683:71788 [7] NCCL INFO TUNER/Plugin: Plugin load returned 11 : libnccl-net.so: cannot open shared object file: No such file or directory : when loading libnccl-tuner.so
SH-IDCA1404-10-140-54-92:70683:71788 [7] NCCL INFO TUNER/Plugin: Using internal tuner plugin.
SH-IDCA1404-10-140-54-92:70683:71788 [7] NCCL INFO ncclCommInitRank comm 0x562fed40 rank 23 nranks 32 cudaDev 7 nvmlDev 7 busId d7000 commId 0xe5c64c8d95265d1e - Init COMPLETE
SH-IDCA1404-10-140-54-73:61931:63036 [5] NCCL INFO ncclCommInitRank comm 0xca717e0 rank 13 nranks 32 cudaDev 5 nvmlDev 5 busId a1000 commId 0xe5c64c8d95265d1e - Init COMPLETE
SH-IDCA1404-10-140-54-92:70681:71793 [5] NCCL INFO TUNER/Plugin: Plugin load returned 11 : libnccl-net.so: cannot open shared object file: No such file or directory : when loading libnccl-tuner.so
SH-IDCA1404-10-140-54-92:70681:71793 [5] NCCL INFO TUNER/Plugin: Using internal tuner plugin.
SH-IDCA1404-10-140-54-73:61933:63045 [7] NCCL INFO TUNER/Plugin: Plugin load returned 11 : libnccl-net.so: cannot open shared object file: No such file or directory : when loading libnccl-tuner.so
SH-IDCA1404-10-140-54-73:61933:63045 [7] NCCL INFO TUNER/Plugin: Using internal tuner plugin.
SH-IDCA1404-10-140-54-92:70681:71793 [5] NCCL INFO ncclCommInitRank comm 0xd5eb0a0 rank 21 nranks 32 cudaDev 5 nvmlDev 5 busId a1000 commId 0xe5c64c8d95265d1e - Init COMPLETE
SH-IDCA1404-10-140-54-73:61933:63045 [7] NCCL INFO ncclCommInitRank comm 0xbda1760 rank 15 nranks 32 cudaDev 7 nvmlDev 7 busId d7000 commId 0xe5c64c8d95265d1e - Init COMPLETE
SH-IDCA1404-10-140-54-92:70676:71791 [1] NCCL INFO TUNER/Plugin: Plugin load returned 11 : libnccl-net.so: cannot open shared object file: No such file or directory : when loading libnccl-tuner.so
SH-IDCA1404-10-140-54-92:70676:71791 [1] NCCL INFO TUNER/Plugin: Using internal tuner plugin.
SH-IDCA1404-10-140-54-92:70676:71791 [1] NCCL INFO ncclCommInitRank comm 0x57213fe0 rank 17 nranks 32 cudaDev 1 nvmlDev 1 busId 56000 commId 0xe5c64c8d95265d1e - Init COMPLETE
SH-IDCA1404-10-140-54-92:70677:71786 [2] NCCL INFO TUNER/Plugin: Plugin load returned 11 : libnccl-net.so: cannot open shared object file: No such file or directory : when loading libnccl-tuner.so
SH-IDCA1404-10-140-54-92:70677:71786 [2] NCCL INFO TUNER/Plugin: Using internal tuner plugin.
SH-IDCA1404-10-140-54-92:70677:71786 [2] NCCL INFO ncclCommInitRank comm 0xb669780 rank 18 nranks 32 cudaDev 2 nvmlDev 2 busId 6b000 commId 0xe5c64c8d95265d1e - Init COMPLETE
SH-IDCA1404-10-140-54-92:70679:71785 [3] NCCL INFO TUNER/Plugin: Plugin load returned 11 : libnccl-net.so: cannot open shared object file: No such file or directory : when loading libnccl-tuner.so
SH-IDCA1404-10-140-54-92:70679:71785 [3] NCCL INFO TUNER/Plugin: Using internal tuner plugin.
SH-IDCA1404-10-140-54-92:70679:71785 [3] NCCL INFO ncclCommInitRank comm 0xc526b80 rank 19 nranks 32 cudaDev 3 nvmlDev 3 busId 71000 commId 0xe5c64c8d95265d1e - Init COMPLETE
SH-IDCA1404-10-140-54-92:70675:71787 [0] NCCL INFO TUNER/Plugin: Plugin load returned 11 : libnccl-net.so: cannot open shared object file: No such file or directory : when loading libnccl-tuner.so
SH-IDCA1404-10-140-54-92:70675:71787 [0] NCCL INFO TUNER/Plugin: Using internal tuner plugin.
SH-IDCA1404-10-140-54-92:70675:71787 [0] NCCL INFO ncclCommInitRank comm 0x573bd870 rank 16 nranks 32 cudaDev 0 nvmlDev 0 busId 51000 commId 0xe5c64c8d95265d1e - Init COMPLETE
SH-IDCA1404-10-140-54-92:70680:71784 [4] NCCL INFO TUNER/Plugin: Plugin load returned 11 : libnccl-net.so: cannot open shared object file: No such file or directory : when loading libnccl-tuner.so
SH-IDCA1404-10-140-54-92:70680:71784 [4] NCCL INFO TUNER/Plugin: Using internal tuner plugin.
SH-IDCA1404-10-140-54-92:70680:71784 [4] NCCL INFO ncclCommInitRank comm 0xb248fd0 rank 20 nranks 32 cudaDev 4 nvmlDev 4 busId 9d000 commId 0xe5c64c8d95265d1e - Init COMPLETE
SH-IDCA1404-10-140-54-92:70682:71794 [6] NCCL INFO TUNER/Plugin: Plugin load returned 11 : libnccl-net.so: cannot open shared object file: No such file or directory : when loading libnccl-tuner.so
SH-IDCA1404-10-140-54-92:70682:71794 [6] NCCL INFO TUNER/Plugin: Using internal tuner plugin.
SH-IDCA1404-10-140-54-92:70682:71794 [6] NCCL INFO ncclCommInitRank comm 0x54b7aeb0 rank 22 nranks 32 cudaDev 6 nvmlDev 6 busId d4000 commId 0xe5c64c8d95265d1e - Init COMPLETE
[11/30 15:16:35 TiTok-Gen]: ***** Running training *****
[11/30 15:16:35 TiTok-Gen]:   Num training steps = 1000000
[11/30 15:16:35 TiTok-Gen]:   Gradient Accumulation steps = 1
[11/30 15:16:35 TiTok-Gen]:   Instantaneous batch size per gpu = 32
[11/30 15:16:35 TiTok-Gen]:   Total train batch size (w. parallel, distributed & accumulation) = 1024
[11/30 15:16:35 TiTok-Gen]: Epoch 0/798 started.
[11/30 15:17:34 TiTok-Gen]: Data (t): 0.1172, 31.08/s/gpu Batch (t): 1.0294 LR: 0.000002 Step: 50 Loss: 9.7475 
[11/30 15:18:15 TiTok-Gen]: Data (t): 0.3182, 38.11/s/gpu Batch (t): 0.8396 LR: 0.000004 Step: 100 Loss: 9.7437 
[11/30 15:18:54 TiTok-Gen]: Data (t): 0.1166, 44.49/s/gpu Batch (t): 0.7193 LR: 0.000006 Step: 150 Loss: 9.7352 
[11/30 15:19:34 TiTok-Gen]: Data (t): 0.1196, 43.49/s/gpu Batch (t): 0.7358 LR: 0.000008 Step: 200 Loss: 9.7178 
[11/30 15:20:14 TiTok-Gen]: Data (t): 0.1158, 45.32/s/gpu Batch (t): 0.7060 LR: 0.000010 Step: 250 Loss: 9.6943 
[11/30 15:20:53 TiTok-Gen]: Data (t): 0.1172, 46.24/s/gpu Batch (t): 0.6921 LR: 0.000012 Step: 300 Loss: 9.6848 
[11/30 15:21:33 TiTok-Gen]: Data (t): 0.1171, 44.58/s/gpu Batch (t): 0.7177 LR: 0.000014 Step: 350 Loss: 9.6780 
[11/30 15:22:12 TiTok-Gen]: Data (t): 0.1188, 45.94/s/gpu Batch (t): 0.6966 LR: 0.000016 Step: 400 Loss: 9.6670 
[11/30 15:22:52 TiTok-Gen]: Data (t): 0.1219, 44.15/s/gpu Batch (t): 0.7248 LR: 0.000018 Step: 450 Loss: 9.6602 
[11/30 15:23:31 TiTok-Gen]: Data (t): 0.1207, 44.43/s/gpu Batch (t): 0.7202 LR: 0.000020 Step: 500 Loss: 9.6370 
[11/30 15:24:11 TiTok-Gen]: Data (t): 0.2697, 40.73/s/gpu Batch (t): 0.7856 LR: 0.000022 Step: 550 Loss: 9.6240 
[11/30 15:24:50 TiTok-Gen]: Data (t): 0.1157, 45.84/s/gpu Batch (t): 0.6980 LR: 0.000024 Step: 600 Loss: 9.6186 
[11/30 15:25:29 TiTok-Gen]: Data (t): 0.2774, 40.55/s/gpu Batch (t): 0.7891 LR: 0.000026 Step: 650 Loss: 9.6224 
[11/30 15:26:09 TiTok-Gen]: Data (t): 0.1214, 43.06/s/gpu Batch (t): 0.7431 LR: 0.000028 Step: 700 Loss: 9.5997 
[11/30 15:26:48 TiTok-Gen]: Data (t): 0.2764, 40.15/s/gpu Batch (t): 0.7970 LR: 0.000030 Step: 750 Loss: 9.5917 
[11/30 15:27:28 TiTok-Gen]: Data (t): 0.1202, 43.14/s/gpu Batch (t): 0.7418 LR: 0.000032 Step: 800 Loss: 9.5674 
[11/30 15:28:07 TiTok-Gen]: Data (t): 0.1234, 36.53/s/gpu Batch (t): 0.8759 LR: 0.000034 Step: 850 Loss: 9.5392 
[11/30 15:28:47 TiTok-Gen]: Data (t): 0.1082, 36.39/s/gpu Batch (t): 0.8795 LR: 0.000036 Step: 900 Loss: 9.5264 
[11/30 15:29:27 TiTok-Gen]: Data (t): 0.1218, 37.19/s/gpu Batch (t): 0.8604 LR: 0.000038 Step: 950 Loss: 9.5020 
[11/30 15:30:06 TiTok-Gen]: Data (t): 0.1815, 32.39/s/gpu Batch (t): 0.9879 LR: 0.000040 Step: 1000 Loss: 9.4983 
[11/30 15:30:08 TiTok-Gen]: Generating images...
  0%|          | 0/289 [00:00<?, ?it/s]  2%|▏         | 5/289 [00:00<00:06, 42.89it/s]  3%|▎         | 10/289 [00:00<00:06, 43.87it/s]  5%|▌         | 15/289 [00:00<00:06, 44.13it/s]  7%|▋         | 20/289 [00:00<00:06, 44.13it/s]  9%|▊         | 25/289 [00:00<00:05, 44.39it/s] 10%|█         | 30/289 [00:00<00:05, 44.48it/s] 12%|█▏        | 35/289 [00:00<00:05, 44.61it/s] 14%|█▍        | 40/289 [00:00<00:05, 44.68it/s] 16%|█▌        | 45/289 [00:01<00:05, 44.69it/s] 17%|█▋        | 50/289 [00:01<00:05, 44.55it/s] 19%|█▉        | 55/289 [00:01<00:05, 44.52it/s] 21%|██        | 60/289 [00:01<00:05, 44.62it/s] 22%|██▏       | 65/289 [00:01<00:05, 44.70it/s] 24%|██▍       | 70/289 [00:01<00:04, 44.70it/s] 26%|██▌       | 75/289 [00:01<00:04, 44.76it/s] 28%|██▊       | 80/289 [00:01<00:04, 44.83it/s] 29%|██▉       | 85/289 [00:01<00:04, 44.54it/s] 31%|███       | 90/289 [00:02<00:04, 44.65it/s] 33%|███▎      | 95/289 [00:02<00:04, 44.70it/s] 35%|███▍      | 100/289 [00:02<00:04, 44.76it/s] 36%|███▋      | 105/289 [00:02<00:04, 44.82it/s] 38%|███▊      | 110/289 [00:02<00:03, 44.77it/s] 40%|███▉      | 115/289 [00:02<00:03, 44.56it/s] 42%|████▏     | 120/289 [00:02<00:03, 44.69it/s] 43%|████▎     | 125/289 [00:02<00:03, 44.72it/s] 45%|████▍     | 130/289 [00:02<00:03, 44.79it/s] 47%|████▋     | 135/289 [00:03<00:03, 44.75it/s] 48%|████▊     | 140/289 [00:03<00:03, 44.79it/s] 50%|█████     | 145/289 [00:03<00:03, 44.82it/s] 52%|█████▏    | 150/289 [00:03<00:03, 43.91it/s] 54%|█████▎    | 155/289 [00:03<00:03, 44.20it/s] 55%|█████▌    | 160/289 [00:03<00:02, 44.44it/s] 57%|█████▋    | 165/289 [00:03<00:02, 44.54it/s] 59%|█████▉    | 170/289 [00:03<00:02, 44.68it/s] 61%|██████    | 175/289 [00:03<00:02, 44.72it/s] 62%|██████▏   | 180/289 [00:04<00:02, 44.61it/s] 64%|██████▍   | 185/289 [00:04<00:02, 44.74it/s] 66%|██████▌   | 190/289 [00:04<00:02, 44.76it/s] 67%|██████▋   | 195/289 [00:04<00:02, 44.87it/s] 69%|██████▉   | 200/289 [00:04<00:01, 44.90it/s] 71%|███████   | 205/289 [00:04<00:01, 44.87it/s] 73%|███████▎  | 210/289 [00:04<00:01, 44.71it/s] 74%|███████▍  | 215/289 [00:04<00:01, 44.75it/s] 76%|███████▌  | 220/289 [00:04<00:01, 44.83it/s] 78%|███████▊  | 225/289 [00:05<00:01, 44.89it/s] 80%|███████▉  | 230/289 [00:05<00:01, 44.87it/s] 81%|████████▏ | 235/289 [00:05<00:01, 44.91it/s] 83%|████████▎ | 240/289 [00:05<00:01, 44.77it/s] 85%|████████▍ | 245/289 [00:05<00:00, 44.84it/s] 87%|████████▋ | 250/289 [00:05<00:00, 44.94it/s] 88%|████████▊ | 255/289 [00:05<00:00, 44.94it/s] 90%|████████▉ | 260/289 [00:05<00:00, 44.99it/s] 92%|█████████▏| 265/289 [00:05<00:00, 45.01it/s] 93%|█████████▎| 270/289 [00:06<00:00, 44.78it/s] 95%|█████████▌| 275/289 [00:06<00:00, 44.87it/s] 97%|█████████▋| 280/289 [00:06<00:00, 44.86it/s] 99%|█████████▊| 285/289 [00:06<00:00, 44.84it/s]100%|█████████▉| 288/289 [00:06<00:00, 44.54it/s]
[11/30 15:30:57 TiTok-Gen]: Data (t): 0.1167, 30.04/s/gpu Batch (t): 1.0651 LR: 0.000042 Step: 1050 Loss: 9.4927 
[11/30 15:31:47 TiTok-Gen]: Data (t): 0.2739, 26.64/s/gpu Batch (t): 1.2011 LR: 0.000044 Step: 1100 Loss: 9.4765 
[11/30 15:32:34 TiTok-Gen]: Data (t): 0.1165, 32.86/s/gpu Batch (t): 0.9739 LR: 0.000046 Step: 1150 Loss: 9.4558 
[11/30 15:33:20 TiTok-Gen]: Data (t): 0.2959, 26.80/s/gpu Batch (t): 1.1939 LR: 0.000048 Step: 1200 Loss: 9.4596 
[11/30 15:34:09 TiTok-Gen]: Data (t): 0.1182, 30.37/s/gpu Batch (t): 1.0535 LR: 0.000050 Step: 1250 Loss: 9.4391 
[11/30 15:34:21 TiTok-Gen]: Epoch 1/798 started.
[11/30 15:35:23 TiTok-Gen]: Data (t): 0.2868, 26.18/s/gpu Batch (t): 1.2223 LR: 0.000052 Step: 1300 Loss: 9.4284 
[11/30 15:36:17 TiTok-Gen]: Data (t): 0.1764, 23.90/s/gpu Batch (t): 1.3387 LR: 0.000054 Step: 1350 Loss: 9.3990 
[11/30 15:37:09 TiTok-Gen]: Data (t): 0.1228, 34.94/s/gpu Batch (t): 0.9160 LR: 0.000056 Step: 1400 Loss: 9.3698 
[11/30 15:38:03 TiTok-Gen]: Data (t): 0.1209, 28.14/s/gpu Batch (t): 1.1372 LR: 0.000058 Step: 1450 Loss: 9.3548 
[11/30 15:38:57 TiTok-Gen]: Data (t): 0.1541, 35.35/s/gpu Batch (t): 0.9054 LR: 0.000060 Step: 1500 Loss: 9.3100 
[11/30 15:39:46 TiTok-Gen]: Data (t): 0.1212, 45.50/s/gpu Batch (t): 0.7033 LR: 0.000062 Step: 1550 Loss: 9.2523 
[11/30 15:40:33 TiTok-Gen]: Data (t): 0.1171, 43.99/s/gpu Batch (t): 0.7274 LR: 0.000064 Step: 1600 Loss: 9.2485 
[11/30 15:41:21 TiTok-Gen]: Data (t): 0.1225, 46.04/s/gpu Batch (t): 0.6950 LR: 0.000066 Step: 1650 Loss: 9.1943 
[11/30 15:42:09 TiTok-Gen]: Data (t): 0.1168, 30.85/s/gpu Batch (t): 1.0372 LR: 0.000068 Step: 1700 Loss: 9.1478 
[11/30 15:43:00 TiTok-Gen]: Data (t): 0.3676, 35.61/s/gpu Batch (t): 0.8986 LR: 0.000070 Step: 1750 Loss: 9.1482 
[11/30 15:43:53 TiTok-Gen]: Data (t): 0.1224, 43.93/s/gpu Batch (t): 0.7284 LR: 0.000072 Step: 1800 Loss: 9.1086 
[11/30 15:44:46 TiTok-Gen]: Data (t): 0.2788, 27.81/s/gpu Batch (t): 1.1508 LR: 0.000074 Step: 1850 Loss: 9.0664 
[11/30 15:45:35 TiTok-Gen]: Data (t): 0.1176, 45.69/s/gpu Batch (t): 0.7004 LR: 0.000076 Step: 1900 Loss: 9.0407 
[11/30 15:46:28 TiTok-Gen]: Data (t): 0.2710, 26.32/s/gpu Batch (t): 1.2157 LR: 0.000078 Step: 1950 Loss: 9.0285 
[11/30 15:47:17 TiTok-Gen]: Data (t): 0.1117, 35.25/s/gpu Batch (t): 0.9079 LR: 0.000080 Step: 2000 Loss: 9.0102 
[11/30 15:47:18 TiTok-Gen]: Generating images...
  0%|          | 0/289 [00:00<?, ?it/s]  2%|▏         | 5/289 [00:00<00:06, 44.67it/s]  3%|▎         | 10/289 [00:00<00:06, 44.96it/s]  5%|▌         | 15/289 [00:00<00:06, 45.00it/s]  7%|▋         | 20/289 [00:00<00:07, 35.52it/s]  9%|▊         | 25/289 [00:00<00:06, 38.55it/s] 10%|█         | 30/289 [00:00<00:06, 40.60it/s] 12%|█▏        | 35/289 [00:00<00:06, 41.92it/s] 14%|█▍        | 40/289 [00:00<00:05, 42.98it/s] 16%|█▌        | 45/289 [00:01<00:05, 43.68it/s] 17%|█▋        | 50/289 [00:01<00:05, 44.21it/s] 19%|█▉        | 55/289 [00:01<00:05, 44.52it/s] 21%|██        | 60/289 [00:01<00:05, 44.83it/s] 22%|██▏       | 65/289 [00:01<00:04, 45.05it/s] 24%|██▍       | 70/289 [00:01<00:04, 45.17it/s] 26%|██▌       | 75/289 [00:01<00:04, 45.26it/s] 28%|██▊       | 80/289 [00:01<00:04, 45.31it/s] 29%|██▉       | 85/289 [00:01<00:04, 45.31it/s] 31%|███       | 90/289 [00:02<00:04, 45.40it/s] 33%|███▎      | 95/289 [00:02<00:04, 45.39it/s] 35%|███▍      | 100/289 [00:02<00:04, 45.43it/s] 36%|███▋      | 105/289 [00:02<00:04, 45.48it/s] 38%|███▊      | 110/289 [00:02<00:03, 45.46it/s] 40%|███▉      | 115/289 [00:02<00:03, 45.49it/s] 42%|████▏     | 120/289 [00:02<00:03, 45.53it/s] 43%|████▎     | 125/289 [00:02<00:03, 45.46it/s] 45%|████▍     | 130/289 [00:02<00:03, 45.32it/s] 47%|████▋     | 135/289 [00:03<00:03, 45.32it/s] 48%|████▊     | 140/289 [00:03<00:03, 45.38it/s] 50%|█████     | 145/289 [00:03<00:03, 45.43it/s] 52%|█████▏    | 150/289 [00:03<00:03, 45.41it/s] 54%|█████▎    | 155/289 [00:03<00:02, 45.49it/s] 55%|█████▌    | 160/289 [00:03<00:02, 45.51it/s] 57%|█████▋    | 165/289 [00:03<00:02, 45.47it/s] 59%|█████▉    | 170/289 [00:03<00:02, 45.51it/s] 61%|██████    | 175/289 [00:03<00:02, 45.47it/s] 62%|██████▏   | 180/289 [00:04<00:02, 45.51it/s] 64%|██████▍   | 185/289 [00:04<00:02, 45.13it/s] 66%|██████▌   | 190/289 [00:04<00:02, 44.82it/s] 67%|██████▋   | 195/289 [00:04<00:02, 44.68it/s] 69%|██████▉   | 200/289 [00:04<00:01, 44.56it/s] 71%|███████   | 205/289 [00:04<00:01, 44.44it/s] 73%|███████▎  | 210/289 [00:04<00:01, 44.41it/s] 74%|███████▍  | 215/289 [00:04<00:01, 44.37it/s] 76%|███████▌  | 220/289 [00:04<00:01, 44.09it/s] 78%|███████▊  | 225/289 [00:05<00:01, 44.21it/s] 80%|███████▉  | 230/289 [00:05<00:01, 44.22it/s] 81%|████████▏ | 235/289 [00:05<00:01, 44.27it/s] 83%|████████▎ | 240/289 [00:05<00:01, 44.34it/s] 85%|████████▍ | 245/289 [00:05<00:00, 44.33it/s] 87%|████████▋ | 250/289 [00:05<00:00, 44.37it/s] 88%|████████▊ | 255/289 [00:05<00:00, 44.34it/s] 90%|████████▉ | 260/289 [00:05<00:00, 44.38it/s] 92%|█████████▏| 265/289 [00:05<00:00, 44.42it/s] 93%|█████████▎| 270/289 [00:06<00:00, 44.39it/s] 95%|█████████▌| 275/289 [00:06<00:00, 44.45it/s] 97%|█████████▋| 280/289 [00:06<00:00, 44.53it/s] 99%|█████████▊| 285/289 [00:06<00:00, 43.99it/s]100%|█████████▉| 288/289 [00:06<00:00, 44.27it/s]
[11/30 15:48:15 TiTok-Gen]: Data (t): 0.1668, 25.17/s/gpu Batch (t): 1.2713 LR: 0.000082 Step: 2050 Loss: 8.9552 
[11/30 15:49:04 TiTok-Gen]: Data (t): 0.1202, 35.56/s/gpu Batch (t): 0.8999 LR: 0.000084 Step: 2100 Loss: 8.9204 
[11/30 15:49:53 TiTok-Gen]: Data (t): 0.1818, 29.51/s/gpu Batch (t): 1.0845 LR: 0.000086 Step: 2150 Loss: 8.9082 
[11/30 15:50:40 TiTok-Gen]: Data (t): 0.1213, 36.91/s/gpu Batch (t): 0.8670 LR: 0.000088 Step: 2200 Loss: 8.8654 
[11/30 15:51:29 TiTok-Gen]: Data (t): 0.1171, 22.83/s/gpu Batch (t): 1.4019 LR: 0.000090 Step: 2250 Loss: 8.8507 
[11/30 15:52:17 TiTok-Gen]: Data (t): 0.2748, 19.86/s/gpu Batch (t): 1.6109 LR: 0.000092 Step: 2300 Loss: 8.7807 
[11/30 15:53:03 TiTok-Gen]: Data (t): 0.1846, 28.84/s/gpu Batch (t): 1.1094 LR: 0.000094 Step: 2350 Loss: 8.7749 
[11/30 15:53:54 TiTok-Gen]: Data (t): 0.2744, 27.55/s/gpu Batch (t): 1.1615 LR: 0.000096 Step: 2400 Loss: 8.7657 
[11/30 15:54:46 TiTok-Gen]: Data (t): 0.1183, 44.40/s/gpu Batch (t): 0.7206 LR: 0.000098 Step: 2450 Loss: 8.7281 
[11/30 15:55:37 TiTok-Gen]: Data (t): 0.2546, 31.92/s/gpu Batch (t): 1.0027 LR: 0.000100 Step: 2500 Loss: 8.6956 
[11/30 15:55:56 TiTok-Gen]: Epoch 2/798 started.
[11/30 15:56:46 TiTok-Gen]: Data (t): 0.1205, 28.74/s/gpu Batch (t): 1.1135 LR: 0.000102 Step: 2550 Loss: 8.6536 
[11/30 15:57:35 TiTok-Gen]: Data (t): 0.1196, 38.31/s/gpu Batch (t): 0.8353 LR: 0.000104 Step: 2600 Loss: 8.6475 
[11/30 15:58:25 TiTok-Gen]: Data (t): 0.1687, 44.47/s/gpu Batch (t): 0.7195 LR: 0.000106 Step: 2650 Loss: 8.6156 
[11/30 15:59:15 TiTok-Gen]: Data (t): 0.1190, 36.97/s/gpu Batch (t): 0.8656 LR: 0.000108 Step: 2700 Loss: 8.5974 
[11/30 16:00:06 TiTok-Gen]: Data (t): 0.1233, 35.92/s/gpu Batch (t): 0.8908 LR: 0.000110 Step: 2750 Loss: 8.5725 
[11/30 16:00:55 TiTok-Gen]: Data (t): 0.1213, 45.13/s/gpu Batch (t): 0.7090 LR: 0.000112 Step: 2800 Loss: 8.5448 
[11/30 16:01:41 TiTok-Gen]: Data (t): 0.2759, 31.97/s/gpu Batch (t): 1.0008 LR: 0.000114 Step: 2850 Loss: 8.5317 
[11/30 16:02:30 TiTok-Gen]: Data (t): 0.1176, 28.85/s/gpu Batch (t): 1.1092 LR: 0.000116 Step: 2900 Loss: 8.4982 
[11/30 16:03:20 TiTok-Gen]: Data (t): 0.2814, 40.39/s/gpu Batch (t): 0.7922 LR: 0.000118 Step: 2950 Loss: 8.4776 
[11/30 16:04:12 TiTok-Gen]: Data (t): 0.1441, 28.81/s/gpu Batch (t): 1.1108 LR: 0.000120 Step: 3000 Loss: 8.4515 
[11/30 16:04:13 TiTok-Gen]: Generating images...
  0%|          | 0/289 [00:00<?, ?it/s]  2%|▏         | 5/289 [00:00<00:06, 44.31it/s]  3%|▎         | 10/289 [00:00<00:06, 44.64it/s]  5%|▌         | 15/289 [00:00<00:06, 44.68it/s]  7%|▋         | 20/289 [00:00<00:06, 44.76it/s]  9%|▊         | 25/289 [00:00<00:05, 44.81it/s] 10%|█         | 30/289 [00:00<00:05, 44.82it/s] 12%|█▏        | 35/289 [00:00<00:05, 44.73it/s] 14%|█▍        | 40/289 [00:00<00:05, 44.88it/s] 16%|█▌        | 45/289 [00:01<00:05, 44.19it/s] 17%|█▋        | 50/289 [00:01<00:05, 44.45it/s] 19%|█▉        | 55/289 [00:01<00:05, 44.59it/s] 21%|██        | 60/289 [00:01<00:05, 44.77it/s] 22%|██▏       | 65/289 [00:01<00:05, 44.69it/s] 24%|██▍       | 70/289 [00:01<00:04, 44.78it/s] 26%|██▌       | 75/289 [00:01<00:04, 44.91it/s] 28%|██▊       | 80/289 [00:01<00:04, 44.95it/s] 29%|██▉       | 85/289 [00:01<00:04, 44.95it/s] 31%|███       | 90/289 [00:02<00:04, 45.06it/s] 33%|███▎      | 95/289 [00:02<00:04, 44.80it/s] 35%|███▍      | 100/289 [00:02<00:04, 44.92it/s] 36%|███▋      | 105/289 [00:02<00:04, 45.01it/s] 38%|███▊      | 110/289 [00:02<00:03, 45.00it/s] 40%|███▉      | 115/289 [00:02<00:03, 45.05it/s] 42%|████▏     | 120/289 [00:02<00:03, 45.11it/s] 43%|████▎     | 125/289 [00:02<00:03, 44.87it/s] 45%|████▍     | 130/289 [00:02<00:03, 44.98it/s] 47%|████▋     | 135/289 [00:03<00:03, 44.98it/s] 48%|████▊     | 140/289 [00:03<00:03, 45.05it/s] 50%|█████     | 145/289 [00:03<00:03, 45.07it/s] 52%|█████▏    | 150/289 [00:03<00:03, 45.07it/s] 54%|█████▎    | 155/289 [00:03<00:02, 45.13it/s] 55%|█████▌    | 160/289 [00:03<00:02, 45.00it/s] 57%|█████▋    | 165/289 [00:03<00:02, 45.03it/s] 59%|█████▉    | 170/289 [00:03<00:02, 45.09it/s] 61%|██████    | 175/289 [00:03<00:02, 45.08it/s] 62%|██████▏   | 180/289 [00:04<00:02, 45.14it/s] 64%|██████▍   | 185/289 [00:04<00:02, 45.18it/s] 66%|██████▌   | 190/289 [00:04<00:02, 44.94it/s] 67%|██████▋   | 195/289 [00:04<00:02, 45.03it/s] 69%|██████▉   | 200/289 [00:04<00:01, 45.08it/s] 71%|███████   | 205/289 [00:04<00:01, 45.07it/s] 73%|███████▎  | 210/289 [00:04<00:01, 45.13it/s] 74%|███████▍  | 215/289 [00:04<00:01, 45.10it/s] 76%|███████▌  | 220/289 [00:04<00:01, 45.02it/s] 78%|███████▊  | 225/289 [00:05<00:01, 45.09it/s] 80%|███████▉  | 230/289 [00:05<00:01, 45.07it/s] 81%|████████▏ | 235/289 [00:05<00:01, 45.12it/s] 83%|████████▎ | 240/289 [00:05<00:01, 45.12it/s] 85%|████████▍ | 245/289 [00:05<00:00, 45.12it/s] 87%|████████▋ | 250/289 [00:05<00:00, 45.03it/s] 88%|████████▊ | 255/289 [00:05<00:00, 45.06it/s] 90%|████████▉ | 260/289 [00:05<00:00, 45.14it/s] 92%|█████████▏| 265/289 [00:05<00:00, 45.18it/s] 93%|█████████▎| 270/289 [00:06<00:00, 45.18it/s] 95%|█████████▌| 275/289 [00:06<00:00, 45.18it/s] 97%|█████████▋| 280/289 [00:06<00:00, 45.22it/s] 99%|█████████▊| 285/289 [00:06<00:00, 44.99it/s]100%|█████████▉| 288/289 [00:06<00:00, 44.82it/s]
[11/30 16:05:08 TiTok-Gen]: Data (t): 0.1172, 38.48/s/gpu Batch (t): 0.8317 LR: 0.000122 Step: 3050 Loss: 8.4511 
[11/30 16:05:56 TiTok-Gen]: Data (t): 0.1186, 37.02/s/gpu Batch (t): 0.8644 LR: 0.000124 Step: 3100 Loss: 8.4234 
[11/30 16:06:42 TiTok-Gen]: Data (t): 0.1141, 29.72/s/gpu Batch (t): 1.0766 LR: 0.000126 Step: 3150 Loss: 8.4035 
[11/30 16:07:29 TiTok-Gen]: Data (t): 0.1204, 23.45/s/gpu Batch (t): 1.3644 LR: 0.000128 Step: 3200 Loss: 8.4294 
[11/30 16:08:17 TiTok-Gen]: Data (t): 0.1211, 28.99/s/gpu Batch (t): 1.1039 LR: 0.000130 Step: 3250 Loss: 8.3698 
[11/30 16:09:02 TiTok-Gen]: Data (t): 0.1328, 31.13/s/gpu Batch (t): 1.0281 LR: 0.000132 Step: 3300 Loss: 8.3820 
[11/30 16:09:48 TiTok-Gen]: Data (t): 0.1305, 29.61/s/gpu Batch (t): 1.0807 LR: 0.000134 Step: 3350 Loss: 8.3567 
[11/30 16:10:34 TiTok-Gen]: Data (t): 0.2732, 37.38/s/gpu Batch (t): 0.8561 LR: 0.000136 Step: 3400 Loss: 8.3675 
[11/30 16:11:22 TiTok-Gen]: Data (t): 0.1234, 30.10/s/gpu Batch (t): 1.0632 LR: 0.000138 Step: 3450 Loss: 8.3388 
[11/30 16:12:10 TiTok-Gen]: Data (t): 0.2696, 35.54/s/gpu Batch (t): 0.9003 LR: 0.000140 Step: 3500 Loss: 8.3363 
[11/30 16:12:57 TiTok-Gen]: Data (t): 0.1217, 37.44/s/gpu Batch (t): 0.8547 LR: 0.000142 Step: 3550 Loss: 8.3047 
[11/30 16:13:46 TiTok-Gen]: Data (t): 0.2956, 34.26/s/gpu Batch (t): 0.9339 LR: 0.000144 Step: 3600 Loss: 8.3025 
[11/30 16:14:32 TiTok-Gen]: Data (t): 0.1201, 44.65/s/gpu Batch (t): 0.7167 LR: 0.000146 Step: 3650 Loss: 8.2538 
[11/30 16:15:21 TiTok-Gen]: Data (t): 0.1225, 37.00/s/gpu Batch (t): 0.8648 LR: 0.000148 Step: 3700 Loss: 8.2844 
[11/30 16:16:08 TiTok-Gen]: Data (t): 0.1209, 45.23/s/gpu Batch (t): 0.7075 LR: 0.000150 Step: 3750 Loss: 8.2587 
[11/30 16:16:36 TiTok-Gen]: Epoch 3/798 started.
[11/30 16:17:10 TiTok-Gen]: Data (t): 0.1177, 35.76/s/gpu Batch (t): 0.8949 LR: 0.000152 Step: 3800 Loss: 8.2507 
[11/30 16:17:59 TiTok-Gen]: Data (t): 0.1237, 29.07/s/gpu Batch (t): 1.1008 LR: 0.000154 Step: 3850 Loss: 8.2635 
[11/30 16:18:47 TiTok-Gen]: Data (t): 0.1269, 34.31/s/gpu Batch (t): 0.9327 LR: 0.000156 Step: 3900 Loss: 8.2039 
[11/30 16:19:35 TiTok-Gen]: Data (t): 0.1203, 30.38/s/gpu Batch (t): 1.0532 LR: 0.000158 Step: 3950 Loss: 8.2077 
[11/30 16:20:21 TiTok-Gen]: Data (t): 0.1189, 23.53/s/gpu Batch (t): 1.3598 LR: 0.000160 Step: 4000 Loss: 8.1950 
[11/30 16:20:23 TiTok-Gen]: Generating images...
  0%|          | 0/289 [00:00<?, ?it/s]  2%|▏         | 5/289 [00:00<00:06, 44.37it/s]  3%|▎         | 10/289 [00:00<00:06, 44.44it/s]  5%|▌         | 15/289 [00:00<00:06, 44.73it/s]  7%|▋         | 20/289 [00:00<00:06, 44.71it/s]  9%|▊         | 25/289 [00:00<00:05, 44.93it/s] 10%|█         | 30/289 [00:00<00:05, 44.98it/s] 12%|█▏        | 35/289 [00:00<00:05, 44.81it/s] 14%|█▍        | 40/289 [00:00<00:05, 43.52it/s] 16%|█▌        | 45/289 [00:01<00:05, 43.11it/s] 17%|█▋        | 50/289 [00:01<00:05, 40.86it/s] 19%|█▉        | 55/289 [00:01<00:05, 41.87it/s] 21%|██        | 60/289 [00:01<00:05, 42.50it/s] 22%|██▏       | 65/289 [00:01<00:05, 43.18it/s] 24%|██▍       | 70/289 [00:01<00:05, 43.61it/s] 26%|██▌       | 75/289 [00:01<00:04, 43.74it/s] 28%|██▊       | 80/289 [00:01<00:04, 44.05it/s] 29%|██▉       | 85/289 [00:01<00:04, 44.20it/s] 31%|███       | 90/289 [00:02<00:04, 44.21it/s] 33%|███▎      | 95/289 [00:02<00:04, 44.32it/s] 35%|███▍      | 100/289 [00:02<00:04, 44.35it/s] 36%|███▋      | 105/289 [00:02<00:04, 44.51it/s] 38%|███▊      | 110/289 [00:02<00:04, 44.56it/s] 40%|███▉      | 115/289 [00:02<00:03, 44.38it/s] 42%|████▏     | 120/289 [00:02<00:03, 44.52it/s] 43%|████▎     | 125/289 [00:02<00:03, 44.57it/s] 45%|████▍     | 130/289 [00:02<00:03, 44.27it/s] 47%|████▋     | 135/289 [00:03<00:03, 44.38it/s] 48%|████▊     | 140/289 [00:03<00:03, 44.54it/s] 50%|█████     | 145/289 [00:03<00:03, 44.25it/s] 52%|█████▏    | 150/289 [00:03<00:03, 44.41it/s] 54%|█████▎    | 155/289 [00:03<00:03, 44.55it/s] 55%|█████▌    | 160/289 [00:03<00:02, 44.28it/s] 57%|█████▋    | 165/289 [00:03<00:02, 44.41it/s] 59%|█████▉    | 170/289 [00:03<00:02, 44.55it/s] 61%|██████    | 175/289 [00:03<00:02, 44.19it/s] 62%|██████▏   | 180/289 [00:04<00:02, 44.42it/s] 64%|██████▍   | 185/289 [00:04<00:02, 44.57it/s] 66%|██████▌   | 190/289 [00:04<00:02, 44.30it/s] 67%|██████▋   | 195/289 [00:04<00:02, 44.46it/s] 69%|██████▉   | 200/289 [00:04<00:01, 44.59it/s] 71%|███████   | 205/289 [00:04<00:01, 44.24it/s] 73%|███████▎  | 210/289 [00:04<00:01, 44.44it/s] 74%|███████▍  | 215/289 [00:04<00:01, 44.53it/s] 76%|███████▌  | 220/289 [00:04<00:01, 44.29it/s] 78%|███████▊  | 225/289 [00:05<00:01, 44.52it/s] 80%|███████▉  | 230/289 [00:05<00:01, 44.54it/s] 81%|████████▏ | 235/289 [00:05<00:01, 44.33it/s] 83%|████████▎ | 240/289 [00:05<00:01, 44.46it/s] 85%|████████▍ | 245/289 [00:05<00:00, 44.53it/s] 87%|████████▋ | 250/289 [00:05<00:00, 44.44it/s] 88%|████████▊ | 255/289 [00:05<00:00, 44.46it/s] 90%|████████▉ | 260/289 [00:05<00:00, 44.54it/s] 92%|█████████▏| 265/289 [00:05<00:00, 44.60it/s] 93%|█████████▎| 270/289 [00:06<00:00, 44.62it/s] 95%|█████████▌| 275/289 [00:06<00:00, 44.68it/s] 97%|█████████▋| 280/289 [00:06<00:00, 44.40it/s] 99%|█████████▊| 285/289 [00:06<00:00, 44.45it/s]100%|█████████▉| 288/289 [00:06<00:00, 44.08it/s]
[11/30 16:21:20 TiTok-Gen]: Data (t): 0.2738, 39.30/s/gpu Batch (t): 0.8143 LR: 0.000162 Step: 4050 Loss: 8.1931 
[11/30 16:22:09 TiTok-Gen]: Data (t): 0.1183, 46.36/s/gpu Batch (t): 0.6902 LR: 0.000164 Step: 4100 Loss: 8.1964 
[11/30 16:22:56 TiTok-Gen]: Data (t): 0.2801, 27.00/s/gpu Batch (t): 1.1852 LR: 0.000166 Step: 4150 Loss: 8.1951 
[11/30 16:23:46 TiTok-Gen]: Data (t): 0.1152, 38.92/s/gpu Batch (t): 0.8222 LR: 0.000168 Step: 4200 Loss: 8.1625 
[11/30 16:24:35 TiTok-Gen]: Data (t): 0.1220, 25.47/s/gpu Batch (t): 1.2563 LR: 0.000170 Step: 4250 Loss: 8.1844 
[11/30 16:25:23 TiTok-Gen]: Data (t): 0.1197, 38.81/s/gpu Batch (t): 0.8245 LR: 0.000172 Step: 4300 Loss: 8.1295 
[11/30 16:26:12 TiTok-Gen]: Data (t): 0.1180, 35.37/s/gpu Batch (t): 0.9047 LR: 0.000174 Step: 4350 Loss: 8.1600 
[11/30 16:26:59 TiTok-Gen]: Data (t): 0.1179, 30.42/s/gpu Batch (t): 1.0518 LR: 0.000176 Step: 4400 Loss: 8.1682 
[11/30 16:27:45 TiTok-Gen]: Data (t): 0.1191, 38.77/s/gpu Batch (t): 0.8253 LR: 0.000178 Step: 4450 Loss: 8.1230 
[11/30 16:28:35 TiTok-Gen]: Data (t): 0.1713, 31.19/s/gpu Batch (t): 1.0260 LR: 0.000180 Step: 4500 Loss: 8.1301 
[11/30 16:29:25 TiTok-Gen]: Data (t): 0.1215, 37.13/s/gpu Batch (t): 0.8618 LR: 0.000182 Step: 4550 Loss: 8.1098 
[11/30 16:30:13 TiTok-Gen]: Data (t): 0.3000, 32.91/s/gpu Batch (t): 0.9724 LR: 0.000184 Step: 4600 Loss: 8.1117 
[11/30 16:31:00 TiTok-Gen]: Data (t): 0.1794, 27.47/s/gpu Batch (t): 1.1649 LR: 0.000186 Step: 4650 Loss: 8.0788 
[11/30 16:31:49 TiTok-Gen]: Data (t): 0.2990, 33.03/s/gpu Batch (t): 0.9690 LR: 0.000188 Step: 4700 Loss: 8.1042 
[11/30 16:32:41 TiTok-Gen]: Data (t): 0.1225, 25.05/s/gpu Batch (t): 1.2775 LR: 0.000190 Step: 4750 Loss: 8.1021 
[11/30 16:33:32 TiTok-Gen]: Data (t): 0.2855, 29.00/s/gpu Batch (t): 1.1035 LR: 0.000192 Step: 4800 Loss: 8.0887 
[11/30 16:34:23 TiTok-Gen]: Data (t): 0.1282, 37.06/s/gpu Batch (t): 0.8635 LR: 0.000194 Step: 4850 Loss: 8.0969 
[11/30 16:35:12 TiTok-Gen]: Data (t): 0.1237, 25.33/s/gpu Batch (t): 1.2634 LR: 0.000196 Step: 4900 Loss: 8.0693 
[11/30 16:35:59 TiTok-Gen]: Data (t): 0.1809, 37.88/s/gpu Batch (t): 0.8448 LR: 0.000198 Step: 4950 Loss: 8.0836 
[11/30 16:36:47 TiTok-Gen]: Data (t): 0.1177, 32.52/s/gpu Batch (t): 0.9839 LR: 0.000200 Step: 5000 Loss: 8.0747 
[11/30 16:36:48 TiTok-Gen]: Generating images...
  0%|          | 0/289 [00:00<?, ?it/s]  2%|▏         | 5/289 [00:00<00:06, 44.07it/s]  3%|▎         | 10/289 [00:00<00:06, 44.24it/s]  5%|▌         | 15/289 [00:00<00:06, 44.28it/s]  7%|▋         | 20/289 [00:00<00:06, 44.45it/s]  9%|▊         | 25/289 [00:00<00:05, 44.54it/s] 10%|█         | 30/289 [00:00<00:05, 44.53it/s] 12%|█▏        | 35/289 [00:00<00:05, 44.54it/s] 14%|█▍        | 40/289 [00:00<00:05, 44.34it/s] 16%|█▌        | 45/289 [00:01<00:05, 44.43it/s] 17%|█▋        | 50/289 [00:01<00:05, 44.33it/s] 19%|█▉        | 55/289 [00:01<00:05, 44.37it/s] 21%|██        | 60/289 [00:01<00:05, 44.12it/s] 22%|██▏       | 65/289 [00:01<00:05, 43.63it/s] 24%|██▍       | 70/289 [00:01<00:05, 43.46it/s] 26%|██▌       | 75/289 [00:01<00:04, 43.35it/s] 28%|██▊       | 80/289 [00:01<00:04, 43.74it/s] 29%|██▉       | 85/289 [00:01<00:04, 44.00it/s] 31%|███       | 90/289 [00:02<00:04, 44.14it/s] 33%|███▎      | 95/289 [00:02<00:04, 44.31it/s] 35%|███▍      | 100/289 [00:02<00:04, 44.48it/s] 36%|███▋      | 105/289 [00:02<00:04, 44.31it/s] 38%|███▊      | 110/289 [00:02<00:04, 44.42it/s] 40%|███▉      | 115/289 [00:02<00:03, 44.59it/s] 42%|████▏     | 120/289 [00:02<00:03, 43.96it/s] 43%|████▎     | 125/289 [00:02<00:03, 44.06it/s] 45%|████▍     | 130/289 [00:02<00:03, 44.32it/s] 47%|████▋     | 135/289 [00:03<00:03, 44.05it/s] 48%|████▊     | 140/289 [00:03<00:03, 44.28it/s] 50%|█████     | 145/289 [00:03<00:03, 44.36it/s] 52%|█████▏    | 150/289 [00:03<00:03, 44.09it/s] 54%|█████▎    | 155/289 [00:03<00:03, 44.34it/s] 55%|█████▌    | 160/289 [00:03<00:02, 44.54it/s] 57%|█████▋    | 165/289 [00:03<00:02, 44.05it/s] 59%|█████▉    | 170/289 [00:03<00:02, 44.29it/s] 61%|██████    | 175/289 [00:03<00:02, 44.45it/s] 62%|██████▏   | 180/289 [00:04<00:02, 44.30it/s] 64%|██████▍   | 185/289 [00:04<00:02, 44.39it/s] 66%|██████▌   | 190/289 [00:04<00:02, 44.44it/s] 67%|██████▋   | 195/289 [00:04<00:02, 44.24it/s] 69%|██████▉   | 200/289 [00:04<00:02, 44.43it/s] 71%|███████   | 205/289 [00:04<00:01, 44.53it/s] 73%|███████▎  | 210/289 [00:04<00:01, 44.39it/s] 74%|███████▍  | 215/289 [00:04<00:01, 44.51it/s] 76%|███████▌  | 220/289 [00:04<00:01, 44.65it/s] 78%|███████▊  | 225/289 [00:05<00:01, 44.52it/s] 80%|███████▉  | 230/289 [00:05<00:01, 44.55it/s] 81%|████████▏ | 235/289 [00:05<00:01, 44.39it/s] 83%|████████▎ | 240/289 [00:05<00:01, 44.50it/s] 85%|████████▍ | 245/289 [00:05<00:00, 44.55it/s] 87%|████████▋ | 250/289 [00:05<00:00, 44.55it/s] 88%|████████▊ | 255/289 [00:05<00:00, 44.54it/s] 90%|████████▉ | 260/289 [00:05<00:00, 44.62it/s] 92%|█████████▏| 265/289 [00:05<00:00, 44.37it/s] 93%|█████████▎| 270/289 [00:06<00:00, 44.45it/s] 95%|█████████▌| 275/289 [00:06<00:00, 44.56it/s] 97%|█████████▋| 280/289 [00:06<00:00, 44.49it/s] 99%|█████████▊| 285/289 [00:06<00:00, 44.56it/s]100%|█████████▉| 288/289 [00:06<00:00, 44.18it/s]
[11/30 16:37:35 TiTok-Gen]: Epoch 4/798 started.
[11/30 16:38:01 TiTok-Gen]: Data (t): 0.3171, 32.23/s/gpu Batch (t): 0.9930 LR: 0.000202 Step: 5050 Loss: 8.0471 
[11/30 16:38:49 TiTok-Gen]: Data (t): 0.1255, 37.47/s/gpu Batch (t): 0.8541 LR: 0.000204 Step: 5100 Loss: 8.0553 
[11/30 16:39:41 TiTok-Gen]: Data (t): 0.3001, 37.75/s/gpu Batch (t): 0.8477 LR: 0.000206 Step: 5150 Loss: 8.0356 
[11/30 16:40:32 TiTok-Gen]: Data (t): 0.1190, 45.35/s/gpu Batch (t): 0.7056 LR: 0.000208 Step: 5200 Loss: 8.0223 
[11/30 16:41:24 TiTok-Gen]: Data (t): 0.1238, 21.58/s/gpu Batch (t): 1.4827 LR: 0.000210 Step: 5250 Loss: 8.0080 
[11/30 16:42:17 TiTok-Gen]: Data (t): 0.1655, 29.91/s/gpu Batch (t): 1.0700 LR: 0.000212 Step: 5300 Loss: 7.9852 
[11/30 16:43:06 TiTok-Gen]: Data (t): 0.1888, 37.50/s/gpu Batch (t): 0.8534 LR: 0.000214 Step: 5350 Loss: 8.0039 
[11/30 16:43:57 TiTok-Gen]: Data (t): 0.1187, 37.91/s/gpu Batch (t): 0.8441 LR: 0.000216 Step: 5400 Loss: 8.0152 
[11/30 16:44:50 TiTok-Gen]: Data (t): 0.1697, 42.48/s/gpu Batch (t): 0.7533 LR: 0.000218 Step: 5450 Loss: 7.9792 
[11/30 16:45:41 TiTok-Gen]: Data (t): 0.1874, 36.11/s/gpu Batch (t): 0.8862 LR: 0.000220 Step: 5500 Loss: 7.9565 
[11/30 16:46:32 TiTok-Gen]: Data (t): 0.1213, 31.44/s/gpu Batch (t): 1.0179 LR: 0.000222 Step: 5550 Loss: 8.0065 
[11/30 16:47:21 TiTok-Gen]: Data (t): 0.2876, 26.04/s/gpu Batch (t): 1.2291 LR: 0.000224 Step: 5600 Loss: 7.9880 
[11/30 16:48:12 TiTok-Gen]: Data (t): 0.1771, 38.05/s/gpu Batch (t): 0.8409 LR: 0.000226 Step: 5650 Loss: 7.9771 
[11/30 16:49:00 TiTok-Gen]: Data (t): 0.3042, 38.62/s/gpu Batch (t): 0.8285 LR: 0.000228 Step: 5700 Loss: 7.9852 
[11/30 16:49:50 TiTok-Gen]: Data (t): 0.1418, 31.09/s/gpu Batch (t): 1.0294 LR: 0.000230 Step: 5750 Loss: 7.9468 
[11/30 16:50:39 TiTok-Gen]: Data (t): 0.2744, 31.69/s/gpu Batch (t): 1.0098 LR: 0.000232 Step: 5800 Loss: 7.9637 
[11/30 16:51:28 TiTok-Gen]: Data (t): 0.1196, 26.05/s/gpu Batch (t): 1.2283 LR: 0.000234 Step: 5850 Loss: 7.9578 
[11/30 16:52:19 TiTok-Gen]: Data (t): 0.1751, 22.32/s/gpu Batch (t): 1.4336 LR: 0.000236 Step: 5900 Loss: 8.0055 
[11/30 16:53:11 TiTok-Gen]: Data (t): 0.1271, 19.77/s/gpu Batch (t): 1.6189 LR: 0.000238 Step: 5950 Loss: 7.9580 
[11/30 16:54:04 TiTok-Gen]: Data (t): 0.1208, 18.51/s/gpu Batch (t): 1.7284 LR: 0.000240 Step: 6000 Loss: 7.9167 
[11/30 16:54:06 TiTok-Gen]: Generating images...
  0%|          | 0/289 [00:00<?, ?it/s]  2%|▏         | 5/289 [00:00<00:06, 43.47it/s]  3%|▎         | 10/289 [00:00<00:06, 43.76it/s]  5%|▌         | 15/289 [00:00<00:06, 43.73it/s]  7%|▋         | 20/289 [00:00<00:06, 43.84it/s]  9%|▊         | 25/289 [00:00<00:06, 43.87it/s] 10%|█         | 30/289 [00:00<00:05, 43.86it/s] 12%|█▏        | 35/289 [00:00<00:05, 43.72it/s] 14%|█▍        | 40/289 [00:00<00:05, 43.90it/s] 16%|█▌        | 45/289 [00:01<00:05, 43.95it/s] 17%|█▋        | 50/289 [00:01<00:05, 44.06it/s] 19%|█▉        | 55/289 [00:01<00:05, 44.08it/s] 21%|██        | 60/289 [00:01<00:05, 44.13it/s] 22%|██▏       | 65/289 [00:01<00:05, 44.20it/s] 24%|██▍       | 70/289 [00:01<00:04, 44.19it/s] 26%|██▌       | 75/289 [00:01<00:04, 44.21it/s] 28%|██▊       | 80/289 [00:01<00:04, 44.24it/s] 29%|██▉       | 85/289 [00:01<00:04, 44.21it/s] 31%|███       | 90/289 [00:02<00:04, 44.25it/s] 33%|███▎      | 95/289 [00:02<00:04, 44.25it/s] 35%|███▍      | 100/289 [00:02<00:04, 44.27it/s] 36%|███▋      | 105/289 [00:02<00:04, 44.29it/s] 38%|███▊      | 110/289 [00:02<00:04, 44.07it/s] 40%|███▉      | 115/289 [00:02<00:03, 44.18it/s] 42%|████▏     | 120/289 [00:02<00:03, 44.24it/s] 43%|████▎     | 125/289 [00:02<00:03, 44.25it/s] 45%|████▍     | 130/289 [00:02<00:03, 44.30it/s] 47%|████▋     | 135/289 [00:03<00:03, 44.28it/s] 48%|████▊     | 140/289 [00:03<00:03, 44.30it/s] 50%|█████     | 145/289 [00:03<00:03, 44.32it/s] 52%|█████▏    | 150/289 [00:03<00:03, 44.27it/s] 54%|█████▎    | 155/289 [00:03<00:03, 44.33it/s] 55%|█████▌    | 160/289 [00:03<00:02, 44.35it/s] 57%|█████▋    | 165/289 [00:03<00:02, 44.31it/s] 59%|█████▉    | 170/289 [00:03<00:02, 44.32it/s] 61%|██████    | 175/289 [00:03<00:02, 44.31it/s] 62%|██████▏   | 180/289 [00:04<00:02, 44.34it/s] 64%|██████▍   | 185/289 [00:04<00:02, 44.36it/s] 66%|██████▌   | 190/289 [00:04<00:02, 44.15it/s] 67%|██████▋   | 195/289 [00:04<00:02, 44.22it/s] 69%|██████▉   | 200/289 [00:04<00:02, 44.30it/s] 71%|███████   | 205/289 [00:04<00:01, 44.28it/s] 73%|███████▎  | 210/289 [00:04<00:01, 44.33it/s] 74%|███████▍  | 215/289 [00:04<00:01, 44.32it/s] 76%|███████▌  | 220/289 [00:04<00:01, 44.38it/s] 78%|███████▊  | 225/289 [00:05<00:01, 44.40it/s] 80%|███████▉  | 230/289 [00:05<00:01, 44.35it/s] 81%|████████▏ | 235/289 [00:05<00:01, 44.35it/s] 83%|████████▎ | 240/289 [00:05<00:01, 44.38it/s] 85%|████████▍ | 245/289 [00:05<00:00, 44.34it/s] 87%|████████▋ | 250/289 [00:05<00:00, 44.37it/s] 88%|████████▊ | 255/289 [00:05<00:00, 44.31it/s] 90%|████████▉ | 260/289 [00:05<00:00, 44.34it/s] 92%|█████████▏| 265/289 [00:05<00:00, 44.11it/s] 93%|█████████▎| 270/289 [00:06<00:00, 44.16it/s] 95%|█████████▌| 275/289 [00:06<00:00, 44.24it/s] 97%|█████████▋| 280/289 [00:06<00:00, 44.29it/s] 99%|█████████▊| 285/289 [00:06<00:00, 44.26it/s]100%|█████████▉| 288/289 [00:06<00:00, 44.06it/s]
[11/30 16:55:08 TiTok-Gen]: Data (t): 0.2967, 31.34/s/gpu Batch (t): 1.0209 LR: 0.000242 Step: 6050 Loss: 7.9338 
[11/30 16:55:59 TiTok-Gen]: Data (t): 0.1379, 37.29/s/gpu Batch (t): 0.8582 LR: 0.000244 Step: 6100 Loss: 7.9473 
[11/30 16:56:55 TiTok-Gen]: Data (t): 0.3550, 29.40/s/gpu Batch (t): 1.0885 LR: 0.000246 Step: 6150 Loss: 7.9616 
[11/30 16:57:49 TiTok-Gen]: Data (t): 0.1203, 45.39/s/gpu Batch (t): 0.7049 LR: 0.000248 Step: 6200 Loss: 7.9570 
[11/30 16:58:40 TiTok-Gen]: Data (t): 0.1794, 35.14/s/gpu Batch (t): 0.9107 LR: 0.000250 Step: 6250 Loss: 7.9280 
[11/30 16:59:32 TiTok-Gen]: Data (t): 0.1172, 46.30/s/gpu Batch (t): 0.6912 LR: 0.000252 Step: 6300 Loss: 7.9380 
[11/30 16:59:32 TiTok-Gen]: Epoch 5/798 started.
[11/30 17:00:43 TiTok-Gen]: Data (t): 0.1212, 40.22/s/gpu Batch (t): 0.7955 LR: 0.000254 Step: 6350 Loss: 7.8865 
[11/30 17:01:38 TiTok-Gen]: Data (t): 0.2740, 40.34/s/gpu Batch (t): 0.7932 LR: 0.000256 Step: 6400 Loss: 7.9285 
[11/30 17:02:33 TiTok-Gen]: Data (t): 0.1192, 36.90/s/gpu Batch (t): 0.8673 LR: 0.000258 Step: 6450 Loss: 7.8849 
[11/30 17:03:28 TiTok-Gen]: Data (t): 0.2700, 29.63/s/gpu Batch (t): 1.0800 LR: 0.000260 Step: 6500 Loss: 7.8677 
[11/30 17:04:23 TiTok-Gen]: Data (t): 0.1892, 35.75/s/gpu Batch (t): 0.8950 LR: 0.000262 Step: 6550 Loss: 7.8819 
[11/30 17:05:15 TiTok-Gen]: Data (t): 0.1211, 38.43/s/gpu Batch (t): 0.8326 LR: 0.000264 Step: 6600 Loss: 7.9035 
[11/30 17:06:12 TiTok-Gen]: Data (t): 0.1180, 26.41/s/gpu Batch (t): 1.2114 LR: 0.000266 Step: 6650 Loss: 7.8775 
[11/30 17:07:05 TiTok-Gen]: Data (t): 0.1179, 22.15/s/gpu Batch (t): 1.4450 LR: 0.000268 Step: 6700 Loss: 7.9068 
[11/30 17:07:58 TiTok-Gen]: Data (t): 0.1264, 32.79/s/gpu Batch (t): 0.9759 LR: 0.000270 Step: 6750 Loss: 7.8811 
[11/30 17:08:52 TiTok-Gen]: Data (t): 0.1208, 27.12/s/gpu Batch (t): 1.1799 LR: 0.000272 Step: 6800 Loss: 7.8441 
[11/30 17:09:48 TiTok-Gen]: Data (t): 0.1191, 27.12/s/gpu Batch (t): 1.1799 LR: 0.000274 Step: 6850 Loss: 7.8763 
[11/30 17:10:44 TiTok-Gen]: Data (t): 0.1790, 27.62/s/gpu Batch (t): 1.1585 LR: 0.000276 Step: 6900 Loss: 7.8667 
[11/30 17:11:41 TiTok-Gen]: Data (t): 0.2784, 36.72/s/gpu Batch (t): 0.8715 LR: 0.000278 Step: 6950 Loss: 7.8647 
[11/30 17:12:43 TiTok-Gen]: Data (t): 0.1178, 22.01/s/gpu Batch (t): 1.4537 LR: 0.000280 Step: 7000 Loss: 7.8838 
[11/30 17:12:44 TiTok-Gen]: Generating images...
  0%|          | 0/289 [00:00<?, ?it/s]  2%|▏         | 5/289 [00:00<00:06, 43.69it/s]  3%|▎         | 10/289 [00:00<00:06, 44.09it/s]  5%|▌         | 15/289 [00:00<00:06, 44.16it/s]  7%|▋         | 20/289 [00:00<00:06, 44.32it/s]  9%|▊         | 25/289 [00:00<00:05, 44.41it/s] 10%|█         | 30/289 [00:00<00:05, 44.41it/s] 12%|█▏        | 35/289 [00:00<00:05, 44.43it/s] 14%|█▍        | 40/289 [00:00<00:05, 44.35it/s] 16%|█▌        | 45/289 [00:01<00:05, 44.40it/s] 17%|█▋        | 50/289 [00:01<00:05, 44.47it/s] 19%|█▉        | 55/289 [00:01<00:05, 44.47it/s] 21%|██        | 60/289 [00:01<00:05, 44.56it/s] 22%|██▏       | 65/289 [00:01<00:05, 44.60it/s] 24%|██▍       | 70/289 [00:01<00:04, 44.60it/s] 26%|██▌       | 75/289 [00:01<00:04, 44.63it/s] 28%|██▊       | 80/289 [00:01<00:04, 44.65it/s] 29%|██▉       | 85/289 [00:01<00:04, 44.62it/s] 31%|███       | 90/289 [00:02<00:04, 43.98it/s] 33%|███▎      | 95/289 [00:02<00:04, 44.12it/s] 35%|███▍      | 100/289 [00:02<00:04, 44.26it/s] 36%|███▋      | 105/289 [00:02<00:04, 44.37it/s] 38%|███▊      | 110/289 [00:02<00:04, 44.42it/s] 40%|███▉      | 115/289 [00:02<00:03, 44.49it/s] 42%|████▏     | 120/289 [00:02<00:03, 44.55it/s] 43%|████▎     | 125/289 [00:02<00:03, 44.53it/s] 45%|████▍     | 130/289 [00:02<00:03, 44.58it/s] 47%|████▋     | 135/289 [00:03<00:03, 44.58it/s] 48%|████▊     | 140/289 [00:03<00:03, 44.45it/s] 50%|█████     | 145/289 [00:03<00:03, 44.50it/s] 52%|█████▏    | 150/289 [00:03<00:03, 44.49it/s] 54%|█████▎    | 155/289 [00:03<00:03, 44.54it/s] 55%|█████▌    | 160/289 [00:03<00:02, 44.60it/s] 57%|█████▋    | 165/289 [00:03<00:02, 44.55it/s] 59%|█████▉    | 170/289 [00:03<00:02, 44.59it/s] 61%|██████    | 175/289 [00:03<00:02, 44.56it/s] 62%|██████▏   | 180/289 [00:04<00:02, 44.64it/s] 64%|██████▍   | 185/289 [00:04<00:02, 44.66it/s] 66%|██████▌   | 190/289 [00:04<00:02, 44.39it/s] 67%|██████▋   | 195/289 [00:04<00:02, 44.46it/s] 69%|██████▉   | 200/289 [00:04<00:01, 44.54it/s] 71%|███████   | 205/289 [00:04<00:01, 44.56it/s] 73%|███████▎  | 210/289 [00:04<00:01, 44.63it/s] 74%|███████▍  | 215/289 [00:04<00:01, 44.61it/s] 76%|███████▌  | 220/289 [00:04<00:01, 44.68it/s] 78%|███████▊  | 225/289 [00:05<00:01, 44.71it/s] 80%|███████▉  | 230/289 [00:05<00:01, 44.65it/s] 81%|████████▏ | 235/289 [00:05<00:01, 44.38it/s] 83%|████████▎ | 240/289 [00:05<00:01, 44.50it/s] 85%|████████▍ | 245/289 [00:05<00:00, 44.54it/s] 87%|████████▋ | 250/289 [00:05<00:00, 44.64it/s] 88%|████████▊ | 255/289 [00:05<00:00, 44.65it/s] 90%|████████▉ | 260/289 [00:05<00:00, 44.68it/s] 92%|█████████▏| 265/289 [00:05<00:00, 44.69it/s] 93%|█████████▎| 270/289 [00:06<00:00, 44.67it/s] 95%|█████████▌| 275/289 [00:06<00:00, 44.70it/s] 97%|█████████▋| 280/289 [00:06<00:00, 44.70it/s] 99%|█████████▊| 285/289 [00:06<00:00, 44.46it/s]100%|█████████▉| 288/289 [00:06<00:00, 44.36it/s]
[11/30 17:13:52 TiTok-Gen]: Data (t): 0.3233, 20.43/s/gpu Batch (t): 1.5661 LR: 0.000282 Step: 7050 Loss: 7.8266 
[11/30 17:14:51 TiTok-Gen]: Data (t): 0.1197, 25.01/s/gpu Batch (t): 1.2794 LR: 0.000284 Step: 7100 Loss: 7.8651 
[11/30 17:15:44 TiTok-Gen]: Data (t): 0.1188, 32.60/s/gpu Batch (t): 0.9816 LR: 0.000286 Step: 7150 Loss: 7.8459 
[11/30 17:16:42 TiTok-Gen]: Data (t): 0.1194, 25.84/s/gpu Batch (t): 1.2385 LR: 0.000288 Step: 7200 Loss: 7.8153 
[11/30 17:17:38 TiTok-Gen]: Data (t): 0.1178, 26.51/s/gpu Batch (t): 1.2071 LR: 0.000290 Step: 7250 Loss: 7.8498 
[11/30 17:18:35 TiTok-Gen]: Data (t): 0.1555, 24.73/s/gpu Batch (t): 1.2940 LR: 0.000292 Step: 7300 Loss: 7.8645 
[11/30 17:19:30 TiTok-Gen]: Data (t): 0.1173, 26.61/s/gpu Batch (t): 1.2024 LR: 0.000294 Step: 7350 Loss: 7.8347 
[11/30 17:20:27 TiTok-Gen]: Data (t): 0.1176, 21.56/s/gpu Batch (t): 1.4842 LR: 0.000296 Step: 7400 Loss: 7.8424 
[11/30 17:21:25 TiTok-Gen]: Data (t): 0.1174, 35.97/s/gpu Batch (t): 0.8897 LR: 0.000298 Step: 7450 Loss: 7.8411 
[11/30 17:22:22 TiTok-Gen]: Data (t): 0.3135, 37.76/s/gpu Batch (t): 0.8474 LR: 0.000300 Step: 7500 Loss: 7.8018 
[11/30 17:23:17 TiTok-Gen]: Data (t): 0.1160, 27.35/s/gpu Batch (t): 1.1700 LR: 0.000302 Step: 7550 Loss: 7.8058 
[11/30 17:23:30 TiTok-Gen]: Epoch 6/798 started.
[11/30 17:24:28 TiTok-Gen]: Data (t): 0.2947, 30.34/s/gpu Batch (t): 1.0546 LR: 0.000304 Step: 7600 Loss: 7.8209 
[11/30 17:25:23 TiTok-Gen]: Data (t): 0.1175, 36.87/s/gpu Batch (t): 0.8680 LR: 0.000306 Step: 7650 Loss: 7.8264 
[11/30 17:26:14 TiTok-Gen]: Data (t): 0.1196, 36.53/s/gpu Batch (t): 0.8760 LR: 0.000308 Step: 7700 Loss: 7.7598 
[11/30 17:27:09 TiTok-Gen]: Data (t): 0.1650, 29.63/s/gpu Batch (t): 1.0801 LR: 0.000310 Step: 7750 Loss: 7.8043 
[11/30 17:28:01 TiTok-Gen]: Data (t): 0.1208, 39.33/s/gpu Batch (t): 0.8137 LR: 0.000312 Step: 7800 Loss: 7.8102 
[11/30 17:28:53 TiTok-Gen]: Data (t): 0.1666, 31.41/s/gpu Batch (t): 1.0189 LR: 0.000314 Step: 7850 Loss: 7.7894 
[11/30 17:29:44 TiTok-Gen]: Data (t): 0.1233, 39.51/s/gpu Batch (t): 0.8098 LR: 0.000316 Step: 7900 Loss: 7.7692 
[11/30 17:30:37 TiTok-Gen]: Data (t): 0.1183, 30.63/s/gpu Batch (t): 1.0448 LR: 0.000318 Step: 7950 Loss: 7.8017 
[11/30 17:31:30 TiTok-Gen]: Data (t): 0.1211, 24.65/s/gpu Batch (t): 1.2979 LR: 0.000320 Step: 8000 Loss: 7.7373 
[11/30 17:31:32 TiTok-Gen]: Generating images...
  0%|          | 0/289 [00:00<?, ?it/s]  2%|▏         | 5/289 [00:00<00:06, 43.51it/s]  3%|▎         | 10/289 [00:00<00:06, 43.90it/s]  5%|▌         | 15/289 [00:00<00:06, 43.90it/s]  7%|▋         | 20/289 [00:00<00:06, 43.81it/s]  9%|▊         | 25/289 [00:00<00:05, 44.06it/s] 10%|█         | 30/289 [00:00<00:05, 44.13it/s] 12%|█▏        | 35/289 [00:00<00:05, 44.24it/s] 14%|█▍        | 40/289 [00:00<00:05, 44.13it/s] 16%|█▌        | 45/289 [00:01<00:05, 44.13it/s] 17%|█▋        | 50/289 [00:01<00:05, 44.23it/s] 19%|█▉        | 55/289 [00:01<00:05, 44.25it/s] 21%|██        | 60/289 [00:01<00:05, 43.93it/s] 22%|██▏       | 65/289 [00:01<00:05, 44.12it/s] 24%|██▍       | 70/289 [00:01<00:04, 44.19it/s] 26%|██▌       | 75/289 [00:01<00:04, 44.27it/s] 28%|██▊       | 80/289 [00:01<00:04, 43.93it/s] 29%|██▉       | 85/289 [00:01<00:04, 43.98it/s] 31%|███       | 90/289 [00:02<00:04, 44.08it/s] 33%|███▎      | 95/289 [00:02<00:04, 44.12it/s] 35%|███▍      | 100/289 [00:02<00:04, 44.18it/s] 36%|███▋      | 105/289 [00:02<00:04, 43.86it/s] 38%|███▊      | 110/289 [00:02<00:04, 43.98it/s] 40%|███▉      | 115/289 [00:02<00:03, 44.11it/s] 42%|████▏     | 120/289 [00:02<00:03, 44.18it/s] 43%|████▎     | 125/289 [00:02<00:03, 43.83it/s] 45%|████▍     | 130/289 [00:02<00:03, 43.97it/s] 47%|████▋     | 135/289 [00:03<00:03, 44.01it/s] 48%|████▊     | 140/289 [00:03<00:03, 44.12it/s] 50%|█████     | 145/289 [00:03<00:03, 44.22it/s] 52%|█████▏    | 150/289 [00:03<00:03, 43.80it/s] 54%|█████▎    | 155/289 [00:03<00:03, 43.99it/s] 55%|█████▌    | 160/289 [00:03<00:02, 44.11it/s] 57%|█████▋    | 165/289 [00:03<00:02, 44.13it/s] 59%|█████▉    | 170/289 [00:03<00:02, 43.80it/s] 61%|██████    | 175/289 [00:03<00:02, 43.88it/s] 62%|██████▏   | 180/289 [00:04<00:02, 44.04it/s] 64%|██████▍   | 185/289 [00:04<00:02, 44.15it/s] 66%|██████▌   | 190/289 [00:04<00:02, 44.14it/s] 67%|██████▋   | 195/289 [00:04<00:02, 43.88it/s] 69%|██████▉   | 200/289 [00:04<00:02, 44.05it/s] 71%|███████   | 205/289 [00:04<00:01, 44.13it/s] 73%|███████▎  | 210/289 [00:04<00:01, 44.23it/s] 74%|███████▍  | 215/289 [00:04<00:01, 43.94it/s] 76%|███████▌  | 220/289 [00:04<00:01, 44.16it/s] 78%|███████▊  | 225/289 [00:05<00:01, 44.28it/s] 80%|███████▉  | 230/289 [00:05<00:01, 44.32it/s] 81%|████████▏ | 235/289 [00:05<00:01, 44.06it/s] 83%|████████▎ | 240/289 [00:05<00:01, 44.20it/s] 85%|████████▍ | 245/289 [00:05<00:00, 44.25it/s] 87%|████████▋ | 250/289 [00:05<00:00, 44.37it/s] 88%|████████▊ | 255/289 [00:05<00:00, 44.26it/s] 90%|████████▉ | 260/289 [00:05<00:00, 44.28it/s] 92%|█████████▏| 265/289 [00:06<00:00, 44.28it/s] 93%|█████████▎| 270/289 [00:06<00:00, 44.27it/s] 95%|█████████▌| 275/289 [00:06<00:00, 44.05it/s] 97%|█████████▋| 280/289 [00:06<00:00, 44.07it/s] 99%|█████████▊| 285/289 [00:06<00:00, 44.10it/s]100%|█████████▉| 288/289 [00:06<00:00, 43.94it/s]
[11/30 17:32:36 TiTok-Gen]: Data (t): 0.1179, 30.76/s/gpu Batch (t): 1.0402 LR: 0.000322 Step: 8050 Loss: 7.7969 
[11/30 17:33:29 TiTok-Gen]: Data (t): 0.1198, 33.58/s/gpu Batch (t): 0.9529 LR: 0.000324 Step: 8100 Loss: 7.7765 
[11/30 17:34:21 TiTok-Gen]: Data (t): 0.1221, 25.57/s/gpu Batch (t): 1.2514 LR: 0.000326 Step: 8150 Loss: 7.7617 
[11/30 17:35:17 TiTok-Gen]: Data (t): 0.1763, 32.41/s/gpu Batch (t): 0.9874 LR: 0.000328 Step: 8200 Loss: 7.7495 
[11/30 17:36:10 TiTok-Gen]: Data (t): 0.1191, 26.15/s/gpu Batch (t): 1.2237 LR: 0.000330 Step: 8250 Loss: 7.7668 
[11/30 17:37:06 TiTok-Gen]: Data (t): 0.1177, 22.45/s/gpu Batch (t): 1.4254 LR: 0.000332 Step: 8300 Loss: 7.7856 
[11/30 17:38:03 TiTok-Gen]: Data (t): 0.1180, 24.55/s/gpu Batch (t): 1.3036 LR: 0.000334 Step: 8350 Loss: 7.7561 
[11/30 17:39:02 TiTok-Gen]: Data (t): 0.2947, 33.88/s/gpu Batch (t): 0.9445 LR: 0.000336 Step: 8400 Loss: 7.7404 
[11/30 17:39:57 TiTok-Gen]: Data (t): 0.1425, 23.16/s/gpu Batch (t): 1.3815 LR: 0.000338 Step: 8450 Loss: 7.7632 
[11/30 17:40:53 TiTok-Gen]: Data (t): 0.2789, 21.50/s/gpu Batch (t): 1.4885 LR: 0.000340 Step: 8500 Loss: 7.7636 
[11/30 17:41:45 TiTok-Gen]: Data (t): 0.1181, 37.12/s/gpu Batch (t): 0.8621 LR: 0.000342 Step: 8550 Loss: 7.7807 
[11/30 17:42:39 TiTok-Gen]: Data (t): 0.2678, 34.59/s/gpu Batch (t): 0.9253 LR: 0.000344 Step: 8600 Loss: 7.7295 
[11/30 17:43:34 TiTok-Gen]: Data (t): 0.1210, 30.01/s/gpu Batch (t): 1.0662 LR: 0.000346 Step: 8650 Loss: 7.7327 
[11/30 17:44:28 TiTok-Gen]: Data (t): 0.1190, 32.40/s/gpu Batch (t): 0.9876 LR: 0.000348 Step: 8700 Loss: 7.7502 
[11/30 17:45:22 TiTok-Gen]: Data (t): 0.1122, 31.38/s/gpu Batch (t): 1.0198 LR: 0.000350 Step: 8750 Loss: 7.7302 
[11/30 17:46:15 TiTok-Gen]: Data (t): 0.1202, 30.42/s/gpu Batch (t): 1.0520 LR: 0.000352 Step: 8800 Loss: 7.7651 
[11/30 17:46:37 TiTok-Gen]: Epoch 7/798 started.
[11/30 17:47:23 TiTok-Gen]: Data (t): 0.1173, 37.00/s/gpu Batch (t): 0.8648 LR: 0.000354 Step: 8850 Loss: 7.7579 
[11/30 17:48:15 TiTok-Gen]: Data (t): 0.1246, 28.86/s/gpu Batch (t): 1.1089 LR: 0.000356 Step: 8900 Loss: 7.7221 
[11/30 17:49:08 TiTok-Gen]: Data (t): 0.1793, 37.90/s/gpu Batch (t): 0.8443 LR: 0.000358 Step: 8950 Loss: 7.7303 
[11/30 17:49:58 TiTok-Gen]: Data (t): 0.1770, 34.11/s/gpu Batch (t): 0.9382 LR: 0.000360 Step: 9000 Loss: 7.7445 
[11/30 17:49:59 TiTok-Gen]: Generating images...
  0%|          | 0/289 [00:00<?, ?it/s]  2%|▏         | 5/289 [00:00<00:06, 43.69it/s]  3%|▎         | 10/289 [00:00<00:06, 43.89it/s]  5%|▌         | 15/289 [00:00<00:06, 43.94it/s]  7%|▋         | 20/289 [00:00<00:06, 43.54it/s]  9%|▊         | 25/289 [00:00<00:06, 43.85it/s] 10%|█         | 30/289 [00:00<00:05, 43.98it/s] 12%|█▏        | 35/289 [00:00<00:05, 44.11it/s] 14%|█▍        | 40/289 [00:00<00:05, 44.21it/s] 16%|█▌        | 45/289 [00:01<00:05, 44.20it/s] 17%|█▋        | 50/289 [00:01<00:05, 44.24it/s] 19%|█▉        | 55/289 [00:01<00:05, 43.88it/s] 21%|██        | 60/289 [00:01<00:05, 43.94it/s] 22%|██▏       | 65/289 [00:01<00:05, 44.07it/s] 24%|██▍       | 70/289 [00:01<00:04, 44.01it/s] 26%|██▌       | 75/289 [00:01<00:04, 43.96it/s] 28%|██▊       | 80/289 [00:01<00:04, 44.02it/s] 29%|██▉       | 85/289 [00:01<00:04, 43.67it/s] 31%|███       | 90/289 [00:02<00:04, 43.86it/s] 33%|███▎      | 95/289 [00:02<00:04, 43.93it/s] 35%|███▍      | 100/289 [00:02<00:04, 44.03it/s] 36%|███▋      | 105/289 [00:02<00:04, 44.05it/s] 38%|███▊      | 110/289 [00:02<00:04, 44.10it/s] 40%|███▉      | 115/289 [00:02<00:03, 44.20it/s] 42%|████▏     | 120/289 [00:02<00:03, 43.95it/s] 43%|████▎     | 125/289 [00:02<00:03, 44.02it/s] 45%|████▍     | 130/289 [00:02<00:03, 44.13it/s] 47%|████▋     | 135/289 [00:03<00:03, 44.18it/s] 48%|████▊     | 140/289 [00:03<00:03, 44.23it/s] 50%|█████     | 145/289 [00:03<00:03, 44.19it/s] 52%|█████▏    | 150/289 [00:03<00:03, 43.97it/s] 54%|█████▎    | 155/289 [00:03<00:03, 44.10it/s] 55%|█████▌    | 160/289 [00:03<00:02, 44.22it/s] 57%|█████▋    | 165/289 [00:03<00:02, 44.24it/s] 59%|█████▉    | 170/289 [00:03<00:02, 44.33it/s] 61%|██████    | 175/289 [00:03<00:02, 44.31it/s] 62%|██████▏   | 180/289 [00:04<00:02, 44.10it/s] 64%|██████▍   | 185/289 [00:04<00:02, 44.17it/s] 66%|██████▌   | 190/289 [00:04<00:02, 44.20it/s] 67%|██████▋   | 195/289 [00:04<00:02, 44.22it/s] 69%|██████▉   | 200/289 [00:04<00:02, 44.28it/s] 71%|███████   | 205/289 [00:04<00:01, 44.26it/s] 73%|███████▎  | 210/289 [00:04<00:01, 44.18it/s] 74%|███████▍  | 215/289 [00:04<00:01, 44.16it/s] 76%|███████▌  | 220/289 [00:04<00:01, 44.25it/s] 78%|███████▊  | 225/289 [00:05<00:01, 44.29it/s] 80%|███████▉  | 230/289 [00:05<00:01, 44.26it/s] 81%|████████▏ | 235/289 [00:05<00:01, 44.27it/s] 83%|████████▎ | 240/289 [00:05<00:01, 44.25it/s] 85%|████████▍ | 245/289 [00:05<00:01, 43.92it/s] 87%|████████▋ | 250/289 [00:05<00:00, 44.06it/s] 88%|████████▊ | 255/289 [00:05<00:00, 44.09it/s] 90%|████████▉ | 260/289 [00:05<00:00, 44.17it/s] 92%|█████████▏| 265/289 [00:06<00:00, 44.22it/s] 93%|█████████▎| 270/289 [00:06<00:00, 44.21it/s] 95%|█████████▌| 275/289 [00:06<00:00, 44.24it/s] 97%|█████████▋| 280/289 [00:06<00:00, 44.10it/s] 99%|█████████▊| 285/289 [00:06<00:00, 44.09it/s]100%|█████████▉| 288/289 [00:06<00:00, 43.95it/s]
[11/30 17:50:59 TiTok-Gen]: Data (t): 0.3014, 33.33/s/gpu Batch (t): 0.9601 LR: 0.000362 Step: 9050 Loss: 7.7542 
[11/30 17:51:52 TiTok-Gen]: Data (t): 0.1195, 29.14/s/gpu Batch (t): 1.0981 LR: 0.000364 Step: 9100 Loss: 7.7529 
[11/30 17:52:45 TiTok-Gen]: Data (t): 0.3010, 27.76/s/gpu Batch (t): 1.1528 LR: 0.000366 Step: 9150 Loss: 7.6829 
[11/30 17:53:37 TiTok-Gen]: Data (t): 0.1676, 37.43/s/gpu Batch (t): 0.8548 LR: 0.000368 Step: 9200 Loss: 7.7198 
[11/30 17:54:31 TiTok-Gen]: Data (t): 0.1207, 37.51/s/gpu Batch (t): 0.8532 LR: 0.000370 Step: 9250 Loss: 7.6773 
[11/30 17:55:24 TiTok-Gen]: Data (t): 0.1213, 25.87/s/gpu Batch (t): 1.2369 LR: 0.000372 Step: 9300 Loss: 7.6812 
[11/30 17:56:19 TiTok-Gen]: Data (t): 0.1198, 26.80/s/gpu Batch (t): 1.1939 LR: 0.000374 Step: 9350 Loss: 7.7102 
[11/30 17:57:12 TiTok-Gen]: Data (t): 0.1792, 20.25/s/gpu Batch (t): 1.5804 LR: 0.000376 Step: 9400 Loss: 7.7160 
[11/30 17:58:06 TiTok-Gen]: Data (t): 0.1200, 27.47/s/gpu Batch (t): 1.1650 LR: 0.000378 Step: 9450 Loss: 7.7303 
[11/30 17:59:02 TiTok-Gen]: Data (t): 0.1207, 29.99/s/gpu Batch (t): 1.0669 LR: 0.000380 Step: 9500 Loss: 7.7118 
[11/30 17:59:55 TiTok-Gen]: Data (t): 0.1204, 25.95/s/gpu Batch (t): 1.2330 LR: 0.000382 Step: 9550 Loss: 7.7121 
[11/30 18:00:48 TiTok-Gen]: Data (t): 0.3419, 25.75/s/gpu Batch (t): 1.2428 LR: 0.000384 Step: 9600 Loss: 7.7576 
[11/30 18:01:40 TiTok-Gen]: Data (t): 0.1241, 26.92/s/gpu Batch (t): 1.1886 LR: 0.000386 Step: 9650 Loss: 7.7044 
[11/30 18:02:33 TiTok-Gen]: Data (t): 0.3353, 30.13/s/gpu Batch (t): 1.0621 LR: 0.000388 Step: 9700 Loss: 7.6999 
[11/30 18:03:25 TiTok-Gen]: Data (t): 0.1199, 45.34/s/gpu Batch (t): 0.7058 LR: 0.000390 Step: 9750 Loss: 7.7363 
[11/30 18:04:19 TiTok-Gen]: Data (t): 0.2797, 40.21/s/gpu Batch (t): 0.7957 LR: 0.000392 Step: 9800 Loss: 7.6909 
[11/30 18:05:13 TiTok-Gen]: Data (t): 0.1159, 30.11/s/gpu Batch (t): 1.0627 LR: 0.000394 Step: 9850 Loss: 7.7086 
[11/30 18:06:07 TiTok-Gen]: Data (t): 0.1121, 26.50/s/gpu Batch (t): 1.2077 LR: 0.000396 Step: 9900 Loss: 7.6918 
[11/30 18:07:00 TiTok-Gen]: Data (t): 0.1194, 28.89/s/gpu Batch (t): 1.1078 LR: 0.000398 Step: 9950 Loss: 7.6515 
[11/30 18:07:50 TiTok-Gen]: Data (t): 0.1228, 22.25/s/gpu Batch (t): 1.4385 LR: 0.000400 Step: 10000 Loss: 7.6641 
Model weights saved in checkpoints/generator/gpt_quadtree_fixtree/checkpoint-10000/unwrapped_model/pytorch_model.bin
[11/30 18:07:52 TiTok-Gen]: Saved state to checkpoints/generator/gpt_quadtree_fixtree/checkpoint-10000
Model weights saved in checkpoints/generator/gpt_quadtree_fixtree/checkpoint-10000/ema_model/pytorch_model.bin
[11/30 18:08:13 TiTok-Gen]: Generating images...
  0%|          | 0/289 [00:00<?, ?it/s]  2%|▏         | 5/289 [00:00<00:06, 43.36it/s]  3%|▎         | 10/289 [00:00<00:06, 44.46it/s]  5%|▌         | 15/289 [00:00<00:06, 44.75it/s]  7%|▋         | 20/289 [00:00<00:05, 45.00it/s]  9%|▊         | 25/289 [00:00<00:05, 44.75it/s] 10%|█         | 30/289 [00:00<00:05, 44.92it/s] 12%|█▏        | 35/289 [00:00<00:05, 45.09it/s] 14%|█▍        | 40/289 [00:00<00:05, 45.19it/s] 16%|█▌        | 45/289 [00:01<00:05, 45.06it/s] 17%|█▋        | 50/289 [00:01<00:05, 44.79it/s] 19%|█▉        | 55/289 [00:01<00:05, 44.87it/s] 21%|██        | 60/289 [00:01<00:05, 45.00it/s] 22%|██▏       | 65/289 [00:01<00:04, 45.10it/s] 24%|██▍       | 70/289 [00:01<00:04, 44.77it/s] 26%|██▌       | 75/289 [00:01<00:04, 44.96it/s] 28%|██▊       | 80/289 [00:01<00:04, 45.11it/s] 29%|██▉       | 85/289 [00:01<00:04, 45.13it/s] 31%|███       | 90/289 [00:02<00:04, 44.88it/s] 33%|███▎      | 95/289 [00:02<00:04, 45.01it/s] 35%|███▍      | 100/289 [00:02<00:04, 45.17it/s] 36%|███▋      | 105/289 [00:02<00:04, 45.26it/s] 38%|███▊      | 110/289 [00:02<00:03, 44.95it/s] 40%|███▉      | 115/289 [00:02<00:03, 45.05it/s] 42%|████▏     | 120/289 [00:02<00:03, 45.13it/s] 43%|████▎     | 125/289 [00:02<00:03, 45.10it/s] 45%|████▍     | 130/289 [00:02<00:03, 45.12it/s] 47%|████▋     | 135/289 [00:03<00:03, 44.77it/s] 48%|████▊     | 140/289 [00:03<00:03, 44.92it/s] 50%|█████     | 145/289 [00:03<00:03, 45.05it/s] 52%|█████▏    | 150/289 [00:03<00:03, 45.11it/s] 54%|█████▎    | 155/289 [00:03<00:02, 44.87it/s] 55%|█████▌    | 160/289 [00:03<00:02, 45.08it/s] 57%|█████▋    | 165/289 [00:03<00:02, 45.13it/s] 59%|█████▉    | 170/289 [00:03<00:02, 45.26it/s] 61%|██████    | 175/289 [00:03<00:02, 44.94it/s] 62%|██████▏   | 180/289 [00:04<00:02, 45.11it/s] 64%|██████▍   | 185/289 [00:04<00:02, 45.25it/s] 66%|██████▌   | 190/289 [00:04<00:02, 45.29it/s] 67%|██████▋   | 195/289 [00:04<00:02, 45.34it/s] 69%|██████▉   | 200/289 [00:04<00:01, 45.04it/s] 71%|███████   | 205/289 [00:04<00:01, 45.10it/s] 73%|███████▎  | 210/289 [00:04<00:01, 45.24it/s] 74%|███████▍  | 215/289 [00:04<00:01, 45.30it/s] 76%|███████▌  | 220/289 [00:04<00:01, 45.11it/s] 78%|███████▊  | 225/289 [00:04<00:01, 45.19it/s] 80%|███████▉  | 230/289 [00:05<00:01, 45.25it/s] 81%|████████▏ | 235/289 [00:05<00:01, 45.26it/s] 83%|████████▎ | 240/289 [00:05<00:01, 45.22it/s] 85%|████████▍ | 245/289 [00:05<00:00, 45.21it/s] 87%|████████▋ | 250/289 [00:05<00:00, 45.31it/s] 88%|████████▊ | 255/289 [00:05<00:00, 45.32it/s] 90%|████████▉ | 260/289 [00:05<00:00, 45.09it/s] 92%|█████████▏| 265/289 [00:05<00:00, 45.19it/s] 93%|█████████▎| 270/289 [00:05<00:00, 45.25it/s] 95%|█████████▌| 275/289 [00:06<00:00, 45.33it/s] 97%|█████████▋| 280/289 [00:06<00:00, 45.38it/s] 99%|█████████▊| 285/289 [00:06<00:00, 45.17it/s]100%|█████████▉| 288/289 [00:06<00:00, 44.94it/s]
[11/30 18:09:18 TiTok-Gen]: Data (t): 0.2806, 18.31/s/gpu Batch (t): 1.7481 LR: 0.000400 Step: 10050 Loss: 7.6914 
[11/30 18:09:50 TiTok-Gen]: Epoch 8/798 started.
[11/30 18:10:27 TiTok-Gen]: Data (t): 0.1127, 26.07/s/gpu Batch (t): 1.2276 LR: 0.000400 Step: 10100 Loss: 7.6896 
[11/30 18:11:22 TiTok-Gen]: Data (t): 0.1184, 36.21/s/gpu Batch (t): 0.8836 LR: 0.000400 Step: 10150 Loss: 7.6954 
[11/30 18:12:17 TiTok-Gen]: Data (t): 0.1211, 39.31/s/gpu Batch (t): 0.8141 LR: 0.000400 Step: 10200 Loss: 7.6421 
[11/30 18:13:09 TiTok-Gen]: Data (t): 0.1209, 36.75/s/gpu Batch (t): 0.8708 LR: 0.000400 Step: 10250 Loss: 7.6538 
[11/30 18:14:01 TiTok-Gen]: Data (t): 0.1967, 32.01/s/gpu Batch (t): 0.9997 LR: 0.000400 Step: 10300 Loss: 7.6352 
[11/30 18:14:54 TiTok-Gen]: Data (t): 0.1210, 27.95/s/gpu Batch (t): 1.1451 LR: 0.000400 Step: 10350 Loss: 7.6360 
[11/30 18:15:47 TiTok-Gen]: Data (t): 0.2889, 18.12/s/gpu Batch (t): 1.7658 LR: 0.000400 Step: 10400 Loss: 7.6777 
[11/30 18:16:40 TiTok-Gen]: Data (t): 0.1206, 32.45/s/gpu Batch (t): 0.9862 LR: 0.000400 Step: 10450 Loss: 7.6472 
[11/30 18:17:33 TiTok-Gen]: Data (t): 0.2996, 28.71/s/gpu Batch (t): 1.1147 LR: 0.000400 Step: 10500 Loss: 7.6370 
[11/30 18:18:27 TiTok-Gen]: Data (t): 0.1174, 27.21/s/gpu Batch (t): 1.1759 LR: 0.000400 Step: 10550 Loss: 7.6202 
[11/30 18:19:24 TiTok-Gen]: Data (t): 0.2712, 27.60/s/gpu Batch (t): 1.1593 LR: 0.000400 Step: 10600 Loss: 7.6459 
[11/30 18:20:20 TiTok-Gen]: Data (t): 0.1191, 26.41/s/gpu Batch (t): 1.2118 LR: 0.000400 Step: 10650 Loss: 7.6370 
[11/30 18:21:11 TiTok-Gen]: Data (t): 0.1188, 40.47/s/gpu Batch (t): 0.7907 LR: 0.000400 Step: 10700 Loss: 7.6606 
[11/30 18:22:08 TiTok-Gen]: Data (t): 0.1128, 31.44/s/gpu Batch (t): 1.0177 LR: 0.000400 Step: 10750 Loss: 7.6618 
[11/30 18:23:05 TiTok-Gen]: Data (t): 0.1198, 38.06/s/gpu Batch (t): 0.8408 LR: 0.000400 Step: 10800 Loss: 7.6245 
[11/30 18:24:01 TiTok-Gen]: Data (t): 0.1177, 31.70/s/gpu Batch (t): 1.0094 LR: 0.000400 Step: 10850 Loss: 7.6613 
[11/30 18:24:57 TiTok-Gen]: Data (t): 0.1197, 29.16/s/gpu Batch (t): 1.0975 LR: 0.000400 Step: 10900 Loss: 7.6509 
[11/30 18:25:53 TiTok-Gen]: Data (t): 0.1252, 30.65/s/gpu Batch (t): 1.0440 LR: 0.000400 Step: 10950 Loss: 7.6530 
[11/30 18:26:50 TiTok-Gen]: Data (t): 0.1927, 29.29/s/gpu Batch (t): 1.0925 LR: 0.000400 Step: 11000 Loss: 7.6383 
[11/30 18:26:51 TiTok-Gen]: Generating images...
  0%|          | 0/289 [00:00<?, ?it/s]  2%|▏         | 5/289 [00:00<00:06, 44.59it/s]  3%|▎         | 10/289 [00:00<00:06, 44.94it/s]  5%|▌         | 15/289 [00:00<00:06, 44.51it/s]  7%|▋         | 20/289 [00:00<00:05, 44.90it/s]  9%|▊         | 25/289 [00:00<00:05, 45.10it/s] 10%|█         | 30/289 [00:00<00:05, 44.78it/s] 12%|█▏        | 35/289 [00:00<00:05, 44.97it/s] 14%|█▍        | 40/289 [00:00<00:05, 45.14it/s] 16%|█▌        | 45/289 [00:01<00:05, 44.79it/s] 17%|█▋        | 50/289 [00:01<00:05, 44.98it/s] 19%|█▉        | 55/289 [00:01<00:05, 45.04it/s] 21%|██        | 60/289 [00:01<00:05, 44.79it/s] 22%|██▏       | 65/289 [00:01<00:04, 44.98it/s] 24%|██▍       | 70/289 [00:01<00:04, 45.04it/s] 26%|██▌       | 75/289 [00:01<00:04, 44.78it/s] 28%|██▊       | 80/289 [00:01<00:04, 44.94it/s] 29%|██▉       | 85/289 [00:01<00:04, 45.02it/s] 31%|███       | 90/289 [00:02<00:04, 44.81it/s] 33%|███▎      | 95/289 [00:02<00:04, 44.95it/s] 35%|███▍      | 100/289 [00:02<00:04, 45.10it/s] 36%|███▋      | 105/289 [00:02<00:04, 44.85it/s] 38%|███▊      | 110/289 [00:02<00:03, 44.99it/s] 40%|███▉      | 115/289 [00:02<00:03, 44.78it/s] 42%|████▏     | 120/289 [00:02<00:03, 44.99it/s] 43%|████▎     | 125/289 [00:02<00:03, 45.03it/s] 45%|████▍     | 130/289 [00:02<00:03, 44.84it/s] 47%|████▋     | 135/289 [00:03<00:03, 44.94it/s] 48%|████▊     | 140/289 [00:03<00:03, 45.09it/s] 50%|█████     | 145/289 [00:03<00:03, 44.88it/s] 52%|█████▏    | 150/289 [00:03<00:03, 45.01it/s] 54%|█████▎    | 155/289 [00:03<00:02, 45.17it/s] 55%|█████▌    | 160/289 [00:03<00:02, 45.09it/s] 57%|█████▋    | 165/289 [00:03<00:02, 45.10it/s] 59%|█████▉    | 170/289 [00:03<00:02, 45.20it/s] 61%|██████    | 175/289 [00:03<00:02, 44.90it/s] 62%|██████▏   | 180/289 [00:04<00:02, 44.99it/s] 64%|██████▍   | 185/289 [00:04<00:02, 44.98it/s] 66%|██████▌   | 190/289 [00:04<00:02, 44.28it/s] 67%|██████▋   | 195/289 [00:04<00:02, 43.47it/s] 69%|██████▉   | 200/289 [00:04<00:02, 42.98it/s] 71%|███████   | 205/289 [00:04<00:01, 42.24it/s] 73%|███████▎  | 210/289 [00:04<00:01, 42.11it/s] 74%|███████▍  | 215/289 [00:04<00:01, 41.77it/s] 76%|███████▌  | 220/289 [00:04<00:01, 41.84it/s] 78%|███████▊  | 225/289 [00:05<00:01, 41.91it/s] 80%|███████▉  | 230/289 [00:05<00:01, 42.39it/s] 81%|████████▏ | 235/289 [00:05<00:01, 43.04it/s] 83%|████████▎ | 240/289 [00:05<00:01, 43.33it/s] 85%|████████▍ | 245/289 [00:05<00:01, 43.70it/s] 87%|████████▋ | 250/289 [00:05<00:00, 44.05it/s] 88%|████████▊ | 255/289 [00:05<00:00, 43.98it/s] 90%|████████▉ | 260/289 [00:05<00:00, 44.24it/s] 92%|█████████▏| 265/289 [00:05<00:00, 44.20it/s] 93%|█████████▎| 270/289 [00:06<00:00, 44.28it/s] 95%|█████████▌| 275/289 [00:06<00:00, 44.20it/s] 97%|█████████▋| 280/289 [00:06<00:00, 44.36it/s] 99%|█████████▊| 285/289 [00:06<00:00, 44.43it/s]100%|█████████▉| 288/289 [00:06<00:00, 44.19it/s]
[11/30 18:27:56 TiTok-Gen]: Data (t): 0.3637, 30.60/s/gpu Batch (t): 1.0456 LR: 0.000400 Step: 11050 Loss: 7.6393 
[11/30 18:28:52 TiTok-Gen]: Data (t): 0.1251, 23.38/s/gpu Batch (t): 1.3687 LR: 0.000400 Step: 11100 Loss: 7.6705 
[11/30 18:29:49 TiTok-Gen]: Data (t): 0.3165, 22.96/s/gpu Batch (t): 1.3935 LR: 0.000400 Step: 11150 Loss: 7.6542 
[11/30 18:30:44 TiTok-Gen]: Data (t): 0.1214, 34.18/s/gpu Batch (t): 0.9361 LR: 0.000400 Step: 11200 Loss: 7.6552 
[11/30 18:31:38 TiTok-Gen]: Data (t): 0.1141, 31.11/s/gpu Batch (t): 1.0287 LR: 0.000400 Step: 11250 Loss: 7.6522 
[11/30 18:32:36 TiTok-Gen]: Data (t): 0.1648, 25.69/s/gpu Batch (t): 1.2456 LR: 0.000400 Step: 11300 Loss: 7.6154 
[11/30 18:33:19 TiTok-Gen]: Epoch 9/798 started.
[11/30 18:33:46 TiTok-Gen]: Data (t): 0.1130, 39.37/s/gpu Batch (t): 0.8128 LR: 0.000400 Step: 11350 Loss: 7.6290 
[11/30 18:34:36 TiTok-Gen]: Data (t): 0.1923, 34.20/s/gpu Batch (t): 0.9357 LR: 0.000400 Step: 11400 Loss: 7.5997 
[11/30 18:35:28 TiTok-Gen]: Data (t): 0.1563, 25.69/s/gpu Batch (t): 1.2456 LR: 0.000400 Step: 11450 Loss: 7.5960 
[11/30 18:36:20 TiTok-Gen]: Data (t): 0.3219, 33.13/s/gpu Batch (t): 0.9658 LR: 0.000400 Step: 11500 Loss: 7.6215 
[11/30 18:37:13 TiTok-Gen]: Data (t): 0.1202, 31.78/s/gpu Batch (t): 1.0070 LR: 0.000400 Step: 11550 Loss: 7.6132 
[11/30 18:38:08 TiTok-Gen]: Data (t): 0.2816, 32.60/s/gpu Batch (t): 0.9815 LR: 0.000400 Step: 11600 Loss: 7.6108 
[11/30 18:39:05 TiTok-Gen]: Data (t): 0.1887, 27.21/s/gpu Batch (t): 1.1759 LR: 0.000400 Step: 11650 Loss: 7.6070 
[11/30 18:39:59 TiTok-Gen]: Data (t): 0.2828, 32.86/s/gpu Batch (t): 0.9740 LR: 0.000400 Step: 11700 Loss: 7.5729 
[11/30 18:40:58 TiTok-Gen]: Data (t): 0.1196, 24.96/s/gpu Batch (t): 1.2818 LR: 0.000400 Step: 11750 Loss: 7.5753 
[11/30 18:41:53 TiTok-Gen]: Data (t): 0.1273, 36.87/s/gpu Batch (t): 0.8678 LR: 0.000400 Step: 11800 Loss: 7.6159 
[11/30 18:42:52 TiTok-Gen]: Data (t): 0.1154, 37.28/s/gpu Batch (t): 0.8584 LR: 0.000400 Step: 11850 Loss: 7.5930 
[11/30 18:43:50 TiTok-Gen]: Data (t): 0.1177, 37.15/s/gpu Batch (t): 0.8614 LR: 0.000400 Step: 11900 Loss: 7.6019 
[11/30 18:44:47 TiTok-Gen]: Data (t): 0.1227, 19.18/s/gpu Batch (t): 1.6687 LR: 0.000400 Step: 11950 Loss: 7.5977 
[11/30 18:45:43 TiTok-Gen]: Data (t): 0.1207, 19.77/s/gpu Batch (t): 1.6183 LR: 0.000400 Step: 12000 Loss: 7.5664 
[11/30 18:45:45 TiTok-Gen]: Generating images...
  0%|          | 0/289 [00:00<?, ?it/s]  2%|▏         | 5/289 [00:00<00:06, 43.36it/s]  3%|▎         | 10/289 [00:00<00:06, 43.14it/s]  5%|▌         | 15/289 [00:00<00:06, 43.57it/s]  7%|▋         | 20/289 [00:00<00:06, 43.90it/s]  9%|▊         | 25/289 [00:00<00:05, 44.08it/s] 10%|█         | 30/289 [00:00<00:05, 44.17it/s] 12%|█▏        | 35/289 [00:00<00:05, 44.27it/s] 14%|█▍        | 40/289 [00:00<00:05, 44.13it/s] 16%|█▌        | 45/289 [00:01<00:05, 44.21it/s] 17%|█▋        | 50/289 [00:01<00:05, 44.24it/s] 19%|█▉        | 55/289 [00:01<00:05, 44.26it/s] 21%|██        | 60/289 [00:01<00:05, 44.34it/s] 22%|██▏       | 65/289 [00:01<00:05, 44.42it/s] 24%|██▍       | 70/289 [00:01<00:04, 44.42it/s] 26%|██▌       | 75/289 [00:01<00:04, 44.29it/s] 28%|██▊       | 80/289 [00:01<00:04, 44.38it/s] 29%|██▉       | 85/289 [00:01<00:04, 44.36it/s] 31%|███       | 90/289 [00:02<00:04, 44.42it/s] 33%|███▎      | 95/289 [00:02<00:04, 44.39it/s] 35%|███▍      | 100/289 [00:02<00:04, 44.45it/s] 36%|███▋      | 105/289 [00:02<00:04, 44.39it/s] 38%|███▊      | 110/289 [00:02<00:04, 44.40it/s] 40%|███▉      | 115/289 [00:02<00:03, 44.47it/s] 42%|████▏     | 120/289 [00:02<00:03, 44.52it/s] 43%|████▎     | 125/289 [00:02<00:03, 44.49it/s] 45%|████▍     | 130/289 [00:02<00:03, 44.52it/s] 47%|████▋     | 135/289 [00:03<00:03, 44.25it/s] 48%|████▊     | 140/289 [00:03<00:03, 44.34it/s] 50%|█████     | 145/289 [00:03<00:03, 44.42it/s] 52%|█████▏    | 150/289 [00:03<00:03, 44.43it/s] 54%|█████▎    | 155/289 [00:03<00:03, 44.51it/s] 55%|█████▌    | 160/289 [00:03<00:02, 44.56it/s] 57%|█████▋    | 165/289 [00:03<00:02, 44.34it/s] 59%|█████▉    | 170/289 [00:03<00:02, 44.44it/s] 61%|██████    | 175/289 [00:03<00:02, 44.44it/s] 62%|██████▏   | 180/289 [00:04<00:02, 44.46it/s] 64%|██████▍   | 185/289 [00:04<00:02, 44.52it/s] 66%|██████▌   | 190/289 [00:04<00:02, 44.49it/s] 67%|██████▋   | 195/289 [00:04<00:02, 44.22it/s] 69%|██████▉   | 200/289 [00:04<00:02, 44.34it/s] 71%|███████   | 205/289 [00:04<00:01, 44.37it/s] 73%|███████▎  | 210/289 [00:04<00:01, 44.46it/s] 74%|███████▍  | 215/289 [00:04<00:01, 44.47it/s] 76%|███████▌  | 220/289 [00:04<00:01, 44.53it/s] 78%|███████▊  | 225/289 [00:05<00:01, 44.53it/s] 80%|███████▉  | 230/289 [00:05<00:01, 44.11it/s] 81%|████████▏ | 235/289 [00:05<00:01, 44.26it/s] 83%|████████▎ | 240/289 [00:05<00:01, 44.37it/s] 85%|████████▍ | 245/289 [00:05<00:00, 44.39it/s] 87%|████████▋ | 250/289 [00:05<00:00, 44.48it/s] 88%|████████▊ | 255/289 [00:05<00:00, 44.44it/s] 90%|████████▉ | 260/289 [00:05<00:00, 44.12it/s] 92%|█████████▏| 265/289 [00:05<00:00, 44.29it/s] 93%|█████████▎| 270/289 [00:06<00:00, 44.29it/s] 95%|█████████▌| 275/289 [00:06<00:00, 44.39it/s] 97%|█████████▋| 280/289 [00:06<00:00, 44.48it/s] 99%|█████████▊| 285/289 [00:06<00:00, 44.44it/s]100%|█████████▉| 288/289 [00:06<00:00, 44.20it/s]
[11/30 18:46:48 TiTok-Gen]: Data (t): 0.1241, 25.29/s/gpu Batch (t): 1.2655 LR: 0.000400 Step: 12050 Loss: 7.6053 
[11/30 18:47:45 TiTok-Gen]: Data (t): 0.1219, 19.36/s/gpu Batch (t): 1.6525 LR: 0.000400 Step: 12100 Loss: 7.5992 
[11/30 18:48:44 TiTok-Gen]: Data (t): 0.2757, 25.16/s/gpu Batch (t): 1.2719 LR: 0.000400 Step: 12150 Loss: 7.5769 
[11/30 18:49:39 TiTok-Gen]: Data (t): 0.1211, 26.55/s/gpu Batch (t): 1.2051 LR: 0.000400 Step: 12200 Loss: 7.5991 
[11/30 18:50:36 TiTok-Gen]: Data (t): 0.2722, 35.44/s/gpu Batch (t): 0.9030 LR: 0.000400 Step: 12250 Loss: 7.6065 
[11/30 18:51:32 TiTok-Gen]: Data (t): 0.1185, 31.88/s/gpu Batch (t): 1.0039 LR: 0.000400 Step: 12300 Loss: 7.5865 
[11/30 18:52:29 TiTok-Gen]: Data (t): 0.1181, 31.73/s/gpu Batch (t): 1.0085 LR: 0.000400 Step: 12350 Loss: 7.5922 
[11/30 18:53:24 TiTok-Gen]: Data (t): 0.1679, 32.89/s/gpu Batch (t): 0.9728 LR: 0.000400 Step: 12400 Loss: 7.5789 
[11/30 18:54:19 TiTok-Gen]: Data (t): 0.1230, 23.12/s/gpu Batch (t): 1.3841 LR: 0.000400 Step: 12450 Loss: 7.6388 
[11/30 18:55:15 TiTok-Gen]: Data (t): 0.1761, 26.74/s/gpu Batch (t): 1.1966 LR: 0.000400 Step: 12500 Loss: 7.6058 
[11/30 18:56:11 TiTok-Gen]: Data (t): 0.1206, 31.78/s/gpu Batch (t): 1.0068 LR: 0.000400 Step: 12550 Loss: 7.5962 
[11/30 18:57:07 TiTok-Gen]: Data (t): 0.1201, 30.93/s/gpu Batch (t): 1.0344 LR: 0.000400 Step: 12600 Loss: 7.6282 
[11/30 18:57:07 TiTok-Gen]: Epoch 10/798 started.
[11/30 18:58:21 TiTok-Gen]: Data (t): 0.1437, 34.40/s/gpu Batch (t): 0.9301 LR: 0.000400 Step: 12650 Loss: 7.5614 
[11/30 18:59:15 TiTok-Gen]: Data (t): 0.3674, 29.07/s/gpu Batch (t): 1.1009 LR: 0.000400 Step: 12700 Loss: 7.5707 
[11/30 19:00:06 TiTok-Gen]: Data (t): 0.1214, 25.33/s/gpu Batch (t): 1.2634 LR: 0.000400 Step: 12750 Loss: 7.5647 
[11/30 19:01:02 TiTok-Gen]: Data (t): 0.3133, 29.04/s/gpu Batch (t): 1.1019 LR: 0.000400 Step: 12800 Loss: 7.5616 
[11/30 19:01:58 TiTok-Gen]: Data (t): 0.1792, 30.03/s/gpu Batch (t): 1.0656 LR: 0.000400 Step: 12850 Loss: 7.5628 
[11/30 19:02:52 TiTok-Gen]: Data (t): 0.2780, 37.30/s/gpu Batch (t): 0.8580 LR: 0.000400 Step: 12900 Loss: 7.5308 
[11/30 19:03:45 TiTok-Gen]: Data (t): 0.1322, 24.23/s/gpu Batch (t): 1.3208 LR: 0.000400 Step: 12950 Loss: 7.5164 
[11/30 19:04:39 TiTok-Gen]: Data (t): 0.1795, 22.86/s/gpu Batch (t): 1.3996 LR: 0.000400 Step: 13000 Loss: 7.5663 
[11/30 19:04:40 TiTok-Gen]: Generating images...
  0%|          | 0/289 [00:00<?, ?it/s]  2%|▏         | 5/289 [00:00<00:06, 43.96it/s]  3%|▎         | 10/289 [00:00<00:06, 44.24it/s]  5%|▌         | 15/289 [00:00<00:06, 44.28it/s]  7%|▋         | 20/289 [00:00<00:06, 44.39it/s]  9%|▊         | 25/289 [00:00<00:05, 44.45it/s] 10%|█         | 30/289 [00:00<00:05, 44.39it/s] 12%|█▏        | 35/289 [00:00<00:05, 44.46it/s] 14%|█▍        | 40/289 [00:00<00:05, 44.34it/s] 16%|█▌        | 45/289 [00:01<00:05, 44.39it/s] 17%|█▋        | 50/289 [00:01<00:05, 44.51it/s] 19%|█▉        | 55/289 [00:01<00:05, 44.28it/s] 21%|██        | 60/289 [00:01<00:05, 44.40it/s] 22%|██▏       | 65/289 [00:01<00:05, 44.32it/s] 24%|██▍       | 70/289 [00:01<00:04, 44.42it/s] 26%|██▌       | 75/289 [00:01<00:04, 44.52it/s] 28%|██▊       | 80/289 [00:01<00:04, 44.36it/s] 29%|██▉       | 85/289 [00:01<00:04, 44.40it/s] 31%|███       | 90/289 [00:02<00:04, 44.53it/s] 33%|███▎      | 95/289 [00:02<00:04, 44.14it/s] 35%|███▍      | 100/289 [00:02<00:04, 44.32it/s] 36%|███▋      | 105/289 [00:02<00:04, 44.44it/s] 38%|███▊      | 110/289 [00:02<00:04, 44.28it/s] 40%|███▉      | 115/289 [00:02<00:03, 44.42it/s] 42%|████▏     | 120/289 [00:02<00:03, 44.36it/s] 43%|████▎     | 125/289 [00:02<00:03, 44.43it/s] 45%|████▍     | 130/289 [00:02<00:03, 44.51it/s] 47%|████▋     | 135/289 [00:03<00:03, 44.41it/s] 48%|████▊     | 140/289 [00:03<00:03, 44.52it/s] 50%|█████     | 145/289 [00:03<00:03, 44.36it/s] 52%|█████▏    | 150/289 [00:03<00:03, 44.45it/s] 54%|█████▎    | 155/289 [00:03<00:03, 44.58it/s] 55%|█████▌    | 160/289 [00:03<00:02, 44.47it/s] 57%|█████▋    | 165/289 [00:03<00:02, 44.51it/s] 59%|█████▉    | 170/289 [00:03<00:02, 44.36it/s] 61%|██████    | 175/289 [00:03<00:02, 44.44it/s] 62%|██████▏   | 180/289 [00:04<00:02, 44.57it/s] 64%|██████▍   | 185/289 [00:04<00:02, 44.27it/s] 66%|██████▌   | 190/289 [00:04<00:02, 44.40it/s] 67%|██████▋   | 195/289 [00:04<00:02, 44.52it/s] 69%|██████▉   | 200/289 [00:04<00:02, 44.22it/s] 71%|███████   | 205/289 [00:04<00:01, 44.36it/s] 73%|███████▎  | 210/289 [00:04<00:01, 44.47it/s] 74%|███████▍  | 215/289 [00:04<00:01, 44.15it/s] 76%|███████▌  | 220/289 [00:04<00:01, 44.35it/s] 78%|███████▊  | 225/289 [00:05<00:01, 44.50it/s] 80%|███████▉  | 230/289 [00:05<00:01, 44.55it/s] 81%|████████▏ | 235/289 [00:05<00:01, 44.24it/s] 83%|████████▎ | 240/289 [00:05<00:01, 44.41it/s] 85%|████████▍ | 245/289 [00:05<00:00, 44.48it/s] 87%|████████▋ | 250/289 [00:05<00:00, 44.21it/s] 88%|████████▊ | 255/289 [00:05<00:00, 44.35it/s] 90%|████████▉ | 260/289 [00:05<00:00, 44.50it/s] 92%|█████████▏| 265/289 [00:05<00:00, 44.22it/s] 93%|█████████▎| 270/289 [00:06<00:00, 44.36it/s] 95%|█████████▌| 275/289 [00:06<00:00, 44.52it/s] 97%|█████████▋| 280/289 [00:06<00:00, 44.39it/s] 99%|█████████▊| 285/289 [00:06<00:00, 44.46it/s]100%|█████████▉| 288/289 [00:06<00:00, 44.25it/s]
[11/30 19:05:42 TiTok-Gen]: Data (t): 0.1206, 25.92/s/gpu Batch (t): 1.2346 LR: 0.000400 Step: 13050 Loss: 7.5840 
[11/30 19:06:36 TiTok-Gen]: Data (t): 0.1411, 30.67/s/gpu Batch (t): 1.0433 LR: 0.000400 Step: 13100 Loss: 7.5405 
[11/30 19:07:28 TiTok-Gen]: Data (t): 0.1202, 31.56/s/gpu Batch (t): 1.0139 LR: 0.000400 Step: 13150 Loss: 7.5896 
[11/30 19:08:21 TiTok-Gen]: Data (t): 0.1176, 30.36/s/gpu Batch (t): 1.0542 LR: 0.000400 Step: 13200 Loss: 7.5686 
[11/30 19:09:12 TiTok-Gen]: Data (t): 0.3520, 30.39/s/gpu Batch (t): 1.0529 LR: 0.000400 Step: 13250 Loss: 7.5591 
[11/30 19:10:01 TiTok-Gen]: Data (t): 0.1172, 26.47/s/gpu Batch (t): 1.2088 LR: 0.000400 Step: 13300 Loss: 7.5799 
[11/30 19:10:56 TiTok-Gen]: Data (t): 0.2754, 31.43/s/gpu Batch (t): 1.0180 LR: 0.000400 Step: 13350 Loss: 7.6115 
[11/30 19:11:49 TiTok-Gen]: Data (t): 0.1174, 23.03/s/gpu Batch (t): 1.3896 LR: 0.000400 Step: 13400 Loss: 7.5655 
[11/30 19:12:44 TiTok-Gen]: Data (t): 0.3117, 30.61/s/gpu Batch (t): 1.0452 LR: 0.000400 Step: 13450 Loss: 7.5614 
[11/30 19:13:34 TiTok-Gen]: Data (t): 0.1212, 31.80/s/gpu Batch (t): 1.0064 LR: 0.000400 Step: 13500 Loss: 7.5752 
[11/30 19:14:26 TiTok-Gen]: Data (t): 0.1242, 31.34/s/gpu Batch (t): 1.0211 LR: 0.000400 Step: 13550 Loss: 7.5596 
[11/30 19:15:19 TiTok-Gen]: Data (t): 0.1214, 29.86/s/gpu Batch (t): 1.0716 LR: 0.000400 Step: 13600 Loss: 7.5692 
[11/30 19:16:10 TiTok-Gen]: Data (t): 0.1127, 35.69/s/gpu Batch (t): 0.8966 LR: 0.000400 Step: 13650 Loss: 7.5529 
[11/30 19:17:02 TiTok-Gen]: Data (t): 0.1203, 23.66/s/gpu Batch (t): 1.3524 LR: 0.000400 Step: 13700 Loss: 7.5188 
[11/30 19:17:55 TiTok-Gen]: Data (t): 0.1809, 35.40/s/gpu Batch (t): 0.9040 LR: 0.000400 Step: 13750 Loss: 7.6016 
[11/30 19:18:49 TiTok-Gen]: Data (t): 0.1876, 30.52/s/gpu Batch (t): 1.0485 LR: 0.000400 Step: 13800 Loss: 7.5659 
[11/30 19:19:39 TiTok-Gen]: Data (t): 0.1176, 41.60/s/gpu Batch (t): 0.7692 LR: 0.000400 Step: 13850 Loss: 7.5362 
[11/30 19:19:50 TiTok-Gen]: Epoch 11/798 started.
[11/30 19:20:48 TiTok-Gen]: Data (t): 0.2836, 29.97/s/gpu Batch (t): 1.0678 LR: 0.000400 Step: 13900 Loss: 7.5476 
[11/30 19:21:38 TiTok-Gen]: Data (t): 0.1189, 34.70/s/gpu Batch (t): 0.9221 LR: 0.000400 Step: 13950 Loss: 7.5049 
[11/30 19:22:32 TiTok-Gen]: Data (t): 0.3087, 26.18/s/gpu Batch (t): 1.2221 LR: 0.000400 Step: 14000 Loss: 7.4930 
[11/30 19:22:33 TiTok-Gen]: Generating images...
  0%|          | 0/289 [00:00<?, ?it/s]  2%|▏         | 5/289 [00:00<00:06, 43.56it/s]  3%|▎         | 10/289 [00:00<00:06, 43.59it/s]  5%|▌         | 15/289 [00:00<00:06, 43.90it/s]  7%|▋         | 20/289 [00:00<00:06, 43.61it/s]  9%|▊         | 25/289 [00:00<00:06, 43.90it/s] 10%|█         | 30/289 [00:00<00:05, 43.81it/s] 12%|█▏        | 35/289 [00:00<00:05, 44.02it/s] 14%|█▍        | 40/289 [00:00<00:05, 43.96it/s] 16%|█▌        | 45/289 [00:01<00:05, 44.04it/s] 17%|█▋        | 50/289 [00:01<00:05, 44.04it/s] 19%|█▉        | 55/289 [00:01<00:05, 44.11it/s] 21%|██        | 60/289 [00:01<00:05, 44.03it/s] 22%|██▏       | 65/289 [00:01<00:05, 43.91it/s] 24%|██▍       | 70/289 [00:01<00:04, 44.03it/s] 26%|██▌       | 75/289 [00:01<00:04, 44.16it/s] 28%|██▊       | 80/289 [00:01<00:04, 43.87it/s] 29%|██▉       | 85/289 [00:01<00:04, 44.00it/s] 31%|███       | 90/289 [00:02<00:04, 43.80it/s] 33%|███▎      | 95/289 [00:02<00:04, 43.98it/s] 35%|███▍      | 100/289 [00:02<00:04, 43.77it/s] 36%|███▋      | 105/289 [00:02<00:04, 43.99it/s] 38%|███▊      | 110/289 [00:02<00:04, 44.10it/s] 40%|███▉      | 115/289 [00:02<00:03, 43.86it/s] 42%|████▏     | 120/289 [00:02<00:03, 44.07it/s] 43%|████▎     | 125/289 [00:02<00:03, 43.77it/s] 45%|████▍     | 130/289 [00:02<00:03, 44.01it/s] 47%|████▋     | 135/289 [00:03<00:03, 44.13it/s] 48%|████▊     | 140/289 [00:03<00:03, 43.89it/s] 50%|█████     | 145/289 [00:03<00:03, 44.07it/s] 52%|█████▏    | 150/289 [00:03<00:03, 43.79it/s] 54%|█████▎    | 155/289 [00:03<00:03, 44.03it/s] 55%|█████▌    | 160/289 [00:03<00:02, 43.95it/s] 57%|█████▋    | 165/289 [00:03<00:02, 44.07it/s] 59%|█████▉    | 170/289 [00:03<00:02, 43.92it/s] 61%|██████    | 175/289 [00:03<00:02, 44.06it/s] 62%|██████▏   | 180/289 [00:04<00:02, 44.02it/s] 64%|██████▍   | 185/289 [00:04<00:02, 44.12it/s] 66%|██████▌   | 190/289 [00:04<00:02, 44.16it/s] 67%|██████▋   | 195/289 [00:04<00:02, 44.24it/s] 69%|██████▉   | 200/289 [00:04<00:02, 44.04it/s] 71%|███████   | 205/289 [00:04<00:01, 44.12it/s] 73%|███████▎  | 210/289 [00:04<00:01, 44.25it/s] 74%|███████▍  | 215/289 [00:04<00:01, 44.10it/s] 76%|███████▌  | 220/289 [00:04<00:01, 44.25it/s] 78%|███████▊  | 225/289 [00:05<00:01, 44.35it/s] 80%|███████▉  | 230/289 [00:05<00:01, 44.16it/s] 81%|████████▏ | 235/289 [00:05<00:01, 44.26it/s] 83%|████████▎ | 240/289 [00:05<00:01, 44.36it/s] 85%|████████▍ | 245/289 [00:05<00:00, 44.17it/s] 87%|████████▋ | 250/289 [00:05<00:00, 44.29it/s] 88%|████████▊ | 255/289 [00:05<00:00, 44.12it/s] 90%|████████▉ | 260/289 [00:05<00:00, 44.21it/s] 92%|█████████▏| 265/289 [00:06<00:00, 44.28it/s] 93%|█████████▎| 270/289 [00:06<00:00, 44.10it/s] 95%|█████████▌| 275/289 [00:06<00:00, 44.23it/s] 97%|█████████▋| 280/289 [00:06<00:00, 44.34it/s] 99%|█████████▊| 285/289 [00:06<00:00, 44.14it/s]100%|█████████▉| 288/289 [00:06<00:00, 43.91it/s]
[11/30 19:23:34 TiTok-Gen]: Data (t): 0.1267, 34.97/s/gpu Batch (t): 0.9150 LR: 0.000400 Step: 14050 Loss: 7.5357 
[11/30 19:24:28 TiTok-Gen]: Data (t): 0.1213, 25.19/s/gpu Batch (t): 1.2703 LR: 0.000400 Step: 14100 Loss: 7.4868 
[11/30 19:25:20 TiTok-Gen]: Data (t): 0.1176, 40.35/s/gpu Batch (t): 0.7930 LR: 0.000400 Step: 14150 Loss: 7.5258 
[11/30 19:26:12 TiTok-Gen]: Data (t): 0.1992, 37.76/s/gpu Batch (t): 0.8474 LR: 0.000400 Step: 14200 Loss: 7.5260 
[11/30 19:27:07 TiTok-Gen]: Data (t): 0.1184, 25.25/s/gpu Batch (t): 1.2673 LR: 0.000400 Step: 14250 Loss: 7.5022 
[11/30 19:28:01 TiTok-Gen]: Data (t): 0.1189, 25.73/s/gpu Batch (t): 1.2438 LR: 0.000400 Step: 14300 Loss: 7.5111 
[11/30 19:28:54 TiTok-Gen]: Data (t): 0.2839, 32.85/s/gpu Batch (t): 0.9741 LR: 0.000400 Step: 14350 Loss: 7.5054 
[11/30 19:29:48 TiTok-Gen]: Data (t): 0.1190, 26.65/s/gpu Batch (t): 1.2009 LR: 0.000400 Step: 14400 Loss: 7.4874 
[11/30 19:30:42 TiTok-Gen]: Data (t): 0.2790, 30.88/s/gpu Batch (t): 1.0364 LR: 0.000400 Step: 14450 Loss: 7.5104 
[11/30 19:31:38 TiTok-Gen]: Data (t): 0.1453, 23.59/s/gpu Batch (t): 1.3568 LR: 0.000400 Step: 14500 Loss: 7.5187 
[11/30 19:32:30 TiTok-Gen]: Data (t): 0.2765, 31.85/s/gpu Batch (t): 1.0048 LR: 0.000400 Step: 14550 Loss: 7.5530 
[11/30 19:33:24 TiTok-Gen]: Data (t): 0.1792, 27.26/s/gpu Batch (t): 1.1740 LR: 0.000400 Step: 14600 Loss: 7.5417 
[11/30 19:34:17 TiTok-Gen]: Data (t): 0.1185, 25.49/s/gpu Batch (t): 1.2554 LR: 0.000400 Step: 14650 Loss: 7.5201 
[11/30 19:35:09 TiTok-Gen]: Data (t): 0.1217, 38.17/s/gpu Batch (t): 0.8383 LR: 0.000400 Step: 14700 Loss: 7.5175 
[11/30 19:36:01 TiTok-Gen]: Data (t): 0.1209, 22.07/s/gpu Batch (t): 1.4498 LR: 0.000400 Step: 14750 Loss: 7.5674 
[11/30 19:36:55 TiTok-Gen]: Data (t): 0.1201, 31.91/s/gpu Batch (t): 1.0028 LR: 0.000400 Step: 14800 Loss: 7.5521 
[11/30 19:37:48 TiTok-Gen]: Data (t): 0.1216, 27.11/s/gpu Batch (t): 1.1802 LR: 0.000400 Step: 14850 Loss: 7.5160 
[11/30 19:38:42 TiTok-Gen]: Data (t): 0.1186, 32.01/s/gpu Batch (t): 0.9997 LR: 0.000400 Step: 14900 Loss: 7.5280 
[11/30 19:39:36 TiTok-Gen]: Data (t): 0.1180, 23.10/s/gpu Batch (t): 1.3850 LR: 0.000400 Step: 14950 Loss: 7.5590 
[11/30 19:40:29 TiTok-Gen]: Data (t): 0.2775, 17.22/s/gpu Batch (t): 1.8586 LR: 0.000400 Step: 15000 Loss: 7.5128 
[11/30 19:40:30 TiTok-Gen]: Generating images...
  0%|          | 0/289 [00:00<?, ?it/s]  2%|▏         | 5/289 [00:00<00:06, 42.27it/s]  3%|▎         | 10/289 [00:00<00:06, 43.23it/s]  5%|▌         | 15/289 [00:00<00:06, 43.33it/s]  7%|▋         | 20/289 [00:00<00:06, 43.23it/s]  9%|▊         | 25/289 [00:00<00:06, 43.44it/s] 10%|█         | 30/289 [00:00<00:05, 43.38it/s] 12%|█▏        | 35/289 [00:00<00:05, 43.37it/s] 14%|█▍        | 40/289 [00:00<00:05, 43.62it/s] 16%|█▌        | 45/289 [00:01<00:05, 43.48it/s] 17%|█▋        | 50/289 [00:01<00:05, 43.65it/s] 19%|█▉        | 55/289 [00:01<00:05, 43.51it/s] 21%|██        | 60/289 [00:01<00:05, 43.50it/s] 22%|██▏       | 65/289 [00:01<00:05, 43.67it/s] 24%|██▍       | 70/289 [00:01<00:05, 43.52it/s] 26%|██▌       | 75/289 [00:01<00:04, 43.69it/s] 28%|██▊       | 80/289 [00:01<00:04, 43.62it/s] 29%|██▉       | 85/289 [00:01<00:04, 43.70it/s] 31%|███       | 90/289 [00:02<00:04, 43.70it/s] 33%|███▎      | 95/289 [00:02<00:04, 43.56it/s] 35%|███▍      | 100/289 [00:02<00:04, 43.72it/s] 36%|███▋      | 105/289 [00:02<00:04, 43.67it/s] 38%|███▊      | 110/289 [00:02<00:04, 43.75it/s] 40%|███▉      | 115/289 [00:02<00:03, 43.58it/s] 42%|████▏     | 120/289 [00:02<00:03, 43.34it/s] 43%|████▎     | 125/289 [00:02<00:03, 43.48it/s] 45%|████▍     | 130/289 [00:02<00:03, 43.69it/s] 47%|████▋     | 135/289 [00:03<00:03, 43.58it/s] 48%|████▊     | 140/289 [00:03<00:03, 43.55it/s] 50%|█████     | 145/289 [00:03<00:03, 43.71it/s] 52%|█████▏    | 150/289 [00:03<00:03, 43.66it/s] 54%|█████▎    | 155/289 [00:03<00:03, 43.60it/s] 55%|█████▌    | 160/289 [00:03<00:02, 43.78it/s] 57%|█████▋    | 165/289 [00:03<00:02, 43.56it/s] 59%|█████▉    | 170/289 [00:03<00:02, 43.70it/s] 61%|██████    | 175/289 [00:04<00:02, 43.43it/s] 62%|██████▏   | 180/289 [00:04<00:02, 43.65it/s] 64%|██████▍   | 185/289 [00:04<00:02, 42.97it/s] 66%|██████▌   | 190/289 [00:04<00:02, 42.60it/s] 67%|██████▋   | 195/289 [00:04<00:02, 42.15it/s] 69%|██████▉   | 200/289 [00:04<00:02, 42.12it/s] 71%|███████   | 205/289 [00:04<00:02, 41.79it/s] 73%|███████▎  | 210/289 [00:04<00:01, 41.85it/s] 74%|███████▍  | 215/289 [00:04<00:01, 41.65it/s] 76%|███████▌  | 220/289 [00:05<00:01, 41.81it/s] 78%|███████▊  | 225/289 [00:05<00:01, 41.68it/s] 80%|███████▉  | 230/289 [00:05<00:01, 41.74it/s] 81%|████████▏ | 235/289 [00:05<00:01, 41.58it/s] 83%|████████▎ | 240/289 [00:05<00:01, 41.39it/s] 85%|████████▍ | 245/289 [00:05<00:01, 41.38it/s] 87%|████████▋ | 250/289 [00:05<00:00, 41.33it/s] 88%|████████▊ | 255/289 [00:05<00:00, 41.42it/s] 90%|████████▉ | 260/289 [00:06<00:00, 41.48it/s] 92%|█████████▏| 265/289 [00:06<00:00, 41.61it/s] 93%|█████████▎| 270/289 [00:06<00:00, 41.33it/s] 95%|█████████▌| 275/289 [00:06<00:00, 42.14it/s] 97%|█████████▋| 280/289 [00:06<00:00, 42.68it/s] 99%|█████████▊| 285/289 [00:06<00:00, 43.18it/s]100%|█████████▉| 288/289 [00:06<00:00, 42.78it/s]
[11/30 19:41:32 TiTok-Gen]: Data (t): 0.1196, 23.30/s/gpu Batch (t): 1.3732 LR: 0.000400 Step: 15050 Loss: 7.5252 
[11/30 19:42:26 TiTok-Gen]: Data (t): 0.1265, 28.42/s/gpu Batch (t): 1.1260 LR: 0.000400 Step: 15100 Loss: 7.5226 
[11/30 19:42:46 TiTok-Gen]: Epoch 12/798 started.
[11/30 19:43:33 TiTok-Gen]: Data (t): 0.1342, 29.59/s/gpu Batch (t): 1.0815 LR: 0.000400 Step: 15150 Loss: 7.4864 
[11/30 19:44:24 TiTok-Gen]: Data (t): 0.1203, 31.00/s/gpu Batch (t): 1.0324 LR: 0.000400 Step: 15200 Loss: 7.4419 
[11/30 19:45:17 TiTok-Gen]: Data (t): 0.1157, 33.22/s/gpu Batch (t): 0.9634 LR: 0.000400 Step: 15250 Loss: 7.4851 
[11/30 19:46:09 TiTok-Gen]: Data (t): 0.1192, 38.79/s/gpu Batch (t): 0.8250 LR: 0.000400 Step: 15300 Loss: 7.5014 
[11/30 19:47:04 TiTok-Gen]: Data (t): 0.2795, 31.02/s/gpu Batch (t): 1.0315 LR: 0.000400 Step: 15350 Loss: 7.4864 
[11/30 19:48:02 TiTok-Gen]: Data (t): 0.1184, 24.62/s/gpu Batch (t): 1.2996 LR: 0.000400 Step: 15400 Loss: 7.4797 
[11/30 19:48:56 TiTok-Gen]: Data (t): 0.2894, 30.57/s/gpu Batch (t): 1.0469 LR: 0.000400 Step: 15450 Loss: 7.4635 
[11/30 19:49:48 TiTok-Gen]: Data (t): 0.1772, 37.10/s/gpu Batch (t): 0.8625 LR: 0.000400 Step: 15500 Loss: 7.4409 
[11/30 19:50:40 TiTok-Gen]: Data (t): 0.3396, 25.47/s/gpu Batch (t): 1.2561 LR: 0.000400 Step: 15550 Loss: 7.4974 
[11/30 19:51:33 TiTok-Gen]: Data (t): 0.1181, 33.57/s/gpu Batch (t): 0.9532 LR: 0.000400 Step: 15600 Loss: 7.5064 
[11/30 19:52:26 TiTok-Gen]: Data (t): 0.1522, 25.41/s/gpu Batch (t): 1.2591 LR: 0.000400 Step: 15650 Loss: 7.4355 
[11/30 19:53:20 TiTok-Gen]: Data (t): 0.1266, 24.42/s/gpu Batch (t): 1.3104 LR: 0.000400 Step: 15700 Loss: 7.4841 
[11/30 19:54:12 TiTok-Gen]: Data (t): 0.1192, 33.08/s/gpu Batch (t): 0.9672 LR: 0.000400 Step: 15750 Loss: 7.4644 
[11/30 19:55:05 TiTok-Gen]: Data (t): 0.1203, 27.18/s/gpu Batch (t): 1.1775 LR: 0.000400 Step: 15800 Loss: 7.4859 
[11/30 19:55:59 TiTok-Gen]: Data (t): 0.1843, 31.28/s/gpu Batch (t): 1.0231 LR: 0.000400 Step: 15850 Loss: 7.4653 
[11/30 19:56:54 TiTok-Gen]: Data (t): 0.1763, 39.31/s/gpu Batch (t): 0.8141 LR: 0.000400 Step: 15900 Loss: 7.5077 
[11/30 19:57:49 TiTok-Gen]: Data (t): 0.1208, 26.26/s/gpu Batch (t): 1.2184 LR: 0.000400 Step: 15950 Loss: 7.4919 
[11/30 19:58:46 TiTok-Gen]: Data (t): 0.2854, 17.86/s/gpu Batch (t): 1.7918 LR: 0.000400 Step: 16000 Loss: 7.5258 
[11/30 19:58:48 TiTok-Gen]: Generating images...
  0%|          | 0/289 [00:00<?, ?it/s]  2%|▏         | 5/289 [00:00<00:06, 43.93it/s]  3%|▎         | 10/289 [00:00<00:06, 44.26it/s]  5%|▌         | 15/289 [00:00<00:06, 44.30it/s]  7%|▋         | 20/289 [00:00<00:06, 44.37it/s]  9%|▊         | 25/289 [00:00<00:05, 44.40it/s] 10%|█         | 30/289 [00:00<00:05, 44.40it/s] 12%|█▏        | 35/289 [00:00<00:05, 44.45it/s] 14%|█▍        | 40/289 [00:00<00:05, 44.49it/s] 16%|█▌        | 45/289 [00:01<00:05, 44.44it/s] 17%|█▋        | 50/289 [00:01<00:05, 44.55it/s] 19%|█▉        | 55/289 [00:01<00:05, 44.53it/s] 21%|██        | 60/289 [00:01<00:05, 44.61it/s] 22%|██▏       | 65/289 [00:01<00:05, 44.67it/s] 24%|██▍       | 70/289 [00:01<00:04, 44.62it/s] 26%|██▌       | 75/289 [00:01<00:04, 44.65it/s] 28%|██▊       | 80/289 [00:01<00:04, 44.67it/s] 29%|██▉       | 85/289 [00:01<00:04, 44.48it/s] 31%|███       | 90/289 [00:02<00:04, 44.54it/s] 33%|███▎      | 95/289 [00:02<00:04, 44.57it/s] 35%|███▍      | 100/289 [00:02<00:04, 44.66it/s] 36%|███▋      | 105/289 [00:02<00:04, 44.70it/s] 38%|███▊      | 110/289 [00:02<00:04, 44.73it/s] 40%|███▉      | 115/289 [00:02<00:03, 44.76it/s] 42%|████▏     | 120/289 [00:02<00:03, 44.80it/s] 43%|████▎     | 125/289 [00:02<00:03, 44.77it/s] 45%|████▍     | 130/289 [00:02<00:03, 44.81it/s] 47%|████▋     | 135/289 [00:03<00:03, 44.74it/s] 48%|████▊     | 140/289 [00:03<00:03, 44.79it/s] 50%|█████     | 145/289 [00:03<00:03, 44.79it/s] 52%|█████▏    | 150/289 [00:03<00:03, 44.73it/s] 54%|█████▎    | 155/289 [00:03<00:02, 44.76it/s] 55%|█████▌    | 160/289 [00:03<00:02, 44.78it/s] 57%|█████▋    | 165/289 [00:03<00:02, 44.75it/s] 59%|█████▉    | 170/289 [00:03<00:02, 44.58it/s] 61%|██████    | 175/289 [00:03<00:02, 44.58it/s] 62%|██████▏   | 180/289 [00:04<00:02, 44.67it/s] 64%|██████▍   | 185/289 [00:04<00:02, 44.74it/s] 66%|██████▌   | 190/289 [00:04<00:02, 44.71it/s] 67%|██████▋   | 195/289 [00:04<00:02, 44.75it/s] 69%|██████▉   | 200/289 [00:04<00:01, 44.79it/s] 71%|███████   | 205/289 [00:04<00:01, 44.75it/s] 73%|███████▎  | 210/289 [00:04<00:01, 44.78it/s] 74%|███████▍  | 215/289 [00:04<00:01, 44.75it/s] 76%|███████▌  | 220/289 [00:04<00:01, 44.79it/s] 78%|███████▊  | 225/289 [00:05<00:01, 44.81it/s] 80%|███████▉  | 230/289 [00:05<00:01, 44.75it/s] 81%|████████▏ | 235/289 [00:05<00:01, 44.74it/s] 83%|████████▎ | 240/289 [00:05<00:01, 44.77it/s] 85%|████████▍ | 245/289 [00:05<00:00, 44.72it/s] 87%|████████▋ | 250/289 [00:05<00:00, 44.74it/s] 88%|████████▊ | 255/289 [00:05<00:00, 44.72it/s] 90%|████████▉ | 260/289 [00:05<00:00, 44.37it/s] 92%|█████████▏| 265/289 [00:05<00:00, 44.51it/s] 93%|█████████▎| 270/289 [00:06<00:00, 44.54it/s] 95%|█████████▌| 275/289 [00:06<00:00, 44.62it/s] 97%|█████████▋| 280/289 [00:06<00:00, 44.68it/s] 99%|█████████▊| 285/289 [00:06<00:00, 44.67it/s]100%|█████████▉| 288/289 [00:06<00:00, 44.50it/s]
[11/30 19:59:53 TiTok-Gen]: Data (t): 0.1292, 26.71/s/gpu Batch (t): 1.1981 LR: 0.000400 Step: 16050 Loss: 7.4868 
[11/30 20:00:44 TiTok-Gen]: Data (t): 0.3050, 32.63/s/gpu Batch (t): 0.9806 LR: 0.000400 Step: 16100 Loss: 7.4851 
[11/30 20:01:37 TiTok-Gen]: Data (t): 0.1180, 31.91/s/gpu Batch (t): 1.0029 LR: 0.000400 Step: 16150 Loss: 7.5339 
[11/30 20:02:27 TiTok-Gen]: Data (t): 0.1233, 39.40/s/gpu Batch (t): 0.8121 LR: 0.000400 Step: 16200 Loss: 7.5249 
[11/30 20:03:20 TiTok-Gen]: Data (t): 0.1179, 38.38/s/gpu Batch (t): 0.8338 LR: 0.000400 Step: 16250 Loss: 7.4724 
[11/30 20:04:13 TiTok-Gen]: Data (t): 0.1773, 31.92/s/gpu Batch (t): 1.0024 LR: 0.000400 Step: 16300 Loss: 7.4685 
[11/30 20:05:04 TiTok-Gen]: Data (t): 0.1226, 40.93/s/gpu Batch (t): 0.7818 LR: 0.000400 Step: 16350 Loss: 7.4919 
[11/30 20:05:34 TiTok-Gen]: Epoch 13/798 started.
[11/30 20:06:12 TiTok-Gen]: Data (t): 0.1894, 38.78/s/gpu Batch (t): 0.8251 LR: 0.000400 Step: 16400 Loss: 7.4459 
[11/30 20:07:03 TiTok-Gen]: Data (t): 0.3181, 25.90/s/gpu Batch (t): 1.2357 LR: 0.000400 Step: 16450 Loss: 7.4263 
[11/30 20:07:54 TiTok-Gen]: Data (t): 0.1687, 27.57/s/gpu Batch (t): 1.1609 LR: 0.000400 Step: 16500 Loss: 7.4734 
[11/30 20:08:47 TiTok-Gen]: Data (t): 0.3224, 20.32/s/gpu Batch (t): 1.5748 LR: 0.000400 Step: 16550 Loss: 7.4621 
[11/30 20:09:40 TiTok-Gen]: Data (t): 0.1892, 33.49/s/gpu Batch (t): 0.9554 LR: 0.000400 Step: 16600 Loss: 7.4364 
[11/30 20:10:34 TiTok-Gen]: Data (t): 0.3243, 27.16/s/gpu Batch (t): 1.1782 LR: 0.000400 Step: 16650 Loss: 7.4000 
[11/30 20:11:26 TiTok-Gen]: Data (t): 0.1220, 29.71/s/gpu Batch (t): 1.0772 LR: 0.000400 Step: 16700 Loss: 7.4456 
[11/30 20:12:19 TiTok-Gen]: Data (t): 0.1259, 33.31/s/gpu Batch (t): 0.9607 LR: 0.000400 Step: 16750 Loss: 7.4086 
[11/30 20:13:12 TiTok-Gen]: Data (t): 0.1214, 23.78/s/gpu Batch (t): 1.3459 LR: 0.000400 Step: 16800 Loss: 7.4509 
[11/30 20:14:06 TiTok-Gen]: Data (t): 0.1181, 34.16/s/gpu Batch (t): 0.9367 LR: 0.000400 Step: 16850 Loss: 7.4798 
[11/30 20:15:02 TiTok-Gen]: Data (t): 0.1130, 23.13/s/gpu Batch (t): 1.3837 LR: 0.000400 Step: 16900 Loss: 7.4587 
[11/30 20:15:57 TiTok-Gen]: Data (t): 0.1673, 23.70/s/gpu Batch (t): 1.3501 LR: 0.000400 Step: 16950 Loss: 7.4327 
[11/30 20:16:50 TiTok-Gen]: Data (t): 0.1213, 31.68/s/gpu Batch (t): 1.0100 LR: 0.000400 Step: 17000 Loss: 7.4608 
[11/30 20:16:51 TiTok-Gen]: Generating images...
  0%|          | 0/289 [00:00<?, ?it/s]  2%|▏         | 5/289 [00:00<00:06, 43.29it/s]  3%|▎         | 10/289 [00:00<00:06, 43.58it/s]  5%|▌         | 15/289 [00:00<00:06, 43.58it/s]  7%|▋         | 20/289 [00:00<00:06, 43.58it/s]  9%|▊         | 25/289 [00:00<00:06, 43.67it/s] 10%|█         | 30/289 [00:00<00:05, 43.64it/s] 12%|█▏        | 35/289 [00:00<00:05, 43.68it/s] 14%|█▍        | 40/289 [00:00<00:05, 43.55it/s] 16%|█▌        | 45/289 [00:01<00:05, 43.64it/s] 17%|█▋        | 50/289 [00:01<00:05, 43.76it/s] 19%|█▉        | 55/289 [00:01<00:05, 43.77it/s] 21%|██        | 60/289 [00:01<00:05, 43.83it/s] 22%|██▏       | 65/289 [00:01<00:05, 43.93it/s] 24%|██▍       | 70/289 [00:01<00:04, 43.83it/s] 26%|██▌       | 75/289 [00:01<00:04, 43.93it/s] 28%|██▊       | 80/289 [00:01<00:04, 44.00it/s] 29%|██▉       | 85/289 [00:01<00:04, 43.99it/s] 31%|███       | 90/289 [00:02<00:04, 44.08it/s] 33%|███▎      | 95/289 [00:02<00:04, 44.07it/s] 35%|███▍      | 100/289 [00:02<00:04, 44.14it/s] 36%|███▋      | 105/289 [00:02<00:04, 43.98it/s] 38%|███▊      | 110/289 [00:02<00:04, 44.03it/s] 40%|███▉      | 115/289 [00:02<00:03, 44.09it/s] 42%|████▏     | 120/289 [00:02<00:03, 44.14it/s] 43%|████▎     | 125/289 [00:02<00:03, 44.11it/s] 45%|████▍     | 130/289 [00:02<00:03, 44.15it/s] 47%|████▋     | 135/289 [00:03<00:03, 43.96it/s] 48%|████▊     | 140/289 [00:03<00:03, 44.02it/s] 50%|█████     | 145/289 [00:03<00:03, 44.07it/s] 52%|█████▏    | 150/289 [00:03<00:03, 44.07it/s] 54%|█████▎    | 155/289 [00:03<00:03, 44.14it/s] 55%|█████▌    | 160/289 [00:03<00:02, 44.16it/s] 57%|█████▋    | 165/289 [00:03<00:02, 43.94it/s] 59%|█████▉    | 170/289 [00:03<00:02, 44.02it/s] 61%|██████    | 175/289 [00:03<00:02, 43.99it/s] 62%|██████▏   | 180/289 [00:04<00:02, 44.08it/s] 64%|██████▍   | 185/289 [00:04<00:02, 44.12it/s] 66%|██████▌   | 190/289 [00:04<00:02, 44.09it/s] 67%|██████▋   | 195/289 [00:04<00:02, 43.73it/s] 69%|██████▉   | 200/289 [00:04<00:02, 43.88it/s] 71%|███████   | 205/289 [00:04<00:01, 43.91it/s] 73%|███████▎  | 210/289 [00:04<00:01, 44.00it/s] 74%|███████▍  | 215/289 [00:04<00:01, 44.05it/s] 76%|███████▌  | 220/289 [00:05<00:01, 44.13it/s] 78%|███████▊  | 225/289 [00:05<00:01, 44.16it/s] 80%|███████▉  | 230/289 [00:05<00:01, 43.93it/s] 81%|████████▏ | 235/289 [00:05<00:01, 43.99it/s] 83%|████████▎ | 240/289 [00:05<00:01, 44.04it/s] 85%|████████▍ | 245/289 [00:05<00:00, 44.03it/s] 87%|████████▋ | 250/289 [00:05<00:00, 44.07it/s] 88%|████████▊ | 255/289 [00:05<00:00, 44.06it/s] 90%|████████▉ | 260/289 [00:05<00:00, 43.92it/s] 92%|█████████▏| 265/289 [00:06<00:00, 44.00it/s] 93%|█████████▎| 270/289 [00:06<00:00, 44.00it/s] 95%|█████████▌| 275/289 [00:06<00:00, 44.05it/s] 97%|█████████▋| 280/289 [00:06<00:00, 44.10it/s] 99%|█████████▊| 285/289 [00:06<00:00, 44.08it/s]100%|█████████▉| 288/289 [00:06<00:00, 43.81it/s]
[11/30 20:17:52 TiTok-Gen]: Data (t): 0.1819, 38.61/s/gpu Batch (t): 0.8287 LR: 0.000400 Step: 17050 Loss: 7.4745 
[11/30 20:18:44 TiTok-Gen]: Data (t): 0.2943, 28.96/s/gpu Batch (t): 1.1050 LR: 0.000400 Step: 17100 Loss: 7.4448 
[11/30 20:19:39 TiTok-Gen]: Data (t): 0.1173, 21.61/s/gpu Batch (t): 1.4806 LR: 0.000400 Step: 17150 Loss: 7.4677 
[11/30 20:20:32 TiTok-Gen]: Data (t): 0.2766, 30.19/s/gpu Batch (t): 1.0601 LR: 0.000400 Step: 17200 Loss: 7.4800 
[11/30 20:21:24 TiTok-Gen]: Data (t): 0.1254, 34.61/s/gpu Batch (t): 0.9245 LR: 0.000400 Step: 17250 Loss: 7.4949 
[11/30 20:22:16 TiTok-Gen]: Data (t): 0.1227, 35.60/s/gpu Batch (t): 0.8989 LR: 0.000400 Step: 17300 Loss: 7.4915 
[11/30 20:23:10 TiTok-Gen]: Data (t): 0.1202, 39.07/s/gpu Batch (t): 0.8190 LR: 0.000400 Step: 17350 Loss: 7.4805 
[11/30 20:24:03 TiTok-Gen]: Data (t): 0.1176, 32.44/s/gpu Batch (t): 0.9864 LR: 0.000400 Step: 17400 Loss: 7.4993 
[11/30 20:24:58 TiTok-Gen]: Data (t): 0.1211, 28.99/s/gpu Batch (t): 1.1039 LR: 0.000400 Step: 17450 Loss: 7.4982 
[11/30 20:25:55 TiTok-Gen]: Data (t): 0.1229, 23.93/s/gpu Batch (t): 1.3370 LR: 0.000400 Step: 17500 Loss: 7.4709 
[11/30 20:26:48 TiTok-Gen]: Data (t): 0.1171, 36.70/s/gpu Batch (t): 0.8719 LR: 0.000400 Step: 17550 Loss: 7.4727 
[11/30 20:27:43 TiTok-Gen]: Data (t): 0.1176, 26.58/s/gpu Batch (t): 1.2039 LR: 0.000400 Step: 17600 Loss: 7.4687 
[11/30 20:28:25 TiTok-Gen]: Epoch 14/798 started.
[11/30 20:28:51 TiTok-Gen]: Data (t): 0.2809, 30.13/s/gpu Batch (t): 1.0622 LR: 0.000400 Step: 17650 Loss: 7.3899 
[11/30 20:29:45 TiTok-Gen]: Data (t): 0.1184, 35.82/s/gpu Batch (t): 0.8933 LR: 0.000400 Step: 17700 Loss: 7.4404 
[11/30 20:30:37 TiTok-Gen]: Data (t): 0.2896, 38.18/s/gpu Batch (t): 0.8382 LR: 0.000400 Step: 17750 Loss: 7.4348 
[11/30 20:31:30 TiTok-Gen]: Data (t): 0.1256, 26.83/s/gpu Batch (t): 1.1925 LR: 0.000400 Step: 17800 Loss: 7.3757 
[11/30 20:32:26 TiTok-Gen]: Data (t): 0.1206, 19.06/s/gpu Batch (t): 1.6789 LR: 0.000400 Step: 17850 Loss: 7.4684 
[11/30 20:33:23 TiTok-Gen]: Data (t): 0.1178, 18.94/s/gpu Batch (t): 1.6897 LR: 0.000400 Step: 17900 Loss: 7.4279 
[11/30 20:34:21 TiTok-Gen]: Data (t): 0.1231, 27.02/s/gpu Batch (t): 1.1844 LR: 0.000400 Step: 17950 Loss: 7.4095 
[11/30 20:35:17 TiTok-Gen]: Data (t): 0.1210, 15.02/s/gpu Batch (t): 2.1302 LR: 0.000400 Step: 18000 Loss: 7.4405 
[11/30 20:35:19 TiTok-Gen]: Generating images...
  0%|          | 0/289 [00:00<?, ?it/s]  2%|▏         | 5/289 [00:00<00:06, 43.31it/s]  3%|▎         | 10/289 [00:00<00:06, 44.24it/s]  5%|▌         | 15/289 [00:00<00:06, 44.46it/s]  7%|▋         | 20/289 [00:00<00:06, 44.66it/s]  9%|▊         | 25/289 [00:00<00:05, 44.76it/s] 10%|█         | 30/289 [00:00<00:05, 44.76it/s] 12%|█▏        | 35/289 [00:00<00:05, 44.59it/s] 14%|█▍        | 40/289 [00:00<00:05, 44.72it/s] 16%|█▌        | 45/289 [00:01<00:05, 44.71it/s] 17%|█▋        | 50/289 [00:01<00:05, 44.73it/s] 19%|█▉        | 55/289 [00:01<00:05, 44.71it/s] 21%|██        | 60/289 [00:01<00:05, 44.79it/s] 22%|██▏       | 65/289 [00:01<00:04, 44.82it/s] 24%|██▍       | 70/289 [00:01<00:04, 44.59it/s] 26%|██▌       | 75/289 [00:01<00:04, 44.70it/s] 28%|██▊       | 80/289 [00:01<00:04, 44.76it/s] 29%|██▉       | 85/289 [00:01<00:04, 44.78it/s] 31%|███       | 90/289 [00:02<00:04, 44.84it/s] 33%|███▎      | 95/289 [00:02<00:04, 44.84it/s] 35%|███▍      | 100/289 [00:02<00:04, 44.69it/s] 36%|███▋      | 105/289 [00:02<00:04, 44.78it/s] 38%|███▊      | 110/289 [00:02<00:03, 44.78it/s] 40%|███▉      | 115/289 [00:02<00:03, 44.85it/s] 42%|████▏     | 120/289 [00:02<00:03, 44.89it/s] 43%|████▎     | 125/289 [00:02<00:03, 44.86it/s] 45%|████▍     | 130/289 [00:02<00:03, 44.73it/s] 47%|████▋     | 135/289 [00:03<00:03, 44.77it/s] 48%|████▊     | 140/289 [00:03<00:03, 44.84it/s] 50%|█████     | 145/289 [00:03<00:03, 44.90it/s] 52%|█████▏    | 150/289 [00:03<00:03, 44.88it/s] 54%|█████▎    | 155/289 [00:03<00:02, 44.94it/s] 55%|█████▌    | 160/289 [00:03<00:02, 44.79it/s] 57%|█████▋    | 165/289 [00:03<00:02, 44.81it/s] 59%|█████▉    | 170/289 [00:03<00:02, 44.89it/s] 61%|██████    | 175/289 [00:03<00:02, 44.88it/s] 62%|██████▏   | 180/289 [00:04<00:02, 44.87it/s] 64%|██████▍   | 185/289 [00:04<00:02, 44.91it/s] 66%|██████▌   | 190/289 [00:04<00:02, 44.90it/s] 67%|██████▋   | 195/289 [00:04<00:02, 44.79it/s] 69%|██████▉   | 200/289 [00:04<00:01, 44.87it/s] 71%|███████   | 205/289 [00:04<00:01, 44.85it/s] 73%|███████▎  | 210/289 [00:04<00:01, 44.92it/s] 74%|███████▍  | 215/289 [00:04<00:01, 44.93it/s] 76%|███████▌  | 220/289 [00:04<00:01, 45.00it/s] 78%|███████▊  | 225/289 [00:05<00:01, 44.82it/s] 80%|███████▉  | 230/289 [00:05<00:01, 44.73it/s] 81%|████████▏ | 235/289 [00:05<00:01, 44.77it/s] 83%|████████▎ | 240/289 [00:05<00:01, 44.83it/s] 85%|████████▍ | 245/289 [00:05<00:00, 44.84it/s] 87%|████████▋ | 250/289 [00:05<00:00, 44.90it/s] 88%|████████▊ | 255/289 [00:05<00:00, 44.68it/s] 90%|████████▉ | 260/289 [00:05<00:00, 44.77it/s] 92%|█████████▏| 265/289 [00:05<00:00, 44.85it/s] 93%|█████████▎| 270/289 [00:06<00:00, 44.86it/s] 95%|█████████▌| 275/289 [00:06<00:00, 44.88it/s] 97%|█████████▋| 280/289 [00:06<00:00, 44.93it/s] 99%|█████████▊| 285/289 [00:06<00:00, 44.72it/s]100%|█████████▉| 288/289 [00:06<00:00, 44.64it/s]
[11/30 20:36:23 TiTok-Gen]: Data (t): 0.1130, 34.86/s/gpu Batch (t): 0.9178 LR: 0.000400 Step: 18050 Loss: 7.4670 
[11/30 20:37:18 TiTok-Gen]: Data (t): 0.2868, 22.26/s/gpu Batch (t): 1.4374 LR: 0.000400 Step: 18100 Loss: 7.3959 
[11/30 20:38:13 TiTok-Gen]: Data (t): 0.1193, 28.71/s/gpu Batch (t): 1.1146 LR: 0.000400 Step: 18150 Loss: 7.3884 
[11/30 20:39:07 TiTok-Gen]: Data (t): 0.2777, 26.46/s/gpu Batch (t): 1.2095 LR: 0.000400 Step: 18200 Loss: 7.4428 
[11/30 20:40:03 TiTok-Gen]: Data (t): 0.1180, 38.99/s/gpu Batch (t): 0.8207 LR: 0.000400 Step: 18250 Loss: 7.3985 
[11/30 20:41:00 TiTok-Gen]: Data (t): 0.2747, 29.87/s/gpu Batch (t): 1.0712 LR: 0.000400 Step: 18300 Loss: 7.4819 
[11/30 20:41:56 TiTok-Gen]: Data (t): 0.1891, 33.68/s/gpu Batch (t): 0.9501 LR: 0.000400 Step: 18350 Loss: 7.4516 
[11/30 20:42:53 TiTok-Gen]: Data (t): 0.1178, 31.93/s/gpu Batch (t): 1.0022 LR: 0.000400 Step: 18400 Loss: 7.4594 
[11/30 20:43:52 TiTok-Gen]: Data (t): 0.1198, 33.34/s/gpu Batch (t): 0.9597 LR: 0.000400 Step: 18450 Loss: 7.4611 
[11/30 20:44:51 TiTok-Gen]: Data (t): 0.1386, 20.51/s/gpu Batch (t): 1.5603 LR: 0.000400 Step: 18500 Loss: 7.4733 
[11/30 20:45:51 TiTok-Gen]: Data (t): 0.1195, 33.03/s/gpu Batch (t): 0.9688 LR: 0.000400 Step: 18550 Loss: 7.4552 
[11/30 20:46:50 TiTok-Gen]: Data (t): 0.1187, 26.29/s/gpu Batch (t): 1.2172 LR: 0.000400 Step: 18600 Loss: 7.4664 
[11/30 20:47:48 TiTok-Gen]: Data (t): 0.1200, 40.66/s/gpu Batch (t): 0.7870 LR: 0.000400 Step: 18650 Loss: 7.4352 
[11/30 20:48:49 TiTok-Gen]: Data (t): 0.1212, 25.81/s/gpu Batch (t): 1.2399 LR: 0.000400 Step: 18700 Loss: 7.4658 
[11/30 20:49:45 TiTok-Gen]: Data (t): 0.2994, 29.91/s/gpu Batch (t): 1.0699 LR: 0.000400 Step: 18750 Loss: 7.4299 
[11/30 20:50:41 TiTok-Gen]: Data (t): 0.1198, 25.11/s/gpu Batch (t): 1.2742 LR: 0.000400 Step: 18800 Loss: 7.4234 
[11/30 20:51:38 TiTok-Gen]: Data (t): 0.2869, 30.43/s/gpu Batch (t): 1.0518 LR: 0.000400 Step: 18850 Loss: 7.4466 
[11/30 20:52:36 TiTok-Gen]: Data (t): 0.1179, 26.37/s/gpu Batch (t): 1.2137 LR: 0.000400 Step: 18900 Loss: 7.4600 
[11/30 20:52:36 TiTok-Gen]: Epoch 15/798 started.
[11/30 20:53:53 TiTok-Gen]: Data (t): 0.3680, 21.94/s/gpu Batch (t): 1.4582 LR: 0.000400 Step: 18950 Loss: 7.3752 
[11/30 20:54:50 TiTok-Gen]: Data (t): 0.1199, 23.94/s/gpu Batch (t): 1.3367 LR: 0.000400 Step: 19000 Loss: 7.4108 
[11/30 20:54:52 TiTok-Gen]: Generating images...
  0%|          | 0/289 [00:00<?, ?it/s]  2%|▏         | 5/289 [00:00<00:06, 43.43it/s]  3%|▎         | 10/289 [00:00<00:06, 43.78it/s]  5%|▌         | 15/289 [00:00<00:06, 44.39it/s]  7%|▋         | 20/289 [00:00<00:06, 44.27it/s]  9%|▊         | 25/289 [00:00<00:05, 44.19it/s] 10%|█         | 30/289 [00:00<00:05, 44.49it/s] 12%|█▏        | 35/289 [00:00<00:05, 44.34it/s] 14%|█▍        | 40/289 [00:00<00:05, 44.62it/s] 16%|█▌        | 45/289 [00:01<00:05, 44.37it/s] 17%|█▋        | 50/289 [00:01<00:05, 44.64it/s] 19%|█▉        | 55/289 [00:01<00:05, 44.39it/s] 21%|██        | 60/289 [00:01<00:05, 44.31it/s] 22%|██▏       | 65/289 [00:01<00:05, 44.61it/s] 24%|██▍       | 70/289 [00:01<00:04, 44.43it/s] 26%|██▌       | 75/289 [00:01<00:04, 44.51it/s] 28%|██▊       | 80/289 [00:01<00:04, 44.47it/s] 29%|██▉       | 85/289 [00:01<00:04, 44.50it/s] 31%|███       | 90/289 [00:02<00:04, 44.43it/s] 33%|███▎      | 95/289 [00:02<00:04, 44.45it/s] 35%|███▍      | 100/289 [00:02<00:04, 44.73it/s] 36%|███▋      | 105/289 [00:02<00:04, 44.73it/s] 38%|███▊      | 110/289 [00:02<00:04, 44.66it/s] 40%|███▉      | 115/289 [00:02<00:03, 44.66it/s] 42%|████▏     | 120/289 [00:02<00:03, 44.68it/s] 43%|████▎     | 125/289 [00:02<00:03, 44.63it/s] 45%|████▍     | 130/289 [00:02<00:03, 44.81it/s] 47%|████▋     | 135/289 [00:03<00:03, 44.77it/s] 48%|████▊     | 140/289 [00:03<00:03, 44.79it/s] 50%|█████     | 145/289 [00:03<00:03, 44.74it/s] 52%|█████▏    | 150/289 [00:03<00:03, 44.70it/s] 54%|█████▎    | 155/289 [00:03<00:02, 44.73it/s] 55%|█████▌    | 160/289 [00:03<00:02, 44.88it/s] 57%|█████▋    | 165/289 [00:03<00:02, 44.56it/s] 59%|█████▉    | 170/289 [00:03<00:02, 44.60it/s] 61%|██████    | 175/289 [00:03<00:02, 44.75it/s] 62%|██████▏   | 180/289 [00:04<00:02, 44.76it/s] 64%|██████▍   | 185/289 [00:04<00:02, 44.87it/s] 66%|██████▌   | 190/289 [00:04<00:02, 43.70it/s] 67%|██████▋   | 195/289 [00:04<00:02, 41.51it/s] 69%|██████▉   | 200/289 [00:04<00:02, 41.69it/s] 71%|███████   | 205/289 [00:04<00:02, 41.77it/s] 73%|███████▎  | 210/289 [00:04<00:01, 41.91it/s] 74%|███████▍  | 215/289 [00:04<00:01, 41.96it/s] 76%|███████▌  | 220/289 [00:05<00:01, 41.61it/s] 78%|███████▊  | 225/289 [00:05<00:01, 42.58it/s] 80%|███████▉  | 230/289 [00:05<00:01, 43.27it/s] 81%|████████▏ | 235/289 [00:05<00:01, 43.61it/s] 83%|████████▎ | 240/289 [00:05<00:01, 43.97it/s] 85%|████████▍ | 245/289 [00:05<00:00, 44.37it/s] 87%|████████▋ | 250/289 [00:05<00:00, 44.53it/s] 88%|████████▊ | 255/289 [00:05<00:00, 44.77it/s] 90%|████████▉ | 260/289 [00:05<00:00, 44.81it/s] 92%|█████████▏| 265/289 [00:06<00:00, 44.80it/s] 93%|█████████▎| 270/289 [00:06<00:00, 44.95it/s] 95%|█████████▌| 275/289 [00:06<00:00, 44.92it/s] 97%|█████████▋| 280/289 [00:06<00:00, 44.90it/s] 99%|█████████▊| 285/289 [00:06<00:00, 45.04it/s]100%|█████████▉| 288/289 [00:06<00:00, 44.06it/s]
[11/30 20:55:59 TiTok-Gen]: Data (t): 0.1797, 22.24/s/gpu Batch (t): 1.4389 LR: 0.000400 Step: 19050 Loss: 7.3875 
[11/30 20:56:54 TiTok-Gen]: Data (t): 0.1784, 26.61/s/gpu Batch (t): 1.2024 LR: 0.000400 Step: 19100 Loss: 7.3762 
[11/30 20:57:50 TiTok-Gen]: Data (t): 0.1240, 30.82/s/gpu Batch (t): 1.0382 LR: 0.000400 Step: 19150 Loss: 7.4137 
[11/30 20:58:45 TiTok-Gen]: Data (t): 0.2993, 22.30/s/gpu Batch (t): 1.4349 LR: 0.000400 Step: 19200 Loss: 7.3750 
[11/30 20:59:44 TiTok-Gen]: Data (t): 0.1210, 22.63/s/gpu Batch (t): 1.4143 LR: 0.000400 Step: 19250 Loss: 7.3823 
[11/30 21:00:40 TiTok-Gen]: Data (t): 0.2754, 28.15/s/gpu Batch (t): 1.1369 LR: 0.000400 Step: 19300 Loss: 7.4132 
[11/30 21:01:36 TiTok-Gen]: Data (t): 0.1221, 32.87/s/gpu Batch (t): 0.9736 LR: 0.000400 Step: 19350 Loss: 7.3857 
[11/30 21:02:36 TiTok-Gen]: Data (t): 0.2901, 20.90/s/gpu Batch (t): 1.5309 LR: 0.000400 Step: 19400 Loss: 7.4157 
[11/30 21:03:30 TiTok-Gen]: Data (t): 0.1249, 38.48/s/gpu Batch (t): 0.8316 LR: 0.000400 Step: 19450 Loss: 7.4022 
[11/30 21:04:26 TiTok-Gen]: Data (t): 0.1212, 31.26/s/gpu Batch (t): 1.0235 LR: 0.000400 Step: 19500 Loss: 7.4098 
[11/30 21:05:23 TiTok-Gen]: Data (t): 0.1854, 31.87/s/gpu Batch (t): 1.0040 LR: 0.000400 Step: 19550 Loss: 7.4195 
[11/30 21:06:21 TiTok-Gen]: Data (t): 0.1223, 32.80/s/gpu Batch (t): 0.9756 LR: 0.000400 Step: 19600 Loss: 7.4158 
[11/30 21:07:19 TiTok-Gen]: Data (t): 0.1792, 34.10/s/gpu Batch (t): 0.9384 LR: 0.000400 Step: 19650 Loss: 7.4064 
[11/30 21:08:14 TiTok-Gen]: Data (t): 0.1785, 34.92/s/gpu Batch (t): 0.9164 LR: 0.000400 Step: 19700 Loss: 7.4139 
[11/30 21:09:11 TiTok-Gen]: Data (t): 0.1202, 37.78/s/gpu Batch (t): 0.8471 LR: 0.000400 Step: 19750 Loss: 7.3931 
[11/30 21:10:08 TiTok-Gen]: Data (t): 0.1877, 31.30/s/gpu Batch (t): 1.0224 LR: 0.000400 Step: 19800 Loss: 7.4260 
[11/30 21:11:05 TiTok-Gen]: Data (t): 0.2770, 38.24/s/gpu Batch (t): 0.8368 LR: 0.000400 Step: 19850 Loss: 7.4255 
[11/30 21:12:03 TiTok-Gen]: Data (t): 0.1192, 33.58/s/gpu Batch (t): 0.9531 LR: 0.000400 Step: 19900 Loss: 7.4291 
[11/30 21:12:59 TiTok-Gen]: Data (t): 0.3050, 22.41/s/gpu Batch (t): 1.4280 LR: 0.000400 Step: 19950 Loss: 7.4644 
[11/30 21:13:58 TiTok-Gen]: Data (t): 0.1207, 19.39/s/gpu Batch (t): 1.6500 LR: 0.000400 Step: 20000 Loss: 7.4280 
Model weights saved in checkpoints/generator/gpt_quadtree_fixtree/checkpoint-20000/unwrapped_model/pytorch_model.bin
[11/30 21:14:01 TiTok-Gen]: Saved state to checkpoints/generator/gpt_quadtree_fixtree/checkpoint-20000
Model weights saved in checkpoints/generator/gpt_quadtree_fixtree/checkpoint-20000/ema_model/pytorch_model.bin
[11/30 21:14:22 TiTok-Gen]: Generating images...
  0%|          | 0/289 [00:00<?, ?it/s]  2%|▏         | 5/289 [00:00<00:06, 42.79it/s]  3%|▎         | 10/289 [00:00<00:06, 43.55it/s]  5%|▌         | 15/289 [00:00<00:06, 43.70it/s]  7%|▋         | 20/289 [00:00<00:06, 42.37it/s]  9%|▊         | 25/289 [00:00<00:06, 41.95it/s] 10%|█         | 30/289 [00:00<00:06, 41.96it/s] 12%|█▏        | 35/289 [00:00<00:06, 41.75it/s] 14%|█▍        | 40/289 [00:00<00:05, 41.86it/s] 16%|█▌        | 45/289 [00:01<00:05, 41.63it/s] 17%|█▋        | 50/289 [00:01<00:05, 41.55it/s] 19%|█▉        | 55/289 [00:01<00:05, 41.69it/s] 21%|██        | 60/289 [00:01<00:05, 41.61it/s] 22%|██▏       | 65/289 [00:01<00:05, 41.79it/s] 24%|██▍       | 70/289 [00:01<00:05, 41.66it/s] 26%|██▌       | 75/289 [00:01<00:05, 41.85it/s] 28%|██▊       | 80/289 [00:01<00:05, 41.69it/s] 29%|██▉       | 85/289 [00:02<00:04, 41.52it/s] 31%|███       | 90/289 [00:02<00:04, 41.71it/s] 33%|███▎      | 95/289 [00:02<00:04, 41.62it/s] 35%|███▍      | 100/289 [00:02<00:04, 41.59it/s] 36%|███▋      | 105/289 [00:02<00:04, 41.53it/s] 38%|███▊      | 110/289 [00:02<00:04, 41.65it/s] 40%|███▉      | 115/289 [00:02<00:04, 41.54it/s] 42%|████▏     | 120/289 [00:02<00:04, 41.74it/s] 43%|████▎     | 125/289 [00:02<00:03, 41.62it/s] 45%|████▍     | 130/289 [00:03<00:03, 41.63it/s] 47%|████▋     | 135/289 [00:03<00:03, 41.75it/s] 48%|████▊     | 140/289 [00:03<00:03, 41.72it/s] 50%|█████     | 145/289 [00:03<00:03, 41.69it/s] 52%|█████▏    | 150/289 [00:03<00:03, 41.84it/s] 54%|█████▎    | 155/289 [00:03<00:03, 41.78it/s] 55%|█████▌    | 160/289 [00:03<00:03, 41.75it/s] 57%|█████▋    | 165/289 [00:03<00:02, 41.84it/s] 59%|█████▉    | 170/289 [00:04<00:02, 41.78it/s] 61%|██████    | 175/289 [00:04<00:02, 41.68it/s] 62%|██████▏   | 180/289 [00:04<00:02, 41.90it/s] 64%|██████▍   | 185/289 [00:04<00:02, 41.86it/s] 66%|██████▌   | 190/289 [00:04<00:02, 41.74it/s] 67%|██████▋   | 195/289 [00:04<00:02, 41.90it/s] 69%|██████▉   | 200/289 [00:04<00:02, 41.80it/s] 71%|███████   | 205/289 [00:04<00:02, 41.69it/s] 73%|███████▎  | 210/289 [00:05<00:01, 41.70it/s] 74%|███████▍  | 215/289 [00:05<00:01, 41.85it/s] 76%|███████▌  | 220/289 [00:05<00:01, 41.83it/s] 78%|███████▊  | 225/289 [00:05<00:01, 41.79it/s] 80%|███████▉  | 230/289 [00:05<00:01, 41.92it/s] 81%|████████▏ | 235/289 [00:05<00:01, 41.83it/s] 83%|████████▎ | 240/289 [00:05<00:01, 41.77it/s] 85%|████████▍ | 245/289 [00:05<00:01, 41.89it/s] 87%|████████▋ | 250/289 [00:05<00:00, 41.80it/s] 88%|████████▊ | 255/289 [00:06<00:00, 41.91it/s] 90%|████████▉ | 260/289 [00:06<00:00, 41.85it/s] 92%|█████████▏| 265/289 [00:06<00:00, 41.84it/s] 93%|█████████▎| 270/289 [00:06<00:00, 41.96it/s] 95%|█████████▌| 275/289 [00:06<00:00, 41.65it/s] 97%|█████████▋| 280/289 [00:06<00:00, 41.84it/s] 99%|█████████▊| 285/289 [00:06<00:00, 41.73it/s]100%|█████████▉| 288/289 [00:06<00:00, 41.66it/s]
[11/30 21:15:25 TiTok-Gen]: Data (t): 0.1325, 30.36/s/gpu Batch (t): 1.0539 LR: 0.000400 Step: 20050 Loss: 7.4148 
[11/30 21:16:23 TiTok-Gen]: Data (t): 0.1226, 31.64/s/gpu Batch (t): 1.0113 LR: 0.000400 Step: 20100 Loss: 7.4364 
[11/30 21:17:21 TiTok-Gen]: Data (t): 0.1224, 35.79/s/gpu Batch (t): 0.8942 LR: 0.000400 Step: 20150 Loss: 7.4164 
[11/30 21:17:30 TiTok-Gen]: Epoch 16/798 started.
[11/30 21:18:31 TiTok-Gen]: Data (t): 0.3052, 27.34/s/gpu Batch (t): 1.1706 LR: 0.000400 Step: 20200 Loss: 7.3723 
[11/30 21:19:28 TiTok-Gen]: Data (t): 0.1235, 26.54/s/gpu Batch (t): 1.2057 LR: 0.000400 Step: 20250 Loss: 7.3656 
[11/30 21:20:25 TiTok-Gen]: Data (t): 0.2856, 30.23/s/gpu Batch (t): 1.0584 LR: 0.000400 Step: 20300 Loss: 7.3669 
[11/30 21:21:21 TiTok-Gen]: Data (t): 0.1234, 27.65/s/gpu Batch (t): 1.1573 LR: 0.000400 Step: 20350 Loss: 7.3921 
[11/30 21:22:21 TiTok-Gen]: Data (t): 0.1199, 28.92/s/gpu Batch (t): 1.1066 LR: 0.000400 Step: 20400 Loss: 7.3712 
[11/30 21:23:19 TiTok-Gen]: Data (t): 0.1786, 29.93/s/gpu Batch (t): 1.0693 LR: 0.000400 Step: 20450 Loss: 7.3670 
[11/30 21:24:19 TiTok-Gen]: Data (t): 0.1217, 22.66/s/gpu Batch (t): 1.4122 LR: 0.000400 Step: 20500 Loss: 7.3795 
[11/30 21:25:20 TiTok-Gen]: Data (t): 0.1184, 29.37/s/gpu Batch (t): 1.0897 LR: 0.000400 Step: 20550 Loss: 7.3733 
[11/30 21:26:18 TiTok-Gen]: Data (t): 0.1188, 24.99/s/gpu Batch (t): 1.2806 LR: 0.000400 Step: 20600 Loss: 7.3638 
[11/30 21:27:17 TiTok-Gen]: Data (t): 0.2104, 25.42/s/gpu Batch (t): 1.2588 LR: 0.000400 Step: 20650 Loss: 7.3545 
[11/30 21:28:19 TiTok-Gen]: Data (t): 0.1228, 33.63/s/gpu Batch (t): 0.9516 LR: 0.000400 Step: 20700 Loss: 7.3896 
[11/30 21:29:20 TiTok-Gen]: Data (t): 0.2716, 33.14/s/gpu Batch (t): 0.9656 LR: 0.000400 Step: 20750 Loss: 7.4006 
[11/30 21:30:20 TiTok-Gen]: Data (t): 0.1214, 27.77/s/gpu Batch (t): 1.1524 LR: 0.000400 Step: 20800 Loss: 7.3946 
[11/30 21:31:25 TiTok-Gen]: Data (t): 0.2810, 22.06/s/gpu Batch (t): 1.4504 LR: 0.000400 Step: 20850 Loss: 7.4118 
[11/30 21:32:28 TiTok-Gen]: Data (t): 0.1201, 26.54/s/gpu Batch (t): 1.2058 LR: 0.000400 Step: 20900 Loss: 7.3911 
[11/30 21:33:29 TiTok-Gen]: Data (t): 0.2827, 29.31/s/gpu Batch (t): 1.0918 LR: 0.000400 Step: 20950 Loss: 7.4242 
[11/30 21:34:33 TiTok-Gen]: Data (t): 0.1189, 29.20/s/gpu Batch (t): 1.0958 LR: 0.000400 Step: 21000 Loss: 7.3864 
[11/30 21:34:34 TiTok-Gen]: Generating images...
  0%|          | 0/289 [00:00<?, ?it/s]  2%|▏         | 5/289 [00:00<00:06, 42.51it/s]  3%|▎         | 10/289 [00:00<00:06, 43.76it/s]  5%|▌         | 15/289 [00:00<00:06, 43.52it/s]  7%|▋         | 20/289 [00:00<00:06, 44.02it/s]  9%|▊         | 25/289 [00:00<00:05, 44.28it/s] 10%|█         | 30/289 [00:00<00:05, 43.96it/s] 12%|█▏        | 35/289 [00:00<00:05, 44.13it/s] 14%|█▍        | 40/289 [00:00<00:05, 43.91it/s] 16%|█▌        | 45/289 [00:01<00:05, 44.07it/s] 17%|█▋        | 50/289 [00:01<00:05, 43.88it/s] 19%|█▉        | 55/289 [00:01<00:05, 44.07it/s] 21%|██        | 60/289 [00:01<00:05, 43.88it/s] 22%|██▏       | 65/289 [00:01<00:05, 44.12it/s] 24%|██▍       | 70/289 [00:01<00:04, 44.24it/s] 26%|██▌       | 75/289 [00:01<00:04, 44.02it/s] 28%|██▊       | 80/289 [00:01<00:04, 44.18it/s] 29%|██▉       | 85/289 [00:01<00:04, 43.93it/s] 31%|███       | 90/289 [00:02<00:04, 44.17it/s] 33%|███▎      | 95/289 [00:02<00:04, 43.93it/s] 35%|███▍      | 100/289 [00:02<00:04, 44.16it/s] 36%|███▋      | 105/289 [00:02<00:04, 44.32it/s] 38%|███▊      | 110/289 [00:02<00:04, 44.03it/s] 40%|███▉      | 115/289 [00:02<00:03, 44.20it/s] 42%|████▏     | 120/289 [00:02<00:03, 44.04it/s] 43%|████▎     | 125/289 [00:02<00:03, 44.14it/s] 45%|████▍     | 130/289 [00:02<00:03, 44.10it/s] 47%|████▋     | 135/289 [00:03<00:03, 43.90it/s] 48%|████▊     | 140/289 [00:03<00:03, 44.09it/s] 50%|█████     | 145/289 [00:03<00:03, 44.05it/s] 52%|█████▏    | 150/289 [00:03<00:03, 43.87it/s] 54%|█████▎    | 155/289 [00:03<00:03, 44.09it/s] 55%|█████▌    | 160/289 [00:03<00:02, 44.06it/s] 57%|█████▋    | 165/289 [00:03<00:02, 43.95it/s] 59%|█████▉    | 170/289 [00:03<00:02, 44.14it/s] 61%|██████    | 175/289 [00:03<00:02, 44.05it/s] 62%|██████▏   | 180/289 [00:04<00:02, 44.06it/s] 64%|██████▍   | 185/289 [00:04<00:02, 44.26it/s] 66%|██████▌   | 190/289 [00:04<00:02, 44.15it/s] 67%|██████▋   | 195/289 [00:04<00:02, 44.11it/s] 69%|██████▉   | 200/289 [00:04<00:02, 44.17it/s] 71%|███████   | 205/289 [00:04<00:01, 44.26it/s] 73%|███████▎  | 210/289 [00:04<00:01, 44.25it/s] 74%|███████▍  | 215/289 [00:04<00:01, 44.13it/s] 76%|███████▌  | 220/289 [00:04<00:01, 44.32it/s] 78%|███████▊  | 225/289 [00:05<00:01, 44.29it/s] 80%|███████▉  | 230/289 [00:05<00:01, 44.15it/s] 81%|████████▏ | 235/289 [00:05<00:01, 44.27it/s] 83%|████████▎ | 240/289 [00:05<00:01, 43.99it/s] 85%|████████▍ | 245/289 [00:05<00:00, 44.13it/s] 87%|████████▋ | 250/289 [00:05<00:00, 44.01it/s] 88%|████████▊ | 255/289 [00:05<00:00, 42.63it/s] 90%|████████▉ | 260/289 [00:05<00:00, 43.24it/s] 92%|█████████▏| 265/289 [00:06<00:00, 43.65it/s] 93%|█████████▎| 270/289 [00:06<00:00, 43.91it/s] 95%|█████████▌| 275/289 [00:06<00:00, 44.13it/s] 97%|█████████▋| 280/289 [00:06<00:00, 42.43it/s] 99%|█████████▊| 285/289 [00:06<00:00, 43.02it/s]100%|█████████▉| 288/289 [00:06<00:00, 43.79it/s]
[11/30 21:35:47 TiTok-Gen]: Data (t): 0.1197, 25.45/s/gpu Batch (t): 1.2571 LR: 0.000400 Step: 21050 Loss: 7.4049 
[11/30 21:36:51 TiTok-Gen]: Data (t): 0.1183, 29.43/s/gpu Batch (t): 1.0872 LR: 0.000400 Step: 21100 Loss: 7.4373 
[11/30 21:37:54 TiTok-Gen]: Data (t): 0.1204, 17.93/s/gpu Batch (t): 1.7844 LR: 0.000400 Step: 21150 Loss: 7.4331 
[11/30 21:38:54 TiTok-Gen]: Data (t): 0.1195, 31.94/s/gpu Batch (t): 1.0018 LR: 0.000400 Step: 21200 Loss: 7.4158 
[11/30 21:39:57 TiTok-Gen]: Data (t): 0.1466, 17.72/s/gpu Batch (t): 1.8061 LR: 0.000400 Step: 21250 Loss: 7.4118 
[11/30 21:40:58 TiTok-Gen]: Data (t): 0.2758, 30.45/s/gpu Batch (t): 1.0508 LR: 0.000400 Step: 21300 Loss: 7.4352 
[11/30 21:41:59 TiTok-Gen]: Data (t): 0.1179, 27.24/s/gpu Batch (t): 1.1748 LR: 0.000400 Step: 21350 Loss: 7.4418 
[11/30 21:43:01 TiTok-Gen]: Data (t): 0.2790, 20.85/s/gpu Batch (t): 1.5347 LR: 0.000400 Step: 21400 Loss: 7.4376 
[11/30 21:43:25 TiTok-Gen]: Epoch 17/798 started.
[11/30 21:44:17 TiTok-Gen]: Data (t): 0.1173, 34.00/s/gpu Batch (t): 0.9411 LR: 0.000400 Step: 21450 Loss: 7.3429 
[11/30 21:45:19 TiTok-Gen]: Data (t): 0.1171, 26.02/s/gpu Batch (t): 1.2299 LR: 0.000400 Step: 21500 Loss: 7.3627 
[11/30 21:46:19 TiTok-Gen]: Data (t): 0.1193, 30.98/s/gpu Batch (t): 1.0330 LR: 0.000400 Step: 21550 Loss: 7.3592 
[11/30 21:47:19 TiTok-Gen]: Data (t): 0.1184, 28.21/s/gpu Batch (t): 1.1344 LR: 0.000400 Step: 21600 Loss: 7.3525 
[11/30 21:48:22 TiTok-Gen]: Data (t): 0.1190, 31.49/s/gpu Batch (t): 1.0161 LR: 0.000400 Step: 21650 Loss: 7.3390 
[11/30 21:49:24 TiTok-Gen]: Data (t): 0.1212, 16.74/s/gpu Batch (t): 1.9113 LR: 0.000400 Step: 21700 Loss: 7.3591 
[11/30 21:50:25 TiTok-Gen]: Data (t): 0.1222, 33.12/s/gpu Batch (t): 0.9662 LR: 0.000400 Step: 21750 Loss: 7.3870 
[11/30 21:51:27 TiTok-Gen]: Data (t): 0.1178, 33.20/s/gpu Batch (t): 0.9637 LR: 0.000400 Step: 21800 Loss: 7.3301 
[11/30 21:52:29 TiTok-Gen]: Data (t): 0.3717, 22.81/s/gpu Batch (t): 1.4028 LR: 0.000400 Step: 21850 Loss: 7.3316 
[11/30 21:53:31 TiTok-Gen]: Data (t): 0.1191, 26.04/s/gpu Batch (t): 1.2290 LR: 0.000400 Step: 21900 Loss: 7.3563 
[11/30 21:54:37 TiTok-Gen]: Data (t): 0.3032, 32.99/s/gpu Batch (t): 0.9700 LR: 0.000400 Step: 21950 Loss: 7.3613 
[11/30 21:55:38 TiTok-Gen]: Data (t): 0.1770, 19.61/s/gpu Batch (t): 1.6322 LR: 0.000400 Step: 22000 Loss: 7.3575 
[11/30 21:55:40 TiTok-Gen]: Generating images...
  0%|          | 0/289 [00:00<?, ?it/s]  2%|▏         | 5/289 [00:00<00:06, 43.39it/s]  3%|▎         | 10/289 [00:00<00:06, 44.27it/s]  5%|▌         | 15/289 [00:00<00:06, 44.22it/s]  7%|▋         | 20/289 [00:00<00:06, 44.50it/s]  9%|▊         | 25/289 [00:00<00:05, 44.41it/s] 10%|█         | 30/289 [00:00<00:05, 44.11it/s] 12%|█▏        | 35/289 [00:00<00:05, 44.34it/s] 14%|█▍        | 40/289 [00:00<00:05, 44.53it/s] 16%|█▌        | 45/289 [00:01<00:05, 44.38it/s] 17%|█▋        | 50/289 [00:01<00:05, 44.36it/s] 19%|█▉        | 55/289 [00:01<00:05, 44.45it/s] 21%|██        | 60/289 [00:01<00:05, 44.42it/s] 22%|██▏       | 65/289 [00:01<00:05, 44.58it/s] 24%|██▍       | 70/289 [00:01<00:04, 44.20it/s] 26%|██▌       | 75/289 [00:01<00:04, 44.36it/s] 28%|██▊       | 80/289 [00:01<00:04, 44.15it/s] 29%|██▉       | 85/289 [00:01<00:04, 44.30it/s] 31%|███       | 90/289 [00:02<00:04, 44.50it/s] 33%|███▎      | 95/289 [00:02<00:04, 44.19it/s] 35%|███▍      | 100/289 [00:02<00:04, 44.40it/s] 36%|███▋      | 105/289 [00:02<00:04, 44.17it/s] 38%|███▊      | 110/289 [00:02<00:04, 44.28it/s] 40%|███▉      | 115/289 [00:02<00:03, 44.08it/s] 42%|████▏     | 120/289 [00:02<00:03, 44.30it/s] 43%|████▎     | 125/289 [00:02<00:03, 44.05it/s] 45%|████▍     | 130/289 [00:02<00:03, 44.31it/s] 47%|████▋     | 135/289 [00:03<00:03, 44.41it/s] 48%|████▊     | 140/289 [00:03<00:03, 44.16it/s] 50%|█████     | 145/289 [00:03<00:03, 44.34it/s] 52%|█████▏    | 150/289 [00:03<00:03, 44.08it/s] 54%|█████▎    | 155/289 [00:03<00:03, 44.32it/s] 55%|█████▌    | 160/289 [00:03<00:02, 44.19it/s] 57%|█████▋    | 165/289 [00:03<00:02, 44.34it/s] 59%|█████▉    | 170/289 [00:03<00:02, 44.56it/s] 61%|██████    | 175/289 [00:03<00:02, 44.14it/s] 62%|██████▏   | 180/289 [00:04<00:02, 44.39it/s] 64%|██████▍   | 185/289 [00:04<00:02, 44.18it/s] 66%|██████▌   | 190/289 [00:04<00:02, 44.34it/s] 67%|██████▋   | 195/289 [00:04<00:02, 44.42it/s] 69%|██████▉   | 200/289 [00:04<00:01, 44.50it/s] 71%|███████   | 205/289 [00:04<00:01, 44.55it/s] 73%|███████▎  | 210/289 [00:04<00:01, 44.68it/s] 74%|███████▍  | 215/289 [00:04<00:01, 44.45it/s] 76%|███████▌  | 220/289 [00:04<00:01, 44.61it/s] 78%|███████▊  | 225/289 [00:05<00:01, 44.57it/s] 80%|███████▉  | 230/289 [00:05<00:01, 44.67it/s] 81%|████████▏ | 235/289 [00:05<00:01, 44.74it/s] 83%|████████▎ | 240/289 [00:05<00:01, 44.61it/s] 85%|████████▍ | 245/289 [00:05<00:00, 44.68it/s] 87%|████████▋ | 250/289 [00:05<00:00, 44.57it/s] 88%|████████▊ | 255/289 [00:05<00:00, 44.67it/s] 90%|████████▉ | 260/289 [00:05<00:00, 44.77it/s] 92%|█████████▏| 265/289 [00:05<00:00, 44.64it/s] 93%|█████████▎| 270/289 [00:06<00:00, 44.70it/s] 95%|█████████▌| 275/289 [00:06<00:00, 44.79it/s] 97%|█████████▋| 280/289 [00:06<00:00, 44.65it/s] 99%|█████████▊| 285/289 [00:06<00:00, 44.71it/s]100%|█████████▉| 288/289 [00:06<00:00, 44.26it/s]
[11/30 21:56:52 TiTok-Gen]: Data (t): 0.1787, 26.66/s/gpu Batch (t): 1.2005 LR: 0.000400 Step: 22050 Loss: 7.4036 
[11/30 21:57:56 TiTok-Gen]: Data (t): 0.1198, 26.50/s/gpu Batch (t): 1.2077 LR: 0.000400 Step: 22100 Loss: 7.3667 
[11/30 21:59:05 TiTok-Gen]: Data (t): 0.1819, 26.16/s/gpu Batch (t): 1.2232 LR: 0.000400 Step: 22150 Loss: 7.3737 
[11/30 22:00:09 TiTok-Gen]: Data (t): 0.1181, 20.44/s/gpu Batch (t): 1.5652 LR: 0.000400 Step: 22200 Loss: 7.3956 
[11/30 22:01:15 TiTok-Gen]: Data (t): 0.1213, 23.71/s/gpu Batch (t): 1.3495 LR: 0.000400 Step: 22250 Loss: 7.3832 
[11/30 22:02:16 TiTok-Gen]: Data (t): 0.1189, 28.17/s/gpu Batch (t): 1.1358 LR: 0.000400 Step: 22300 Loss: 7.4070 
[11/30 22:03:15 TiTok-Gen]: Data (t): 0.1206, 34.72/s/gpu Batch (t): 0.9216 LR: 0.000400 Step: 22350 Loss: 7.3826 
[11/30 22:04:17 TiTok-Gen]: Data (t): 0.2841, 33.35/s/gpu Batch (t): 0.9595 LR: 0.000400 Step: 22400 Loss: 7.4486 
[11/30 22:05:18 TiTok-Gen]: Data (t): 0.1177, 24.81/s/gpu Batch (t): 1.2896 LR: 0.000400 Step: 22450 Loss: 7.3939 
[11/30 22:06:22 TiTok-Gen]: Data (t): 0.3020, 31.48/s/gpu Batch (t): 1.0167 LR: 0.000400 Step: 22500 Loss: 7.4239 
[11/30 22:07:25 TiTok-Gen]: Data (t): 0.1185, 26.02/s/gpu Batch (t): 1.2298 LR: 0.000400 Step: 22550 Loss: 7.4113 
[11/30 22:08:27 TiTok-Gen]: Data (t): 0.3106, 31.83/s/gpu Batch (t): 1.0052 LR: 0.000400 Step: 22600 Loss: 7.4023 
[11/30 22:09:24 TiTok-Gen]: Data (t): 0.1184, 26.04/s/gpu Batch (t): 1.2291 LR: 0.000400 Step: 22650 Loss: 7.4277 
[11/30 22:10:00 TiTok-Gen]: Epoch 18/798 started.
[11/30 22:10:44 TiTok-Gen]: Data (t): 0.1179, 32.79/s/gpu Batch (t): 0.9759 LR: 0.000400 Step: 22700 Loss: 7.3437 
[11/30 22:11:44 TiTok-Gen]: Data (t): 0.1239, 22.77/s/gpu Batch (t): 1.4051 LR: 0.000400 Step: 22750 Loss: 7.3006 
[11/30 22:12:43 TiTok-Gen]: Data (t): 0.1200, 22.79/s/gpu Batch (t): 1.4039 LR: 0.000400 Step: 22800 Loss: 7.3367 
[11/30 22:13:41 TiTok-Gen]: Data (t): 0.1892, 23.38/s/gpu Batch (t): 1.3688 LR: 0.000400 Step: 22850 Loss: 7.3511 
[11/30 22:14:40 TiTok-Gen]: Data (t): 0.1233, 33.30/s/gpu Batch (t): 0.9609 LR: 0.000400 Step: 22900 Loss: 7.3228 
[11/30 22:15:42 TiTok-Gen]: Data (t): 0.2749, 26.65/s/gpu Batch (t): 1.2007 LR: 0.000400 Step: 22950 Loss: 7.3417 
[11/30 22:16:44 TiTok-Gen]: Data (t): 0.1177, 22.05/s/gpu Batch (t): 1.4515 LR: 0.000400 Step: 23000 Loss: 7.3126 
[11/30 22:16:45 TiTok-Gen]: Generating images...
  0%|          | 0/289 [00:00<?, ?it/s]  2%|▏         | 5/289 [00:00<00:06, 44.60it/s]  3%|▎         | 10/289 [00:00<00:06, 44.86it/s]  5%|▌         | 15/289 [00:00<00:06, 44.88it/s]  7%|▋         | 20/289 [00:00<00:05, 44.96it/s]  9%|▊         | 25/289 [00:00<00:05, 45.00it/s] 10%|█         | 30/289 [00:00<00:05, 44.98it/s] 12%|█▏        | 35/289 [00:00<00:05, 45.00it/s] 14%|█▍        | 40/289 [00:00<00:05, 45.01it/s] 16%|█▌        | 45/289 [00:01<00:05, 44.95it/s] 17%|█▋        | 50/289 [00:01<00:05, 44.98it/s] 19%|█▉        | 55/289 [00:01<00:05, 44.59it/s] 21%|██        | 60/289 [00:01<00:05, 44.78it/s] 22%|██▏       | 65/289 [00:01<00:04, 44.90it/s] 24%|██▍       | 70/289 [00:01<00:04, 44.96it/s] 26%|██▌       | 75/289 [00:01<00:04, 45.06it/s] 28%|██▊       | 80/289 [00:01<00:04, 45.11it/s] 29%|██▉       | 85/289 [00:01<00:04, 45.12it/s] 31%|███       | 90/289 [00:02<00:04, 45.20it/s] 33%|███▎      | 95/289 [00:02<00:04, 45.18it/s] 35%|███▍      | 100/289 [00:02<00:04, 45.24it/s] 36%|███▋      | 105/289 [00:02<00:04, 45.28it/s] 38%|███▊      | 110/289 [00:02<00:03, 45.23it/s] 40%|███▉      | 115/289 [00:02<00:03, 45.25it/s] 42%|████▏     | 120/289 [00:02<00:03, 45.24it/s] 43%|████▎     | 125/289 [00:02<00:03, 45.18it/s] 45%|████▍     | 130/289 [00:02<00:03, 45.13it/s] 47%|████▋     | 135/289 [00:02<00:03, 44.76it/s] 48%|████▊     | 140/289 [00:03<00:03, 44.93it/s] 50%|█████     | 145/289 [00:03<00:03, 45.04it/s] 52%|█████▏    | 150/289 [00:03<00:03, 45.07it/s] 54%|█████▎    | 155/289 [00:03<00:02, 45.14it/s] 55%|█████▌    | 160/289 [00:03<00:02, 45.21it/s] 57%|█████▋    | 165/289 [00:03<00:02, 45.22it/s] 59%|█████▉    | 170/289 [00:03<00:02, 45.29it/s] 61%|██████    | 175/289 [00:03<00:02, 45.26it/s] 62%|██████▏   | 180/289 [00:03<00:02, 45.30it/s] 64%|██████▍   | 185/289 [00:04<00:02, 45.34it/s] 66%|██████▌   | 190/289 [00:04<00:02, 45.30it/s] 67%|██████▋   | 195/289 [00:04<00:02, 45.32it/s] 69%|██████▉   | 200/289 [00:04<00:01, 45.33it/s] 71%|███████   | 205/289 [00:04<00:01, 45.25it/s] 73%|███████▎  | 210/289 [00:04<00:01, 45.28it/s] 74%|███████▍  | 215/289 [00:04<00:01, 44.87it/s] 76%|███████▌  | 220/289 [00:04<00:01, 45.04it/s] 78%|███████▊  | 225/289 [00:04<00:01, 45.14it/s] 80%|███████▉  | 230/289 [00:05<00:01, 45.17it/s] 81%|████████▏ | 235/289 [00:05<00:01, 45.21it/s] 83%|████████▎ | 240/289 [00:05<00:01, 45.27it/s] 85%|████████▍ | 245/289 [00:05<00:00, 45.24it/s] 87%|████████▋ | 250/289 [00:05<00:00, 45.26it/s] 88%|████████▊ | 255/289 [00:05<00:00, 45.22it/s] 90%|████████▉ | 260/289 [00:05<00:00, 45.24it/s] 92%|█████████▏| 265/289 [00:05<00:00, 45.25it/s] 93%|█████████▎| 270/289 [00:05<00:00, 45.21it/s] 95%|█████████▌| 275/289 [00:06<00:00, 45.21it/s] 97%|█████████▋| 280/289 [00:06<00:00, 45.21it/s] 99%|█████████▊| 285/289 [00:06<00:00, 45.12it/s]100%|█████████▉| 288/289 [00:06<00:00, 44.97it/s]
[11/30 22:17:53 TiTok-Gen]: Data (t): 0.2844, 23.07/s/gpu Batch (t): 1.3872 LR: 0.000400 Step: 23050 Loss: 7.3399 
[11/30 22:18:59 TiTok-Gen]: Data (t): 0.1190, 30.32/s/gpu Batch (t): 1.0554 LR: 0.000400 Step: 23100 Loss: 7.3572 
[11/30 22:20:04 TiTok-Gen]: Data (t): 0.1604, 30.14/s/gpu Batch (t): 1.0616 LR: 0.000400 Step: 23150 Loss: 7.3691 
[11/30 22:21:05 TiTok-Gen]: Data (t): 0.1230, 21.62/s/gpu Batch (t): 1.4804 LR: 0.000400 Step: 23200 Loss: 7.3460 
[11/30 22:22:02 TiTok-Gen]: Data (t): 0.1678, 38.34/s/gpu Batch (t): 0.8345 LR: 0.000400 Step: 23250 Loss: 7.3553 
[11/30 22:23:03 TiTok-Gen]: Data (t): 0.1181, 24.65/s/gpu Batch (t): 1.2980 LR: 0.000400 Step: 23300 Loss: 7.3889 
[11/30 22:24:02 TiTok-Gen]: Data (t): 0.1185, 26.60/s/gpu Batch (t): 1.2029 LR: 0.000400 Step: 23350 Loss: 7.3731 
[11/30 22:25:03 TiTok-Gen]: Data (t): 0.1174, 23.49/s/gpu Batch (t): 1.3624 LR: 0.000400 Step: 23400 Loss: 7.3785 
[11/30 22:26:02 TiTok-Gen]: Data (t): 0.1262, 26.96/s/gpu Batch (t): 1.1871 LR: 0.000400 Step: 23450 Loss: 7.3810 
[11/30 22:26:59 TiTok-Gen]: Data (t): 0.3543, 25.62/s/gpu Batch (t): 1.2488 LR: 0.000400 Step: 23500 Loss: 7.3681 
[11/30 22:27:55 TiTok-Gen]: Data (t): 0.1232, 33.67/s/gpu Batch (t): 0.9503 LR: 0.000400 Step: 23550 Loss: 7.3718 
[11/30 22:28:51 TiTok-Gen]: Data (t): 0.2911, 31.63/s/gpu Batch (t): 1.0116 LR: 0.000400 Step: 23600 Loss: 7.3762 
[11/30 22:29:51 TiTok-Gen]: Data (t): 0.1582, 28.17/s/gpu Batch (t): 1.1358 LR: 0.000400 Step: 23650 Loss: 7.3769 
[11/30 22:30:50 TiTok-Gen]: Data (t): 0.3485, 22.55/s/gpu Batch (t): 1.4191 LR: 0.000400 Step: 23700 Loss: 7.3936 
[11/30 22:31:50 TiTok-Gen]: Data (t): 0.1246, 22.64/s/gpu Batch (t): 1.4134 LR: 0.000400 Step: 23750 Loss: 7.4061 
[11/30 22:32:51 TiTok-Gen]: Data (t): 0.1253, 31.15/s/gpu Batch (t): 1.0274 LR: 0.000400 Step: 23800 Loss: 7.3962 
[11/30 22:33:50 TiTok-Gen]: Data (t): 0.1117, 32.97/s/gpu Batch (t): 0.9705 LR: 0.000400 Step: 23850 Loss: 7.3986 
[11/30 22:34:54 TiTok-Gen]: Data (t): 0.1777, 30.28/s/gpu Batch (t): 1.0567 LR: 0.000400 Step: 23900 Loss: 7.3960 
[11/30 22:35:38 TiTok-Gen]: Epoch 19/798 started.
[11/30 22:36:12 TiTok-Gen]: Data (t): 0.1177, 21.99/s/gpu Batch (t): 1.4553 LR: 0.000400 Step: 23950 Loss: 7.3299 
[11/30 22:37:14 TiTok-Gen]: Data (t): 0.1275, 19.61/s/gpu Batch (t): 1.6317 LR: 0.000400 Step: 24000 Loss: 7.3440 
[11/30 22:37:17 TiTok-Gen]: Generating images...
  0%|          | 0/289 [00:00<?, ?it/s]  2%|▏         | 5/289 [00:00<00:06, 44.40it/s]  3%|▎         | 10/289 [00:00<00:06, 44.74it/s]  5%|▌         | 15/289 [00:00<00:06, 44.48it/s]  7%|▋         | 20/289 [00:00<00:06, 44.79it/s]  9%|▊         | 25/289 [00:00<00:05, 44.93it/s] 10%|█         | 30/289 [00:00<00:05, 45.00it/s] 12%|█▏        | 35/289 [00:00<00:05, 45.09it/s] 14%|█▍        | 40/289 [00:00<00:05, 45.15it/s] 16%|█▌        | 45/289 [00:01<00:05, 45.14it/s] 17%|█▋        | 50/289 [00:01<00:05, 45.18it/s] 19%|█▉        | 55/289 [00:01<00:05, 45.14it/s] 21%|██        | 60/289 [00:01<00:05, 45.18it/s] 22%|██▏       | 65/289 [00:01<00:04, 45.22it/s] 24%|██▍       | 70/289 [00:01<00:04, 45.16it/s] 26%|██▌       | 75/289 [00:01<00:04, 45.20it/s] 28%|██▊       | 80/289 [00:01<00:04, 45.21it/s] 29%|██▉       | 85/289 [00:01<00:04, 45.20it/s] 31%|███       | 90/289 [00:01<00:04, 45.25it/s] 33%|███▎      | 95/289 [00:02<00:04, 45.25it/s] 35%|███▍      | 100/289 [00:02<00:04, 45.28it/s] 36%|███▋      | 105/289 [00:02<00:04, 44.31it/s] 38%|███▊      | 110/289 [00:02<00:04, 43.66it/s] 40%|███▉      | 115/289 [00:02<00:04, 43.29it/s] 42%|████▏     | 120/289 [00:02<00:03, 43.03it/s] 43%|████▎     | 125/289 [00:02<00:03, 43.17it/s] 45%|████▍     | 130/289 [00:02<00:03, 43.50it/s] 47%|████▋     | 135/289 [00:03<00:03, 43.70it/s] 48%|████▊     | 140/289 [00:03<00:03, 43.85it/s] 50%|█████     | 145/289 [00:03<00:03, 44.05it/s] 52%|█████▏    | 150/289 [00:03<00:03, 44.13it/s] 54%|█████▎    | 155/289 [00:03<00:03, 44.24it/s] 55%|█████▌    | 160/289 [00:03<00:02, 44.29it/s] 57%|█████▋    | 165/289 [00:03<00:02, 44.32it/s] 59%|█████▉    | 170/289 [00:03<00:02, 44.42it/s] 61%|██████    | 175/289 [00:03<00:02, 44.40it/s] 62%|██████▏   | 180/289 [00:04<00:02, 44.47it/s] 64%|██████▍   | 185/289 [00:04<00:02, 44.54it/s] 66%|██████▌   | 190/289 [00:04<00:02, 44.29it/s] 67%|██████▋   | 195/289 [00:04<00:02, 44.38it/s] 69%|██████▉   | 200/289 [00:04<00:02, 44.41it/s] 71%|███████   | 205/289 [00:04<00:01, 44.37it/s] 73%|███████▎  | 210/289 [00:04<00:01, 44.43it/s] 74%|███████▍  | 215/289 [00:04<00:01, 44.42it/s] 76%|███████▌  | 220/289 [00:04<00:01, 44.50it/s] 78%|███████▊  | 225/289 [00:05<00:01, 44.55it/s] 80%|███████▉  | 230/289 [00:05<00:01, 44.55it/s] 81%|████████▏ | 235/289 [00:05<00:01, 44.54it/s] 83%|████████▎ | 240/289 [00:05<00:01, 44.57it/s] 85%|████████▍ | 245/289 [00:05<00:00, 44.51it/s] 87%|████████▋ | 250/289 [00:05<00:00, 44.54it/s] 88%|████████▊ | 255/289 [00:05<00:00, 44.53it/s] 90%|████████▉ | 260/289 [00:05<00:00, 44.58it/s] 92%|█████████▏| 265/289 [00:05<00:00, 44.59it/s] 93%|█████████▎| 270/289 [00:06<00:00, 44.56it/s] 95%|█████████▌| 275/289 [00:06<00:00, 44.58it/s] 97%|█████████▋| 280/289 [00:06<00:00, 44.40it/s] 99%|█████████▊| 285/289 [00:06<00:00, 44.44it/s]100%|█████████▉| 288/289 [00:06<00:00, 44.36it/s]
[11/30 22:38:24 TiTok-Gen]: Data (t): 0.2942, 19.56/s/gpu Batch (t): 1.6360 LR: 0.000400 Step: 24050 Loss: 7.3138 
[11/30 22:39:21 TiTok-Gen]: Data (t): 0.1186, 32.39/s/gpu Batch (t): 0.9881 LR: 0.000400 Step: 24100 Loss: 7.3349 
[11/30 22:40:19 TiTok-Gen]: Data (t): 0.2818, 31.13/s/gpu Batch (t): 1.0278 LR: 0.000400 Step: 24150 Loss: 7.2681 
[11/30 22:41:18 TiTok-Gen]: Data (t): 0.1222, 34.18/s/gpu Batch (t): 0.9361 LR: 0.000400 Step: 24200 Loss: 7.3417 
[11/30 22:42:15 TiTok-Gen]: Data (t): 0.1218, 23.10/s/gpu Batch (t): 1.3850 LR: 0.000400 Step: 24250 Loss: 7.3116 
[11/30 22:43:13 TiTok-Gen]: Data (t): 0.1184, 27.13/s/gpu Batch (t): 1.1795 LR: 0.000400 Step: 24300 Loss: 7.3120 
[11/30 22:44:14 TiTok-Gen]: Data (t): 0.1181, 27.28/s/gpu Batch (t): 1.1729 LR: 0.000400 Step: 24350 Loss: 7.3298 
[11/30 22:45:16 TiTok-Gen]: Data (t): 0.1182, 20.27/s/gpu Batch (t): 1.5786 LR: 0.000400 Step: 24400 Loss: 7.3007 
[11/30 22:46:17 TiTok-Gen]: Data (t): 0.1178, 32.48/s/gpu Batch (t): 0.9851 LR: 0.000400 Step: 24450 Loss: 7.3140 
[11/30 22:47:17 TiTok-Gen]: Data (t): 0.1221, 27.08/s/gpu Batch (t): 1.1817 LR: 0.000400 Step: 24500 Loss: 7.3331 
[11/30 22:48:17 TiTok-Gen]: Data (t): 0.1182, 30.19/s/gpu Batch (t): 1.0601 LR: 0.000400 Step: 24550 Loss: 7.3184 
[11/30 22:49:19 TiTok-Gen]: Data (t): 0.2829, 29.69/s/gpu Batch (t): 1.0777 LR: 0.000400 Step: 24600 Loss: 7.3241 
[11/30 22:50:21 TiTok-Gen]: Data (t): 0.1209, 31.39/s/gpu Batch (t): 1.0195 LR: 0.000400 Step: 24650 Loss: 7.3366 
[11/30 22:51:24 TiTok-Gen]: Data (t): 0.2823, 22.24/s/gpu Batch (t): 1.4391 LR: 0.000400 Step: 24700 Loss: 7.3353 
[11/30 22:52:29 TiTok-Gen]: Data (t): 0.1185, 22.37/s/gpu Batch (t): 1.4308 LR: 0.000400 Step: 24750 Loss: 7.3779 
[11/30 22:53:29 TiTok-Gen]: Data (t): 0.2814, 22.55/s/gpu Batch (t): 1.4190 LR: 0.000400 Step: 24800 Loss: 7.3373 
[11/30 22:54:32 TiTok-Gen]: Data (t): 0.1734, 23.50/s/gpu Batch (t): 1.3615 LR: 0.000400 Step: 24850 Loss: 7.3441 
[11/30 22:55:30 TiTok-Gen]: Data (t): 0.1735, 22.28/s/gpu Batch (t): 1.4360 LR: 0.000400 Step: 24900 Loss: 7.3897 
[11/30 22:56:30 TiTok-Gen]: Data (t): 0.1178, 31.89/s/gpu Batch (t): 1.0035 LR: 0.000400 Step: 24950 Loss: 7.3619 
[11/30 22:57:33 TiTok-Gen]: Data (t): 0.1203, 24.60/s/gpu Batch (t): 1.3007 LR: 0.000400 Step: 25000 Loss: 7.4169 
[11/30 22:57:34 TiTok-Gen]: Generating images...
  0%|          | 0/289 [00:00<?, ?it/s]  2%|▏         | 5/289 [00:00<00:06, 43.18it/s]  3%|▎         | 10/289 [00:00<00:06, 43.60it/s]  5%|▌         | 15/289 [00:00<00:06, 43.92it/s]  7%|▋         | 20/289 [00:00<00:06, 43.81it/s]  9%|▊         | 25/289 [00:00<00:06, 43.85it/s] 10%|█         | 30/289 [00:00<00:05, 44.10it/s] 12%|█▏        | 35/289 [00:00<00:05, 44.03it/s] 14%|█▍        | 40/289 [00:00<00:05, 43.99it/s] 16%|█▌        | 45/289 [00:01<00:05, 43.65it/s] 17%|█▋        | 50/289 [00:01<00:05, 43.07it/s] 19%|█▉        | 55/289 [00:01<00:05, 42.92it/s] 21%|██        | 60/289 [00:01<00:05, 42.65it/s] 22%|██▏       | 65/289 [00:01<00:05, 42.52it/s] 24%|██▍       | 70/289 [00:01<00:05, 42.57it/s] 26%|██▌       | 75/289 [00:01<00:05, 42.50it/s] 28%|██▊       | 80/289 [00:01<00:04, 42.38it/s] 29%|██▉       | 85/289 [00:01<00:04, 42.25it/s] 31%|███       | 90/289 [00:02<00:04, 42.22it/s] 33%|███▎      | 95/289 [00:02<00:04, 42.34it/s] 35%|███▍      | 100/289 [00:02<00:04, 42.24it/s] 36%|███▋      | 105/289 [00:02<00:04, 42.27it/s] 38%|███▊      | 110/289 [00:02<00:04, 42.23it/s] 40%|███▉      | 115/289 [00:02<00:04, 42.40it/s] 42%|████▏     | 120/289 [00:02<00:03, 42.44it/s] 43%|████▎     | 125/289 [00:02<00:03, 42.24it/s] 45%|████▍     | 130/289 [00:03<00:03, 42.23it/s] 47%|████▋     | 135/289 [00:03<00:03, 42.38it/s] 48%|████▊     | 140/289 [00:03<00:03, 42.27it/s] 50%|█████     | 145/289 [00:03<00:03, 42.21it/s] 52%|█████▏    | 150/289 [00:03<00:03, 42.35it/s] 54%|█████▎    | 155/289 [00:03<00:03, 42.28it/s] 55%|█████▌    | 160/289 [00:03<00:03, 42.24it/s] 57%|█████▋    | 165/289 [00:03<00:02, 42.38it/s] 59%|█████▉    | 170/289 [00:03<00:02, 42.29it/s] 61%|██████    | 175/289 [00:04<00:02, 42.18it/s] 62%|██████▏   | 180/289 [00:04<00:02, 42.39it/s] 64%|██████▍   | 185/289 [00:04<00:02, 42.34it/s] 66%|██████▌   | 190/289 [00:04<00:02, 42.23it/s] 67%|██████▋   | 195/289 [00:04<00:02, 41.98it/s] 69%|██████▉   | 200/289 [00:04<00:02, 42.16it/s] 71%|███████   | 205/289 [00:04<00:01, 42.16it/s] 73%|███████▎  | 210/289 [00:04<00:01, 42.37it/s] 74%|███████▍  | 215/289 [00:05<00:01, 42.17it/s] 76%|███████▌  | 220/289 [00:05<00:01, 42.18it/s] 78%|███████▊  | 225/289 [00:05<00:01, 42.45it/s] 80%|███████▉  | 230/289 [00:05<00:01, 42.30it/s] 81%|████████▏ | 235/289 [00:05<00:01, 42.23it/s] 83%|████████▎ | 240/289 [00:05<00:01, 42.45it/s] 85%|████████▍ | 245/289 [00:05<00:01, 42.29it/s] 87%|████████▋ | 250/289 [00:05<00:00, 42.22it/s] 88%|████████▊ | 255/289 [00:05<00:00, 42.37it/s] 90%|████████▉ | 260/289 [00:06<00:00, 42.30it/s] 92%|█████████▏| 265/289 [00:06<00:00, 42.30it/s] 93%|█████████▎| 270/289 [00:06<00:00, 42.28it/s] 95%|█████████▌| 275/289 [00:06<00:00, 42.25it/s] 97%|█████████▋| 280/289 [00:06<00:00, 42.47it/s] 99%|█████████▊| 285/289 [00:06<00:00, 42.35it/s]100%|█████████▉| 288/289 [00:06<00:00, 42.34it/s]
[11/30 22:58:46 TiTok-Gen]: Data (t): 0.1204, 23.05/s/gpu Batch (t): 1.3885 LR: 0.000400 Step: 25050 Loss: 7.3637 
[11/30 22:59:46 TiTok-Gen]: Data (t): 0.1186, 39.55/s/gpu Batch (t): 0.8091 LR: 0.000400 Step: 25100 Loss: 7.4000 
[11/30 23:00:45 TiTok-Gen]: Data (t): 0.3049, 36.10/s/gpu Batch (t): 0.8865 LR: 0.000400 Step: 25150 Loss: 7.4120 
[11/30 23:01:54 TiTok-Gen]: Data (t): 0.1185, 34.61/s/gpu Batch (t): 0.9246 LR: 0.000400 Step: 25200 Loss: 7.3749 
[11/30 23:01:54 TiTok-Gen]: Epoch 20/798 started.
[11/30 23:02:56 TiTok-Gen]: Data (t): 0.2760, 33.84/s/gpu Batch (t): 0.9455 LR: 0.000400 Step: 25250 Loss: 7.2909 
[11/30 23:03:44 TiTok-Gen]: Data (t): 0.1203, 31.82/s/gpu Batch (t): 1.0055 LR: 0.000400 Step: 25300 Loss: 7.3022 
[11/30 23:04:31 TiTok-Gen]: Data (t): 0.1832, 32.97/s/gpu Batch (t): 0.9705 LR: 0.000400 Step: 25350 Loss: 7.2994 
[11/30 23:05:19 TiTok-Gen]: Data (t): 0.1218, 33.65/s/gpu Batch (t): 0.9509 LR: 0.000400 Step: 25400 Loss: 7.2464 
[11/30 23:06:06 TiTok-Gen]: Data (t): 0.1211, 32.35/s/gpu Batch (t): 0.9891 LR: 0.000400 Step: 25450 Loss: 7.3077 
[11/30 23:06:53 TiTok-Gen]: Data (t): 0.1270, 31.80/s/gpu Batch (t): 1.0063 LR: 0.000400 Step: 25500 Loss: 7.2946 
[11/30 23:07:41 TiTok-Gen]: Data (t): 0.1373, 34.82/s/gpu Batch (t): 0.9191 LR: 0.000400 Step: 25550 Loss: 7.3212 
[11/30 23:08:28 TiTok-Gen]: Data (t): 0.1268, 38.81/s/gpu Batch (t): 0.8246 LR: 0.000400 Step: 25600 Loss: 7.3254 
[11/30 23:09:16 TiTok-Gen]: Data (t): 0.1322, 33.30/s/gpu Batch (t): 0.9609 LR: 0.000400 Step: 25650 Loss: 7.2635 
[11/30 23:10:03 TiTok-Gen]: Data (t): 0.2822, 31.54/s/gpu Batch (t): 1.0147 LR: 0.000400 Step: 25700 Loss: 7.3361 
[11/30 23:10:51 TiTok-Gen]: Data (t): 0.1239, 31.20/s/gpu Batch (t): 1.0258 LR: 0.000400 Step: 25750 Loss: 7.2575 
[11/30 23:11:38 TiTok-Gen]: Data (t): 0.2791, 32.20/s/gpu Batch (t): 0.9939 LR: 0.000400 Step: 25800 Loss: 7.3260 
[11/30 23:12:25 TiTok-Gen]: Data (t): 0.1211, 30.50/s/gpu Batch (t): 1.0493 LR: 0.000400 Step: 25850 Loss: 7.3768 
[11/30 23:13:13 TiTok-Gen]: Data (t): 0.3139, 32.38/s/gpu Batch (t): 0.9882 LR: 0.000400 Step: 25900 Loss: 7.3529 
[11/30 23:14:00 TiTok-Gen]: Data (t): 0.1757, 31.41/s/gpu Batch (t): 1.0189 LR: 0.000400 Step: 25950 Loss: 7.3672 
[11/30 23:14:48 TiTok-Gen]: Data (t): 0.1214, 21.42/s/gpu Batch (t): 1.4937 LR: 0.000400 Step: 26000 Loss: 7.3204 
[11/30 23:14:50 TiTok-Gen]: Generating images...
  0%|          | 0/289 [00:00<?, ?it/s]  2%|▏         | 5/289 [00:00<00:06, 44.55it/s]  3%|▎         | 10/289 [00:00<00:06, 44.82it/s]  5%|▌         | 15/289 [00:00<00:06, 44.87it/s]  7%|▋         | 20/289 [00:00<00:06, 44.76it/s]  9%|▊         | 25/289 [00:00<00:05, 45.01it/s] 10%|█         | 30/289 [00:00<00:05, 45.09it/s] 12%|█▏        | 35/289 [00:00<00:05, 45.17it/s] 14%|█▍        | 40/289 [00:00<00:05, 45.27it/s] 16%|█▌        | 45/289 [00:00<00:05, 45.25it/s] 17%|█▋        | 50/289 [00:01<00:05, 45.26it/s] 19%|█▉        | 55/289 [00:01<00:05, 45.20it/s] 21%|██        | 60/289 [00:01<00:05, 45.27it/s] 22%|██▏       | 65/289 [00:01<00:04, 45.34it/s] 24%|██▍       | 70/289 [00:01<00:04, 45.32it/s] 26%|██▌       | 75/289 [00:01<00:04, 45.36it/s] 28%|██▊       | 80/289 [00:01<00:04, 45.35it/s] 29%|██▉       | 85/289 [00:01<00:04, 45.30it/s] 31%|███       | 90/289 [00:01<00:04, 45.36it/s] 33%|███▎      | 95/289 [00:02<00:04, 44.34it/s] 35%|███▍      | 100/289 [00:02<00:04, 44.14it/s] 36%|███▋      | 105/289 [00:02<00:04, 44.33it/s] 38%|███▊      | 110/289 [00:02<00:04, 44.43it/s] 40%|███▉      | 115/289 [00:02<00:03, 44.55it/s] 42%|████▏     | 120/289 [00:02<00:03, 44.62it/s] 43%|████▎     | 125/289 [00:02<00:03, 44.63it/s] 45%|████▍     | 130/289 [00:02<00:03, 44.70it/s] 47%|████▋     | 135/289 [00:03<00:03, 44.68it/s] 48%|████▊     | 140/289 [00:03<00:03, 44.78it/s] 50%|█████     | 145/289 [00:03<00:03, 44.84it/s] 52%|█████▏    | 150/289 [00:03<00:03, 44.84it/s] 54%|█████▎    | 155/289 [00:03<00:02, 44.87it/s] 55%|█████▌    | 160/289 [00:03<00:02, 44.93it/s] 57%|█████▋    | 165/289 [00:03<00:02, 44.89it/s] 59%|█████▉    | 170/289 [00:03<00:02, 44.96it/s] 61%|██████    | 175/289 [00:03<00:02, 44.73it/s] 62%|██████▏   | 180/289 [00:04<00:02, 44.82it/s] 64%|██████▍   | 185/289 [00:04<00:02, 44.88it/s] 66%|██████▌   | 190/289 [00:04<00:02, 44.83it/s] 67%|██████▋   | 195/289 [00:04<00:02, 44.85it/s] 69%|██████▉   | 200/289 [00:04<00:01, 44.87it/s] 71%|███████   | 205/289 [00:04<00:01, 44.61it/s] 73%|███████▎  | 210/289 [00:04<00:01, 44.69it/s] 74%|███████▍  | 215/289 [00:04<00:01, 44.69it/s] 76%|███████▌  | 220/289 [00:04<00:01, 44.76it/s] 78%|███████▊  | 225/289 [00:05<00:01, 44.82it/s] 80%|███████▉  | 230/289 [00:05<00:01, 44.81it/s] 81%|████████▏ | 235/289 [00:05<00:01, 44.84it/s] 83%|████████▎ | 240/289 [00:05<00:01, 44.86it/s] 85%|████████▍ | 245/289 [00:05<00:00, 44.83it/s] 87%|████████▋ | 250/289 [00:05<00:00, 44.85it/s] 88%|████████▊ | 255/289 [00:05<00:00, 44.64it/s] 90%|████████▉ | 260/289 [00:05<00:00, 44.74it/s] 92%|█████████▏| 265/289 [00:05<00:00, 44.69it/s] 93%|█████████▎| 270/289 [00:06<00:00, 44.72it/s] 95%|█████████▌| 275/289 [00:06<00:00, 44.79it/s] 97%|█████████▋| 280/289 [00:06<00:00, 44.85it/s] 99%|█████████▊| 285/289 [00:06<00:00, 44.83it/s]100%|█████████▉| 288/289 [00:06<00:00, 44.70it/s]
[11/30 23:15:44 TiTok-Gen]: Data (t): 0.1814, 33.67/s/gpu Batch (t): 0.9503 LR: 0.000400 Step: 26050 Loss: 7.3373 
[11/30 23:16:32 TiTok-Gen]: Data (t): 0.1249, 33.18/s/gpu Batch (t): 0.9644 LR: 0.000400 Step: 26100 Loss: 7.3775 
srun: got SIGCONT
slurmstepd: error: *** STEP 6427237.0 ON SH-IDCA1404-10-140-54-56 CANCELLED AT 2025-11-30T23:16:57 ***
slurmstepd: error: *** JOB 6427237 ON SH-IDCA1404-10-140-54-56 CANCELLED AT 2025-11-30T23:16:57 ***
srun: Job step aborted: Waiting up to 2 seconds for job step to finish.
srun: Easily find out why your job was killed by following the link below:
	https://docs.phoenix.sensetime.com/FAQ/SlurmFAQ/Find-out-why-my-job-was-killed/
srun: forcing job termination
W1130 23:16:57.490000 80928 site-packages/torch/distributed/elastic/agent/server/api.py:719] Received Signals.SIGTERM death signal, shutting down workers
W1130 23:16:57.485000 61175 site-packages/torch/distributed/elastic/agent/server/api.py:719] Received Signals.SIGTERM death signal, shutting down workers
W1130 23:16:57.493000 24128 site-packages/torch/distributed/elastic/agent/server/api.py:719] Received Signals.SIGTERM death signal, shutting down workers
W1130 23:16:57.489000 69999 site-packages/torch/distributed/elastic/agent/server/api.py:719] Received Signals.SIGTERM death signal, shutting down workers
W1130 23:16:57.488000 61175 site-packages/torch/distributed/elastic/multiprocessing/api.py:897] Sending process 61926 closing signal SIGTERM
W1130 23:16:57.493000 80928 site-packages/torch/distributed/elastic/multiprocessing/api.py:897] Sending process 81266 closing signal SIGTERM
W1130 23:16:57.495000 24128 site-packages/torch/distributed/elastic/multiprocessing/api.py:897] Sending process 24441 closing signal SIGTERM
W1130 23:16:57.491000 69999 site-packages/torch/distributed/elastic/multiprocessing/api.py:897] Sending process 70675 closing signal SIGTERM
W1130 23:16:57.495000 69999 site-packages/torch/distributed/elastic/multiprocessing/api.py:897] Sending process 70676 closing signal SIGTERM
W1130 23:16:57.492000 61175 site-packages/torch/distributed/elastic/multiprocessing/api.py:897] Sending process 61927 closing signal SIGTERM
W1130 23:16:57.499000 24128 site-packages/torch/distributed/elastic/multiprocessing/api.py:897] Sending process 24442 closing signal SIGTERM
W1130 23:16:57.497000 80928 site-packages/torch/distributed/elastic/multiprocessing/api.py:897] Sending process 81267 closing signal SIGTERM
W1130 23:16:57.495000 61175 site-packages/torch/distributed/elastic/multiprocessing/api.py:897] Sending process 61928 closing signal SIGTERM
W1130 23:16:57.503000 24128 site-packages/torch/distributed/elastic/multiprocessing/api.py:897] Sending process 24443 closing signal SIGTERM
W1130 23:16:57.499000 69999 site-packages/torch/distributed/elastic/multiprocessing/api.py:897] Sending process 70677 closing signal SIGTERM
W1130 23:16:57.501000 80928 site-packages/torch/distributed/elastic/multiprocessing/api.py:897] Sending process 81268 closing signal SIGTERM
W1130 23:16:57.504000 80928 site-packages/torch/distributed/elastic/multiprocessing/api.py:897] Sending process 81269 closing signal SIGTERM
W1130 23:16:57.506000 24128 site-packages/torch/distributed/elastic/multiprocessing/api.py:897] Sending process 24444 closing signal SIGTERM
W1130 23:16:57.503000 69999 site-packages/torch/distributed/elastic/multiprocessing/api.py:897] Sending process 70679 closing signal SIGTERM
W1130 23:16:57.511000 80928 site-packages/torch/distributed/elastic/multiprocessing/api.py:897] Sending process 81270 closing signal SIGTERM
W1130 23:16:57.510000 24128 site-packages/torch/distributed/elastic/multiprocessing/api.py:897] Sending process 24446 closing signal SIGTERM
W1130 23:16:57.513000 80928 site-packages/torch/distributed/elastic/multiprocessing/api.py:897] Sending process 81271 closing signal SIGTERM
W1130 23:16:57.499000 61175 site-packages/torch/distributed/elastic/multiprocessing/api.py:897] Sending process 61929 closing signal SIGTERM
W1130 23:16:57.519000 80928 site-packages/torch/distributed/elastic/multiprocessing/api.py:897] Sending process 81272 closing signal SIGTERM
W1130 23:16:57.522000 80928 site-packages/torch/distributed/elastic/multiprocessing/api.py:897] Sending process 81273 closing signal SIGTERM
W1130 23:16:57.506000 69999 site-packages/torch/distributed/elastic/multiprocessing/api.py:897] Sending process 70680 closing signal SIGTERM
W1130 23:16:57.538000 24128 site-packages/torch/distributed/elastic/multiprocessing/api.py:897] Sending process 24447 closing signal SIGTERM
W1130 23:16:57.540000 24128 site-packages/torch/distributed/elastic/multiprocessing/api.py:897] Sending process 24448 closing signal SIGTERM
