/var/spool/slurmd/job6481948/slurm_script: line 13: /mnt/petrelfs/jianglihan/miniforge3/bin/activate: No such file or directory
Head Node IP: SH-IDCA1404-10-140-54-4
Total Nodes: 4
Command to run:
accelerate launch   --config_file configs/accelerate_config/mnode8gpu.yaml   --main_process_ip=SH-IDCA1404-10-140-54-4   --main_process_port=29500   --num_processes=32   --num_machines=4   --machine_rank=$SLURM_PROCID   scripts/train_generator.py config=configs/training/generator/gpt_quadtree_fixtree.yaml
attention mode is flash
attention mode is flashattention mode is flash

attention mode is flash
attention mode is flash
attention mode is flash
attention mode is flash
attention mode is flash
attention mode is flash
attention mode is flash
attention mode is flash
attention mode is flash
attention mode is flash
attention mode is flash
attention mode is flash
attention mode is flash
attention mode is flash
attention mode is flash
attention mode is flash
attention mode is flash
attention mode is flash
attention mode is flash
attention mode is flash
attention mode is flash
attention mode is flash
attention mode is flash
attention mode is flash
attention mode is flash
attention mode is flash
attention mode is flash
attention mode is flash
attention mode is flash
Detected kernel version 3.10.0, which is below the recommended minimum of 5.5.0; this can cause the process to hang. It is recommended to upgrade the kernel to the minimum version or higher.
wandb: Tracking run with wandb version 0.23.0
wandb: W&B syncing is set to `offline` in this directory. Run `wandb online` or set WANDB_MODE=online to enable cloud syncing.
wandb: Run data is saved locally in /mnt/petrelfs/jianglihan/my_code/quadtok/wandb/offline-run-20251202_050314-q5eh6h97
[12/02 05:03:15 TiTok-Gen]: Saving config to checkpoints/generator/gpt_quadtree_fixtree/config.yaml
[12/02 05:03:15 TiTok-Gen]: Config:
experiment:
  project: dynamic_tokenizer_generation
  name: gpt_quadtree_fixtree
  output_dir: checkpoints/generator/gpt_quadtree_fixtree
  max_train_examples: 1281167
  save_every: 10000
  eval_every: 50000
  generate_every: 1000
  log_every: 50
  log_grad_norm_every: 1000
  resume: false
  logging_dir: checkpoints/generator/gpt_quadtree_fixtree/logs
tokenizer:
  type: quadtok
  tokenizer_ckpt_dir: /mnt/petrelfs/jianglihan/my_code/quadtok/checkpoints/quadtok_sl256_vq_ts8-expandprob34/checkpoint-250000/ema_model/pytorch_model.bin
  vae_embed_dim: 8
model:
  type: quadtok
  grad_checkpointing: true
  vq_model:
    quantize_mode: vq
    vit_enc_model_size: small
    vit_dec_model_size: small
    vit_enc_patch_size: 16
    vit_dec_patch_size: 16
    decoder_token_size: 256
    codebook_size: 16384
    use_l2_norm: true
    commitment_cost: 0.25
    token_size: 8
  selector:
    token_size: 8
    num_patch_side_list:
    - 1
    - 2
    - 4
    - 8
    - 16
    - 32
    patch_size_list:
    - 16
    - 16
    - 16
    - 16
    - 16
    - 8
  generator_type: gpt-quadtree
  generator:
    model_size: base
    patch_size: 1
    image_size: 256
    num_patch_side_list:
    - 1
    - 2
    - 4
    - 8
    - 16
    - 32
    patch_size_list:
    - 16
    - 16
    - 16
    - 16
    - 16
    - 8
    guaranteed_depth: 3
    class_num: 1000
    label_drop_prob: 0.1
    mask_ratio_min: 0.7
    buffer_size: 1
    proj_dropout: 0.1
    attn_dropout: 0.1
losses:
  model_embed_dim: 768
  diffloss_d: 8
  diffloss_w: 1280
  expand_loss_weight: 1.0
dataset:
  type: simple_image
  params:
    train_shards_path_or_url: pipe:rclone cat hoss:jianglihan/data/imagenet/imagenet-train-{000000..000070}.tar
    eval_shards_path_or_url: pipe:rclone cat hoss:jianglihan/data/imagenet/imagenet-val-{000000..000049}.tar
    num_workers_per_gpu: 12
  preprocessing:
    resize_shorter_edge: 256
    crop_size: 256
    random_crop: true
    random_flip: true
    res_ratio_filtering: true
optimizer:
  name: adamw
  params:
    learning_rate: 0.0001
    beta1: 0.9
    beta2: 0.96
    weight_decay: 0.03
lr_scheduler:
  scheduler: cosine
  params:
    learning_rate: ${optimizer.params.learning_rate}
    warmup_steps: 10000
    end_lr: 1.0e-05
training:
  gradient_accumulation_steps: 1
  per_gpu_batch_size: 32
  mixed_precision: bf16
  enable_tf32: true
  enable_wandb: true
  use_ema: true
  seed: 42
  max_train_steps: 1000000
  max_grad_norm: 1.0
config: configs/training/generator/gpt_quadtree_fixtree.yaml

[12/02 05:03:21 TiTok-Gen]: Creating model and loss module.
[12/02 05:03:21 TiTok-Gen]: Creating model.
self.train_transform: Compose(
    Resize(size=256, interpolation=bicubic, max_size=None, antialias=True)
    RandomCrop(size=(256, 256), padding=None)
    RandomHorizontalFlip(p=0.5)
    ToTensor()
    Normalize(mean=[0.0, 0.0, 0.0], std=[1.0, 1.0, 1.0])
)
self.eval_transform: Compose(
    Resize(size=256, interpolation=bilinear, max_size=None, antialias=True)
    CenterCrop(size=(256, 256))
    ToTensor()
    Normalize(mean=[0.0, 0.0, 0.0], std=[1.0, 1.0, 1.0])
)
self.train_transform: Compose(
    Resize(size=256, interpolation=bicubic, max_size=None, antialias=True)
    RandomCrop(size=(256, 256), padding=None)
    RandomHorizontalFlip(p=0.5)
    ToTensor()
    Normalize(mean=[0.0, 0.0, 0.0], std=[1.0, 1.0, 1.0])
)
self.eval_transform: Compose(
    Resize(size=256, interpolation=bilinear, max_size=None, antialias=True)
    CenterCrop(size=(256, 256))
    ToTensor()
    Normalize(mean=[0.0, 0.0, 0.0], std=[1.0, 1.0, 1.0])
)
self.train_transform: Compose(
    Resize(size=256, interpolation=bicubic, max_size=None, antialias=True)
    RandomCrop(size=(256, 256), padding=None)
    RandomHorizontalFlip(p=0.5)
    ToTensor()
    Normalize(mean=[0.0, 0.0, 0.0], std=[1.0, 1.0, 1.0])
)
self.eval_transform: Compose(
    Resize(size=256, interpolation=bilinear, max_size=None, antialias=True)
    CenterCrop(size=(256, 256))
    ToTensor()
    Normalize(mean=[0.0, 0.0, 0.0], std=[1.0, 1.0, 1.0])
)
self.train_transform: Compose(
    Resize(size=256, interpolation=bicubic, max_size=None, antialias=True)
    RandomCrop(size=(256, 256), padding=None)
    RandomHorizontalFlip(p=0.5)
    ToTensor()
    Normalize(mean=[0.0, 0.0, 0.0], std=[1.0, 1.0, 1.0])
)
self.eval_transform: Compose(
    Resize(size=256, interpolation=bilinear, max_size=None, antialias=True)
    CenterCrop(size=(256, 256))
    ToTensor()
    Normalize(mean=[0.0, 0.0, 0.0], std=[1.0, 1.0, 1.0])
)
self.train_transform: Compose(
    Resize(size=256, interpolation=bicubic, max_size=None, antialias=True)
    RandomCrop(size=(256, 256), padding=None)
    RandomHorizontalFlip(p=0.5)
    ToTensor()
    Normalize(mean=[0.0, 0.0, 0.0], std=[1.0, 1.0, 1.0])
)
self.eval_transform: Compose(
    Resize(size=256, interpolation=bilinear, max_size=None, antialias=True)
    CenterCrop(size=(256, 256))
    ToTensor()
    Normalize(mean=[0.0, 0.0, 0.0], std=[1.0, 1.0, 1.0])
)
self.train_transform: Compose(
    Resize(size=256, interpolation=bicubic, max_size=None, antialias=True)
    RandomCrop(size=(256, 256), padding=None)
    RandomHorizontalFlip(p=0.5)
    ToTensor()
    Normalize(mean=[0.0, 0.0, 0.0], std=[1.0, 1.0, 1.0])
)
self.eval_transform: Compose(
    Resize(size=256, interpolation=bilinear, max_size=None, antialias=True)
    CenterCrop(size=(256, 256))
    ToTensor()
    Normalize(mean=[0.0, 0.0, 0.0], std=[1.0, 1.0, 1.0])
)
self.train_transform: Compose(
    Resize(size=256, interpolation=bicubic, max_size=None, antialias=True)
    RandomCrop(size=(256, 256), padding=None)
    RandomHorizontalFlip(p=0.5)
    ToTensor()
    Normalize(mean=[0.0, 0.0, 0.0], std=[1.0, 1.0, 1.0])
)
self.eval_transform: Compose(
    Resize(size=256, interpolation=bilinear, max_size=None, antialias=True)
    CenterCrop(size=(256, 256))
    ToTensor()
    Normalize(mean=[0.0, 0.0, 0.0], std=[1.0, 1.0, 1.0])
)
self.train_transform: Compose(
    Resize(size=256, interpolation=bicubic, max_size=None, antialias=True)
    RandomCrop(size=(256, 256), padding=None)
    RandomHorizontalFlip(p=0.5)
    ToTensor()
    Normalize(mean=[0.0, 0.0, 0.0], std=[1.0, 1.0, 1.0])
)
self.eval_transform: Compose(
    Resize(size=256, interpolation=bilinear, max_size=None, antialias=True)
    CenterCrop(size=(256, 256))
    ToTensor()
    Normalize(mean=[0.0, 0.0, 0.0], std=[1.0, 1.0, 1.0])
)
self.train_transform: Compose(
    Resize(size=256, interpolation=bicubic, max_size=None, antialias=True)
    RandomCrop(size=(256, 256), padding=None)
    RandomHorizontalFlip(p=0.5)
    ToTensor()
    Normalize(mean=[0.0, 0.0, 0.0], std=[1.0, 1.0, 1.0])
)
self.train_transform: Compose(
    Resize(size=256, interpolation=bicubic, max_size=None, antialias=True)
    RandomCrop(size=(256, 256), padding=None)
    RandomHorizontalFlip(p=0.5)
    ToTensor()
    Normalize(mean=[0.0, 0.0, 0.0], std=[1.0, 1.0, 1.0])
self.eval_transform: Compose(
    Resize(size=256, interpolation=bilinear, max_size=None, antialias=True)
    CenterCrop(size=(256, 256))
    ToTensor()
    Normalize(mean=[0.0, 0.0, 0.0], std=[1.0, 1.0, 1.0])
)
)
self.eval_transform: Compose(
    Resize(size=256, interpolation=bilinear, max_size=None, antialias=True)
    CenterCrop(size=(256, 256))
    ToTensor()
    Normalize(mean=[0.0, 0.0, 0.0], std=[1.0, 1.0, 1.0])
)
self.train_transform: Compose(
    Resize(size=256, interpolation=bicubic, max_size=None, antialias=True)
    RandomCrop(size=(256, 256), padding=None)
    RandomHorizontalFlip(p=0.5)
    ToTensor()
    Normalize(mean=[0.0, 0.0, 0.0], std=[1.0, 1.0, 1.0])
)
self.eval_transform: Compose(
    Resize(size=256, interpolation=bilinear, max_size=None, antialias=True)
    CenterCrop(size=(256, 256))
    ToTensor()
    Normalize(mean=[0.0, 0.0, 0.0], std=[1.0, 1.0, 1.0])
)
self.train_transform: Compose(
    Resize(size=256, interpolation=bicubic, max_size=None, antialias=True)
    RandomCrop(size=(256, 256), padding=None)
    RandomHorizontalFlip(p=0.5)
    ToTensor()
    Normalize(mean=[0.0, 0.0, 0.0], std=[1.0, 1.0, 1.0])
)
self.eval_transform: Compose(
    Resize(size=256, interpolation=bilinear, max_size=None, antialias=True)
    CenterCrop(size=(256, 256))
    ToTensor()
    Normalize(mean=[0.0, 0.0, 0.0], std=[1.0, 1.0, 1.0])
)
self.train_transform: Compose(
    Resize(size=256, interpolation=bicubic, max_size=None, antialias=True)
    RandomCrop(size=(256, 256), padding=None)
    RandomHorizontalFlip(p=0.5)
    ToTensor()
    Normalize(mean=[0.0, 0.0, 0.0], std=[1.0, 1.0, 1.0])
)
self.eval_transform: Compose(
    Resize(size=256, interpolation=bilinear, max_size=None, antialias=True)
    CenterCrop(size=(256, 256))
    ToTensor()
    Normalize(mean=[0.0, 0.0, 0.0], std=[1.0, 1.0, 1.0])
)
self.train_transform: Compose(
    Resize(size=256, interpolation=bicubic, max_size=None, antialias=True)
    RandomCrop(size=(256, 256), padding=None)
    RandomHorizontalFlip(p=0.5)
    ToTensor()
    Normalize(mean=[0.0, 0.0, 0.0], std=[1.0, 1.0, 1.0])
)
self.eval_transform: Compose(
    Resize(size=256, interpolation=bilinear, max_size=None, antialias=True)
    CenterCrop(size=(256, 256))
    ToTensor()
    Normalize(mean=[0.0, 0.0, 0.0], std=[1.0, 1.0, 1.0])
self.train_transform: Compose(
    Resize(size=256, interpolation=bicubic, max_size=None, antialias=True)
    RandomCrop(size=(256, 256), padding=None)
    RandomHorizontalFlip(p=0.5)
    ToTensor()
    Normalize(mean=[0.0, 0.0, 0.0], std=[1.0, 1.0, 1.0])
)
)
self.eval_transform: Compose(
    Resize(size=256, interpolation=bilinear, max_size=None, antialias=True)
    CenterCrop(size=(256, 256))
    ToTensor()
    Normalize(mean=[0.0, 0.0, 0.0], std=[1.0, 1.0, 1.0])
)
self.train_transform: Compose(
    Resize(size=256, interpolation=bicubic, max_size=None, antialias=True)
    RandomCrop(size=(256, 256), padding=None)
    RandomHorizontalFlip(p=0.5)
    ToTensor()
    Normalize(mean=[0.0, 0.0, 0.0], std=[1.0, 1.0, 1.0])
)
self.eval_transform: Compose(
    Resize(size=256, interpolation=bilinear, max_size=None, antialias=True)
    CenterCrop(size=(256, 256))
    ToTensor()
    Normalize(mean=[0.0, 0.0, 0.0], std=[1.0, 1.0, 1.0])
)
self.train_transform: Compose(
    Resize(size=256, interpolation=bicubic, max_size=None, antialias=True)
    RandomCrop(size=(256, 256), padding=None)
    RandomHorizontalFlip(p=0.5)
    ToTensor()
    Normalize(mean=[0.0, 0.0, 0.0], std=[1.0, 1.0, 1.0])
)
self.eval_transform: Compose(
    Resize(size=256, interpolation=bilinear, max_size=None, antialias=True)
    CenterCrop(size=(256, 256))
    ToTensor()
    Normalize(mean=[0.0, 0.0, 0.0], std=[1.0, 1.0, 1.0])
)
self.train_transform: Compose(
    Resize(size=256, interpolation=bicubic, max_size=None, antialias=True)
    RandomCrop(size=(256, 256), padding=None)
    RandomHorizontalFlip(p=0.5)
    ToTensor()
    Normalize(mean=[0.0, 0.0, 0.0], std=[1.0, 1.0, 1.0])
)
self.eval_transform: Compose(
    Resize(size=256, interpolation=bilinear, max_size=None, antialias=True)
    CenterCrop(size=(256, 256))
    ToTensor()
    Normalize(mean=[0.0, 0.0, 0.0], std=[1.0, 1.0, 1.0])
)
self.train_transform: Compose(
    Resize(size=256, interpolation=bicubic, max_size=None, antialias=True)
    RandomCrop(size=(256, 256), padding=None)
    RandomHorizontalFlip(p=0.5)
    ToTensor()
    Normalize(mean=[0.0, 0.0, 0.0], std=[1.0, 1.0, 1.0])
)
self.eval_transform: Compose(
    Resize(size=256, interpolation=bilinear, max_size=None, antialias=True)
    CenterCrop(size=(256, 256))
    ToTensor()
    Normalize(mean=[0.0, 0.0, 0.0], std=[1.0, 1.0, 1.0])
)
self.train_transform: Compose(
    Resize(size=256, interpolation=bicubic, max_size=None, antialias=True)
    RandomCrop(size=(256, 256), padding=None)
    RandomHorizontalFlip(p=0.5)
    ToTensor()
    Normalize(mean=[0.0, 0.0, 0.0], std=[1.0, 1.0, 1.0])
)
self.eval_transform: Compose(
    Resize(size=256, interpolation=bilinear, max_size=None, antialias=True)
    CenterCrop(size=(256, 256))
    ToTensor()
    Normalize(mean=[0.0, 0.0, 0.0], std=[1.0, 1.0, 1.0])
)
self.train_transform: Compose(
    Resize(size=256, interpolation=bicubic, max_size=None, antialias=True)
    RandomCrop(size=(256, 256), padding=None)
    RandomHorizontalFlip(p=0.5)
    ToTensor()
    Normalize(mean=[0.0, 0.0, 0.0], std=[1.0, 1.0, 1.0])
)
self.eval_transform: Compose(
    Resize(size=256, interpolation=bilinear, max_size=None, antialias=True)
    CenterCrop(size=(256, 256))
    ToTensor()
    Normalize(mean=[0.0, 0.0, 0.0], std=[1.0, 1.0, 1.0])
)
self.train_transform: Compose(
    Resize(size=256, interpolation=bicubic, max_size=None, antialias=True)
    RandomCrop(size=(256, 256), padding=None)
    RandomHorizontalFlip(p=0.5)
    ToTensor()
    Normalize(mean=[0.0, 0.0, 0.0], std=[1.0, 1.0, 1.0])
)
self.eval_transform: Compose(
    Resize(size=256, interpolation=bilinear, max_size=None, antialias=True)
    CenterCrop(size=(256, 256))
    ToTensor()
    Normalize(mean=[0.0, 0.0, 0.0], std=[1.0, 1.0, 1.0])
)
[12/02 05:03:28 TiTok-Gen]: Creating optimizers.
[12/02 05:03:28 TiTok-Gen]: Creating lr_schedulers.
self.train_transform: Compose(
    Resize(size=256, interpolation=bicubic, max_size=None, antialias=True)
    RandomCrop(size=(256, 256), padding=None)
    RandomHorizontalFlip(p=0.5)
    ToTensor()
    Normalize(mean=[0.0, 0.0, 0.0], std=[1.0, 1.0, 1.0])
)
self.eval_transform: Compose(
    Resize(size=256, interpolation=bilinear, max_size=None, antialias=True)
    CenterCrop(size=(256, 256))
    ToTensor()
    Normalize(mean=[0.0, 0.0, 0.0], std=[1.0, 1.0, 1.0])
)
[12/02 05:03:28 TiTok-Gen]: Preparing model, optimizer and dataloaders
self.train_transform: Compose(
    Resize(size=256, interpolation=bicubic, max_size=None, antialias=True)
    RandomCrop(size=(256, 256), padding=None)
    RandomHorizontalFlip(p=0.5)
    ToTensor()
    Normalize(mean=[0.0, 0.0, 0.0], std=[1.0, 1.0, 1.0])
)
self.eval_transform: Compose(
    Resize(size=256, interpolation=bilinear, max_size=None, antialias=True)
    CenterCrop(size=(256, 256))
    ToTensor()
    Normalize(mean=[0.0, 0.0, 0.0], std=[1.0, 1.0, 1.0])
)
self.train_transform: Compose(
    Resize(size=256, interpolation=bicubic, max_size=None, antialias=True)
    RandomCrop(size=(256, 256), padding=None)
    RandomHorizontalFlip(p=0.5)
    ToTensor()
    Normalize(mean=[0.0, 0.0, 0.0], std=[1.0, 1.0, 1.0])
)
self.eval_transform: Compose(
    Resize(size=256, interpolation=bilinear, max_size=None, antialias=True)
    CenterCrop(size=(256, 256))
    ToTensor()
    Normalize(mean=[0.0, 0.0, 0.0], std=[1.0, 1.0, 1.0])
)
self.train_transform: Compose(
    Resize(size=256, interpolation=bicubic, max_size=None, antialias=True)
    RandomCrop(size=(256, 256), padding=None)
    RandomHorizontalFlip(p=0.5)
    ToTensor()
    Normalize(mean=[0.0, 0.0, 0.0], std=[1.0, 1.0, 1.0])
)
self.eval_transform: Compose(
    Resize(size=256, interpolation=bilinear, max_size=None, antialias=True)
    CenterCrop(size=(256, 256))
    ToTensor()
    Normalize(mean=[0.0, 0.0, 0.0], std=[1.0, 1.0, 1.0])
)
self.train_transform: Compose(
    Resize(size=256, interpolation=bicubic, max_size=None, antialias=True)
    RandomCrop(size=(256, 256), padding=None)
    RandomHorizontalFlip(p=0.5)
    ToTensor()
    Normalize(mean=[0.0, 0.0, 0.0], std=[1.0, 1.0, 1.0])
)
self.eval_transform: Compose(
    Resize(size=256, interpolation=bilinear, max_size=None, antialias=True)
    CenterCrop(size=(256, 256))
    ToTensor()
    Normalize(mean=[0.0, 0.0, 0.0], std=[1.0, 1.0, 1.0])
)
self.train_transform: Compose(
    Resize(size=256, interpolation=bicubic, max_size=None, antialias=True)
    RandomCrop(size=(256, 256), padding=None)
    RandomHorizontalFlip(p=0.5)
    ToTensor()
    Normalize(mean=[0.0, 0.0, 0.0], std=[1.0, 1.0, 1.0])
)
self.eval_transform: Compose(
    Resize(size=256, interpolation=bilinear, max_size=None, antialias=True)
    CenterCrop(size=(256, 256))
    ToTensor()
    Normalize(mean=[0.0, 0.0, 0.0], std=[1.0, 1.0, 1.0])
)
self.train_transform: Compose(
    Resize(size=256, interpolation=bicubic, max_size=None, antialias=True)
    RandomCrop(size=(256, 256), padding=None)
    RandomHorizontalFlip(p=0.5)
    ToTensor()
    Normalize(mean=[0.0, 0.0, 0.0], std=[1.0, 1.0, 1.0])
)
self.eval_transform: Compose(
    Resize(size=256, interpolation=bilinear, max_size=None, antialias=True)
    CenterCrop(size=(256, 256))
    ToTensor()
    Normalize(mean=[0.0, 0.0, 0.0], std=[1.0, 1.0, 1.0])
)
self.train_transform: Compose(
    Resize(size=256, interpolation=bicubic, max_size=None, antialias=True)
    RandomCrop(size=(256, 256), padding=None)
    RandomHorizontalFlip(p=0.5)
    ToTensor()
    Normalize(mean=[0.0, 0.0, 0.0], std=[1.0, 1.0, 1.0])
)
self.eval_transform: Compose(
    Resize(size=256, interpolation=bilinear, max_size=None, antialias=True)
    CenterCrop(size=(256, 256))
    ToTensor()
    Normalize(mean=[0.0, 0.0, 0.0], std=[1.0, 1.0, 1.0])
)
self.train_transform: Compose(
    Resize(size=256, interpolation=bicubic, max_size=None, antialias=True)
    RandomCrop(size=(256, 256), padding=None)
    RandomHorizontalFlip(p=0.5)
    ToTensor()
    Normalize(mean=[0.0, 0.0, 0.0], std=[1.0, 1.0, 1.0])
)
self.eval_transform: Compose(
    Resize(size=256, interpolation=bilinear, max_size=None, antialias=True)
    CenterCrop(size=(256, 256))
    ToTensor()
    Normalize(mean=[0.0, 0.0, 0.0], std=[1.0, 1.0, 1.0])
)
self.train_transform: Compose(
    Resize(size=256, interpolation=bicubic, max_size=None, antialias=True)
    RandomCrop(size=(256, 256), padding=None)
    RandomHorizontalFlip(p=0.5)
    ToTensor()
    Normalize(mean=[0.0, 0.0, 0.0], std=[1.0, 1.0, 1.0])
)
self.eval_transform: Compose(
    Resize(size=256, interpolation=bilinear, max_size=None, antialias=True)
    CenterCrop(size=(256, 256))
    ToTensor()
    Normalize(mean=[0.0, 0.0, 0.0], std=[1.0, 1.0, 1.0])
)
SH-IDCA1404-10-140-54-4:112782:112782 [0] NCCL INFO NCCL_SOCKET_IFNAME set by environment to bond0
SH-IDCA1404-10-140-54-4:112782:112782 [0] NCCL INFO Bootstrap : Using bond0:10.140.54.4<0>
SH-IDCA1404-10-140-54-4:112782:112782 [0] NCCL INFO NET/Plugin: No plugin found (libnccl-net.so)
SH-IDCA1404-10-140-54-4:112782:112782 [0] NCCL INFO NET/Plugin: Plugin load returned 2 : libnccl-net.so: cannot open shared object file: No such file or directory : when loading libnccl-net.so
SH-IDCA1404-10-140-54-4:112782:112782 [0] NCCL INFO NET/Plugin: Using internal network plugin.
SH-IDCA1404-10-140-54-4:112782:112782 [0] NCCL INFO cudaDriverVersion 12000
NCCL version 2.21.5+cuda11.0
SH-IDCA1404-10-140-54-4:112786:112786 [4] NCCL INFO cudaDriverVersion 12000
SH-IDCA1404-10-140-54-4:112786:112786 [4] NCCL INFO NCCL_SOCKET_IFNAME set by environment to bond0
SH-IDCA1404-10-140-54-4:112786:112786 [4] NCCL INFO Bootstrap : Using bond0:10.140.54.4<0>
SH-IDCA1404-10-140-54-4:112785:112785 [3] NCCL INFO cudaDriverVersion 12000
SH-IDCA1404-10-140-54-4:112785:112785 [3] NCCL INFO NCCL_SOCKET_IFNAME set by environment to bond0
SH-IDCA1404-10-140-54-4:112787:112787 [5] NCCL INFO cudaDriverVersion 12000
SH-IDCA1404-10-140-54-4:112785:112785 [3] NCCL INFO Bootstrap : Using bond0:10.140.54.4<0>
SH-IDCA1404-10-140-54-4:112787:112787 [5] NCCL INFO NCCL_SOCKET_IFNAME set by environment to bond0
SH-IDCA1404-10-140-54-4:112787:112787 [5] NCCL INFO Bootstrap : Using bond0:10.140.54.4<0>
SH-IDCA1404-10-140-54-4:112784:112784 [2] NCCL INFO cudaDriverVersion 12000
SH-IDCA1404-10-140-54-4:112783:112783 [1] NCCL INFO cudaDriverVersion 12000
SH-IDCA1404-10-140-54-4:112784:112784 [2] NCCL INFO NCCL_SOCKET_IFNAME set by environment to bond0
SH-IDCA1404-10-140-54-4:112783:112783 [1] NCCL INFO NCCL_SOCKET_IFNAME set by environment to bond0
SH-IDCA1404-10-140-54-4:112789:112789 [7] NCCL INFO cudaDriverVersion 12000
SH-IDCA1404-10-140-54-4:112789:112789 [7] NCCL INFO NCCL_SOCKET_IFNAME set by environment to bond0
SH-IDCA1404-10-140-54-4:112784:112784 [2] NCCL INFO Bootstrap : Using bond0:10.140.54.4<0>
SH-IDCA1404-10-140-54-4:112789:112789 [7] NCCL INFO Bootstrap : Using bond0:10.140.54.4<0>
SH-IDCA1404-10-140-54-4:112783:112783 [1] NCCL INFO Bootstrap : Using bond0:10.140.54.4<0>
SH-IDCA1404-10-140-54-4:112788:112788 [6] NCCL INFO cudaDriverVersion 12000
SH-IDCA1404-10-140-54-4:112788:112788 [6] NCCL INFO NCCL_SOCKET_IFNAME set by environment to bond0
SH-IDCA1404-10-140-54-4:112788:112788 [6] NCCL INFO Bootstrap : Using bond0:10.140.54.4<0>
SH-IDCA1404-10-140-54-4:112786:112786 [4] NCCL INFO NET/Plugin: No plugin found (libnccl-net.so)
SH-IDCA1404-10-140-54-4:112786:112786 [4] NCCL INFO NET/Plugin: Plugin load returned 2 : libnccl-net.so: cannot open shared object file: No such file or directory : when loading libnccl-net.so
SH-IDCA1404-10-140-54-4:112786:112786 [4] NCCL INFO NET/Plugin: Using internal network plugin.
SH-IDCA1404-10-140-54-4:112785:112785 [3] NCCL INFO NET/Plugin: No plugin found (libnccl-net.so)
SH-IDCA1404-10-140-54-4:112785:112785 [3] NCCL INFO NET/Plugin: Plugin load returned 2 : libnccl-net.so: cannot open shared object file: No such file or directory : when loading libnccl-net.so
SH-IDCA1404-10-140-54-4:112785:112785 [3] NCCL INFO NET/Plugin: Using internal network plugin.
SH-IDCA1404-10-140-54-4:112789:112789 [7] NCCL INFO NET/Plugin: No plugin found (libnccl-net.so)
SH-IDCA1404-10-140-54-4:112789:112789 [7] NCCL INFO NET/Plugin: Plugin load returned 2 : libnccl-net.so: cannot open shared object file: No such file or directory : when loading libnccl-net.so
SH-IDCA1404-10-140-54-4:112789:112789 [7] NCCL INFO NET/Plugin: Using internal network plugin.
SH-IDCA1404-10-140-54-4:112784:112784 [2] NCCL INFO NET/Plugin: No plugin found (libnccl-net.so)
SH-IDCA1404-10-140-54-4:112784:112784 [2] NCCL INFO NET/Plugin: Plugin load returned 2 : libnccl-net.so: cannot open shared object file: No such file or directory : when loading libnccl-net.so
SH-IDCA1404-10-140-54-4:112784:112784 [2] NCCL INFO NET/Plugin: Using internal network plugin.
SH-IDCA1404-10-140-54-5:37337:37337 [3] NCCL INFO cudaDriverVersion 12000
SH-IDCA1404-10-140-54-5:37341:37341 [7] NCCL INFO cudaDriverVersion 12000
SH-IDCA1404-10-140-54-4:112788:112788 [6] NCCL INFO NET/Plugin: No plugin found (libnccl-net.so)
SH-IDCA1404-10-140-54-5:37337:37337 [3] NCCL INFO NCCL_SOCKET_IFNAME set by environment to bond0
SH-IDCA1404-10-140-54-60:31475:31475 [1] NCCL INFO cudaDriverVersion 12000
SH-IDCA1404-10-140-54-4:112788:112788 [6] NCCL INFO NET/Plugin: Plugin load returned 2 : libnccl-net.so: cannot open shared object file: No such file or directory : when loading libnccl-net.so
SH-IDCA1404-10-140-54-4:112788:112788 [6] NCCL INFO NET/Plugin: Using internal network plugin.
SH-IDCA1404-10-140-54-5:37341:37341 [7] NCCL INFO NCCL_SOCKET_IFNAME set by environment to bond0
SH-IDCA1404-10-140-54-60:31475:31475 [1] NCCL INFO NCCL_SOCKET_IFNAME set by environment to bond0
SH-IDCA1404-10-140-54-4:112783:112783 [1] NCCL INFO NET/Plugin: No plugin found (libnccl-net.so)
SH-IDCA1404-10-140-54-5:37337:37337 [3] NCCL INFO Bootstrap : Using bond0:10.140.54.5<0>
SH-IDCA1404-10-140-54-60:31475:31475 [1] NCCL INFO Bootstrap : Using bond0:10.140.54.60<0>
SH-IDCA1404-10-140-54-4:112783:112783 [1] NCCL INFO NET/Plugin: Plugin load returned 2 : libnccl-net.so: cannot open shared object file: No such file or directory : when loading libnccl-net.so
SH-IDCA1404-10-140-54-4:112783:112783 [1] NCCL INFO NET/Plugin: Using internal network plugin.
SH-IDCA1404-10-140-54-5:37341:37341 [7] NCCL INFO Bootstrap : Using bond0:10.140.54.5<0>
SH-IDCA1404-10-140-54-4:112787:112787 [5] NCCL INFO NET/Plugin: No plugin found (libnccl-net.so)
SH-IDCA1404-10-140-54-5:37340:37340 [6] NCCL INFO cudaDriverVersion 12000
SH-IDCA1404-10-140-54-4:112787:112787 [5] NCCL INFO NET/Plugin: Plugin load returned 2 : libnccl-net.so: cannot open shared object file: No such file or directory : when loading libnccl-net.so
SH-IDCA1404-10-140-54-4:112787:112787 [5] NCCL INFO NET/Plugin: Using internal network plugin.
SH-IDCA1404-10-140-54-5:37340:37340 [6] NCCL INFO NCCL_SOCKET_IFNAME set by environment to bond0
SH-IDCA1404-10-140-54-5:37340:37340 [6] NCCL INFO Bootstrap : Using bond0:10.140.54.5<0>
SH-IDCA1404-10-140-54-37:54154:54154 [1] NCCL INFO cudaDriverVersion 12000
SH-IDCA1404-10-140-54-37:54155:54155 [2] NCCL INFO cudaDriverVersion 12000
SH-IDCA1404-10-140-54-37:54153:54153 [0] NCCL INFO cudaDriverVersion 12000
SH-IDCA1404-10-140-54-37:54155:54155 [2] NCCL INFO NCCL_SOCKET_IFNAME set by environment to bond0
SH-IDCA1404-10-140-54-37:54154:54154 [1] NCCL INFO NCCL_SOCKET_IFNAME set by environment to bond0
SH-IDCA1404-10-140-54-37:54153:54153 [0] NCCL INFO NCCL_SOCKET_IFNAME set by environment to bond0
SH-IDCA1404-10-140-54-37:54158:54158 [4] NCCL INFO cudaDriverVersion 12000
SH-IDCA1404-10-140-54-37:54158:54158 [4] NCCL INFO NCCL_SOCKET_IFNAME set by environment to bond0
SH-IDCA1404-10-140-54-37:54160:54160 [6] NCCL INFO cudaDriverVersion 12000
SH-IDCA1404-10-140-54-37:54157:54157 [3] NCCL INFO cudaDriverVersion 12000
SH-IDCA1404-10-140-54-37:54160:54160 [6] NCCL INFO NCCL_SOCKET_IFNAME set by environment to bond0
SH-IDCA1404-10-140-54-37:54157:54157 [3] NCCL INFO NCCL_SOCKET_IFNAME set by environment to bond0
SH-IDCA1404-10-140-54-60:31480:31480 [6] NCCL INFO cudaDriverVersion 12000
SH-IDCA1404-10-140-54-37:54155:54155 [2] NCCL INFO Bootstrap : Using bond0:10.140.54.37<0>
SH-IDCA1404-10-140-54-37:54154:54154 [1] NCCL INFO Bootstrap : Using bond0:10.140.54.37<0>
SH-IDCA1404-10-140-54-60:31475:31475 [1] NCCL INFO NET/Plugin: No plugin found (libnccl-net.so)
SH-IDCA1404-10-140-54-5:37338:37338 [4] NCCL INFO cudaDriverVersion 12000
SH-IDCA1404-10-140-54-37:54153:54153 [0] NCCL INFO Bootstrap : Using bond0:10.140.54.37<0>
SH-IDCA1404-10-140-54-60:31475:31475 [1] NCCL INFO NET/Plugin: Plugin load returned 2 : libnccl-net.so: cannot open shared object file: No such file or directory : when loading libnccl-net.so
SH-IDCA1404-10-140-54-60:31475:31475 [1] NCCL INFO NET/Plugin: Using internal network plugin.
SH-IDCA1404-10-140-54-5:37338:37338 [4] NCCL INFO NCCL_SOCKET_IFNAME set by environment to bond0
SH-IDCA1404-10-140-54-37:54158:54158 [4] NCCL INFO Bootstrap : Using bond0:10.140.54.37<0>
SH-IDCA1404-10-140-54-37:54160:54160 [6] NCCL INFO Bootstrap : Using bond0:10.140.54.37<0>
SH-IDCA1404-10-140-54-37:54157:54157 [3] NCCL INFO Bootstrap : Using bond0:10.140.54.37<0>
SH-IDCA1404-10-140-54-60:31480:31480 [6] NCCL INFO NCCL_SOCKET_IFNAME set by environment to bond0
SH-IDCA1404-10-140-54-5:37334:37334 [0] NCCL INFO cudaDriverVersion 12000
SH-IDCA1404-10-140-54-37:54165:54165 [7] NCCL INFO cudaDriverVersion 12000
SH-IDCA1404-10-140-54-60:31481:31481 [7] NCCL INFO cudaDriverVersion 12000
SH-IDCA1404-10-140-54-5:37338:37338 [4] NCCL INFO Bootstrap : Using bond0:10.140.54.5<0>
SH-IDCA1404-10-140-54-37:54159:54159 [5] NCCL INFO cudaDriverVersion 12000
SH-IDCA1404-10-140-54-60:31481:31481 [7] NCCL INFO NCCL_SOCKET_IFNAME set by environment to bond0
SH-IDCA1404-10-140-54-5:37335:37335 [1] NCCL INFO cudaDriverVersion 12000
SH-IDCA1404-10-140-54-37:54159:54159 [5] NCCL INFO NCCL_SOCKET_IFNAME set by environment to bond0
SH-IDCA1404-10-140-54-37:54165:54165 [7] NCCL INFO NCCL_SOCKET_IFNAME set by environment to bond0
SH-IDCA1404-10-140-54-60:31478:31478 [4] NCCL INFO cudaDriverVersion 12000
SH-IDCA1404-10-140-54-5:37334:37334 [0] NCCL INFO NCCL_SOCKET_IFNAME set by environment to bond0
SH-IDCA1404-10-140-54-37:54159:54159 [5] NCCL INFO Bootstrap : Using bond0:10.140.54.37<0>
SH-IDCA1404-10-140-54-37:54165:54165 [7] NCCL INFO Bootstrap : Using bond0:10.140.54.37<0>
SH-IDCA1404-10-140-54-60:31480:31480 [6] NCCL INFO Bootstrap : Using bond0:10.140.54.60<0>
SH-IDCA1404-10-140-54-60:31481:31481 [7] NCCL INFO Bootstrap : Using bond0:10.140.54.60<0>
SH-IDCA1404-10-140-54-5:37335:37335 [1] NCCL INFO NCCL_SOCKET_IFNAME set by environment to bond0
SH-IDCA1404-10-140-54-60:31478:31478 [4] NCCL INFO NCCL_SOCKET_IFNAME set by environment to bond0
SH-IDCA1404-10-140-54-5:37339:37339 [5] NCCL INFO cudaDriverVersion 12000
SH-IDCA1404-10-140-54-60:31478:31478 [4] NCCL INFO Bootstrap : Using bond0:10.140.54.60<0>
SH-IDCA1404-10-140-54-5:37339:37339 [5] NCCL INFO NCCL_SOCKET_IFNAME set by environment to bond0
SH-IDCA1404-10-140-54-60:31477:31477 [3] NCCL INFO cudaDriverVersion 12000
SH-IDCA1404-10-140-54-5:37336:37336 [2] NCCL INFO cudaDriverVersion 12000
SH-IDCA1404-10-140-54-60:31479:31479 [5] NCCL INFO cudaDriverVersion 12000
SH-IDCA1404-10-140-54-5:37336:37336 [2] NCCL INFO NCCL_SOCKET_IFNAME set by environment to bond0
SH-IDCA1404-10-140-54-60:31474:31474 [0] NCCL INFO cudaDriverVersion 12000
SH-IDCA1404-10-140-54-5:37334:37334 [0] NCCL INFO Bootstrap : Using bond0:10.140.54.5<0>
SH-IDCA1404-10-140-54-60:31479:31479 [5] NCCL INFO NCCL_SOCKET_IFNAME set by environment to bond0
SH-IDCA1404-10-140-54-60:31477:31477 [3] NCCL INFO NCCL_SOCKET_IFNAME set by environment to bond0
SH-IDCA1404-10-140-54-5:37335:37335 [1] NCCL INFO Bootstrap : Using bond0:10.140.54.5<0>
SH-IDCA1404-10-140-54-60:31474:31474 [0] NCCL INFO NCCL_SOCKET_IFNAME set by environment to bond0
SH-IDCA1404-10-140-54-5:37339:37339 [5] NCCL INFO Bootstrap : Using bond0:10.140.54.5<0>
SH-IDCA1404-10-140-54-5:37336:37336 [2] NCCL INFO Bootstrap : Using bond0:10.140.54.5<0>
SH-IDCA1404-10-140-54-60:31476:31476 [2] NCCL INFO cudaDriverVersion 12000
SH-IDCA1404-10-140-54-5:37337:37337 [3] NCCL INFO NET/Plugin: No plugin found (libnccl-net.so)
SH-IDCA1404-10-140-54-60:31476:31476 [2] NCCL INFO NCCL_SOCKET_IFNAME set by environment to bond0
SH-IDCA1404-10-140-54-5:37337:37337 [3] NCCL INFO NET/Plugin: Plugin load returned 2 : libnccl-net.so: cannot open shared object file: No such file or directory : when loading libnccl-net.so
SH-IDCA1404-10-140-54-5:37337:37337 [3] NCCL INFO NET/Plugin: Using internal network plugin.
SH-IDCA1404-10-140-54-60:31479:31479 [5] NCCL INFO Bootstrap : Using bond0:10.140.54.60<0>
SH-IDCA1404-10-140-54-5:37341:37341 [7] NCCL INFO NET/Plugin: No plugin found (libnccl-net.so)
SH-IDCA1404-10-140-54-60:31477:31477 [3] NCCL INFO Bootstrap : Using bond0:10.140.54.60<0>
SH-IDCA1404-10-140-54-60:31474:31474 [0] NCCL INFO Bootstrap : Using bond0:10.140.54.60<0>
SH-IDCA1404-10-140-54-5:37341:37341 [7] NCCL INFO NET/Plugin: Plugin load returned 2 : libnccl-net.so: cannot open shared object file: No such file or directory : when loading libnccl-net.so
SH-IDCA1404-10-140-54-60:31476:31476 [2] NCCL INFO Bootstrap : Using bond0:10.140.54.60<0>
SH-IDCA1404-10-140-54-5:37341:37341 [7] NCCL INFO NET/Plugin: Using internal network plugin.
SH-IDCA1404-10-140-54-60:31481:31481 [7] NCCL INFO NET/Plugin: No plugin found (libnccl-net.so)
SH-IDCA1404-10-140-54-5:37340:37340 [6] NCCL INFO NET/Plugin: No plugin found (libnccl-net.so)
SH-IDCA1404-10-140-54-60:31481:31481 [7] NCCL INFO NET/Plugin: Plugin load returned 2 : libnccl-net.so: cannot open shared object file: No such file or directory : when loading libnccl-net.so
SH-IDCA1404-10-140-54-60:31481:31481 [7] NCCL INFO NET/Plugin: Using internal network plugin.
SH-IDCA1404-10-140-54-5:37340:37340 [6] NCCL INFO NET/Plugin: Plugin load returned 2 : libnccl-net.so: cannot open shared object file: No such file or directory : when loading libnccl-net.so
SH-IDCA1404-10-140-54-5:37340:37340 [6] NCCL INFO NET/Plugin: Using internal network plugin.
SH-IDCA1404-10-140-54-60:31480:31480 [6] NCCL INFO NET/Plugin: No plugin found (libnccl-net.so)
SH-IDCA1404-10-140-54-5:37335:37335 [1] NCCL INFO NET/Plugin: No plugin found (libnccl-net.so)
SH-IDCA1404-10-140-54-60:31480:31480 [6] NCCL INFO NET/Plugin: Plugin load returned 2 : libnccl-net.so: cannot open shared object file: No such file or directory : when loading libnccl-net.so
SH-IDCA1404-10-140-54-60:31480:31480 [6] NCCL INFO NET/Plugin: Using internal network plugin.
SH-IDCA1404-10-140-54-5:37335:37335 [1] NCCL INFO NET/Plugin: Plugin load returned 2 : libnccl-net.so: cannot open shared object file: No such file or directory : when loading libnccl-net.so
SH-IDCA1404-10-140-54-5:37335:37335 [1] NCCL INFO NET/Plugin: Using internal network plugin.
SH-IDCA1404-10-140-54-60:31478:31478 [4] NCCL INFO NET/Plugin: No plugin found (libnccl-net.so)
SH-IDCA1404-10-140-54-5:37338:37338 [4] NCCL INFO NET/Plugin: No plugin found (libnccl-net.so)
SH-IDCA1404-10-140-54-60:31478:31478 [4] NCCL INFO NET/Plugin: Plugin load returned 2 : libnccl-net.so: cannot open shared object file: No such file or directory : when loading libnccl-net.so
SH-IDCA1404-10-140-54-60:31478:31478 [4] NCCL INFO NET/Plugin: Using internal network plugin.
SH-IDCA1404-10-140-54-5:37338:37338 [4] NCCL INFO NET/Plugin: Plugin load returned 2 : libnccl-net.so: cannot open shared object file: No such file or directory : when loading libnccl-net.so
SH-IDCA1404-10-140-54-5:37338:37338 [4] NCCL INFO NET/Plugin: Using internal network plugin.
SH-IDCA1404-10-140-54-60:31477:31477 [3] NCCL INFO NET/Plugin: No plugin found (libnccl-net.so)
SH-IDCA1404-10-140-54-5:37334:37334 [0] NCCL INFO NET/Plugin: No plugin found (libnccl-net.so)
SH-IDCA1404-10-140-54-60:31477:31477 [3] NCCL INFO NET/Plugin: Plugin load returned 2 : libnccl-net.so: cannot open shared object file: No such file or directory : when loading libnccl-net.so
SH-IDCA1404-10-140-54-5:37334:37334 [0] NCCL INFO NET/Plugin: Plugin load returned 2 : libnccl-net.so: cannot open shared object file: No such file or directory : when loading libnccl-net.so
SH-IDCA1404-10-140-54-5:37334:37334 [0] NCCL INFO NET/Plugin: Using internal network plugin.
SH-IDCA1404-10-140-54-60:31477:31477 [3] NCCL INFO NET/Plugin: Using internal network plugin.
SH-IDCA1404-10-140-54-5:37336:37336 [2] NCCL INFO NET/Plugin: No plugin found (libnccl-net.so)
SH-IDCA1404-10-140-54-5:37336:37336 [2] NCCL INFO NET/Plugin: Plugin load returned 2 : libnccl-net.so: cannot open shared object file: No such file or directory : when loading libnccl-net.so
SH-IDCA1404-10-140-54-60:31474:31474 [0] NCCL INFO NET/Plugin: No plugin found (libnccl-net.so)
SH-IDCA1404-10-140-54-5:37336:37336 [2] NCCL INFO NET/Plugin: Using internal network plugin.
SH-IDCA1404-10-140-54-60:31474:31474 [0] NCCL INFO NET/Plugin: Plugin load returned 2 : libnccl-net.so: cannot open shared object file: No such file or directory : when loading libnccl-net.so
SH-IDCA1404-10-140-54-60:31474:31474 [0] NCCL INFO NET/Plugin: Using internal network plugin.
SH-IDCA1404-10-140-54-60:31476:31476 [2] NCCL INFO NET/Plugin: No plugin found (libnccl-net.so)
SH-IDCA1404-10-140-54-5:37339:37339 [5] NCCL INFO NET/Plugin: No plugin found (libnccl-net.so)
SH-IDCA1404-10-140-54-60:31476:31476 [2] NCCL INFO NET/Plugin: Plugin load returned 2 : libnccl-net.so: cannot open shared object file: No such file or directory : when loading libnccl-net.so
SH-IDCA1404-10-140-54-60:31476:31476 [2] NCCL INFO NET/Plugin: Using internal network plugin.
SH-IDCA1404-10-140-54-5:37339:37339 [5] NCCL INFO NET/Plugin: Plugin load returned 2 : libnccl-net.so: cannot open shared object file: No such file or directory : when loading libnccl-net.so
SH-IDCA1404-10-140-54-5:37339:37339 [5] NCCL INFO NET/Plugin: Using internal network plugin.
SH-IDCA1404-10-140-54-60:31479:31479 [5] NCCL INFO NET/Plugin: No plugin found (libnccl-net.so)
SH-IDCA1404-10-140-54-60:31479:31479 [5] NCCL INFO NET/Plugin: Plugin load returned 2 : libnccl-net.so: cannot open shared object file: No such file or directory : when loading libnccl-net.so
SH-IDCA1404-10-140-54-60:31479:31479 [5] NCCL INFO NET/Plugin: Using internal network plugin.
SH-IDCA1404-10-140-54-37:54158:54158 [4] NCCL INFO NET/Plugin: No plugin found (libnccl-net.so)
SH-IDCA1404-10-140-54-37:54158:54158 [4] NCCL INFO NET/Plugin: Plugin load returned 2 : libnccl-net.so: cannot open shared object file: No such file or directory : when loading libnccl-net.so
SH-IDCA1404-10-140-54-37:54158:54158 [4] NCCL INFO NET/Plugin: Using internal network plugin.
SH-IDCA1404-10-140-54-37:54154:54154 [1] NCCL INFO NET/Plugin: No plugin found (libnccl-net.so)
SH-IDCA1404-10-140-54-37:54154:54154 [1] NCCL INFO NET/Plugin: Plugin load returned 2 : libnccl-net.so: cannot open shared object file: No such file or directory : when loading libnccl-net.so
SH-IDCA1404-10-140-54-37:54154:54154 [1] NCCL INFO NET/Plugin: Using internal network plugin.
SH-IDCA1404-10-140-54-37:54155:54155 [2] NCCL INFO NET/Plugin: No plugin found (libnccl-net.so)
SH-IDCA1404-10-140-54-37:54155:54155 [2] NCCL INFO NET/Plugin: Plugin load returned 2 : libnccl-net.so: cannot open shared object file: No such file or directory : when loading libnccl-net.so
SH-IDCA1404-10-140-54-37:54155:54155 [2] NCCL INFO NET/Plugin: Using internal network plugin.
SH-IDCA1404-10-140-54-37:54153:54153 [0] NCCL INFO NET/Plugin: No plugin found (libnccl-net.so)
SH-IDCA1404-10-140-54-37:54153:54153 [0] NCCL INFO NET/Plugin: Plugin load returned 2 : libnccl-net.so: cannot open shared object file: No such file or directory : when loading libnccl-net.so
SH-IDCA1404-10-140-54-37:54153:54153 [0] NCCL INFO NET/Plugin: Using internal network plugin.
SH-IDCA1404-10-140-54-37:54157:54157 [3] NCCL INFO NET/Plugin: No plugin found (libnccl-net.so)
SH-IDCA1404-10-140-54-37:54157:54157 [3] NCCL INFO NET/Plugin: Plugin load returned 2 : libnccl-net.so: cannot open shared object file: No such file or directory : when loading libnccl-net.so
SH-IDCA1404-10-140-54-37:54157:54157 [3] NCCL INFO NET/Plugin: Using internal network plugin.
SH-IDCA1404-10-140-54-37:54165:54165 [7] NCCL INFO NET/Plugin: No plugin found (libnccl-net.so)
SH-IDCA1404-10-140-54-37:54165:54165 [7] NCCL INFO NET/Plugin: Plugin load returned 2 : libnccl-net.so: cannot open shared object file: No such file or directory : when loading libnccl-net.so
SH-IDCA1404-10-140-54-37:54165:54165 [7] NCCL INFO NET/Plugin: Using internal network plugin.
SH-IDCA1404-10-140-54-37:54160:54160 [6] NCCL INFO NET/Plugin: No plugin found (libnccl-net.so)
SH-IDCA1404-10-140-54-37:54160:54160 [6] NCCL INFO NET/Plugin: Plugin load returned 2 : libnccl-net.so: cannot open shared object file: No such file or directory : when loading libnccl-net.so
SH-IDCA1404-10-140-54-37:54160:54160 [6] NCCL INFO NET/Plugin: Using internal network plugin.
SH-IDCA1404-10-140-54-37:54159:54159 [5] NCCL INFO NET/Plugin: No plugin found (libnccl-net.so)
SH-IDCA1404-10-140-54-37:54159:54159 [5] NCCL INFO NET/Plugin: Plugin load returned 2 : libnccl-net.so: cannot open shared object file: No such file or directory : when loading libnccl-net.so
SH-IDCA1404-10-140-54-37:54159:54159 [5] NCCL INFO NET/Plugin: Using internal network plugin.
SH-IDCA1404-10-140-54-4:112782:112782 [0] NCCL INFO Comm config Blocking set to 1
SH-IDCA1404-10-140-54-4:112782:113883 [0] NCCL INFO NCCL_SOCKET_IFNAME set by environment to bond0
SH-IDCA1404-10-140-54-4:112782:113883 [0] NCCL INFO NCCL_IB_HCA set to mlx5_0,mlx5_2
SH-IDCA1404-10-140-54-4:112782:113883 [0] NCCL INFO NET/IB : Using [0]mlx5_2:1/IB [RO]; OOB bond0:10.140.54.4<0>
SH-IDCA1404-10-140-54-4:112782:113883 [0] NCCL INFO Using non-device net plugin version 0
SH-IDCA1404-10-140-54-4:112782:113883 [0] NCCL INFO Using network IB
SH-IDCA1404-10-140-54-4:112783:112783 [1] NCCL INFO Comm config Blocking set to 1
SH-IDCA1404-10-140-54-4:112784:112784 [2] NCCL INFO Comm config Blocking set to 1
SH-IDCA1404-10-140-54-60:31476:31476 [2] NCCL INFO Comm config Blocking set to 1
SH-IDCA1404-10-140-54-5:37337:37337 [3] NCCL INFO Comm config Blocking set to 1
SH-IDCA1404-10-140-54-4:112786:112786 [4] NCCL INFO Comm config Blocking set to 1
SH-IDCA1404-10-140-54-60:31477:31477 [3] NCCL INFO Comm config Blocking set to 1
SH-IDCA1404-10-140-54-60:31479:31479 [5] NCCL INFO Comm config Blocking set to 1
SH-IDCA1404-10-140-54-4:112788:112788 [6] NCCL INFO Comm config Blocking set to 1
SH-IDCA1404-10-140-54-60:31481:31481 [7] NCCL INFO Comm config Blocking set to 1
SH-IDCA1404-10-140-54-5:37336:37336 [2] NCCL INFO Comm config Blocking set to 1
SH-IDCA1404-10-140-54-5:37335:37335 [1] NCCL INFO Comm config Blocking set to 1
SH-IDCA1404-10-140-54-4:112787:112787 [5] NCCL INFO Comm config Blocking set to 1
SH-IDCA1404-10-140-54-5:37341:37341 [7] NCCL INFO Comm config Blocking set to 1
SH-IDCA1404-10-140-54-4:112783:113885 [1] NCCL INFO NCCL_SOCKET_IFNAME set by environment to bond0
SH-IDCA1404-10-140-54-4:112784:113886 [2] NCCL INFO NCCL_SOCKET_IFNAME set by environment to bond0
SH-IDCA1404-10-140-54-4:112786:113887 [4] NCCL INFO NCCL_SOCKET_IFNAME set by environment to bond0
SH-IDCA1404-10-140-54-4:112783:113885 [1] NCCL INFO NCCL_IB_HCA set to mlx5_0,mlx5_2
SH-IDCA1404-10-140-54-4:112784:113886 [2] NCCL INFO NCCL_IB_HCA set to mlx5_0,mlx5_2
SH-IDCA1404-10-140-54-4:112786:113887 [4] NCCL INFO NCCL_IB_HCA set to mlx5_0,mlx5_2
SH-IDCA1404-10-140-54-60:31477:34912 [3] NCCL INFO NCCL_SOCKET_IFNAME set by environment to bond0
SH-IDCA1404-10-140-54-60:31476:34911 [2] NCCL INFO NCCL_SOCKET_IFNAME set by environment to bond0
SH-IDCA1404-10-140-54-60:31476:34911 [2] NCCL INFO NCCL_IB_HCA set to mlx5_0,mlx5_2
SH-IDCA1404-10-140-54-60:31477:34912 [3] NCCL INFO NCCL_IB_HCA set to mlx5_0,mlx5_2
SH-IDCA1404-10-140-54-60:31475:31475 [1] NCCL INFO Comm config Blocking set to 1
SH-IDCA1404-10-140-54-60:31479:34913 [5] NCCL INFO NCCL_SOCKET_IFNAME set by environment to bond0
SH-IDCA1404-10-140-54-5:37337:38316 [3] NCCL INFO NCCL_SOCKET_IFNAME set by environment to bond0
SH-IDCA1404-10-140-54-60:31479:34913 [5] NCCL INFO NCCL_IB_HCA set to mlx5_0,mlx5_2
SH-IDCA1404-10-140-54-5:37337:38316 [3] NCCL INFO NCCL_IB_HCA set to mlx5_0,mlx5_2
SH-IDCA1404-10-140-54-60:31480:31480 [6] NCCL INFO Comm config Blocking set to 1
SH-IDCA1404-10-140-54-4:112787:113889 [5] NCCL INFO NCCL_SOCKET_IFNAME set by environment to bond0
SH-IDCA1404-10-140-54-4:112788:113888 [6] NCCL INFO NCCL_SOCKET_IFNAME set by environment to bond0
SH-IDCA1404-10-140-54-60:31481:34914 [7] NCCL INFO NCCL_SOCKET_IFNAME set by environment to bond0
SH-IDCA1404-10-140-54-4:112787:113889 [5] NCCL INFO NCCL_IB_HCA set to mlx5_0,mlx5_2
SH-IDCA1404-10-140-54-4:112788:113888 [6] NCCL INFO NCCL_IB_HCA set to mlx5_0,mlx5_2
SH-IDCA1404-10-140-54-5:37336:38317 [2] NCCL INFO NCCL_SOCKET_IFNAME set by environment to bond0
SH-IDCA1404-10-140-54-60:31481:34914 [7] NCCL INFO NCCL_IB_HCA set to mlx5_0,mlx5_2
SH-IDCA1404-10-140-54-5:37335:38318 [1] NCCL INFO NCCL_SOCKET_IFNAME set by environment to bond0
SH-IDCA1404-10-140-54-5:37341:38319 [7] NCCL INFO NCCL_SOCKET_IFNAME set by environment to bond0
SH-IDCA1404-10-140-54-5:37336:38317 [2] NCCL INFO NCCL_IB_HCA set to mlx5_0,mlx5_2
SH-IDCA1404-10-140-54-60:31474:31474 [0] NCCL INFO Comm config Blocking set to 1
SH-IDCA1404-10-140-54-5:37341:38319 [7] NCCL INFO NCCL_IB_HCA set to mlx5_0,mlx5_2
SH-IDCA1404-10-140-54-5:37335:38318 [1] NCCL INFO NCCL_IB_HCA set to mlx5_0,mlx5_2
SH-IDCA1404-10-140-54-60:31478:31478 [4] NCCL INFO Comm config Blocking set to 1
SH-IDCA1404-10-140-54-5:37340:37340 [6] NCCL INFO Comm config Blocking set to 1
SH-IDCA1404-10-140-54-5:37339:37339 [5] NCCL INFO Comm config Blocking set to 1
SH-IDCA1404-10-140-54-60:31475:34915 [1] NCCL INFO NCCL_SOCKET_IFNAME set by environment to bond0
SH-IDCA1404-10-140-54-60:31475:34915 [1] NCCL INFO NCCL_IB_HCA set to mlx5_0,mlx5_2
SH-IDCA1404-10-140-54-60:31480:34916 [6] NCCL INFO NCCL_SOCKET_IFNAME set by environment to bond0
SH-IDCA1404-10-140-54-4:112783:113885 [1] NCCL INFO NET/IB : Using [0]mlx5_2:1/IB [RO]; OOB bond0:10.140.54.4<0>
SH-IDCA1404-10-140-54-60:31480:34916 [6] NCCL INFO NCCL_IB_HCA set to mlx5_0,mlx5_2
SH-IDCA1404-10-140-54-4:112783:113885 [1] NCCL INFO Using non-device net plugin version 0
SH-IDCA1404-10-140-54-4:112783:113885 [1] NCCL INFO Using network IB
SH-IDCA1404-10-140-54-4:112786:113887 [4] NCCL INFO NET/IB : Using [0]mlx5_2:1/IB [RO]; OOB bond0:10.140.54.4<0>
SH-IDCA1404-10-140-54-4:112784:113886 [2] NCCL INFO NET/IB : Using [0]mlx5_2:1/IB [RO]; OOB bond0:10.140.54.4<0>
SH-IDCA1404-10-140-54-4:112786:113887 [4] NCCL INFO Using non-device net plugin version 0
SH-IDCA1404-10-140-54-4:112786:113887 [4] NCCL INFO Using network IB
SH-IDCA1404-10-140-54-4:112784:113886 [2] NCCL INFO Using non-device net plugin version 0
SH-IDCA1404-10-140-54-4:112784:113886 [2] NCCL INFO Using network IB
SH-IDCA1404-10-140-54-60:31477:34912 [3] NCCL INFO NET/IB : Using [0]mlx5_2:1/IB [RO]; OOB bond0:10.140.54.60<0>
SH-IDCA1404-10-140-54-5:37334:37334 [0] NCCL INFO Comm config Blocking set to 1
SH-IDCA1404-10-140-54-4:112789:112789 [7] NCCL INFO Comm config Blocking set to 1
SH-IDCA1404-10-140-54-60:31477:34912 [3] NCCL INFO Using non-device net plugin version 0
SH-IDCA1404-10-140-54-60:31477:34912 [3] NCCL INFO Using network IB
SH-IDCA1404-10-140-54-4:112787:113889 [5] NCCL INFO NET/IB : Using [0]mlx5_2:1/IB [RO]; OOB bond0:10.140.54.4<0>
SH-IDCA1404-10-140-54-5:37337:38316 [3] NCCL INFO NET/IB : Using [0]mlx5_2:1/IB [RO]; OOB bond0:10.140.54.5<0>
SH-IDCA1404-10-140-54-60:31479:34913 [5] NCCL INFO NET/IB : Using [0]mlx5_2:1/IB [RO]; OOB bond0:10.140.54.60<0>
SH-IDCA1404-10-140-54-4:112788:113888 [6] NCCL INFO NET/IB : Using [0]mlx5_2:1/IB [RO]; OOB bond0:10.140.54.4<0>
SH-IDCA1404-10-140-54-60:31479:34913 [5] NCCL INFO Using non-device net plugin version 0
SH-IDCA1404-10-140-54-60:31479:34913 [5] NCCL INFO Using network IB
SH-IDCA1404-10-140-54-4:112787:113889 [5] NCCL INFO Using non-device net plugin version 0
SH-IDCA1404-10-140-54-4:112787:113889 [5] NCCL INFO Using network IB
SH-IDCA1404-10-140-54-5:37337:38316 [3] NCCL INFO Using non-device net plugin version 0
SH-IDCA1404-10-140-54-5:37337:38316 [3] NCCL INFO Using network IB
SH-IDCA1404-10-140-54-60:31474:34920 [0] NCCL INFO NCCL_SOCKET_IFNAME set by environment to bond0
SH-IDCA1404-10-140-54-4:112788:113888 [6] NCCL INFO Using non-device net plugin version 0
SH-IDCA1404-10-140-54-4:112788:113888 [6] NCCL INFO Using network IB
SH-IDCA1404-10-140-54-5:37338:37338 [4] NCCL INFO Comm config Blocking set to 1
SH-IDCA1404-10-140-54-60:31474:34920 [0] NCCL INFO NCCL_IB_HCA set to mlx5_0,mlx5_2
SH-IDCA1404-10-140-54-60:31476:34911 [2] NCCL INFO NET/IB : Using [0]mlx5_2:1/IB [RO]; OOB bond0:10.140.54.60<0>
SH-IDCA1404-10-140-54-5:37340:38321 [6] NCCL INFO NCCL_SOCKET_IFNAME set by environment to bond0
SH-IDCA1404-10-140-54-60:31476:34911 [2] NCCL INFO Using non-device net plugin version 0
SH-IDCA1404-10-140-54-60:31476:34911 [2] NCCL INFO Using network IB
SH-IDCA1404-10-140-54-5:37340:38321 [6] NCCL INFO NCCL_IB_HCA set to mlx5_0,mlx5_2
SH-IDCA1404-10-140-54-37:54154:54154 [1] NCCL INFO Comm config Blocking set to 1
SH-IDCA1404-10-140-54-60:31481:34914 [7] NCCL INFO NET/IB : Using [0]mlx5_2:1/IB [RO]; OOB bond0:10.140.54.60<0>
SH-IDCA1404-10-140-54-5:37339:38325 [5] NCCL INFO NCCL_SOCKET_IFNAME set by environment to bond0
SH-IDCA1404-10-140-54-37:54160:54160 [6] NCCL INFO Comm config Blocking set to 1
SH-IDCA1404-10-140-54-60:31481:34914 [7] NCCL INFO Using non-device net plugin version 0
SH-IDCA1404-10-140-54-60:31481:34914 [7] NCCL INFO Using network IB
SH-IDCA1404-10-140-54-5:37336:38317 [2] NCCL INFO NET/IB : Using [0]mlx5_2:1/IB [RO]; OOB bond0:10.140.54.5<0>
SH-IDCA1404-10-140-54-60:31478:34921 [4] NCCL INFO NCCL_SOCKET_IFNAME set by environment to bond0
SH-IDCA1404-10-140-54-5:37336:38317 [2] NCCL INFO Using non-device net plugin version 0
SH-IDCA1404-10-140-54-5:37336:38317 [2] NCCL INFO Using network IB
SH-IDCA1404-10-140-54-37:54157:54157 [3] NCCL INFO Comm config Blocking set to 1
SH-IDCA1404-10-140-54-60:31478:34921 [4] NCCL INFO NCCL_IB_HCA set to mlx5_0,mlx5_2
SH-IDCA1404-10-140-54-5:37339:38325 [5] NCCL INFO NCCL_IB_HCA set to mlx5_0,mlx5_2
SH-IDCA1404-10-140-54-37:54155:54155 [2] NCCL INFO Comm config Blocking set to 1
SH-IDCA1404-10-140-54-60:31475:34915 [1] NCCL INFO NET/IB : Using [0]mlx5_2:1/IB [RO]; OOB bond0:10.140.54.60<0>
SH-IDCA1404-10-140-54-5:37335:38318 [1] NCCL INFO NET/IB : Using [0]mlx5_2:1/IB [RO]; OOB bond0:10.140.54.5<0>
SH-IDCA1404-10-140-54-37:54153:54153 [0] NCCL INFO Comm config Blocking set to 1
SH-IDCA1404-10-140-54-5:37341:38319 [7] NCCL INFO NET/IB : Using [0]mlx5_2:1/IB [RO]; OOB bond0:10.140.54.5<0>
SH-IDCA1404-10-140-54-60:31475:34915 [1] NCCL INFO Using non-device net plugin version 0
SH-IDCA1404-10-140-54-60:31475:34915 [1] NCCL INFO Using network IB
SH-IDCA1404-10-140-54-5:37335:38318 [1] NCCL INFO Using non-device net plugin version 0
SH-IDCA1404-10-140-54-5:37335:38318 [1] NCCL INFO Using network IB
SH-IDCA1404-10-140-54-60:31480:34916 [6] NCCL INFO NET/IB : Using [0]mlx5_2:1/IB [RO]; OOB bond0:10.140.54.60<0>
SH-IDCA1404-10-140-54-4:112789:113895 [7] NCCL INFO NCCL_SOCKET_IFNAME set by environment to bond0
SH-IDCA1404-10-140-54-5:37341:38319 [7] NCCL INFO Using non-device net plugin version 0
SH-IDCA1404-10-140-54-5:37341:38319 [7] NCCL INFO Using network IB
SH-IDCA1404-10-140-54-60:31480:34916 [6] NCCL INFO Using non-device net plugin version 0
SH-IDCA1404-10-140-54-60:31480:34916 [6] NCCL INFO Using network IB
SH-IDCA1404-10-140-54-4:112789:113895 [7] NCCL INFO NCCL_IB_HCA set to mlx5_0,mlx5_2
SH-IDCA1404-10-140-54-5:37334:38326 [0] NCCL INFO NCCL_SOCKET_IFNAME set by environment to bond0
SH-IDCA1404-10-140-54-5:37334:38326 [0] NCCL INFO NCCL_IB_HCA set to mlx5_0,mlx5_2
SH-IDCA1404-10-140-54-5:37338:38327 [4] NCCL INFO NCCL_SOCKET_IFNAME set by environment to bond0
SH-IDCA1404-10-140-54-60:31474:34920 [0] NCCL INFO NET/IB : Using [0]mlx5_2:1/IB [RO]; OOB bond0:10.140.54.60<0>
SH-IDCA1404-10-140-54-5:37338:38327 [4] NCCL INFO NCCL_IB_HCA set to mlx5_0,mlx5_2
SH-IDCA1404-10-140-54-4:112785:112785 [3] NCCL INFO Comm config Blocking set to 1
SH-IDCA1404-10-140-54-60:31474:34920 [0] NCCL INFO Using non-device net plugin version 0
SH-IDCA1404-10-140-54-60:31474:34920 [0] NCCL INFO Using network IB
SH-IDCA1404-10-140-54-60:31478:34921 [4] NCCL INFO NET/IB : Using [0]mlx5_2:1/IB [RO]; OOB bond0:10.140.54.60<0>
SH-IDCA1404-10-140-54-37:54160:55103 [6] NCCL INFO NCCL_SOCKET_IFNAME set by environment to bond0
SH-IDCA1404-10-140-54-37:54157:55104 [3] NCCL INFO NCCL_SOCKET_IFNAME set by environment to bond0
SH-IDCA1404-10-140-54-60:31478:34921 [4] NCCL INFO Using non-device net plugin version 0
SH-IDCA1404-10-140-54-60:31478:34921 [4] NCCL INFO Using network IB
SH-IDCA1404-10-140-54-5:37340:38321 [6] NCCL INFO NET/IB : Using [0]mlx5_2:1/IB [RO]; OOB bond0:10.140.54.5<0>
SH-IDCA1404-10-140-54-37:54154:55102 [1] NCCL INFO NCCL_SOCKET_IFNAME set by environment to bond0
SH-IDCA1404-10-140-54-5:37340:38321 [6] NCCL INFO Using non-device net plugin version 0
SH-IDCA1404-10-140-54-5:37340:38321 [6] NCCL INFO Using network IB
SH-IDCA1404-10-140-54-37:54155:55105 [2] NCCL INFO NCCL_SOCKET_IFNAME set by environment to bond0
SH-IDCA1404-10-140-54-5:37339:38325 [5] NCCL INFO NET/IB : Using [0]mlx5_2:1/IB [RO]; OOB bond0:10.140.54.5<0>
SH-IDCA1404-10-140-54-37:54165:54165 [7] NCCL INFO Comm config Blocking set to 1
SH-IDCA1404-10-140-54-37:54160:55103 [6] NCCL INFO NCCL_IB_HCA set to mlx5_0,mlx5_2
SH-IDCA1404-10-140-54-37:54157:55104 [3] NCCL INFO NCCL_IB_HCA set to mlx5_0,mlx5_2
SH-IDCA1404-10-140-54-5:37339:38325 [5] NCCL INFO Using non-device net plugin version 0
SH-IDCA1404-10-140-54-5:37339:38325 [5] NCCL INFO Using network IB
SH-IDCA1404-10-140-54-37:54154:55102 [1] NCCL INFO NCCL_IB_HCA set to mlx5_0,mlx5_2
SH-IDCA1404-10-140-54-37:54155:55105 [2] NCCL INFO NCCL_IB_HCA set to mlx5_0,mlx5_2
SH-IDCA1404-10-140-54-37:54153:55106 [0] NCCL INFO NCCL_SOCKET_IFNAME set by environment to bond0
SH-IDCA1404-10-140-54-37:54153:55106 [0] NCCL INFO NCCL_IB_HCA set to mlx5_0,mlx5_2
SH-IDCA1404-10-140-54-4:112789:113895 [7] NCCL INFO NET/IB : Using [0]mlx5_2:1/IB [RO]; OOB bond0:10.140.54.4<0>
SH-IDCA1404-10-140-54-5:37334:38326 [0] NCCL INFO NET/IB : Using [0]mlx5_2:1/IB [RO]; OOB bond0:10.140.54.5<0>
SH-IDCA1404-10-140-54-37:54158:54158 [4] NCCL INFO Comm config Blocking set to 1
SH-IDCA1404-10-140-54-4:112789:113895 [7] NCCL INFO Using non-device net plugin version 0
SH-IDCA1404-10-140-54-4:112789:113895 [7] NCCL INFO Using network IB
SH-IDCA1404-10-140-54-4:112785:113896 [3] NCCL INFO NCCL_SOCKET_IFNAME set by environment to bond0
SH-IDCA1404-10-140-54-5:37334:38326 [0] NCCL INFO Using non-device net plugin version 0
SH-IDCA1404-10-140-54-5:37334:38326 [0] NCCL INFO Using network IB
SH-IDCA1404-10-140-54-4:112785:113896 [3] NCCL INFO NCCL_IB_HCA set to mlx5_0,mlx5_2
SH-IDCA1404-10-140-54-5:37338:38327 [4] NCCL INFO NET/IB : Using [0]mlx5_2:1/IB [RO]; OOB bond0:10.140.54.5<0>
SH-IDCA1404-10-140-54-37:54165:55107 [7] NCCL INFO NCCL_SOCKET_IFNAME set by environment to bond0
SH-IDCA1404-10-140-54-5:37338:38327 [4] NCCL INFO Using non-device net plugin version 0
SH-IDCA1404-10-140-54-5:37338:38327 [4] NCCL INFO Using network IB
SH-IDCA1404-10-140-54-37:54159:54159 [5] NCCL INFO Comm config Blocking set to 1
SH-IDCA1404-10-140-54-37:54165:55107 [7] NCCL INFO NCCL_IB_HCA set to mlx5_0,mlx5_2
SH-IDCA1404-10-140-54-37:54158:55108 [4] NCCL INFO NCCL_SOCKET_IFNAME set by environment to bond0
SH-IDCA1404-10-140-54-37:54158:55108 [4] NCCL INFO NCCL_IB_HCA set to mlx5_0,mlx5_2
SH-IDCA1404-10-140-54-37:54160:55103 [6] NCCL INFO NET/IB : Using [0]mlx5_2:1/IB [RO]; OOB bond0:10.140.54.37<0>
SH-IDCA1404-10-140-54-37:54160:55103 [6] NCCL INFO Using non-device net plugin version 0
SH-IDCA1404-10-140-54-37:54160:55103 [6] NCCL INFO Using network IB
SH-IDCA1404-10-140-54-37:54157:55104 [3] NCCL INFO NET/IB : Using [0]mlx5_2:1/IB [RO]; OOB bond0:10.140.54.37<0>
SH-IDCA1404-10-140-54-4:112785:113896 [3] NCCL INFO NET/IB : Using [0]mlx5_2:1/IB [RO]; OOB bond0:10.140.54.4<0>
SH-IDCA1404-10-140-54-4:112785:113896 [3] NCCL INFO Using non-device net plugin version 0
SH-IDCA1404-10-140-54-4:112785:113896 [3] NCCL INFO Using network IB
SH-IDCA1404-10-140-54-37:54153:55106 [0] NCCL INFO NET/IB : Using [0]mlx5_2:1/IB [RO]; OOB bond0:10.140.54.37<0>
SH-IDCA1404-10-140-54-37:54157:55104 [3] NCCL INFO Using non-device net plugin version 0
SH-IDCA1404-10-140-54-37:54157:55104 [3] NCCL INFO Using network IB
SH-IDCA1404-10-140-54-37:54153:55106 [0] NCCL INFO Using non-device net plugin version 0
SH-IDCA1404-10-140-54-37:54153:55106 [0] NCCL INFO Using network IB
SH-IDCA1404-10-140-54-37:54154:55102 [1] NCCL INFO NET/IB : Using [0]mlx5_2:1/IB [RO]; OOB bond0:10.140.54.37<0>
SH-IDCA1404-10-140-54-37:54155:55105 [2] NCCL INFO NET/IB : Using [0]mlx5_2:1/IB [RO]; OOB bond0:10.140.54.37<0>
SH-IDCA1404-10-140-54-37:54154:55102 [1] NCCL INFO Using non-device net plugin version 0
SH-IDCA1404-10-140-54-37:54154:55102 [1] NCCL INFO Using network IB
SH-IDCA1404-10-140-54-37:54155:55105 [2] NCCL INFO Using non-device net plugin version 0
SH-IDCA1404-10-140-54-37:54155:55105 [2] NCCL INFO Using network IB
SH-IDCA1404-10-140-54-37:54159:55114 [5] NCCL INFO NCCL_SOCKET_IFNAME set by environment to bond0
SH-IDCA1404-10-140-54-37:54159:55114 [5] NCCL INFO NCCL_IB_HCA set to mlx5_0,mlx5_2
SH-IDCA1404-10-140-54-37:54165:55107 [7] NCCL INFO NET/IB : Using [0]mlx5_2:1/IB [RO]; OOB bond0:10.140.54.37<0>
SH-IDCA1404-10-140-54-37:54165:55107 [7] NCCL INFO Using non-device net plugin version 0
SH-IDCA1404-10-140-54-37:54165:55107 [7] NCCL INFO Using network IB
SH-IDCA1404-10-140-54-37:54158:55108 [4] NCCL INFO NET/IB : Using [0]mlx5_2:1/IB [RO]; OOB bond0:10.140.54.37<0>
SH-IDCA1404-10-140-54-37:54158:55108 [4] NCCL INFO Using non-device net plugin version 0
SH-IDCA1404-10-140-54-37:54158:55108 [4] NCCL INFO Using network IB
SH-IDCA1404-10-140-54-37:54159:55114 [5] NCCL INFO NET/IB : Using [0]mlx5_2:1/IB [RO]; OOB bond0:10.140.54.37<0>
SH-IDCA1404-10-140-54-37:54159:55114 [5] NCCL INFO Using non-device net plugin version 0
SH-IDCA1404-10-140-54-37:54159:55114 [5] NCCL INFO Using network IB
SH-IDCA1404-10-140-54-4:112788:113888 [6] NCCL INFO ncclCommInitRank comm 0xbbc5a00 rank 6 nranks 32 cudaDev 6 nvmlDev 6 busId d4000 commId 0x9d5b9a9ce21aacfd - Init START
SH-IDCA1404-10-140-54-4:112787:113889 [5] NCCL INFO ncclCommInitRank comm 0xb2666b0 rank 5 nranks 32 cudaDev 5 nvmlDev 5 busId a1000 commId 0x9d5b9a9ce21aacfd - Init START
SH-IDCA1404-10-140-54-4:112786:113887 [4] NCCL INFO ncclCommInitRank comm 0x5581d930 rank 4 nranks 32 cudaDev 4 nvmlDev 4 busId 9d000 commId 0x9d5b9a9ce21aacfd - Init START
SH-IDCA1404-10-140-54-5:37340:38321 [6] NCCL INFO ncclCommInitRank comm 0xbf1d600 rank 14 nranks 32 cudaDev 6 nvmlDev 6 busId d4000 commId 0x9d5b9a9ce21aacfd - Init START
SH-IDCA1404-10-140-54-5:37339:38325 [5] NCCL INFO ncclCommInitRank comm 0xc5914a0 rank 13 nranks 32 cudaDev 5 nvmlDev 5 busId a1000 commId 0x9d5b9a9ce21aacfd - Init START
SH-IDCA1404-10-140-54-5:37337:38316 [3] NCCL INFO ncclCommInitRank comm 0xaaf5a80 rank 11 nranks 32 cudaDev 3 nvmlDev 3 busId 71000 commId 0x9d5b9a9ce21aacfd - Init START
SH-IDCA1404-10-140-54-5:37338:38327 [4] NCCL INFO ncclCommInitRank comm 0xc136640 rank 12 nranks 32 cudaDev 4 nvmlDev 4 busId 9d000 commId 0x9d5b9a9ce21aacfd - Init START
SH-IDCA1404-10-140-54-4:112785:113896 [3] NCCL INFO ncclCommInitRank comm 0xcce6680 rank 3 nranks 32 cudaDev 3 nvmlDev 3 busId 71000 commId 0x9d5b9a9ce21aacfd - Init START
SH-IDCA1404-10-140-54-4:112784:113886 [2] NCCL INFO ncclCommInitRank comm 0xb634e80 rank 2 nranks 32 cudaDev 2 nvmlDev 2 busId 6b000 commId 0x9d5b9a9ce21aacfd - Init START
SH-IDCA1404-10-140-54-4:112789:113895 [7] NCCL INFO ncclCommInitRank comm 0xa6bed20 rank 7 nranks 32 cudaDev 7 nvmlDev 7 busId d7000 commId 0x9d5b9a9ce21aacfd - Init START
SH-IDCA1404-10-140-54-4:112783:113885 [1] NCCL INFO ncclCommInitRank comm 0xb341b10 rank 1 nranks 32 cudaDev 1 nvmlDev 1 busId 56000 commId 0x9d5b9a9ce21aacfd - Init START
SH-IDCA1404-10-140-54-5:37336:38317 [2] NCCL INFO ncclCommInitRank comm 0xabaeec0 rank 10 nranks 32 cudaDev 2 nvmlDev 2 busId 6b000 commId 0x9d5b9a9ce21aacfd - Init START
SH-IDCA1404-10-140-54-5:37335:38318 [1] NCCL INFO ncclCommInitRank comm 0xbd34090 rank 9 nranks 32 cudaDev 1 nvmlDev 1 busId 56000 commId 0x9d5b9a9ce21aacfd - Init START
SH-IDCA1404-10-140-54-5:37334:38326 [0] NCCL INFO ncclCommInitRank comm 0xd725460 rank 8 nranks 32 cudaDev 0 nvmlDev 0 busId 51000 commId 0x9d5b9a9ce21aacfd - Init START
SH-IDCA1404-10-140-54-37:54160:55103 [6] NCCL INFO ncclCommInitRank comm 0xca68d80 rank 22 nranks 32 cudaDev 6 nvmlDev 6 busId d4000 commId 0x9d5b9a9ce21aacfd - Init START
SH-IDCA1404-10-140-54-37:54159:55114 [5] NCCL INFO ncclCommInitRank comm 0xa7f3b20 rank 21 nranks 32 cudaDev 5 nvmlDev 5 busId a1000 commId 0x9d5b9a9ce21aacfd - Init START
SH-IDCA1404-10-140-54-37:54153:55106 [0] NCCL INFO ncclCommInitRank comm 0xabe7ac0 rank 16 nranks 32 cudaDev 0 nvmlDev 0 busId 51000 commId 0x9d5b9a9ce21aacfd - Init START
SH-IDCA1404-10-140-54-37:54158:55108 [4] NCCL INFO ncclCommInitRank comm 0xa089080 rank 20 nranks 32 cudaDev 4 nvmlDev 4 busId 9d000 commId 0x9d5b9a9ce21aacfd - Init START
SH-IDCA1404-10-140-54-37:54154:55102 [1] NCCL INFO ncclCommInitRank comm 0xd03fb20 rank 17 nranks 32 cudaDev 1 nvmlDev 1 busId 56000 commId 0x9d5b9a9ce21aacfd - Init START
SH-IDCA1404-10-140-54-60:31480:34916 [6] NCCL INFO ncclCommInitRank comm 0xa816920 rank 30 nranks 32 cudaDev 6 nvmlDev 6 busId d4000 commId 0x9d5b9a9ce21aacfd - Init START
SH-IDCA1404-10-140-54-60:31479:34913 [5] NCCL INFO ncclCommInitRank comm 0xa69f0b0 rank 29 nranks 32 cudaDev 5 nvmlDev 5 busId a1000 commId 0x9d5b9a9ce21aacfd - Init START
SH-IDCA1404-10-140-54-60:31478:34921 [4] NCCL INFO ncclCommInitRank comm 0xac45d10 rank 28 nranks 32 cudaDev 4 nvmlDev 4 busId 9d000 commId 0x9d5b9a9ce21aacfd - Init START
SH-IDCA1404-10-140-54-60:31477:34912 [3] NCCL INFO ncclCommInitRank comm 0xabf76c0 rank 27 nranks 32 cudaDev 3 nvmlDev 3 busId 71000 commId 0x9d5b9a9ce21aacfd - Init START
SH-IDCA1404-10-140-54-60:31474:34920 [0] NCCL INFO ncclCommInitRank comm 0xb0766d0 rank 24 nranks 32 cudaDev 0 nvmlDev 0 busId 51000 commId 0x9d5b9a9ce21aacfd - Init START
SH-IDCA1404-10-140-54-4:112782:113883 [0] NCCL INFO ncclCommInitRank comm 0xaceed10 rank 0 nranks 32 cudaDev 0 nvmlDev 0 busId 51000 commId 0x9d5b9a9ce21aacfd - Init START
SH-IDCA1404-10-140-54-5:37341:38319 [7] NCCL INFO ncclCommInitRank comm 0xa78e710 rank 15 nranks 32 cudaDev 7 nvmlDev 7 busId d7000 commId 0x9d5b9a9ce21aacfd - Init START
SH-IDCA1404-10-140-54-37:54157:55104 [3] NCCL INFO ncclCommInitRank comm 0xaf327e0 rank 19 nranks 32 cudaDev 3 nvmlDev 3 busId 71000 commId 0x9d5b9a9ce21aacfd - Init START
SH-IDCA1404-10-140-54-37:54155:55105 [2] NCCL INFO ncclCommInitRank comm 0xb46a930 rank 18 nranks 32 cudaDev 2 nvmlDev 2 busId 6b000 commId 0x9d5b9a9ce21aacfd - Init START
SH-IDCA1404-10-140-54-37:54165:55107 [7] NCCL INFO ncclCommInitRank comm 0xb677ec0 rank 23 nranks 32 cudaDev 7 nvmlDev 7 busId d7000 commId 0x9d5b9a9ce21aacfd - Init START
SH-IDCA1404-10-140-54-60:31475:34915 [1] NCCL INFO ncclCommInitRank comm 0xc125900 rank 25 nranks 32 cudaDev 1 nvmlDev 1 busId 56000 commId 0x9d5b9a9ce21aacfd - Init START
SH-IDCA1404-10-140-54-60:31476:34911 [2] NCCL INFO ncclCommInitRank comm 0xa4dd7e0 rank 26 nranks 32 cudaDev 2 nvmlDev 2 busId 6b000 commId 0x9d5b9a9ce21aacfd - Init START
SH-IDCA1404-10-140-54-60:31481:34914 [7] NCCL INFO ncclCommInitRank comm 0xbc0b370 rank 31 nranks 32 cudaDev 7 nvmlDev 7 busId d7000 commId 0x9d5b9a9ce21aacfd - Init START
SH-IDCA1404-10-140-54-60:31478:34921 [4] NCCL INFO Setting affinity for GPU 4 to ffffffff,00000000,ffffffff,00000000
SH-IDCA1404-10-140-54-4:112784:113886 [2] NCCL INFO Setting affinity for GPU 2 to ffffffff,00000000,ffffffff
SH-IDCA1404-10-140-54-60:31475:34915 [1] NCCL INFO Setting affinity for GPU 1 to ffffffff,00000000,ffffffff
SH-IDCA1404-10-140-54-5:37334:38326 [0] NCCL INFO Setting affinity for GPU 0 to ffffffff,00000000,ffffffff
SH-IDCA1404-10-140-54-5:37339:38325 [5] NCCL INFO Setting affinity for GPU 5 to ffffffff,00000000,ffffffff,00000000
SH-IDCA1404-10-140-54-60:31476:34911 [2] NCCL INFO Setting affinity for GPU 2 to ffffffff,00000000,ffffffff
SH-IDCA1404-10-140-54-4:112787:113889 [5] NCCL INFO Setting affinity for GPU 5 to ffffffff,00000000,ffffffff,00000000
SH-IDCA1404-10-140-54-60:31477:34912 [3] NCCL INFO Setting affinity for GPU 3 to ffffffff,00000000,ffffffff
SH-IDCA1404-10-140-54-37:54158:55108 [4] NCCL INFO Setting affinity for GPU 4 to ffffffff,00000000,ffffffff,00000000
SH-IDCA1404-10-140-54-37:54165:55107 [7] NCCL INFO Setting affinity for GPU 7 to ffffffff,00000000,ffffffff,00000000
SH-IDCA1404-10-140-54-5:37335:38318 [1] NCCL INFO Setting affinity for GPU 1 to ffffffff,00000000,ffffffff
SH-IDCA1404-10-140-54-4:112789:113895 [7] NCCL INFO Setting affinity for GPU 7 to ffffffff,00000000,ffffffff,00000000
SH-IDCA1404-10-140-54-37:54157:55104 [3] NCCL INFO Setting affinity for GPU 3 to ffffffff,00000000,ffffffff
SH-IDCA1404-10-140-54-60:31474:34920 [0] NCCL INFO Setting affinity for GPU 0 to ffffffff,00000000,ffffffff
SH-IDCA1404-10-140-54-37:54159:55114 [5] NCCL INFO Setting affinity for GPU 5 to ffffffff,00000000,ffffffff,00000000
SH-IDCA1404-10-140-54-4:112782:113883 [0] NCCL INFO Setting affinity for GPU 0 to ffffffff,00000000,ffffffff
SH-IDCA1404-10-140-54-5:37337:38316 [3] NCCL INFO Setting affinity for GPU 3 to ffffffff,00000000,ffffffff
SH-IDCA1404-10-140-54-4:112785:113896 [3] NCCL INFO Setting affinity for GPU 3 to ffffffff,00000000,ffffffff
SH-IDCA1404-10-140-54-60:31481:34914 [7] NCCL INFO Setting affinity for GPU 7 to ffffffff,00000000,ffffffff,00000000
SH-IDCA1404-10-140-54-5:37341:38319 [7] NCCL INFO Setting affinity for GPU 7 to ffffffff,00000000,ffffffff,00000000
SH-IDCA1404-10-140-54-4:112783:113885 [1] NCCL INFO Setting affinity for GPU 1 to ffffffff,00000000,ffffffff
SH-IDCA1404-10-140-54-5:37340:38321 [6] NCCL INFO Setting affinity for GPU 6 to ffffffff,00000000,ffffffff,00000000
SH-IDCA1404-10-140-54-60:31480:34916 [6] NCCL INFO Setting affinity for GPU 6 to ffffffff,00000000,ffffffff,00000000
SH-IDCA1404-10-140-54-4:112786:113887 [4] NCCL INFO Setting affinity for GPU 4 to ffffffff,00000000,ffffffff,00000000
SH-IDCA1404-10-140-54-37:54154:55102 [1] NCCL INFO Setting affinity for GPU 1 to ffffffff,00000000,ffffffff
SH-IDCA1404-10-140-54-5:37336:38317 [2] NCCL INFO Setting affinity for GPU 2 to ffffffff,00000000,ffffffff
SH-IDCA1404-10-140-54-37:54160:55103 [6] NCCL INFO Setting affinity for GPU 6 to ffffffff,00000000,ffffffff,00000000
SH-IDCA1404-10-140-54-37:54155:55105 [2] NCCL INFO Setting affinity for GPU 2 to ffffffff,00000000,ffffffff
SH-IDCA1404-10-140-54-37:54153:55106 [0] NCCL INFO Setting affinity for GPU 0 to ffffffff,00000000,ffffffff
SH-IDCA1404-10-140-54-4:112788:113888 [6] NCCL INFO Setting affinity for GPU 6 to ffffffff,00000000,ffffffff,00000000
SH-IDCA1404-10-140-54-60:31479:34913 [5] NCCL INFO Setting affinity for GPU 5 to ffffffff,00000000,ffffffff,00000000
SH-IDCA1404-10-140-54-5:37338:38327 [4] NCCL INFO Setting affinity for GPU 4 to ffffffff,00000000,ffffffff,00000000
SH-IDCA1404-10-140-54-4:112788:113888 [6] NCCL INFO comm 0xbbc5a00 rank 6 nRanks 32 nNodes 4 localRanks 8 localRank 6 MNNVL 0
SH-IDCA1404-10-140-54-4:112789:113895 [7] NCCL INFO comm 0xa6bed20 rank 7 nRanks 32 nNodes 4 localRanks 8 localRank 7 MNNVL 0
SH-IDCA1404-10-140-54-60:31481:34914 [7] NCCL INFO comm 0xbc0b370 rank 31 nRanks 32 nNodes 4 localRanks 8 localRank 7 MNNVL 0
SH-IDCA1404-10-140-54-4:112787:113889 [5] NCCL INFO comm 0xb2666b0 rank 5 nRanks 32 nNodes 4 localRanks 8 localRank 5 MNNVL 0
SH-IDCA1404-10-140-54-4:112785:113896 [3] NCCL INFO comm 0xcce6680 rank 3 nRanks 32 nNodes 4 localRanks 8 localRank 3 MNNVL 0
SH-IDCA1404-10-140-54-4:112786:113887 [4] NCCL INFO comm 0x5581d930 rank 4 nRanks 32 nNodes 4 localRanks 8 localRank 4 MNNVL 0
SH-IDCA1404-10-140-54-5:37335:38318 [1] NCCL INFO comm 0xbd34090 rank 9 nRanks 32 nNodes 4 localRanks 8 localRank 1 MNNVL 0
SH-IDCA1404-10-140-54-5:37336:38317 [2] NCCL INFO comm 0xabaeec0 rank 10 nRanks 32 nNodes 4 localRanks 8 localRank 2 MNNVL 0
SH-IDCA1404-10-140-54-5:37334:38326 [0] NCCL INFO comm 0xd725460 rank 8 nRanks 32 nNodes 4 localRanks 8 localRank 0 MNNVL 0
SH-IDCA1404-10-140-54-5:37341:38319 [7] NCCL INFO comm 0xa78e710 rank 15 nRanks 32 nNodes 4 localRanks 8 localRank 7 MNNVL 0
SH-IDCA1404-10-140-54-37:54160:55103 [6] NCCL INFO comm 0xca68d80 rank 22 nRanks 32 nNodes 4 localRanks 8 localRank 6 MNNVL 0
SH-IDCA1404-10-140-54-37:54165:55107 [7] NCCL INFO comm 0xb677ec0 rank 23 nRanks 32 nNodes 4 localRanks 8 localRank 7 MNNVL 0
SH-IDCA1404-10-140-54-37:54159:55114 [5] NCCL INFO comm 0xa7f3b20 rank 21 nRanks 32 nNodes 4 localRanks 8 localRank 5 MNNVL 0
SH-IDCA1404-10-140-54-37:54157:55104 [3] NCCL INFO comm 0xaf327e0 rank 19 nRanks 32 nNodes 4 localRanks 8 localRank 3 MNNVL 0
SH-IDCA1404-10-140-54-37:54155:55105 [2] NCCL INFO comm 0xb46a930 rank 18 nRanks 32 nNodes 4 localRanks 8 localRank 2 MNNVL 0
SH-IDCA1404-10-140-54-60:31480:34916 [6] NCCL INFO comm 0xa816920 rank 30 nRanks 32 nNodes 4 localRanks 8 localRank 6 MNNVL 0
SH-IDCA1404-10-140-54-60:31479:34913 [5] NCCL INFO comm 0xa69f0b0 rank 29 nRanks 32 nNodes 4 localRanks 8 localRank 5 MNNVL 0
SH-IDCA1404-10-140-54-4:112788:113888 [6] NCCL INFO Trees [0] 7/-1/-1->6->5 [1] 7/-1/-1->6->5
SH-IDCA1404-10-140-54-4:112789:113895 [7] NCCL INFO Trees [0] -1/-1/-1->7->6 [1] -1/-1/-1->7->6
SH-IDCA1404-10-140-54-4:112788:113888 [6] NCCL INFO P2P Chunksize set to 131072
SH-IDCA1404-10-140-54-4:112782:113883 [0] NCCL INFO comm 0xaceed10 rank 0 nRanks 32 nNodes 4 localRanks 8 localRank 0 MNNVL 0
SH-IDCA1404-10-140-54-4:112784:113886 [2] NCCL INFO comm 0xb634e80 rank 2 nRanks 32 nNodes 4 localRanks 8 localRank 2 MNNVL 0
SH-IDCA1404-10-140-54-4:112783:113885 [1] NCCL INFO comm 0xb341b10 rank 1 nRanks 32 nNodes 4 localRanks 8 localRank 1 MNNVL 0
SH-IDCA1404-10-140-54-4:112789:113895 [7] NCCL INFO P2P Chunksize set to 131072
SH-IDCA1404-10-140-54-4:112787:113889 [5] NCCL INFO Trees [0] 6/-1/-1->5->4 [1] 6/-1/-1->5->4
SH-IDCA1404-10-140-54-4:112787:113889 [5] NCCL INFO P2P Chunksize set to 131072
SH-IDCA1404-10-140-54-4:112785:113896 [3] NCCL INFO Trees [0] 4/-1/-1->3->2 [1] 4/-1/-1->3->2
SH-IDCA1404-10-140-54-5:37340:38321 [6] NCCL INFO comm 0xbf1d600 rank 14 nRanks 32 nNodes 4 localRanks 8 localRank 6 MNNVL 0
SH-IDCA1404-10-140-54-5:37338:38327 [4] NCCL INFO comm 0xc136640 rank 12 nRanks 32 nNodes 4 localRanks 8 localRank 4 MNNVL 0
SH-IDCA1404-10-140-54-5:37339:38325 [5] NCCL INFO comm 0xc5914a0 rank 13 nRanks 32 nNodes 4 localRanks 8 localRank 5 MNNVL 0
SH-IDCA1404-10-140-54-5:37337:38316 [3] NCCL INFO comm 0xaaf5a80 rank 11 nRanks 32 nNodes 4 localRanks 8 localRank 3 MNNVL 0
SH-IDCA1404-10-140-54-5:37335:38318 [1] NCCL INFO Trees [0] 10/-1/-1->9->8 [1] 10/16/-1->9->8
SH-IDCA1404-10-140-54-5:37336:38317 [2] NCCL INFO Trees [0] 11/-1/-1->10->9 [1] 11/-1/-1->10->9
SH-IDCA1404-10-140-54-5:37335:38318 [1] NCCL INFO P2P Chunksize set to 131072
SH-IDCA1404-10-140-54-5:37336:38317 [2] NCCL INFO P2P Chunksize set to 131072
SH-IDCA1404-10-140-54-5:37334:38326 [0] NCCL INFO Trees [0] 9/-1/-1->8->17 [1] 9/0/-1->8->24
SH-IDCA1404-10-140-54-37:54158:55108 [4] NCCL INFO comm 0xa089080 rank 20 nRanks 32 nNodes 4 localRanks 8 localRank 4 MNNVL 0
SH-IDCA1404-10-140-54-37:54154:55102 [1] NCCL INFO comm 0xd03fb20 rank 17 nRanks 32 nNodes 4 localRanks 8 localRank 1 MNNVL 0
SH-IDCA1404-10-140-54-60:31481:34914 [7] NCCL INFO Trees [0] -1/-1/-1->31->30 [1] -1/-1/-1->31->30
SH-IDCA1404-10-140-54-60:31481:34914 [7] NCCL INFO P2P Chunksize set to 131072
SH-IDCA1404-10-140-54-60:31480:34916 [6] NCCL INFO Trees [0] 31/-1/-1->30->29 [1] 31/-1/-1->30->29
SH-IDCA1404-10-140-54-4:112786:113887 [4] NCCL INFO Trees [0] 5/-1/-1->4->3 [1] 5/-1/-1->4->3
SH-IDCA1404-10-140-54-4:112785:113896 [3] NCCL INFO P2P Chunksize set to 131072
SH-IDCA1404-10-140-54-4:112786:113887 [4] NCCL INFO P2P Chunksize set to 131072
SH-IDCA1404-10-140-54-5:37341:38319 [7] NCCL INFO Trees [0] -1/-1/-1->15->14 [1] -1/-1/-1->15->14
SH-IDCA1404-10-140-54-5:37334:38326 [0] NCCL INFO P2P Chunksize set to 131072
SH-IDCA1404-10-140-54-5:37341:38319 [7] NCCL INFO P2P Chunksize set to 131072
SH-IDCA1404-10-140-54-37:54153:55106 [0] NCCL INFO comm 0xabe7ac0 rank 16 nRanks 32 nNodes 4 localRanks 8 localRank 0 MNNVL 0
SH-IDCA1404-10-140-54-37:54155:55105 [2] NCCL INFO Trees [0] 19/-1/-1->18->17 [1] 19/-1/-1->18->17
SH-IDCA1404-10-140-54-37:54165:55107 [7] NCCL INFO Trees [0] -1/-1/-1->23->22 [1] -1/-1/-1->23->22
SH-IDCA1404-10-140-54-37:54155:55105 [2] NCCL INFO P2P Chunksize set to 131072
SH-IDCA1404-10-140-54-37:54157:55104 [3] NCCL INFO Trees [0] 20/-1/-1->19->18 [1] 20/-1/-1->19->18
SH-IDCA1404-10-140-54-37:54160:55103 [6] NCCL INFO Trees [0] 23/-1/-1->22->21 [1] 23/-1/-1->22->21
SH-IDCA1404-10-140-54-37:54165:55107 [7] NCCL INFO P2P Chunksize set to 131072
SH-IDCA1404-10-140-54-37:54159:55114 [5] NCCL INFO Trees [0] 22/-1/-1->21->20 [1] 22/-1/-1->21->20
SH-IDCA1404-10-140-54-37:54154:55102 [1] NCCL INFO Trees [0] 18/8/-1->17->16 [1] 18/-1/-1->17->16
SH-IDCA1404-10-140-54-37:54158:55108 [4] NCCL INFO Trees [0] 21/-1/-1->20->19 [1] 21/-1/-1->20->19
SH-IDCA1404-10-140-54-60:31477:34912 [3] NCCL INFO comm 0xabf76c0 rank 27 nRanks 32 nNodes 4 localRanks 8 localRank 3 MNNVL 0
SH-IDCA1404-10-140-54-60:31480:34916 [6] NCCL INFO P2P Chunksize set to 131072
SH-IDCA1404-10-140-54-60:31479:34913 [5] NCCL INFO Trees [0] 30/-1/-1->29->28 [1] 30/-1/-1->29->28
SH-IDCA1404-10-140-54-60:31476:34911 [2] NCCL INFO comm 0xa4dd7e0 rank 26 nRanks 32 nNodes 4 localRanks 8 localRank 2 MNNVL 0
SH-IDCA1404-10-140-54-60:31478:34921 [4] NCCL INFO comm 0xac45d10 rank 28 nRanks 32 nNodes 4 localRanks 8 localRank 4 MNNVL 0
SH-IDCA1404-10-140-54-60:31479:34913 [5] NCCL INFO P2P Chunksize set to 131072
SH-IDCA1404-10-140-54-4:112782:113883 [0] NCCL INFO Channel 00/02 :    0   7   6   5   4   3   2   1   8  15  14  13  12  11  10   9  16  23  22  21
SH-IDCA1404-10-140-54-4:112783:113885 [1] NCCL INFO Trees [0] 2/-1/-1->1->0 [1] 2/-1/-1->1->0
SH-IDCA1404-10-140-54-4:112784:113886 [2] NCCL INFO Trees [0] 3/-1/-1->2->1 [1] 3/-1/-1->2->1
SH-IDCA1404-10-140-54-4:112783:113885 [1] NCCL INFO P2P Chunksize set to 131072
SH-IDCA1404-10-140-54-4:112784:113886 [2] NCCL INFO P2P Chunksize set to 131072
SH-IDCA1404-10-140-54-4:112782:113883 [0] NCCL INFO Channel 01/02 :    0   7   6   5   4   3   2   1   8  15  14  13  12  11  10   9  16  23  22  21
SH-IDCA1404-10-140-54-4:112782:113883 [0] NCCL INFO Trees [0] 1/16/-1->0->-1 [1] 1/-1/-1->0->8
SH-IDCA1404-10-140-54-4:112782:113883 [0] NCCL INFO P2P Chunksize set to 131072
SH-IDCA1404-10-140-54-5:37338:38327 [4] NCCL INFO Trees [0] 13/-1/-1->12->11 [1] 13/-1/-1->12->11
SH-IDCA1404-10-140-54-5:37338:38327 [4] NCCL INFO P2P Chunksize set to 131072
SH-IDCA1404-10-140-54-5:37340:38321 [6] NCCL INFO Trees [0] 15/-1/-1->14->13 [1] 15/-1/-1->14->13
SH-IDCA1404-10-140-54-5:37339:38325 [5] NCCL INFO Trees [0] 14/-1/-1->13->12 [1] 14/-1/-1->13->12
SH-IDCA1404-10-140-54-5:37337:38316 [3] NCCL INFO Trees [0] 12/-1/-1->11->10 [1] 12/-1/-1->11->10
SH-IDCA1404-10-140-54-5:37340:38321 [6] NCCL INFO P2P Chunksize set to 131072
SH-IDCA1404-10-140-54-5:37339:38325 [5] NCCL INFO P2P Chunksize set to 131072
SH-IDCA1404-10-140-54-5:37337:38316 [3] NCCL INFO P2P Chunksize set to 131072
SH-IDCA1404-10-140-54-37:54157:55104 [3] NCCL INFO P2P Chunksize set to 131072
SH-IDCA1404-10-140-54-37:54160:55103 [6] NCCL INFO P2P Chunksize set to 131072
SH-IDCA1404-10-140-54-37:54154:55102 [1] NCCL INFO P2P Chunksize set to 131072
SH-IDCA1404-10-140-54-37:54159:55114 [5] NCCL INFO P2P Chunksize set to 131072
SH-IDCA1404-10-140-54-60:31475:34915 [1] NCCL INFO comm 0xc125900 rank 25 nRanks 32 nNodes 4 localRanks 8 localRank 1 MNNVL 0
SH-IDCA1404-10-140-54-60:31474:34920 [0] NCCL INFO comm 0xb0766d0 rank 24 nRanks 32 nNodes 4 localRanks 8 localRank 0 MNNVL 0
SH-IDCA1404-10-140-54-4:112785:113896 [3] NCCL INFO Channel 00/0 : 3[3] -> 2[2] via P2P/IPC/read
SH-IDCA1404-10-140-54-5:37338:38327 [4] NCCL INFO Channel 00/0 : 12[4] -> 11[3] via P2P/IPC/read
SH-IDCA1404-10-140-54-37:54158:55108 [4] NCCL INFO P2P Chunksize set to 131072
SH-IDCA1404-10-140-54-37:54153:55106 [0] NCCL INFO Trees [0] 17/24/-1->16->0 [1] 17/-1/-1->16->9
SH-IDCA1404-10-140-54-37:54153:55106 [0] NCCL INFO P2P Chunksize set to 131072
SH-IDCA1404-10-140-54-60:31477:34912 [3] NCCL INFO Trees [0] 28/-1/-1->27->26 [1] 28/-1/-1->27->26
SH-IDCA1404-10-140-54-60:31476:34911 [2] NCCL INFO Trees [0] 27/-1/-1->26->25 [1] 27/-1/-1->26->25
SH-IDCA1404-10-140-54-60:31477:34912 [3] NCCL INFO P2P Chunksize set to 131072
SH-IDCA1404-10-140-54-60:31476:34911 [2] NCCL INFO P2P Chunksize set to 131072
SH-IDCA1404-10-140-54-4:112786:113887 [4] NCCL INFO Channel 00/0 : 4[4] -> 3[3] via P2P/IPC/read
SH-IDCA1404-10-140-54-5:37336:38317 [2] NCCL INFO Channel 00/0 : 10[2] -> 9[1] via P2P/IPC/read
SH-IDCA1404-10-140-54-37:54158:55108 [4] NCCL INFO Channel 00/0 : 20[4] -> 19[3] via P2P/IPC/read
SH-IDCA1404-10-140-54-60:31475:34915 [1] NCCL INFO Trees [0] 26/-1/-1->25->24 [1] 26/-1/-1->25->24
SH-IDCA1404-10-140-54-60:31478:34921 [4] NCCL INFO Trees [0] 29/-1/-1->28->27 [1] 29/-1/-1->28->27
SH-IDCA1404-10-140-54-60:31475:34915 [1] NCCL INFO P2P Chunksize set to 131072
SH-IDCA1404-10-140-54-60:31474:34920 [0] NCCL INFO Trees [0] 25/-1/-1->24->16 [1] 25/8/-1->24->-1
SH-IDCA1404-10-140-54-60:31478:34921 [4] NCCL INFO P2P Chunksize set to 131072
SH-IDCA1404-10-140-54-60:31474:34920 [0] NCCL INFO P2P Chunksize set to 131072
SH-IDCA1404-10-140-54-4:112788:113888 [6] NCCL INFO Channel 00/0 : 6[6] -> 5[5] via P2P/IPC/read
SH-IDCA1404-10-140-54-5:37337:38316 [3] NCCL INFO Channel 00/0 : 11[3] -> 10[2] via P2P/IPC/read
SH-IDCA1404-10-140-54-37:54157:55104 [3] NCCL INFO Channel 00/0 : 19[3] -> 18[2] via P2P/IPC/read
SH-IDCA1404-10-140-54-60:31480:34916 [6] NCCL INFO Channel 00/0 : 30[6] -> 29[5] via P2P/IPC/read
SH-IDCA1404-10-140-54-4:112787:113889 [5] NCCL INFO Channel 00/0 : 5[5] -> 4[4] via P2P/IPC/read
SH-IDCA1404-10-140-54-5:37339:38325 [5] NCCL INFO Channel 00/0 : 13[5] -> 12[4] via P2P/IPC/read
SH-IDCA1404-10-140-54-37:54159:55114 [5] NCCL INFO Channel 00/0 : 21[5] -> 20[4] via P2P/IPC/read
SH-IDCA1404-10-140-54-60:31479:34913 [5] NCCL INFO Channel 00/0 : 29[5] -> 28[4] via P2P/IPC/read
SH-IDCA1404-10-140-54-4:112784:113886 [2] NCCL INFO Channel 00/0 : 2[2] -> 1[1] via P2P/IPC/read
SH-IDCA1404-10-140-54-5:37340:38321 [6] NCCL INFO Channel 00/0 : 14[6] -> 13[5] via P2P/IPC/read
SH-IDCA1404-10-140-54-37:54155:55105 [2] NCCL INFO Channel 00/0 : 18[2] -> 17[1] via P2P/IPC/read
SH-IDCA1404-10-140-54-60:31478:34921 [4] NCCL INFO Channel 00/0 : 28[4] -> 27[3] via P2P/IPC/read
SH-IDCA1404-10-140-54-4:112785:113896 [3] NCCL INFO Channel 01/0 : 3[3] -> 2[2] via P2P/IPC/read
SH-IDCA1404-10-140-54-5:37338:38327 [4] NCCL INFO Channel 01/0 : 12[4] -> 11[3] via P2P/IPC/read
SH-IDCA1404-10-140-54-37:54158:55108 [4] NCCL INFO Channel 01/0 : 20[4] -> 19[3] via P2P/IPC/read
SH-IDCA1404-10-140-54-60:31480:34916 [6] NCCL INFO Channel 01/0 : 30[6] -> 29[5] via P2P/IPC/read
SH-IDCA1404-10-140-54-4:112786:113887 [4] NCCL INFO Channel 01/0 : 4[4] -> 3[3] via P2P/IPC/read
SH-IDCA1404-10-140-54-5:37336:38317 [2] NCCL INFO Channel 01/0 : 10[2] -> 9[1] via P2P/IPC/read
SH-IDCA1404-10-140-54-37:54157:55104 [3] NCCL INFO Channel 01/0 : 19[3] -> 18[2] via P2P/IPC/read
SH-IDCA1404-10-140-54-60:31479:34913 [5] NCCL INFO Channel 01/0 : 29[5] -> 28[4] via P2P/IPC/read
SH-IDCA1404-10-140-54-4:112788:113888 [6] NCCL INFO Channel 01/0 : 6[6] -> 5[5] via P2P/IPC/read
SH-IDCA1404-10-140-54-5:37337:38316 [3] NCCL INFO Channel 01/0 : 11[3] -> 10[2] via P2P/IPC/read
SH-IDCA1404-10-140-54-37:54159:55114 [5] NCCL INFO Channel 01/0 : 21[5] -> 20[4] via P2P/IPC/read
SH-IDCA1404-10-140-54-60:31478:34921 [4] NCCL INFO Channel 01/0 : 28[4] -> 27[3] via P2P/IPC/read
SH-IDCA1404-10-140-54-4:112787:113889 [5] NCCL INFO Channel 01/0 : 5[5] -> 4[4] via P2P/IPC/read
SH-IDCA1404-10-140-54-5:37339:38325 [5] NCCL INFO Channel 01/0 : 13[5] -> 12[4] via P2P/IPC/read
SH-IDCA1404-10-140-54-37:54155:55105 [2] NCCL INFO Channel 01/0 : 18[2] -> 17[1] via P2P/IPC/read
SH-IDCA1404-10-140-54-60:31476:34911 [2] NCCL INFO Channel 00/0 : 26[2] -> 25[1] via P2P/IPC/read
SH-IDCA1404-10-140-54-4:112784:113886 [2] NCCL INFO Channel 01/0 : 2[2] -> 1[1] via P2P/IPC/read
SH-IDCA1404-10-140-54-37:54154:55102 [1] NCCL INFO Channel 00/0 : 17[1] -> 24[0] [send] via NET/IB/0/GDRDMA
SH-IDCA1404-10-140-54-60:31474:34920 [0] NCCL INFO Channel 00/0 : 17[1] -> 24[0] [receive] via NET/IB/0/GDRDMA
SH-IDCA1404-10-140-54-4:112783:113885 [1] NCCL INFO Channel 00/0 : 1[1] -> 8[0] [send] via NET/IB/0/GDRDMA
SH-IDCA1404-10-140-54-5:37340:38321 [6] NCCL INFO Channel 01/0 : 14[6] -> 13[5] via P2P/IPC/read
SH-IDCA1404-10-140-54-60:31476:34911 [2] NCCL INFO Channel 01/0 : 26[2] -> 25[1] via P2P/IPC/read
SH-IDCA1404-10-140-54-60:31474:34920 [0] NCCL INFO Channel 01/0 : 17[1] -> 24[0] [receive] via NET/IB/0/GDRDMA
SH-IDCA1404-10-140-54-4:112783:113885 [1] NCCL INFO Channel 01/0 : 1[1] -> 8[0] [send] via NET/IB/0/GDRDMA
SH-IDCA1404-10-140-54-5:37335:38318 [1] NCCL INFO Channel 00/0 : 9[1] -> 16[0] [send] via NET/IB/0/GDRDMA
SH-IDCA1404-10-140-54-37:54154:55102 [1] NCCL INFO Channel 01/0 : 17[1] -> 24[0] [send] via NET/IB/0/GDRDMA
SH-IDCA1404-10-140-54-60:31474:34920 [0] NCCL INFO Channel 00/0 : 24[0] -> 31[7] via P2P/IPC/read
SH-IDCA1404-10-140-54-4:112782:113883 [0] NCCL INFO Channel 00/0 : 25[1] -> 0[0] [receive] via NET/IB/0/GDRDMA
SH-IDCA1404-10-140-54-5:37335:38318 [1] NCCL INFO Channel 01/0 : 9[1] -> 16[0] [send] via NET/IB/0/GDRDMA
SH-IDCA1404-10-140-54-37:54153:55106 [0] NCCL INFO Channel 00/0 : 9[1] -> 16[0] [receive] via NET/IB/0/GDRDMA
SH-IDCA1404-10-140-54-60:31477:34912 [3] NCCL INFO Channel 00/0 : 27[3] -> 26[2] via P2P/IPC/read
SH-IDCA1404-10-140-54-4:112782:113883 [0] NCCL INFO Channel 01/0 : 25[1] -> 0[0] [receive] via NET/IB/0/GDRDMA
SH-IDCA1404-10-140-54-5:37334:38326 [0] NCCL INFO Channel 00/0 : 1[1] -> 8[0] [receive] via NET/IB/0/GDRDMA
SH-IDCA1404-10-140-54-37:54153:55106 [0] NCCL INFO Channel 01/0 : 9[1] -> 16[0] [receive] via NET/IB/0/GDRDMA
SH-IDCA1404-10-140-54-60:31475:34915 [1] NCCL INFO Channel 00/0 : 25[1] -> 0[0] [send] via NET/IB/0/GDRDMA
SH-IDCA1404-10-140-54-4:112782:113883 [0] NCCL INFO Channel 00/0 : 0[0] -> 7[7] via P2P/IPC/read
SH-IDCA1404-10-140-54-5:37334:38326 [0] NCCL INFO Channel 01/0 : 1[1] -> 8[0] [receive] via NET/IB/0/GDRDMA
SH-IDCA1404-10-140-54-37:54153:55106 [0] NCCL INFO Channel 00/0 : 16[0] -> 23[7] via P2P/IPC/read
SH-IDCA1404-10-140-54-60:31475:34915 [1] NCCL INFO Channel 01/0 : 25[1] -> 0[0] [send] via NET/IB/0/GDRDMA
SH-IDCA1404-10-140-54-4:112782:113883 [0] NCCL INFO Channel 01/0 : 0[0] -> 7[7] via P2P/IPC/read
SH-IDCA1404-10-140-54-5:37334:38326 [0] NCCL INFO Channel 00/0 : 8[0] -> 15[7] via P2P/IPC/read
SH-IDCA1404-10-140-54-37:54160:55103 [6] NCCL INFO Channel 00/0 : 22[6] -> 21[5] via P2P/IPC/read
SH-IDCA1404-10-140-54-60:31477:34912 [3] NCCL INFO Channel 01/0 : 27[3] -> 26[2] via P2P/IPC/read
SH-IDCA1404-10-140-54-4:112789:113895 [7] NCCL INFO Channel 00/0 : 7[7] -> 6[6] via P2P/IPC/read
SH-IDCA1404-10-140-54-5:37334:38326 [0] NCCL INFO Channel 01/0 : 8[0] -> 15[7] via P2P/IPC/read
SH-IDCA1404-10-140-54-37:54153:55106 [0] NCCL INFO Channel 01/0 : 16[0] -> 23[7] via P2P/IPC/read
SH-IDCA1404-10-140-54-37:54160:55103 [6] NCCL INFO Channel 01/0 : 22[6] -> 21[5] via P2P/IPC/read
SH-IDCA1404-10-140-54-60:31474:34920 [0] NCCL INFO Channel 01/0 : 24[0] -> 31[7] via P2P/IPC/read
SH-IDCA1404-10-140-54-4:112786:113887 [4] NCCL INFO Connected all rings
SH-IDCA1404-10-140-54-5:37338:38327 [4] NCCL INFO Connected all rings
SH-IDCA1404-10-140-54-37:54158:55108 [4] NCCL INFO Connected all rings
SH-IDCA1404-10-140-54-60:31478:34921 [4] NCCL INFO Connected all rings
SH-IDCA1404-10-140-54-4:112789:113895 [7] NCCL INFO Channel 01/0 : 7[7] -> 6[6] via P2P/IPC/read
SH-IDCA1404-10-140-54-5:37338:38327 [4] NCCL INFO Channel 00/0 : 12[4] -> 13[5] via P2P/IPC/read
SH-IDCA1404-10-140-54-37:54158:55108 [4] NCCL INFO Channel 00/0 : 20[4] -> 21[5] via P2P/IPC/read
SH-IDCA1404-10-140-54-60:31478:34921 [4] NCCL INFO Channel 00/0 : 28[4] -> 29[5] via P2P/IPC/read
SH-IDCA1404-10-140-54-4:112786:113887 [4] NCCL INFO Channel 00/0 : 4[4] -> 5[5] via P2P/IPC/read
SH-IDCA1404-10-140-54-5:37338:38327 [4] NCCL INFO Channel 01/0 : 12[4] -> 13[5] via P2P/IPC/read
SH-IDCA1404-10-140-54-37:54158:55108 [4] NCCL INFO Channel 01/0 : 20[4] -> 21[5] via P2P/IPC/read
SH-IDCA1404-10-140-54-60:31478:34921 [4] NCCL INFO Channel 01/0 : 28[4] -> 29[5] via P2P/IPC/read
SH-IDCA1404-10-140-54-4:112786:113887 [4] NCCL INFO Channel 01/0 : 4[4] -> 5[5] via P2P/IPC/read
SH-IDCA1404-10-140-54-37:54157:55104 [3] NCCL INFO Connected all rings
SH-IDCA1404-10-140-54-60:31477:34912 [3] NCCL INFO Connected all rings
SH-IDCA1404-10-140-54-4:112787:113889 [5] NCCL INFO Connected all rings
SH-IDCA1404-10-140-54-5:37337:38316 [3] NCCL INFO Connected all rings
SH-IDCA1404-10-140-54-60:31477:34912 [3] NCCL INFO Channel 00/0 : 27[3] -> 28[4] via P2P/IPC/read
SH-IDCA1404-10-140-54-4:112787:113889 [5] NCCL INFO Channel 00/0 : 5[5] -> 6[6] via P2P/IPC/read
SH-IDCA1404-10-140-54-37:54157:55104 [3] NCCL INFO Channel 00/0 : 19[3] -> 20[4] via P2P/IPC/read
SH-IDCA1404-10-140-54-4:112787:113889 [5] NCCL INFO Channel 01/0 : 5[5] -> 6[6] via P2P/IPC/read
SH-IDCA1404-10-140-54-5:37337:38316 [3] NCCL INFO Channel 00/0 : 11[3] -> 12[4] via P2P/IPC/read
SH-IDCA1404-10-140-54-37:54165:55107 [7] NCCL INFO Channel 00/0 : 23[7] -> 22[6] via P2P/IPC/read
SH-IDCA1404-10-140-54-60:31477:34912 [3] NCCL INFO Channel 01/0 : 27[3] -> 28[4] via P2P/IPC/read
SH-IDCA1404-10-140-54-4:112788:113888 [6] NCCL INFO Connected all rings
SH-IDCA1404-10-140-54-5:37337:38316 [3] NCCL INFO Channel 01/0 : 11[3] -> 12[4] via P2P/IPC/read
SH-IDCA1404-10-140-54-37:54157:55104 [3] NCCL INFO Channel 01/0 : 19[3] -> 20[4] via P2P/IPC/read
SH-IDCA1404-10-140-54-60:31481:34914 [7] NCCL INFO Channel 00/0 : 31[7] -> 30[6] via P2P/IPC/read
SH-IDCA1404-10-140-54-4:112789:113895 [7] NCCL INFO Connected all rings
SH-IDCA1404-10-140-54-37:54165:55107 [7] NCCL INFO Channel 01/0 : 23[7] -> 22[6] via P2P/IPC/read
SH-IDCA1404-10-140-54-60:31481:34914 [7] NCCL INFO Channel 01/0 : 31[7] -> 30[6] via P2P/IPC/read
SH-IDCA1404-10-140-54-4:112788:113888 [6] NCCL INFO Channel 00/0 : 6[6] -> 7[7] via P2P/IPC/read
SH-IDCA1404-10-140-54-37:54159:55114 [5] NCCL INFO Connected all rings
SH-IDCA1404-10-140-54-60:31479:34913 [5] NCCL INFO Connected all rings
SH-IDCA1404-10-140-54-4:112788:113888 [6] NCCL INFO Channel 01/0 : 6[6] -> 7[7] via P2P/IPC/read
SH-IDCA1404-10-140-54-60:31479:34913 [5] NCCL INFO Channel 00/0 : 29[5] -> 30[6] via P2P/IPC/read
SH-IDCA1404-10-140-54-4:112789:113895 [7] NCCL INFO Connected all trees
SH-IDCA1404-10-140-54-60:31479:34913 [5] NCCL INFO Channel 01/0 : 29[5] -> 30[6] via P2P/IPC/read
SH-IDCA1404-10-140-54-4:112789:113895 [7] NCCL INFO threadThresholds 8/8/64 | 256/8/64 | 512 | 512
SH-IDCA1404-10-140-54-4:112789:113895 [7] NCCL INFO 2 coll channels, 2 collnet channels, 0 nvls channels, 2 p2p channels, 1 p2p channels per peer
SH-IDCA1404-10-140-54-4:112788:113888 [6] NCCL INFO Connected all trees
SH-IDCA1404-10-140-54-37:54159:55114 [5] NCCL INFO Channel 00/0 : 21[5] -> 22[6] via P2P/IPC/read
SH-IDCA1404-10-140-54-4:112788:113888 [6] NCCL INFO threadThresholds 8/8/64 | 256/8/64 | 512 | 512
SH-IDCA1404-10-140-54-4:112788:113888 [6] NCCL INFO 2 coll channels, 2 collnet channels, 0 nvls channels, 2 p2p channels, 1 p2p channels per peer
SH-IDCA1404-10-140-54-37:54159:55114 [5] NCCL INFO Channel 01/0 : 21[5] -> 22[6] via P2P/IPC/read
SH-IDCA1404-10-140-54-60:31480:34916 [6] NCCL INFO Connected all rings
SH-IDCA1404-10-140-54-60:31481:34914 [7] NCCL INFO Connected all rings
SH-IDCA1404-10-140-54-60:31480:34916 [6] NCCL INFO Channel 00/0 : 30[6] -> 31[7] via P2P/IPC/read
SH-IDCA1404-10-140-54-60:31480:34916 [6] NCCL INFO Channel 01/0 : 30[6] -> 31[7] via P2P/IPC/read
SH-IDCA1404-10-140-54-60:31481:34914 [7] NCCL INFO Connected all trees
SH-IDCA1404-10-140-54-37:54165:55107 [7] NCCL INFO Connected all rings
SH-IDCA1404-10-140-54-60:31481:34914 [7] NCCL INFO threadThresholds 8/8/64 | 256/8/64 | 512 | 512
SH-IDCA1404-10-140-54-60:31481:34914 [7] NCCL INFO 2 coll channels, 2 collnet channels, 0 nvls channels, 2 p2p channels, 1 p2p channels per peer
SH-IDCA1404-10-140-54-60:31479:34913 [5] NCCL INFO Connected all trees
SH-IDCA1404-10-140-54-37:54160:55103 [6] NCCL INFO Connected all rings
SH-IDCA1404-10-140-54-60:31480:34916 [6] NCCL INFO Connected all trees
SH-IDCA1404-10-140-54-60:31479:34913 [5] NCCL INFO threadThresholds 8/8/64 | 256/8/64 | 512 | 512
SH-IDCA1404-10-140-54-60:31479:34913 [5] NCCL INFO 2 coll channels, 2 collnet channels, 0 nvls channels, 2 p2p channels, 1 p2p channels per peer
SH-IDCA1404-10-140-54-37:54160:55103 [6] NCCL INFO Channel 00/0 : 22[6] -> 23[7] via P2P/IPC/read
SH-IDCA1404-10-140-54-60:31480:34916 [6] NCCL INFO threadThresholds 8/8/64 | 256/8/64 | 512 | 512
SH-IDCA1404-10-140-54-60:31480:34916 [6] NCCL INFO 2 coll channels, 2 collnet channels, 0 nvls channels, 2 p2p channels, 1 p2p channels per peer
SH-IDCA1404-10-140-54-37:54160:55103 [6] NCCL INFO Channel 01/0 : 22[6] -> 23[7] via P2P/IPC/read
SH-IDCA1404-10-140-54-5:37341:38319 [7] NCCL INFO Channel 00/0 : 15[7] -> 14[6] via P2P/IPC/read
SH-IDCA1404-10-140-54-37:54165:55107 [7] NCCL INFO Connected all trees
SH-IDCA1404-10-140-54-5:37341:38319 [7] NCCL INFO Channel 01/0 : 15[7] -> 14[6] via P2P/IPC/read
SH-IDCA1404-10-140-54-37:54165:55107 [7] NCCL INFO threadThresholds 8/8/64 | 256/8/64 | 512 | 512
SH-IDCA1404-10-140-54-37:54165:55107 [7] NCCL INFO 2 coll channels, 2 collnet channels, 0 nvls channels, 2 p2p channels, 1 p2p channels per peer
SH-IDCA1404-10-140-54-37:54159:55114 [5] NCCL INFO Connected all trees
SH-IDCA1404-10-140-54-37:54160:55103 [6] NCCL INFO Connected all trees
SH-IDCA1404-10-140-54-37:54159:55114 [5] NCCL INFO threadThresholds 8/8/64 | 256/8/64 | 512 | 512
SH-IDCA1404-10-140-54-37:54159:55114 [5] NCCL INFO 2 coll channels, 2 collnet channels, 0 nvls channels, 2 p2p channels, 1 p2p channels per peer
SH-IDCA1404-10-140-54-4:112785:113896 [3] NCCL INFO Connected all rings
SH-IDCA1404-10-140-54-37:54160:55103 [6] NCCL INFO threadThresholds 8/8/64 | 256/8/64 | 512 | 512
SH-IDCA1404-10-140-54-37:54160:55103 [6] NCCL INFO 2 coll channels, 2 collnet channels, 0 nvls channels, 2 p2p channels, 1 p2p channels per peer
SH-IDCA1404-10-140-54-5:37339:38325 [5] NCCL INFO Connected all rings
SH-IDCA1404-10-140-54-4:112785:113896 [3] NCCL INFO Channel 00/0 : 3[3] -> 4[4] via P2P/IPC/read
SH-IDCA1404-10-140-54-4:112785:113896 [3] NCCL INFO Channel 01/0 : 3[3] -> 4[4] via P2P/IPC/read
SH-IDCA1404-10-140-54-5:37339:38325 [5] NCCL INFO Channel 00/0 : 13[5] -> 14[6] via P2P/IPC/read
SH-IDCA1404-10-140-54-4:112787:113889 [5] NCCL INFO Connected all trees
SH-IDCA1404-10-140-54-5:37339:38325 [5] NCCL INFO Channel 01/0 : 13[5] -> 14[6] via P2P/IPC/read
SH-IDCA1404-10-140-54-4:112787:113889 [5] NCCL INFO threadThresholds 8/8/64 | 256/8/64 | 512 | 512
SH-IDCA1404-10-140-54-4:112787:113889 [5] NCCL INFO 2 coll channels, 2 collnet channels, 0 nvls channels, 2 p2p channels, 1 p2p channels per peer
SH-IDCA1404-10-140-54-4:112782:113883 [0] NCCL INFO Connected all rings
SH-IDCA1404-10-140-54-4:112782:113883 [0] NCCL INFO Channel 00/0 : 0[0] -> 1[1] via P2P/IPC/read
SH-IDCA1404-10-140-54-60:31475:34915 [1] NCCL INFO Connected all rings
SH-IDCA1404-10-140-54-60:31476:34911 [2] NCCL INFO Connected all rings
SH-IDCA1404-10-140-54-4:112782:113883 [0] NCCL INFO Channel 01/0 : 0[0] -> 1[1] via P2P/IPC/read
SH-IDCA1404-10-140-54-60:31475:34915 [1] NCCL INFO Channel 00/0 : 25[1] -> 26[2] via P2P/IPC/read
SH-IDCA1404-10-140-54-60:31476:34911 [2] NCCL INFO Channel 00/0 : 26[2] -> 27[3] via P2P/IPC/read
SH-IDCA1404-10-140-54-60:31475:34915 [1] NCCL INFO Channel 01/0 : 25[1] -> 26[2] via P2P/IPC/read
SH-IDCA1404-10-140-54-60:31476:34911 [2] NCCL INFO Channel 01/0 : 26[2] -> 27[3] via P2P/IPC/read
SH-IDCA1404-10-140-54-60:31478:34921 [4] NCCL INFO Connected all trees
SH-IDCA1404-10-140-54-5:37341:38319 [7] NCCL INFO Connected all rings
SH-IDCA1404-10-140-54-60:31478:34921 [4] NCCL INFO threadThresholds 8/8/64 | 256/8/64 | 512 | 512
SH-IDCA1404-10-140-54-60:31478:34921 [4] NCCL INFO 2 coll channels, 2 collnet channels, 0 nvls channels, 2 p2p channels, 1 p2p channels per peer
SH-IDCA1404-10-140-54-60:31477:34912 [3] NCCL INFO Connected all trees
SH-IDCA1404-10-140-54-5:37340:38321 [6] NCCL INFO Connected all rings
SH-IDCA1404-10-140-54-60:31477:34912 [3] NCCL INFO threadThresholds 8/8/64 | 256/8/64 | 512 | 512
SH-IDCA1404-10-140-54-60:31477:34912 [3] NCCL INFO 2 coll channels, 2 collnet channels, 0 nvls channels, 2 p2p channels, 1 p2p channels per peer
SH-IDCA1404-10-140-54-5:37340:38321 [6] NCCL INFO Channel 00/0 : 14[6] -> 15[7] via P2P/IPC/read
SH-IDCA1404-10-140-54-5:37340:38321 [6] NCCL INFO Channel 01/0 : 14[6] -> 15[7] via P2P/IPC/read
SH-IDCA1404-10-140-54-5:37341:38319 [7] NCCL INFO Connected all trees
SH-IDCA1404-10-140-54-5:37341:38319 [7] NCCL INFO threadThresholds 8/8/64 | 256/8/64 | 512 | 512
SH-IDCA1404-10-140-54-5:37341:38319 [7] NCCL INFO 2 coll channels, 2 collnet channels, 0 nvls channels, 2 p2p channels, 1 p2p channels per peer
SH-IDCA1404-10-140-54-5:37339:38325 [5] NCCL INFO Connected all trees
SH-IDCA1404-10-140-54-5:37340:38321 [6] NCCL INFO Connected all trees
SH-IDCA1404-10-140-54-5:37339:38325 [5] NCCL INFO threadThresholds 8/8/64 | 256/8/64 | 512 | 512
SH-IDCA1404-10-140-54-5:37339:38325 [5] NCCL INFO 2 coll channels, 2 collnet channels, 0 nvls channels, 2 p2p channels, 1 p2p channels per peer
SH-IDCA1404-10-140-54-5:37340:38321 [6] NCCL INFO threadThresholds 8/8/64 | 256/8/64 | 512 | 512
SH-IDCA1404-10-140-54-5:37340:38321 [6] NCCL INFO 2 coll channels, 2 collnet channels, 0 nvls channels, 2 p2p channels, 1 p2p channels per peer
SH-IDCA1404-10-140-54-37:54154:55102 [1] NCCL INFO Connected all rings
SH-IDCA1404-10-140-54-37:54155:55105 [2] NCCL INFO Connected all rings
SH-IDCA1404-10-140-54-60:31474:34920 [0] NCCL INFO Connected all rings
SH-IDCA1404-10-140-54-5:37335:38318 [1] NCCL INFO Connected all rings
SH-IDCA1404-10-140-54-5:37336:38317 [2] NCCL INFO Connected all rings
SH-IDCA1404-10-140-54-37:54154:55102 [1] NCCL INFO Channel 00/0 : 17[1] -> 18[2] via P2P/IPC/read
SH-IDCA1404-10-140-54-60:31474:34920 [0] NCCL INFO Channel 00/0 : 24[0] -> 25[1] via P2P/IPC/read
SH-IDCA1404-10-140-54-5:37336:38317 [2] NCCL INFO Channel 00/0 : 10[2] -> 11[3] via P2P/IPC/read
SH-IDCA1404-10-140-54-60:31474:34920 [0] NCCL INFO Channel 01/0 : 24[0] -> 25[1] via P2P/IPC/read
SH-IDCA1404-10-140-54-37:54155:55105 [2] NCCL INFO Channel 00/0 : 18[2] -> 19[3] via P2P/IPC/read
SH-IDCA1404-10-140-54-60:31475:34915 [1] NCCL INFO Channel 00/0 : 25[1] -> 24[0] via P2P/IPC/read
SH-IDCA1404-10-140-54-5:37335:38318 [1] NCCL INFO Channel 00/0 : 9[1] -> 10[2] via P2P/IPC/read
SH-IDCA1404-10-140-54-37:54154:55102 [1] NCCL INFO Channel 01/0 : 17[1] -> 18[2] via P2P/IPC/read
SH-IDCA1404-10-140-54-37:54155:55105 [2] NCCL INFO Channel 01/0 : 18[2] -> 19[3] via P2P/IPC/read
SH-IDCA1404-10-140-54-60:31474:34920 [0] NCCL INFO Channel 00/0 : 16[0] -> 24[0] [receive] via NET/IB/0/GDRDMA
SH-IDCA1404-10-140-54-5:37336:38317 [2] NCCL INFO Channel 01/0 : 10[2] -> 11[3] via P2P/IPC/read
SH-IDCA1404-10-140-54-37:54153:55106 [0] NCCL INFO Connected all rings
SH-IDCA1404-10-140-54-60:31475:34915 [1] NCCL INFO Channel 01/0 : 25[1] -> 24[0] via P2P/IPC/read
SH-IDCA1404-10-140-54-5:37335:38318 [1] NCCL INFO Channel 01/0 : 9[1] -> 10[2] via P2P/IPC/read
SH-IDCA1404-10-140-54-60:31474:34920 [0] NCCL INFO Channel 01/0 : 8[0] -> 24[0] [receive] via NET/IB/0/GDRDMA
SH-IDCA1404-10-140-54-37:54153:55106 [0] NCCL INFO Channel 00/0 : 16[0] -> 17[1] via P2P/IPC/read
SH-IDCA1404-10-140-54-5:37338:38327 [4] NCCL INFO Connected all trees
SH-IDCA1404-10-140-54-37:54153:55106 [0] NCCL INFO Channel 01/0 : 16[0] -> 17[1] via P2P/IPC/read
SH-IDCA1404-10-140-54-60:31474:34920 [0] NCCL INFO Channel 01/0 : 24[0] -> 8[0] [send] via NET/IB/0/GDRDMA
SH-IDCA1404-10-140-54-37:54154:55102 [1] NCCL INFO Channel 00/0 : 8[0] -> 17[1] [receive] via NET/IB/0/GDRDMA
SH-IDCA1404-10-140-54-5:37337:38316 [3] NCCL INFO Connected all trees
SH-IDCA1404-10-140-54-5:37338:38327 [4] NCCL INFO threadThresholds 8/8/64 | 256/8/64 | 512 | 512
SH-IDCA1404-10-140-54-5:37338:38327 [4] NCCL INFO 2 coll channels, 2 collnet channels, 0 nvls channels, 2 p2p channels, 1 p2p channels per peer
SH-IDCA1404-10-140-54-37:54153:55106 [0] NCCL INFO Channel 00/0 : 16[0] -> 24[0] [send] via NET/IB/0/GDRDMA
SH-IDCA1404-10-140-54-5:37337:38316 [3] NCCL INFO threadThresholds 8/8/64 | 256/8/64 | 512 | 512
SH-IDCA1404-10-140-54-5:37337:38316 [3] NCCL INFO 2 coll channels, 2 collnet channels, 0 nvls channels, 2 p2p channels, 1 p2p channels per peer
SH-IDCA1404-10-140-54-37:54158:55108 [4] NCCL INFO Connected all trees
SH-IDCA1404-10-140-54-37:54158:55108 [4] NCCL INFO threadThresholds 8/8/64 | 256/8/64 | 512 | 512
SH-IDCA1404-10-140-54-37:54158:55108 [4] NCCL INFO 2 coll channels, 2 collnet channels, 0 nvls channels, 2 p2p channels, 1 p2p channels per peer
SH-IDCA1404-10-140-54-37:54157:55104 [3] NCCL INFO Connected all trees
SH-IDCA1404-10-140-54-37:54157:55104 [3] NCCL INFO threadThresholds 8/8/64 | 256/8/64 | 512 | 512
SH-IDCA1404-10-140-54-37:54157:55104 [3] NCCL INFO 2 coll channels, 2 collnet channels, 0 nvls channels, 2 p2p channels, 1 p2p channels per peer
SH-IDCA1404-10-140-54-37:54153:55106 [0] NCCL INFO Channel 00/0 : 0[0] -> 16[0] [receive] via NET/IB/0/GDRDMA
SH-IDCA1404-10-140-54-37:54153:55106 [0] NCCL INFO Channel 00/0 : 16[0] -> 0[0] [send] via NET/IB/0/GDRDMA
SH-IDCA1404-10-140-54-4:112783:113885 [1] NCCL INFO Connected all rings
SH-IDCA1404-10-140-54-5:37334:38326 [0] NCCL INFO Connected all rings
SH-IDCA1404-10-140-54-37:54154:55102 [1] NCCL INFO Channel 00/0 : 17[1] -> 8[0] [send] via NET/IB/0/GDRDMA
SH-IDCA1404-10-140-54-60:31474:34920 [0] NCCL INFO Channel 00/0 : 24[0] -> 16[0] [send] via NET/IB/0/GDRDMA
SH-IDCA1404-10-140-54-4:112783:113885 [1] NCCL INFO Channel 00/0 : 1[1] -> 2[2] via P2P/IPC/read
SH-IDCA1404-10-140-54-5:37334:38326 [0] NCCL INFO Channel 00/0 : 8[0] -> 9[1] via P2P/IPC/read
SH-IDCA1404-10-140-54-37:54153:55106 [0] NCCL INFO Channel 00/0 : 24[0] -> 16[0] [receive] via NET/IB/0/GDRDMA
SH-IDCA1404-10-140-54-4:112783:113885 [1] NCCL INFO Channel 01/0 : 1[1] -> 2[2] via P2P/IPC/read
SH-IDCA1404-10-140-54-5:37334:38326 [0] NCCL INFO Channel 01/0 : 8[0] -> 9[1] via P2P/IPC/read
SH-IDCA1404-10-140-54-37:54153:55106 [0] NCCL INFO Channel 01/0 : 16[0] -> 9[1] [send] via NET/IB/0/GDRDMA
SH-IDCA1404-10-140-54-60:31476:34911 [2] NCCL INFO Connected all trees
SH-IDCA1404-10-140-54-4:112784:113886 [2] NCCL INFO Connected all rings
SH-IDCA1404-10-140-54-5:37334:38326 [0] NCCL INFO Channel 01/0 : 0[0] -> 8[0] [receive] via NET/IB/0/GDRDMA
SH-IDCA1404-10-140-54-37:54154:55102 [1] NCCL INFO Channel 00/0 : 17[1] -> 16[0] via P2P/IPC/read
SH-IDCA1404-10-140-54-60:31476:34911 [2] NCCL INFO threadThresholds 8/8/64 | 256/8/64 | 512 | 512
SH-IDCA1404-10-140-54-60:31476:34911 [2] NCCL INFO 2 coll channels, 2 collnet channels, 0 nvls channels, 2 p2p channels, 1 p2p channels per peer
SH-IDCA1404-10-140-54-4:112782:113883 [0] NCCL INFO Channel 01/0 : 0[0] -> 8[0] [send] via NET/IB/0/GDRDMA
SH-IDCA1404-10-140-54-5:37335:38318 [1] NCCL INFO Channel 01/0 : 16[0] -> 9[1] [receive] via NET/IB/0/GDRDMA
SH-IDCA1404-10-140-54-37:54154:55102 [1] NCCL INFO Channel 01/0 : 17[1] -> 16[0] via P2P/IPC/read
SH-IDCA1404-10-140-54-60:31475:34915 [1] NCCL INFO Connected all trees
SH-IDCA1404-10-140-54-4:112782:113883 [0] NCCL INFO Channel 00/0 : 16[0] -> 0[0] [receive] via NET/IB/0/GDRDMA
SH-IDCA1404-10-140-54-5:37334:38326 [0] NCCL INFO Channel 00/0 : 8[0] -> 17[1] [send] via NET/IB/0/GDRDMA
SH-IDCA1404-10-140-54-37:54155:55105 [2] NCCL INFO Connected all trees
SH-IDCA1404-10-140-54-60:31474:34920 [0] NCCL INFO Connected all trees
SH-IDCA1404-10-140-54-4:112784:113886 [2] NCCL INFO Channel 00/0 : 2[2] -> 3[3] via P2P/IPC/read
SH-IDCA1404-10-140-54-5:37334:38326 [0] NCCL INFO Channel 01/0 : 24[0] -> 8[0] [receive] via NET/IB/0/GDRDMA
SH-IDCA1404-10-140-54-37:54155:55105 [2] NCCL INFO threadThresholds 8/8/64 | 256/8/64 | 512 | 512
SH-IDCA1404-10-140-54-37:54155:55105 [2] NCCL INFO 2 coll channels, 2 collnet channels, 0 nvls channels, 2 p2p channels, 1 p2p channels per peer
SH-IDCA1404-10-140-54-60:31475:34915 [1] NCCL INFO threadThresholds 8/8/64 | 256/8/64 | 512 | 512
SH-IDCA1404-10-140-54-60:31475:34915 [1] NCCL INFO 2 coll channels, 2 collnet channels, 0 nvls channels, 2 p2p channels, 1 p2p channels per peer
SH-IDCA1404-10-140-54-4:112782:113883 [0] NCCL INFO Channel 00/0 : 0[0] -> 16[0] [send] via NET/IB/0/GDRDMA
SH-IDCA1404-10-140-54-5:37334:38326 [0] NCCL INFO Channel 01/0 : 8[0] -> 24[0] [send] via NET/IB/0/GDRDMA
SH-IDCA1404-10-140-54-37:54154:55102 [1] NCCL INFO Connected all trees
SH-IDCA1404-10-140-54-60:31474:34920 [0] NCCL INFO threadThresholds 8/8/64 | 256/8/64 | 512 | 512
SH-IDCA1404-10-140-54-60:31474:34920 [0] NCCL INFO 2 coll channels, 2 collnet channels, 0 nvls channels, 2 p2p channels, 1 p2p channels per peer
SH-IDCA1404-10-140-54-4:112782:113883 [0] NCCL INFO Channel 01/0 : 8[0] -> 0[0] [receive] via NET/IB/0/GDRDMA
SH-IDCA1404-10-140-54-5:37334:38326 [0] NCCL INFO Channel 00/0 : 17[1] -> 8[0] [receive] via NET/IB/0/GDRDMA
SH-IDCA1404-10-140-54-37:54154:55102 [1] NCCL INFO threadThresholds 8/8/64 | 256/8/64 | 512 | 512
SH-IDCA1404-10-140-54-37:54154:55102 [1] NCCL INFO 2 coll channels, 2 collnet channels, 0 nvls channels, 2 p2p channels, 1 p2p channels per peer
SH-IDCA1404-10-140-54-4:112784:113886 [2] NCCL INFO Channel 01/0 : 2[2] -> 3[3] via P2P/IPC/read
SH-IDCA1404-10-140-54-5:37335:38318 [1] NCCL INFO Channel 00/0 : 9[1] -> 8[0] via P2P/IPC/read
SH-IDCA1404-10-140-54-37:54153:55106 [0] NCCL INFO Connected all trees
SH-IDCA1404-10-140-54-4:112783:113885 [1] NCCL INFO Channel 00/0 : 1[1] -> 0[0] via P2P/IPC/read
SH-IDCA1404-10-140-54-5:37334:38326 [0] NCCL INFO Channel 01/0 : 8[0] -> 0[0] [send] via NET/IB/0/GDRDMA
SH-IDCA1404-10-140-54-37:54153:55106 [0] NCCL INFO threadThresholds 8/8/64 | 256/8/64 | 512 | 512
SH-IDCA1404-10-140-54-4:112783:113885 [1] NCCL INFO Channel 01/0 : 1[1] -> 0[0] via P2P/IPC/read
SH-IDCA1404-10-140-54-5:37335:38318 [1] NCCL INFO Channel 01/0 : 9[1] -> 8[0] via P2P/IPC/read
SH-IDCA1404-10-140-54-37:54153:55106 [0] NCCL INFO 2 coll channels, 2 collnet channels, 0 nvls channels, 2 p2p channels, 1 p2p channels per peer
SH-IDCA1404-10-140-54-4:112786:113887 [4] NCCL INFO Connected all trees
SH-IDCA1404-10-140-54-5:37336:38317 [2] NCCL INFO Connected all trees
SH-IDCA1404-10-140-54-4:112786:113887 [4] NCCL INFO threadThresholds 8/8/64 | 256/8/64 | 512 | 512
SH-IDCA1404-10-140-54-4:112785:113896 [3] NCCL INFO Connected all trees
SH-IDCA1404-10-140-54-4:112786:113887 [4] NCCL INFO 2 coll channels, 2 collnet channels, 0 nvls channels, 2 p2p channels, 1 p2p channels per peer
SH-IDCA1404-10-140-54-5:37336:38317 [2] NCCL INFO threadThresholds 8/8/64 | 256/8/64 | 512 | 512
SH-IDCA1404-10-140-54-5:37336:38317 [2] NCCL INFO 2 coll channels, 2 collnet channels, 0 nvls channels, 2 p2p channels, 1 p2p channels per peer
SH-IDCA1404-10-140-54-4:112785:113896 [3] NCCL INFO threadThresholds 8/8/64 | 256/8/64 | 512 | 512
SH-IDCA1404-10-140-54-4:112785:113896 [3] NCCL INFO 2 coll channels, 2 collnet channels, 0 nvls channels, 2 p2p channels, 1 p2p channels per peer
SH-IDCA1404-10-140-54-4:112784:113886 [2] NCCL INFO Connected all trees
SH-IDCA1404-10-140-54-5:37334:38326 [0] NCCL INFO Connected all trees
SH-IDCA1404-10-140-54-5:37335:38318 [1] NCCL INFO Connected all trees
SH-IDCA1404-10-140-54-4:112784:113886 [2] NCCL INFO threadThresholds 8/8/64 | 256/8/64 | 512 | 512
SH-IDCA1404-10-140-54-4:112784:113886 [2] NCCL INFO 2 coll channels, 2 collnet channels, 0 nvls channels, 2 p2p channels, 1 p2p channels per peer
SH-IDCA1404-10-140-54-5:37334:38326 [0] NCCL INFO threadThresholds 8/8/64 | 256/8/64 | 512 | 512
SH-IDCA1404-10-140-54-5:37334:38326 [0] NCCL INFO 2 coll channels, 2 collnet channels, 0 nvls channels, 2 p2p channels, 1 p2p channels per peer
SH-IDCA1404-10-140-54-5:37335:38318 [1] NCCL INFO threadThresholds 8/8/64 | 256/8/64 | 512 | 512
SH-IDCA1404-10-140-54-4:112782:113883 [0] NCCL INFO Connected all trees
SH-IDCA1404-10-140-54-5:37335:38318 [1] NCCL INFO 2 coll channels, 2 collnet channels, 0 nvls channels, 2 p2p channels, 1 p2p channels per peer
SH-IDCA1404-10-140-54-4:112783:113885 [1] NCCL INFO Connected all trees
SH-IDCA1404-10-140-54-4:112783:113885 [1] NCCL INFO threadThresholds 8/8/64 | 256/8/64 | 512 | 512
SH-IDCA1404-10-140-54-4:112783:113885 [1] NCCL INFO 2 coll channels, 2 collnet channels, 0 nvls channels, 2 p2p channels, 1 p2p channels per peer
SH-IDCA1404-10-140-54-4:112782:113883 [0] NCCL INFO threadThresholds 8/8/64 | 256/8/64 | 512 | 512
SH-IDCA1404-10-140-54-4:112782:113883 [0] NCCL INFO 2 coll channels, 2 collnet channels, 0 nvls channels, 2 p2p channels, 1 p2p channels per peer
SH-IDCA1404-10-140-54-60:31477:34912 [3] NCCL INFO TUNER/Plugin: Plugin load returned 11 : libnccl-net.so: cannot open shared object file: No such file or directory : when loading libnccl-tuner.so
SH-IDCA1404-10-140-54-60:31477:34912 [3] NCCL INFO TUNER/Plugin: Using internal tuner plugin.
SH-IDCA1404-10-140-54-60:31477:34912 [3] NCCL INFO ncclCommInitRank comm 0xabf76c0 rank 27 nranks 32 cudaDev 3 nvmlDev 3 busId 71000 commId 0x9d5b9a9ce21aacfd - Init COMPLETE
SH-IDCA1404-10-140-54-60:31476:34911 [2] NCCL INFO TUNER/Plugin: Plugin load returned 11 : libnccl-net.so: cannot open shared object file: No such file or directory : when loading libnccl-tuner.so
SH-IDCA1404-10-140-54-60:31476:34911 [2] NCCL INFO TUNER/Plugin: Using internal tuner plugin.
SH-IDCA1404-10-140-54-60:31476:34911 [2] NCCL INFO ncclCommInitRank comm 0xa4dd7e0 rank 26 nranks 32 cudaDev 2 nvmlDev 2 busId 6b000 commId 0x9d5b9a9ce21aacfd - Init COMPLETE
SH-IDCA1404-10-140-54-4:112787:113889 [5] NCCL INFO TUNER/Plugin: Plugin load returned 11 : libnccl-net.so: cannot open shared object file: No such file or directory : when loading libnccl-tuner.so
SH-IDCA1404-10-140-54-4:112787:113889 [5] NCCL INFO TUNER/Plugin: Using internal tuner plugin.
SH-IDCA1404-10-140-54-4:112787:113889 [5] NCCL INFO ncclCommInitRank comm 0xb2666b0 rank 5 nranks 32 cudaDev 5 nvmlDev 5 busId a1000 commId 0x9d5b9a9ce21aacfd - Init COMPLETE
SH-IDCA1404-10-140-54-60:31479:34913 [5] NCCL INFO TUNER/Plugin: Plugin load returned 11 : libnccl-net.so: cannot open shared object file: No such file or directory : when loading libnccl-tuner.so
SH-IDCA1404-10-140-54-60:31479:34913 [5] NCCL INFO TUNER/Plugin: Using internal tuner plugin.
SH-IDCA1404-10-140-54-4:112783:113885 [1] NCCL INFO TUNER/Plugin: Plugin load returned 11 : libnccl-net.so: cannot open shared object file: No such file or directory : when loading libnccl-tuner.so
SH-IDCA1404-10-140-54-4:112783:113885 [1] NCCL INFO TUNER/Plugin: Using internal tuner plugin.
SH-IDCA1404-10-140-54-60:31479:34913 [5] NCCL INFO ncclCommInitRank comm 0xa69f0b0 rank 29 nranks 32 cudaDev 5 nvmlDev 5 busId a1000 commId 0x9d5b9a9ce21aacfd - Init COMPLETE
SH-IDCA1404-10-140-54-4:112783:113885 [1] NCCL INFO ncclCommInitRank comm 0xb341b10 rank 1 nranks 32 cudaDev 1 nvmlDev 1 busId 56000 commId 0x9d5b9a9ce21aacfd - Init COMPLETE
SH-IDCA1404-10-140-54-60:31475:34915 [1] NCCL INFO TUNER/Plugin: Plugin load returned 11 : libnccl-net.so: cannot open shared object file: No such file or directory : when loading libnccl-tuner.so
SH-IDCA1404-10-140-54-60:31475:34915 [1] NCCL INFO TUNER/Plugin: Using internal tuner plugin.
SH-IDCA1404-10-140-54-4:112789:113895 [7] NCCL INFO TUNER/Plugin: Plugin load returned 11 : libnccl-net.so: cannot open shared object file: No such file or directory : when loading libnccl-tuner.so
SH-IDCA1404-10-140-54-4:112789:113895 [7] NCCL INFO TUNER/Plugin: Using internal tuner plugin.
SH-IDCA1404-10-140-54-60:31475:34915 [1] NCCL INFO ncclCommInitRank comm 0xc125900 rank 25 nranks 32 cudaDev 1 nvmlDev 1 busId 56000 commId 0x9d5b9a9ce21aacfd - Init COMPLETE
SH-IDCA1404-10-140-54-4:112789:113895 [7] NCCL INFO ncclCommInitRank comm 0xa6bed20 rank 7 nranks 32 cudaDev 7 nvmlDev 7 busId d7000 commId 0x9d5b9a9ce21aacfd - Init COMPLETE
SH-IDCA1404-10-140-54-60:31481:34914 [7] NCCL INFO TUNER/Plugin: Plugin load returned 11 : libnccl-net.so: cannot open shared object file: No such file or directory : when loading libnccl-tuner.so
SH-IDCA1404-10-140-54-60:31481:34914 [7] NCCL INFO TUNER/Plugin: Using internal tuner plugin.
SH-IDCA1404-10-140-54-4:112784:113886 [2] NCCL INFO TUNER/Plugin: Plugin load returned 11 : libnccl-net.so: cannot open shared object file: No such file or directory : when loading libnccl-tuner.so
SH-IDCA1404-10-140-54-4:112784:113886 [2] NCCL INFO TUNER/Plugin: Using internal tuner plugin.
SH-IDCA1404-10-140-54-60:31481:34914 [7] NCCL INFO ncclCommInitRank comm 0xbc0b370 rank 31 nranks 32 cudaDev 7 nvmlDev 7 busId d7000 commId 0x9d5b9a9ce21aacfd - Init COMPLETE
SH-IDCA1404-10-140-54-4:112784:113886 [2] NCCL INFO ncclCommInitRank comm 0xb634e80 rank 2 nranks 32 cudaDev 2 nvmlDev 2 busId 6b000 commId 0x9d5b9a9ce21aacfd - Init COMPLETE
SH-IDCA1404-10-140-54-60:31474:34920 [0] NCCL INFO TUNER/Plugin: Plugin load returned 11 : libnccl-net.so: cannot open shared object file: No such file or directory : when loading libnccl-tuner.so
SH-IDCA1404-10-140-54-60:31474:34920 [0] NCCL INFO TUNER/Plugin: Using internal tuner plugin.
SH-IDCA1404-10-140-54-4:112786:113887 [4] NCCL INFO TUNER/Plugin: Plugin load returned 11 : libnccl-net.so: cannot open shared object file: No such file or directory : when loading libnccl-tuner.so
SH-IDCA1404-10-140-54-4:112786:113887 [4] NCCL INFO TUNER/Plugin: Using internal tuner plugin.
SH-IDCA1404-10-140-54-60:31474:34920 [0] NCCL INFO ncclCommInitRank comm 0xb0766d0 rank 24 nranks 32 cudaDev 0 nvmlDev 0 busId 51000 commId 0x9d5b9a9ce21aacfd - Init COMPLETE
SH-IDCA1404-10-140-54-4:112786:113887 [4] NCCL INFO ncclCommInitRank comm 0x5581d930 rank 4 nranks 32 cudaDev 4 nvmlDev 4 busId 9d000 commId 0x9d5b9a9ce21aacfd - Init COMPLETE
SH-IDCA1404-10-140-54-60:31480:34916 [6] NCCL INFO TUNER/Plugin: Plugin load returned 11 : libnccl-net.so: cannot open shared object file: No such file or directory : when loading libnccl-tuner.so
SH-IDCA1404-10-140-54-60:31480:34916 [6] NCCL INFO TUNER/Plugin: Using internal tuner plugin.
SH-IDCA1404-10-140-54-4:112788:113888 [6] NCCL INFO TUNER/Plugin: Plugin load returned 11 : libnccl-net.so: cannot open shared object file: No such file or directory : when loading libnccl-tuner.so
SH-IDCA1404-10-140-54-60:31480:34916 [6] NCCL INFO ncclCommInitRank comm 0xa816920 rank 30 nranks 32 cudaDev 6 nvmlDev 6 busId d4000 commId 0x9d5b9a9ce21aacfd - Init COMPLETE
SH-IDCA1404-10-140-54-4:112788:113888 [6] NCCL INFO TUNER/Plugin: Using internal tuner plugin.
SH-IDCA1404-10-140-54-4:112788:113888 [6] NCCL INFO ncclCommInitRank comm 0xbbc5a00 rank 6 nranks 32 cudaDev 6 nvmlDev 6 busId d4000 commId 0x9d5b9a9ce21aacfd - Init COMPLETE
SH-IDCA1404-10-140-54-60:31478:34921 [4] NCCL INFO TUNER/Plugin: Plugin load returned 11 : libnccl-net.so: cannot open shared object file: No such file or directory : when loading libnccl-tuner.so
SH-IDCA1404-10-140-54-60:31478:34921 [4] NCCL INFO TUNER/Plugin: Using internal tuner plugin.
SH-IDCA1404-10-140-54-4:112785:113896 [3] NCCL INFO TUNER/Plugin: Plugin load returned 11 : libnccl-net.so: cannot open shared object file: No such file or directory : when loading libnccl-tuner.so
SH-IDCA1404-10-140-54-4:112785:113896 [3] NCCL INFO TUNER/Plugin: Using internal tuner plugin.
SH-IDCA1404-10-140-54-60:31478:34921 [4] NCCL INFO ncclCommInitRank comm 0xac45d10 rank 28 nranks 32 cudaDev 4 nvmlDev 4 busId 9d000 commId 0x9d5b9a9ce21aacfd - Init COMPLETE
SH-IDCA1404-10-140-54-4:112785:113896 [3] NCCL INFO ncclCommInitRank comm 0xcce6680 rank 3 nranks 32 cudaDev 3 nvmlDev 3 busId 71000 commId 0x9d5b9a9ce21aacfd - Init COMPLETE
SH-IDCA1404-10-140-54-4:112782:113883 [0] NCCL INFO TUNER/Plugin: Plugin load returned 11 : libnccl-net.so: cannot open shared object file: No such file or directory : when loading libnccl-tuner.so
SH-IDCA1404-10-140-54-4:112782:113883 [0] NCCL INFO TUNER/Plugin: Using internal tuner plugin.
SH-IDCA1404-10-140-54-4:112782:113883 [0] NCCL INFO ncclCommInitRank comm 0xaceed10 rank 0 nranks 32 cudaDev 0 nvmlDev 0 busId 51000 commId 0x9d5b9a9ce21aacfd - Init COMPLETE
SH-IDCA1404-10-140-54-37:54165:55107 [7] NCCL INFO TUNER/Plugin: Plugin load returned 11 : libnccl-net.so: cannot open shared object file: No such file or directory : when loading libnccl-tuner.so
SH-IDCA1404-10-140-54-37:54165:55107 [7] NCCL INFO TUNER/Plugin: Using internal tuner plugin.
SH-IDCA1404-10-140-54-37:54165:55107 [7] NCCL INFO ncclCommInitRank comm 0xb677ec0 rank 23 nranks 32 cudaDev 7 nvmlDev 7 busId d7000 commId 0x9d5b9a9ce21aacfd - Init COMPLETE
SH-IDCA1404-10-140-54-37:54153:55106 [0] NCCL INFO TUNER/Plugin: Plugin load returned 11 : libnccl-net.so: cannot open shared object file: No such file or directory : when loading libnccl-tuner.so
SH-IDCA1404-10-140-54-37:54153:55106 [0] NCCL INFO TUNER/Plugin: Using internal tuner plugin.
SH-IDCA1404-10-140-54-37:54153:55106 [0] NCCL INFO ncclCommInitRank comm 0xabe7ac0 rank 16 nranks 32 cudaDev 0 nvmlDev 0 busId 51000 commId 0x9d5b9a9ce21aacfd - Init COMPLETE
SH-IDCA1404-10-140-54-37:54154:55102 [1] NCCL INFO TUNER/Plugin: Plugin load returned 11 : libnccl-net.so: cannot open shared object file: No such file or directory : when loading libnccl-tuner.so
SH-IDCA1404-10-140-54-37:54154:55102 [1] NCCL INFO TUNER/Plugin: Using internal tuner plugin.
SH-IDCA1404-10-140-54-37:54154:55102 [1] NCCL INFO ncclCommInitRank comm 0xd03fb20 rank 17 nranks 32 cudaDev 1 nvmlDev 1 busId 56000 commId 0x9d5b9a9ce21aacfd - Init COMPLETE
SH-IDCA1404-10-140-54-37:54159:55114 [5] NCCL INFO TUNER/Plugin: Plugin load returned 11 : libnccl-net.so: cannot open shared object file: No such file or directory : when loading libnccl-tuner.so
SH-IDCA1404-10-140-54-37:54159:55114 [5] NCCL INFO TUNER/Plugin: Using internal tuner plugin.
SH-IDCA1404-10-140-54-37:54159:55114 [5] NCCL INFO ncclCommInitRank comm 0xa7f3b20 rank 21 nranks 32 cudaDev 5 nvmlDev 5 busId a1000 commId 0x9d5b9a9ce21aacfd - Init COMPLETE
SH-IDCA1404-10-140-54-37:54160:55103 [6] NCCL INFO TUNER/Plugin: Plugin load returned 11 : libnccl-net.so: cannot open shared object file: No such file or directory : when loading libnccl-tuner.so
SH-IDCA1404-10-140-54-37:54160:55103 [6] NCCL INFO TUNER/Plugin: Using internal tuner plugin.
SH-IDCA1404-10-140-54-37:54160:55103 [6] NCCL INFO ncclCommInitRank comm 0xca68d80 rank 22 nranks 32 cudaDev 6 nvmlDev 6 busId d4000 commId 0x9d5b9a9ce21aacfd - Init COMPLETE
SH-IDCA1404-10-140-54-5:37341:38319 [7] NCCL INFO TUNER/Plugin: Plugin load returned 11 : libnccl-net.so: cannot open shared object file: No such file or directory : when loading libnccl-tuner.so
SH-IDCA1404-10-140-54-5:37341:38319 [7] NCCL INFO TUNER/Plugin: Using internal tuner plugin.
SH-IDCA1404-10-140-54-5:37341:38319 [7] NCCL INFO ncclCommInitRank comm 0xa78e710 rank 15 nranks 32 cudaDev 7 nvmlDev 7 busId d7000 commId 0x9d5b9a9ce21aacfd - Init COMPLETE
SH-IDCA1404-10-140-54-37:54158:55108 [4] NCCL INFO TUNER/Plugin: Plugin load returned 11 : libnccl-net.so: cannot open shared object file: No such file or directory : when loading libnccl-tuner.so
SH-IDCA1404-10-140-54-37:54158:55108 [4] NCCL INFO TUNER/Plugin: Using internal tuner plugin.
SH-IDCA1404-10-140-54-5:37334:38326 [0] NCCL INFO TUNER/Plugin: Plugin load returned 11 : libnccl-net.so: cannot open shared object file: No such file or directory : when loading libnccl-tuner.so
SH-IDCA1404-10-140-54-5:37334:38326 [0] NCCL INFO TUNER/Plugin: Using internal tuner plugin.
SH-IDCA1404-10-140-54-37:54158:55108 [4] NCCL INFO ncclCommInitRank comm 0xa089080 rank 20 nranks 32 cudaDev 4 nvmlDev 4 busId 9d000 commId 0x9d5b9a9ce21aacfd - Init COMPLETE
SH-IDCA1404-10-140-54-5:37334:38326 [0] NCCL INFO ncclCommInitRank comm 0xd725460 rank 8 nranks 32 cudaDev 0 nvmlDev 0 busId 51000 commId 0x9d5b9a9ce21aacfd - Init COMPLETE
SH-IDCA1404-10-140-54-37:54155:55105 [2] NCCL INFO TUNER/Plugin: Plugin load returned 11 : libnccl-net.so: cannot open shared object file: No such file or directory : when loading libnccl-tuner.so
SH-IDCA1404-10-140-54-37:54155:55105 [2] NCCL INFO TUNER/Plugin: Using internal tuner plugin.
SH-IDCA1404-10-140-54-5:37335:38318 [1] NCCL INFO TUNER/Plugin: Plugin load returned 11 : libnccl-net.so: cannot open shared object file: No such file or directory : when loading libnccl-tuner.so
SH-IDCA1404-10-140-54-5:37335:38318 [1] NCCL INFO TUNER/Plugin: Using internal tuner plugin.
SH-IDCA1404-10-140-54-37:54155:55105 [2] NCCL INFO ncclCommInitRank comm 0xb46a930 rank 18 nranks 32 cudaDev 2 nvmlDev 2 busId 6b000 commId 0x9d5b9a9ce21aacfd - Init COMPLETE
SH-IDCA1404-10-140-54-5:37335:38318 [1] NCCL INFO ncclCommInitRank comm 0xbd34090 rank 9 nranks 32 cudaDev 1 nvmlDev 1 busId 56000 commId 0x9d5b9a9ce21aacfd - Init COMPLETE
SH-IDCA1404-10-140-54-37:54157:55104 [3] NCCL INFO TUNER/Plugin: Plugin load returned 11 : libnccl-net.so: cannot open shared object file: No such file or directory : when loading libnccl-tuner.so
SH-IDCA1404-10-140-54-37:54157:55104 [3] NCCL INFO TUNER/Plugin: Using internal tuner plugin.
SH-IDCA1404-10-140-54-5:37340:38321 [6] NCCL INFO TUNER/Plugin: Plugin load returned 11 : libnccl-net.so: cannot open shared object file: No such file or directory : when loading libnccl-tuner.so
SH-IDCA1404-10-140-54-5:37340:38321 [6] NCCL INFO TUNER/Plugin: Using internal tuner plugin.
SH-IDCA1404-10-140-54-37:54157:55104 [3] NCCL INFO ncclCommInitRank comm 0xaf327e0 rank 19 nranks 32 cudaDev 3 nvmlDev 3 busId 71000 commId 0x9d5b9a9ce21aacfd - Init COMPLETE
SH-IDCA1404-10-140-54-5:37340:38321 [6] NCCL INFO ncclCommInitRank comm 0xbf1d600 rank 14 nranks 32 cudaDev 6 nvmlDev 6 busId d4000 commId 0x9d5b9a9ce21aacfd - Init COMPLETE
SH-IDCA1404-10-140-54-5:37338:38327 [4] NCCL INFO TUNER/Plugin: Plugin load returned 11 : libnccl-net.so: cannot open shared object file: No such file or directory : when loading libnccl-tuner.so
SH-IDCA1404-10-140-54-5:37338:38327 [4] NCCL INFO TUNER/Plugin: Using internal tuner plugin.
SH-IDCA1404-10-140-54-5:37338:38327 [4] NCCL INFO ncclCommInitRank comm 0xc136640 rank 12 nranks 32 cudaDev 4 nvmlDev 4 busId 9d000 commId 0x9d5b9a9ce21aacfd - Init COMPLETE
SH-IDCA1404-10-140-54-5:37336:38317 [2] NCCL INFO TUNER/Plugin: Plugin load returned 11 : libnccl-net.so: cannot open shared object file: No such file or directory : when loading libnccl-tuner.so
SH-IDCA1404-10-140-54-5:37336:38317 [2] NCCL INFO TUNER/Plugin: Using internal tuner plugin.
SH-IDCA1404-10-140-54-5:37336:38317 [2] NCCL INFO ncclCommInitRank comm 0xabaeec0 rank 10 nranks 32 cudaDev 2 nvmlDev 2 busId 6b000 commId 0x9d5b9a9ce21aacfd - Init COMPLETE
SH-IDCA1404-10-140-54-5:37337:38316 [3] NCCL INFO TUNER/Plugin: Plugin load returned 11 : libnccl-net.so: cannot open shared object file: No such file or directory : when loading libnccl-tuner.so
SH-IDCA1404-10-140-54-5:37337:38316 [3] NCCL INFO TUNER/Plugin: Using internal tuner plugin.
SH-IDCA1404-10-140-54-5:37337:38316 [3] NCCL INFO ncclCommInitRank comm 0xaaf5a80 rank 11 nranks 32 cudaDev 3 nvmlDev 3 busId 71000 commId 0x9d5b9a9ce21aacfd - Init COMPLETE
SH-IDCA1404-10-140-54-5:37339:38325 [5] NCCL INFO TUNER/Plugin: Plugin load returned 11 : libnccl-net.so: cannot open shared object file: No such file or directory : when loading libnccl-tuner.so
SH-IDCA1404-10-140-54-5:37339:38325 [5] NCCL INFO TUNER/Plugin: Using internal tuner plugin.
SH-IDCA1404-10-140-54-5:37339:38325 [5] NCCL INFO ncclCommInitRank comm 0xc5914a0 rank 13 nranks 32 cudaDev 5 nvmlDev 5 busId a1000 commId 0x9d5b9a9ce21aacfd - Init COMPLETE
[12/02 05:03:33 TiTok-Gen]: ***** Running training *****
[12/02 05:03:33 TiTok-Gen]:   Num training steps = 1000000
[12/02 05:03:33 TiTok-Gen]:   Gradient Accumulation steps = 1
[12/02 05:03:33 TiTok-Gen]:   Instantaneous batch size per gpu = 32
[12/02 05:03:33 TiTok-Gen]:   Total train batch size (w. parallel, distributed & accumulation) = 1024
[12/02 05:03:33 TiTok-Gen]: Epoch 0/798 started.
[12/02 05:04:38 TiTok-Gen]: Data (t): 0.1123, 45.02/s/gpu Batch (t): 0.7108 LR: 0.000001 Step: 50 Loss: 9.7489 
[12/02 05:05:22 TiTok-Gen]: Data (t): 0.1253, 42.15/s/gpu Batch (t): 0.7593 LR: 0.000001 Step: 100 Loss: 9.7487 
[12/02 05:06:06 TiTok-Gen]: Data (t): 0.3079, 37.10/s/gpu Batch (t): 0.8626 LR: 0.000002 Step: 150 Loss: 9.7455 
[12/02 05:06:48 TiTok-Gen]: Data (t): 0.1158, 35.37/s/gpu Batch (t): 0.9046 LR: 0.000002 Step: 200 Loss: 9.7455 
[12/02 05:07:31 TiTok-Gen]: Data (t): 0.1295, 34.50/s/gpu Batch (t): 0.9274 LR: 0.000003 Step: 250 Loss: 9.7402 
[12/02 05:08:13 TiTok-Gen]: Data (t): 0.1201, 37.52/s/gpu Batch (t): 0.8530 LR: 0.000003 Step: 300 Loss: 9.7312 
[12/02 05:08:54 TiTok-Gen]: Data (t): 0.1195, 35.54/s/gpu Batch (t): 0.9005 LR: 0.000004 Step: 350 Loss: 9.7251 
[12/02 05:09:35 TiTok-Gen]: Data (t): 0.1224, 42.43/s/gpu Batch (t): 0.7541 LR: 0.000004 Step: 400 Loss: 9.7062 
[12/02 05:10:18 TiTok-Gen]: Data (t): 0.1143, 42.30/s/gpu Batch (t): 0.7564 LR: 0.000005 Step: 450 Loss: 9.6956 
[12/02 05:11:00 TiTok-Gen]: Data (t): 0.2890, 38.19/s/gpu Batch (t): 0.8380 LR: 0.000005 Step: 500 Loss: 9.6890 
[12/02 05:11:44 TiTok-Gen]: Data (t): 0.1230, 31.53/s/gpu Batch (t): 1.0151 LR: 0.000006 Step: 550 Loss: 9.6811 
[12/02 05:12:28 TiTok-Gen]: Data (t): 0.1694, 34.75/s/gpu Batch (t): 0.9209 LR: 0.000006 Step: 600 Loss: 9.6800 
[12/02 05:13:12 TiTok-Gen]: Data (t): 0.1169, 35.68/s/gpu Batch (t): 0.8969 LR: 0.000007 Step: 650 Loss: 9.6840 
[12/02 05:13:56 TiTok-Gen]: Data (t): 0.3458, 30.52/s/gpu Batch (t): 1.0484 LR: 0.000007 Step: 700 Loss: 9.6699 
[12/02 05:14:40 TiTok-Gen]: Data (t): 0.1237, 42.21/s/gpu Batch (t): 0.7581 LR: 0.000008 Step: 750 Loss: 9.6719 
[12/02 05:15:23 TiTok-Gen]: Data (t): 0.1168, 35.11/s/gpu Batch (t): 0.9114 LR: 0.000008 Step: 800 Loss: 9.6637 
[12/02 05:16:10 TiTok-Gen]: Data (t): 0.3277, 29.74/s/gpu Batch (t): 1.0758 LR: 0.000009 Step: 850 Loss: 9.6505 
[12/02 05:16:54 TiTok-Gen]: Data (t): 0.1038, 35.98/s/gpu Batch (t): 0.8894 LR: 0.000009 Step: 900 Loss: 9.6524 
[12/02 05:17:42 TiTok-Gen]: Data (t): 0.1796, 37.01/s/gpu Batch (t): 0.8647 LR: 0.000010 Step: 950 Loss: 9.6382 
[12/02 05:18:26 TiTok-Gen]: Data (t): 0.1685, 32.26/s/gpu Batch (t): 0.9920 LR: 0.000010 Step: 1000 Loss: 9.6347 
[12/02 05:18:28 TiTok-Gen]: Generating images...
  0%|          | 0/261 [00:00<?, ?it/s]  2%|▏         | 4/261 [00:00<00:06, 39.99it/s]  3%|▎         | 9/261 [00:00<00:06, 41.40it/s]  5%|▌         | 14/261 [00:00<00:05, 41.49it/s]  7%|▋         | 19/261 [00:00<00:05, 41.56it/s]  9%|▉         | 24/261 [00:00<00:05, 41.39it/s] 11%|█         | 29/261 [00:00<00:05, 41.11it/s] 13%|█▎        | 34/261 [00:00<00:05, 40.89it/s] 15%|█▍        | 39/261 [00:00<00:05, 40.86it/s] 17%|█▋        | 44/261 [00:01<00:05, 41.39it/s] 19%|█▉        | 49/261 [00:01<00:05, 41.75it/s] 21%|██        | 54/261 [00:01<00:04, 41.94it/s] 23%|██▎       | 59/261 [00:01<00:04, 42.18it/s] 25%|██▍       | 64/261 [00:01<00:04, 42.36it/s] 26%|██▋       | 69/261 [00:01<00:04, 42.37it/s] 28%|██▊       | 74/261 [00:01<00:04, 42.21it/s] 30%|███       | 79/261 [00:01<00:04, 42.21it/s] 32%|███▏      | 84/261 [00:02<00:04, 41.73it/s] 34%|███▍      | 89/261 [00:02<00:04, 41.71it/s] 36%|███▌      | 94/261 [00:02<00:04, 41.65it/s] 38%|███▊      | 99/261 [00:02<00:03, 41.67it/s] 40%|███▉      | 104/261 [00:02<00:03, 41.91it/s] 42%|████▏     | 109/261 [00:02<00:03, 41.95it/s] 44%|████▎     | 114/261 [00:02<00:03, 41.57it/s] 46%|████▌     | 119/261 [00:02<00:03, 41.61it/s] 48%|████▊     | 124/261 [00:02<00:03, 41.84it/s] 49%|████▉     | 129/261 [00:03<00:03, 42.07it/s] 51%|█████▏    | 134/261 [00:03<00:03, 42.19it/s] 53%|█████▎    | 139/261 [00:03<00:02, 42.19it/s] 55%|█████▌    | 144/261 [00:03<00:02, 42.21it/s] 57%|█████▋    | 149/261 [00:03<00:02, 42.16it/s] 59%|█████▉    | 154/261 [00:03<00:02, 41.81it/s] 61%|██████    | 159/261 [00:03<00:02, 41.89it/s] 63%|██████▎   | 164/261 [00:03<00:02, 41.85it/s] 65%|██████▍   | 169/261 [00:04<00:02, 41.95it/s] 67%|██████▋   | 174/261 [00:04<00:02, 41.93it/s] 69%|██████▊   | 179/261 [00:04<00:01, 41.96it/s] 70%|███████   | 184/261 [00:04<00:01, 42.01it/s] 72%|███████▏  | 189/261 [00:04<00:01, 41.97it/s] 74%|███████▍  | 194/261 [00:04<00:01, 41.96it/s] 76%|███████▌  | 199/261 [00:04<00:01, 42.07it/s] 78%|███████▊  | 204/261 [00:04<00:01, 42.21it/s] 80%|████████  | 209/261 [00:04<00:01, 42.20it/s] 82%|████████▏ | 214/261 [00:05<00:01, 42.20it/s] 84%|████████▍ | 219/261 [00:05<00:01, 41.86it/s] 86%|████████▌ | 224/261 [00:05<00:00, 42.11it/s] 88%|████████▊ | 229/261 [00:05<00:00, 42.08it/s] 90%|████████▉ | 234/261 [00:05<00:00, 42.11it/s] 92%|█████████▏| 239/261 [00:05<00:00, 42.20it/s] 93%|█████████▎| 244/261 [00:05<00:00, 41.95it/s] 95%|█████████▌| 249/261 [00:05<00:00, 41.28it/s] 97%|█████████▋| 254/261 [00:06<00:00, 40.69it/s] 99%|█████████▉| 259/261 [00:06<00:00, 41.21it/s]100%|█████████▉| 260/261 [00:06<00:00, 41.63it/s]
[12/02 05:19:19 TiTok-Gen]: Data (t): 0.1175, 41.94/s/gpu Batch (t): 0.7630 LR: 0.000010 Step: 1050 Loss: 9.6263 
[12/02 05:20:04 TiTok-Gen]: Data (t): 0.3427, 35.32/s/gpu Batch (t): 0.9059 LR: 0.000011 Step: 1100 Loss: 9.6291 
[12/02 05:20:49 TiTok-Gen]: Data (t): 0.1120, 34.43/s/gpu Batch (t): 0.9296 LR: 0.000012 Step: 1150 Loss: 9.6182 
[12/02 05:21:33 TiTok-Gen]: Data (t): 0.1550, 34.67/s/gpu Batch (t): 0.9229 LR: 0.000012 Step: 1200 Loss: 9.6124 
[12/02 05:22:17 TiTok-Gen]: Data (t): 0.2750, 38.49/s/gpu Batch (t): 0.8314 LR: 0.000013 Step: 1250 Loss: 9.5902 
[12/02 05:22:26 TiTok-Gen]: Epoch 1/798 started.
[12/02 05:23:22 TiTok-Gen]: Data (t): 0.1201, 42.16/s/gpu Batch (t): 0.7591 LR: 0.000013 Step: 1300 Loss: 9.5840 
[12/02 05:24:04 TiTok-Gen]: Data (t): 0.1909, 41.54/s/gpu Batch (t): 0.7703 LR: 0.000014 Step: 1350 Loss: 9.5731 
[12/02 05:24:47 TiTok-Gen]: Data (t): 0.2900, 36.98/s/gpu Batch (t): 0.8652 LR: 0.000014 Step: 1400 Loss: 9.5634 
[12/02 05:25:30 TiTok-Gen]: Data (t): 0.1185, 35.42/s/gpu Batch (t): 0.9034 LR: 0.000015 Step: 1450 Loss: 9.5700 
[12/02 05:26:13 TiTok-Gen]: Data (t): 0.1178, 34.55/s/gpu Batch (t): 0.9261 LR: 0.000015 Step: 1500 Loss: 9.5425 
[12/02 05:26:55 TiTok-Gen]: Data (t): 0.1159, 31.63/s/gpu Batch (t): 1.0116 LR: 0.000016 Step: 1550 Loss: 9.5373 
[12/02 05:27:38 TiTok-Gen]: Data (t): 0.3395, 35.86/s/gpu Batch (t): 0.8924 LR: 0.000016 Step: 1600 Loss: 9.5329 
[12/02 05:28:20 TiTok-Gen]: Data (t): 0.1759, 43.26/s/gpu Batch (t): 0.7397 LR: 0.000017 Step: 1650 Loss: 9.5219 
[12/02 05:29:02 TiTok-Gen]: Data (t): 0.1216, 42.52/s/gpu Batch (t): 0.7526 LR: 0.000017 Step: 1700 Loss: 9.4974 
[12/02 05:29:45 TiTok-Gen]: Data (t): 0.3252, 36.35/s/gpu Batch (t): 0.8804 LR: 0.000017 Step: 1750 Loss: 9.5068 
[12/02 05:30:27 TiTok-Gen]: Data (t): 0.1174, 34.80/s/gpu Batch (t): 0.9195 LR: 0.000018 Step: 1800 Loss: 9.5127 
[12/02 05:31:10 TiTok-Gen]: Data (t): 0.1456, 28.92/s/gpu Batch (t): 1.1067 LR: 0.000018 Step: 1850 Loss: 9.4827 
[12/02 05:31:53 TiTok-Gen]: Data (t): 0.1086, 35.25/s/gpu Batch (t): 0.9078 LR: 0.000019 Step: 1900 Loss: 9.4746 
[12/02 05:32:35 TiTok-Gen]: Data (t): 0.1187, 42.64/s/gpu Batch (t): 0.7504 LR: 0.000020 Step: 1950 Loss: 9.4832 
[12/02 05:33:18 TiTok-Gen]: Data (t): 0.1728, 37.22/s/gpu Batch (t): 0.8597 LR: 0.000020 Step: 2000 Loss: 9.4669 
[12/02 05:33:20 TiTok-Gen]: Generating images...
  0%|          | 0/261 [00:00<?, ?it/s]  2%|▏         | 4/261 [00:00<00:06, 39.01it/s]  3%|▎         | 8/261 [00:00<00:06, 39.20it/s]  5%|▍         | 12/261 [00:00<00:06, 38.35it/s]  7%|▋         | 17/261 [00:00<00:06, 39.08it/s]  8%|▊         | 21/261 [00:00<00:06, 38.65it/s] 10%|▉         | 25/261 [00:00<00:06, 37.22it/s] 11%|█         | 29/261 [00:00<00:06, 36.63it/s] 13%|█▎        | 33/261 [00:00<00:06, 37.38it/s] 14%|█▍        | 37/261 [00:01<00:07, 30.17it/s] 16%|█▌        | 41/261 [00:01<00:06, 32.55it/s] 17%|█▋        | 45/261 [00:01<00:06, 34.25it/s] 19%|█▉        | 49/261 [00:01<00:06, 35.24it/s] 20%|██        | 53/261 [00:01<00:05, 36.38it/s] 22%|██▏       | 58/261 [00:01<00:05, 37.75it/s] 24%|██▍       | 63/261 [00:01<00:05, 38.51it/s] 26%|██▌       | 67/261 [00:01<00:04, 38.81it/s] 27%|██▋       | 71/261 [00:01<00:05, 35.11it/s] 29%|██▉       | 76/261 [00:02<00:05, 36.99it/s] 31%|███       | 81/261 [00:02<00:04, 38.45it/s] 33%|███▎      | 85/261 [00:02<00:04, 38.82it/s] 34%|███▍      | 90/261 [00:02<00:04, 39.58it/s] 36%|███▋      | 95/261 [00:02<00:04, 39.74it/s] 38%|███▊      | 100/261 [00:02<00:04, 40.03it/s] 40%|████      | 105/261 [00:02<00:03, 40.18it/s] 42%|████▏     | 110/261 [00:02<00:03, 40.19it/s] 44%|████▍     | 115/261 [00:03<00:03, 40.15it/s] 46%|████▌     | 120/261 [00:03<00:03, 40.03it/s] 48%|████▊     | 125/261 [00:03<00:03, 37.21it/s] 49%|████▉     | 129/261 [00:03<00:03, 37.07it/s] 51%|█████     | 133/261 [00:03<00:03, 36.67it/s] 53%|█████▎    | 138/261 [00:03<00:03, 37.94it/s] 54%|█████▍    | 142/261 [00:03<00:03, 38.46it/s] 56%|█████▋    | 147/261 [00:03<00:02, 38.98it/s] 58%|█████▊    | 151/261 [00:03<00:02, 38.95it/s] 59%|█████▉    | 155/261 [00:04<00:02, 39.06it/s] 61%|██████    | 159/261 [00:04<00:02, 39.20it/s] 62%|██████▏   | 163/261 [00:04<00:02, 38.95it/s] 64%|██████▍   | 167/261 [00:04<00:02, 38.99it/s] 66%|██████▌   | 172/261 [00:04<00:02, 40.15it/s] 68%|██████▊   | 177/261 [00:04<00:02, 40.96it/s] 70%|██████▉   | 182/261 [00:04<00:01, 41.43it/s] 72%|███████▏  | 187/261 [00:04<00:01, 41.79it/s] 74%|███████▎  | 192/261 [00:04<00:01, 41.90it/s] 75%|███████▌  | 197/261 [00:05<00:01, 41.88it/s] 77%|███████▋  | 202/261 [00:05<00:01, 42.06it/s] 79%|███████▉  | 207/261 [00:05<00:01, 42.13it/s] 81%|████████  | 212/261 [00:05<00:01, 42.02it/s] 83%|████████▎ | 217/261 [00:05<00:01, 41.94it/s] 85%|████████▌ | 222/261 [00:05<00:00, 41.96it/s] 87%|████████▋ | 227/261 [00:05<00:00, 41.74it/s] 89%|████████▉ | 232/261 [00:05<00:00, 41.88it/s] 91%|█████████ | 237/261 [00:06<00:00, 41.89it/s] 93%|█████████▎| 242/261 [00:06<00:00, 42.14it/s] 95%|█████████▍| 247/261 [00:06<00:00, 42.17it/s] 97%|█████████▋| 252/261 [00:06<00:00, 42.18it/s] 98%|█████████▊| 257/261 [00:06<00:00, 42.29it/s]100%|█████████▉| 260/261 [00:06<00:00, 39.18it/s]
[12/02 05:34:09 TiTok-Gen]: Data (t): 0.1243, 35.87/s/gpu Batch (t): 0.8921 LR: 0.000021 Step: 2050 Loss: 9.4784 
[12/02 05:34:53 TiTok-Gen]: Data (t): 0.1144, 35.00/s/gpu Batch (t): 0.9144 LR: 0.000021 Step: 2100 Loss: 9.4742 
[12/02 05:35:38 TiTok-Gen]: Data (t): 0.1136, 29.39/s/gpu Batch (t): 1.0889 LR: 0.000022 Step: 2150 Loss: 9.4566 
[12/02 05:36:21 TiTok-Gen]: Data (t): 0.1160, 42.59/s/gpu Batch (t): 0.7513 LR: 0.000022 Step: 2200 Loss: 9.4521 
[12/02 05:37:04 TiTok-Gen]: Data (t): 0.1840, 43.03/s/gpu Batch (t): 0.7437 LR: 0.000023 Step: 2250 Loss: 9.4555 
[12/02 05:37:47 TiTok-Gen]: Data (t): 0.1127, 42.72/s/gpu Batch (t): 0.7490 LR: 0.000023 Step: 2300 Loss: 9.4409 
[12/02 05:38:33 TiTok-Gen]: Data (t): 0.1151, 16.65/s/gpu Batch (t): 1.9219 LR: 0.000023 Step: 2350 Loss: 9.4310 
[12/02 05:39:26 TiTok-Gen]: Data (t): 0.1154, 35.52/s/gpu Batch (t): 0.9008 LR: 0.000024 Step: 2400 Loss: 9.4218 
[12/02 05:40:20 TiTok-Gen]: Data (t): 0.1221, 11.09/s/gpu Batch (t): 2.8843 LR: 0.000024 Step: 2450 Loss: 9.3845 
[12/02 05:41:05 TiTok-Gen]: Data (t): 0.1432, 43.02/s/gpu Batch (t): 0.7439 LR: 0.000025 Step: 2500 Loss: 9.3958 
[12/02 05:41:22 TiTok-Gen]: Epoch 2/798 started.
[12/02 05:42:12 TiTok-Gen]: Data (t): 0.1698, 42.21/s/gpu Batch (t): 0.7580 LR: 0.000026 Step: 2550 Loss: 9.3748 
[12/02 05:42:55 TiTok-Gen]: Data (t): 0.1076, 42.42/s/gpu Batch (t): 0.7543 LR: 0.000026 Step: 2600 Loss: 9.3689 
[12/02 05:43:37 TiTok-Gen]: Data (t): 0.1660, 44.05/s/gpu Batch (t): 0.7264 LR: 0.000027 Step: 2650 Loss: 9.3431 
[12/02 05:44:21 TiTok-Gen]: Data (t): 0.2921, 37.69/s/gpu Batch (t): 0.8490 LR: 0.000027 Step: 2700 Loss: 9.3289 
[12/02 05:45:05 TiTok-Gen]: Data (t): 0.1180, 35.27/s/gpu Batch (t): 0.9072 LR: 0.000028 Step: 2750 Loss: 9.3079 
[12/02 05:45:48 TiTok-Gen]: Data (t): 0.1470, 30.61/s/gpu Batch (t): 1.0455 LR: 0.000028 Step: 2800 Loss: 9.2813 
[12/02 05:46:31 TiTok-Gen]: Data (t): 0.2762, 37.53/s/gpu Batch (t): 0.8527 LR: 0.000028 Step: 2850 Loss: 9.2658 
[12/02 05:47:14 TiTok-Gen]: Data (t): 0.1184, 41.44/s/gpu Batch (t): 0.7722 LR: 0.000029 Step: 2900 Loss: 9.2578 
[12/02 05:47:57 TiTok-Gen]: Data (t): 0.1842, 41.80/s/gpu Batch (t): 0.7655 LR: 0.000029 Step: 2950 Loss: 9.2478 
[12/02 05:48:40 TiTok-Gen]: Data (t): 0.1187, 36.21/s/gpu Batch (t): 0.8838 LR: 0.000030 Step: 3000 Loss: 9.2242 
[12/02 05:48:41 TiTok-Gen]: Generating images...
  0%|          | 0/261 [00:00<?, ?it/s]  2%|▏         | 4/261 [00:00<00:06, 38.83it/s]  3%|▎         | 8/261 [00:00<00:06, 39.48it/s]  5%|▍         | 12/261 [00:00<00:06, 39.57it/s]  7%|▋         | 17/261 [00:00<00:06, 39.95it/s]  8%|▊         | 21/261 [00:00<00:06, 39.79it/s] 10%|▉         | 25/261 [00:00<00:05, 39.53it/s] 11%|█         | 29/261 [00:00<00:05, 39.15it/s] 13%|█▎        | 33/261 [00:00<00:05, 39.27it/s] 15%|█▍        | 38/261 [00:00<00:05, 39.63it/s] 16%|█▋        | 43/261 [00:01<00:05, 39.95it/s] 18%|█▊        | 47/261 [00:01<00:05, 39.89it/s] 20%|█▉        | 51/261 [00:01<00:05, 39.64it/s] 21%|██        | 55/261 [00:01<00:05, 39.15it/s] 23%|██▎       | 60/261 [00:01<00:05, 39.60it/s] 25%|██▍       | 65/261 [00:01<00:04, 39.91it/s] 26%|██▋       | 69/261 [00:01<00:04, 39.73it/s] 28%|██▊       | 73/261 [00:01<00:04, 39.38it/s] 30%|██▉       | 77/261 [00:01<00:04, 39.00it/s] 31%|███       | 81/261 [00:02<00:04, 39.14it/s] 33%|███▎      | 85/261 [00:02<00:04, 39.30it/s] 34%|███▍      | 90/261 [00:02<00:04, 39.48it/s] 36%|███▌      | 94/261 [00:02<00:04, 38.81it/s] 38%|███▊      | 98/261 [00:02<00:04, 35.14it/s] 39%|███▉      | 102/261 [00:02<00:04, 33.47it/s] 41%|████      | 106/261 [00:02<00:04, 34.84it/s] 42%|████▏     | 110/261 [00:02<00:04, 35.63it/s] 44%|████▎     | 114/261 [00:02<00:04, 36.32it/s] 45%|████▌     | 118/261 [00:03<00:03, 36.78it/s] 47%|████▋     | 122/261 [00:03<00:03, 36.86it/s] 48%|████▊     | 126/261 [00:03<00:03, 37.47it/s] 50%|████▉     | 130/261 [00:03<00:03, 37.71it/s] 51%|█████▏    | 134/261 [00:03<00:03, 37.60it/s] 53%|█████▎    | 138/261 [00:03<00:03, 37.84it/s] 54%|█████▍    | 142/261 [00:03<00:03, 38.31it/s] 56%|█████▌    | 146/261 [00:03<00:02, 38.72it/s] 57%|█████▋    | 150/261 [00:03<00:02, 38.89it/s] 59%|█████▉    | 154/261 [00:04<00:02, 38.56it/s] 61%|██████    | 158/261 [00:04<00:02, 38.77it/s] 62%|██████▏   | 163/261 [00:04<00:02, 39.77it/s] 64%|██████▍   | 168/261 [00:04<00:02, 40.35it/s] 66%|██████▋   | 173/261 [00:04<00:02, 40.70it/s] 68%|██████▊   | 178/261 [00:04<00:02, 40.81it/s] 70%|███████   | 183/261 [00:04<00:01, 41.07it/s] 72%|███████▏  | 188/261 [00:04<00:01, 41.34it/s] 74%|███████▍  | 193/261 [00:04<00:01, 41.51it/s] 76%|███████▌  | 198/261 [00:05<00:01, 41.57it/s] 78%|███████▊  | 203/261 [00:05<00:01, 41.67it/s] 80%|███████▉  | 208/261 [00:05<00:01, 41.68it/s] 82%|████████▏ | 213/261 [00:05<00:01, 41.76it/s] 84%|████████▎ | 218/261 [00:05<00:01, 41.21it/s] 85%|████████▌ | 223/261 [00:05<00:00, 41.42it/s] 87%|████████▋ | 228/261 [00:05<00:00, 41.69it/s] 89%|████████▉ | 233/261 [00:05<00:00, 41.69it/s] 91%|█████████ | 238/261 [00:06<00:00, 41.55it/s] 93%|█████████▎| 243/261 [00:06<00:00, 41.64it/s] 95%|█████████▌| 248/261 [00:06<00:00, 41.74it/s] 97%|█████████▋| 253/261 [00:06<00:00, 41.97it/s] 99%|█████████▉| 258/261 [00:06<00:00, 41.83it/s]100%|█████████▉| 260/261 [00:06<00:00, 39.36it/s]
[12/02 05:49:31 TiTok-Gen]: Data (t): 0.1192, 37.24/s/gpu Batch (t): 0.8593 LR: 0.000030 Step: 3050 Loss: 9.2013 
[12/02 05:50:14 TiTok-Gen]: Data (t): 0.1725, 28.95/s/gpu Batch (t): 1.1052 LR: 0.000031 Step: 3100 Loss: 9.1941 
[12/02 05:50:56 TiTok-Gen]: Data (t): 0.1143, 41.66/s/gpu Batch (t): 0.7681 LR: 0.000031 Step: 3150 Loss: 9.1646 
[12/02 05:51:40 TiTok-Gen]: Data (t): 0.1078, 35.27/s/gpu Batch (t): 0.9073 LR: 0.000032 Step: 3200 Loss: 9.1395 
[12/02 05:52:22 TiTok-Gen]: Data (t): 0.1152, 43.24/s/gpu Batch (t): 0.7400 LR: 0.000033 Step: 3250 Loss: 9.1505 
[12/02 05:53:05 TiTok-Gen]: Data (t): 0.1185, 42.05/s/gpu Batch (t): 0.7610 LR: 0.000033 Step: 3300 Loss: 9.1064 
[12/02 05:53:48 TiTok-Gen]: Data (t): 0.3614, 34.66/s/gpu Batch (t): 0.9234 LR: 0.000034 Step: 3350 Loss: 9.1233 
[12/02 05:54:31 TiTok-Gen]: Data (t): 0.1196, 28.12/s/gpu Batch (t): 1.1378 LR: 0.000034 Step: 3400 Loss: 9.1060 
[12/02 05:55:13 TiTok-Gen]: Data (t): 0.1170, 42.80/s/gpu Batch (t): 0.7476 LR: 0.000034 Step: 3450 Loss: 9.0691 
[12/02 05:55:56 TiTok-Gen]: Data (t): 0.2854, 37.67/s/gpu Batch (t): 0.8495 LR: 0.000035 Step: 3500 Loss: 9.0749 
[12/02 05:56:38 TiTok-Gen]: Data (t): 0.1837, 41.83/s/gpu Batch (t): 0.7651 LR: 0.000036 Step: 3550 Loss: 9.0524 
[12/02 05:57:21 TiTok-Gen]: Data (t): 0.1149, 43.72/s/gpu Batch (t): 0.7319 LR: 0.000036 Step: 3600 Loss: 9.0266 
[12/02 05:58:04 TiTok-Gen]: Data (t): 0.1841, 31.23/s/gpu Batch (t): 1.0248 LR: 0.000036 Step: 3650 Loss: 8.9892 
[12/02 05:58:47 TiTok-Gen]: Data (t): 0.1173, 30.47/s/gpu Batch (t): 1.0501 LR: 0.000037 Step: 3700 Loss: 8.9918 
[12/02 05:59:29 TiTok-Gen]: Data (t): 0.1137, 43.21/s/gpu Batch (t): 0.7406 LR: 0.000038 Step: 3750 Loss: 8.9995 
[12/02 05:59:55 TiTok-Gen]: Epoch 3/798 started.
[12/02 06:00:35 TiTok-Gen]: Data (t): 0.3001, 34.35/s/gpu Batch (t): 0.9316 LR: 0.000038 Step: 3800 Loss: 8.9822 
[12/02 06:01:19 TiTok-Gen]: Data (t): 0.1219, 44.22/s/gpu Batch (t): 0.7236 LR: 0.000039 Step: 3850 Loss: 8.9353 
[12/02 06:02:03 TiTok-Gen]: Data (t): 0.1195, 42.51/s/gpu Batch (t): 0.7528 LR: 0.000039 Step: 3900 Loss: 8.9302 
[12/02 06:02:47 TiTok-Gen]: Data (t): 0.1186, 36.10/s/gpu Batch (t): 0.8863 LR: 0.000040 Step: 3950 Loss: 8.9206 
[12/02 06:03:30 TiTok-Gen]: Data (t): 0.3068, 28.82/s/gpu Batch (t): 1.1102 LR: 0.000040 Step: 4000 Loss: 8.9297 
[12/02 06:03:32 TiTok-Gen]: Generating images...
  0%|          | 0/261 [00:00<?, ?it/s]  2%|▏         | 5/261 [00:00<00:06, 40.65it/s]  4%|▍         | 10/261 [00:00<00:06, 40.94it/s]  6%|▌         | 15/261 [00:00<00:05, 41.09it/s]  8%|▊         | 20/261 [00:00<00:05, 41.17it/s] 10%|▉         | 25/261 [00:00<00:05, 41.26it/s] 11%|█▏        | 30/261 [00:00<00:05, 40.22it/s] 13%|█▎        | 35/261 [00:00<00:05, 40.55it/s] 15%|█▌        | 40/261 [00:00<00:05, 40.69it/s] 17%|█▋        | 45/261 [00:01<00:05, 41.02it/s] 19%|█▉        | 50/261 [00:01<00:05, 41.20it/s] 21%|██        | 55/261 [00:01<00:04, 41.27it/s] 23%|██▎       | 60/261 [00:01<00:04, 41.33it/s] 25%|██▍       | 65/261 [00:01<00:04, 41.48it/s] 27%|██▋       | 70/261 [00:01<00:04, 41.40it/s] 29%|██▊       | 75/261 [00:01<00:04, 41.42it/s] 31%|███       | 80/261 [00:01<00:04, 41.51it/s] 33%|███▎      | 85/261 [00:02<00:04, 41.29it/s] 34%|███▍      | 90/261 [00:02<00:04, 41.45it/s] 36%|███▋      | 95/261 [00:02<00:03, 41.52it/s] 38%|███▊      | 100/261 [00:02<00:03, 41.60it/s] 40%|████      | 105/261 [00:02<00:03, 41.51it/s] 42%|████▏     | 110/261 [00:02<00:03, 41.60it/s] 44%|████▍     | 115/261 [00:02<00:03, 41.53it/s] 46%|████▌     | 120/261 [00:02<00:03, 41.11it/s] 48%|████▊     | 125/261 [00:03<00:03, 40.91it/s] 50%|████▉     | 130/261 [00:03<00:03, 41.15it/s] 52%|█████▏    | 135/261 [00:03<00:03, 41.60it/s] 54%|█████▎    | 140/261 [00:03<00:02, 41.91it/s] 56%|█████▌    | 145/261 [00:03<00:02, 41.89it/s] 57%|█████▋    | 150/261 [00:03<00:02, 41.02it/s] 59%|█████▉    | 155/261 [00:03<00:02, 40.87it/s] 61%|██████▏   | 160/261 [00:03<00:02, 38.23it/s] 63%|██████▎   | 164/261 [00:04<00:02, 33.36it/s] 65%|██████▍   | 169/261 [00:04<00:02, 35.45it/s] 67%|██████▋   | 174/261 [00:04<00:02, 37.20it/s] 69%|██████▊   | 179/261 [00:04<00:02, 38.63it/s] 70%|███████   | 184/261 [00:04<00:01, 39.78it/s] 72%|███████▏  | 189/261 [00:04<00:01, 40.61it/s] 74%|███████▍  | 194/261 [00:04<00:01, 41.14it/s] 76%|███████▌  | 199/261 [00:04<00:01, 41.37it/s] 78%|███████▊  | 204/261 [00:05<00:01, 41.42it/s] 80%|████████  | 209/261 [00:05<00:01, 41.68it/s] 82%|████████▏ | 214/261 [00:05<00:01, 41.78it/s] 84%|████████▍ | 219/261 [00:05<00:01, 41.55it/s] 86%|████████▌ | 224/261 [00:05<00:00, 41.84it/s] 88%|████████▊ | 229/261 [00:05<00:00, 41.70it/s] 90%|████████▉ | 234/261 [00:05<00:00, 41.90it/s] 92%|█████████▏| 239/261 [00:05<00:00, 42.05it/s] 93%|█████████▎| 244/261 [00:05<00:00, 42.17it/s] 95%|█████████▌| 249/261 [00:06<00:00, 40.33it/s] 97%|█████████▋| 254/261 [00:06<00:00, 40.89it/s] 99%|█████████▉| 259/261 [00:06<00:00, 41.32it/s]100%|█████████▉| 260/261 [00:06<00:00, 40.64it/s]
[12/02 06:04:23 TiTok-Gen]: Data (t): 0.1145, 35.62/s/gpu Batch (t): 0.8984 LR: 0.000041 Step: 4050 Loss: 8.9218 
[12/02 06:05:07 TiTok-Gen]: Data (t): 0.1165, 42.34/s/gpu Batch (t): 0.7558 LR: 0.000041 Step: 4100 Loss: 8.8774 
[12/02 06:05:51 TiTok-Gen]: Data (t): 0.1202, 41.47/s/gpu Batch (t): 0.7716 LR: 0.000041 Step: 4150 Loss: 8.8356 
[12/02 06:06:36 TiTok-Gen]: Data (t): 0.1159, 41.48/s/gpu Batch (t): 0.7714 LR: 0.000042 Step: 4200 Loss: 8.8588 
[12/02 06:07:19 TiTok-Gen]: Data (t): 0.1189, 30.95/s/gpu Batch (t): 1.0341 LR: 0.000043 Step: 4250 Loss: 8.8164 
[12/02 06:08:05 TiTok-Gen]: Data (t): 0.1202, 28.54/s/gpu Batch (t): 1.1213 LR: 0.000043 Step: 4300 Loss: 8.7881 
[12/02 06:08:49 TiTok-Gen]: Data (t): 0.1151, 36.22/s/gpu Batch (t): 0.8836 LR: 0.000044 Step: 4350 Loss: 8.7816 
[12/02 06:09:33 TiTok-Gen]: Data (t): 0.2883, 37.49/s/gpu Batch (t): 0.8535 LR: 0.000044 Step: 4400 Loss: 8.7926 
[12/02 06:10:18 TiTok-Gen]: Data (t): 0.1188, 42.95/s/gpu Batch (t): 0.7450 LR: 0.000045 Step: 4450 Loss: 8.7546 
[12/02 06:11:03 TiTok-Gen]: Data (t): 0.1827, 41.42/s/gpu Batch (t): 0.7725 LR: 0.000045 Step: 4500 Loss: 8.7317 
[12/02 06:11:48 TiTok-Gen]: Data (t): 0.2814, 35.71/s/gpu Batch (t): 0.8961 LR: 0.000046 Step: 4550 Loss: 8.7278 
[12/02 06:12:33 TiTok-Gen]: Data (t): 0.1131, 30.18/s/gpu Batch (t): 1.0605 LR: 0.000046 Step: 4600 Loss: 8.7049 
[12/02 06:13:17 TiTok-Gen]: Data (t): 0.1176, 34.94/s/gpu Batch (t): 0.9158 LR: 0.000047 Step: 4650 Loss: 8.7151 
[12/02 06:14:02 TiTok-Gen]: Data (t): 0.1134, 35.33/s/gpu Batch (t): 0.9057 LR: 0.000047 Step: 4700 Loss: 8.7008 
[12/02 06:14:47 TiTok-Gen]: Data (t): 0.1138, 43.79/s/gpu Batch (t): 0.7308 LR: 0.000048 Step: 4750 Loss: 8.6599 
[12/02 06:15:33 TiTok-Gen]: Data (t): 0.1226, 41.37/s/gpu Batch (t): 0.7735 LR: 0.000048 Step: 4800 Loss: 8.6738 
[12/02 06:16:18 TiTok-Gen]: Data (t): 0.3024, 37.39/s/gpu Batch (t): 0.8559 LR: 0.000048 Step: 4850 Loss: 8.6407 
[12/02 06:17:03 TiTok-Gen]: Data (t): 0.1136, 31.21/s/gpu Batch (t): 1.0255 LR: 0.000049 Step: 4900 Loss: 8.6367 
[12/02 06:17:47 TiTok-Gen]: Data (t): 0.1140, 34.63/s/gpu Batch (t): 0.9240 LR: 0.000050 Step: 4950 Loss: 8.6335 
[12/02 06:18:33 TiTok-Gen]: Data (t): 0.2963, 33.85/s/gpu Batch (t): 0.9452 LR: 0.000050 Step: 5000 Loss: 8.6253 
[12/02 06:18:34 TiTok-Gen]: Generating images...
  0%|          | 0/261 [00:00<?, ?it/s]  2%|▏         | 4/261 [00:00<00:06, 39.14it/s]  3%|▎         | 9/261 [00:00<00:06, 40.36it/s]  5%|▌         | 14/261 [00:00<00:06, 39.67it/s]  7%|▋         | 19/261 [00:00<00:06, 40.10it/s]  9%|▉         | 24/261 [00:00<00:05, 40.44it/s] 11%|█         | 29/261 [00:00<00:05, 40.50it/s] 13%|█▎        | 34/261 [00:00<00:05, 40.63it/s] 15%|█▍        | 39/261 [00:00<00:05, 40.47it/s] 17%|█▋        | 44/261 [00:01<00:05, 40.69it/s] 19%|█▉        | 49/261 [00:01<00:05, 40.55it/s] 21%|██        | 54/261 [00:01<00:05, 40.71it/s] 23%|██▎       | 59/261 [00:01<00:04, 40.88it/s] 25%|██▍       | 64/261 [00:01<00:04, 40.91it/s] 26%|██▋       | 69/261 [00:01<00:04, 40.73it/s] 28%|██▊       | 74/261 [00:01<00:04, 40.47it/s] 30%|███       | 79/261 [00:01<00:04, 40.58it/s] 32%|███▏      | 84/261 [00:02<00:04, 40.87it/s] 34%|███▍      | 89/261 [00:02<00:04, 40.91it/s] 36%|███▌      | 94/261 [00:02<00:04, 40.80it/s] 38%|███▊      | 99/261 [00:02<00:03, 40.77it/s] 40%|███▉      | 104/261 [00:02<00:03, 40.96it/s] 42%|████▏     | 109/261 [00:02<00:03, 40.97it/s] 44%|████▎     | 114/261 [00:02<00:03, 41.08it/s] 46%|████▌     | 119/261 [00:02<00:03, 40.38it/s] 48%|████▊     | 124/261 [00:03<00:03, 40.61it/s] 49%|████▉     | 129/261 [00:03<00:03, 40.19it/s] 51%|█████▏    | 134/261 [00:03<00:03, 40.38it/s] 53%|█████▎    | 139/261 [00:03<00:03, 40.55it/s] 55%|█████▌    | 144/261 [00:03<00:03, 38.82it/s] 57%|█████▋    | 148/261 [00:03<00:03, 36.51it/s] 59%|█████▊    | 153/261 [00:03<00:02, 37.87it/s] 61%|██████    | 158/261 [00:03<00:02, 37.20it/s] 62%|██████▏   | 162/261 [00:04<00:02, 36.90it/s] 64%|██████▍   | 167/261 [00:04<00:02, 37.96it/s] 66%|██████▌   | 172/261 [00:04<00:02, 39.03it/s] 68%|██████▊   | 177/261 [00:04<00:02, 40.04it/s] 70%|██████▉   | 182/261 [00:04<00:01, 40.98it/s] 72%|███████▏  | 187/261 [00:04<00:01, 41.17it/s] 74%|███████▎  | 192/261 [00:04<00:01, 40.34it/s] 75%|███████▌  | 197/261 [00:04<00:01, 39.64it/s] 77%|███████▋  | 202/261 [00:05<00:01, 40.28it/s] 79%|███████▉  | 207/261 [00:05<00:01, 41.12it/s] 81%|████████  | 212/261 [00:05<00:01, 41.85it/s] 83%|████████▎ | 217/261 [00:05<00:01, 42.13it/s] 85%|████████▌ | 222/261 [00:05<00:00, 41.87it/s] 87%|████████▋ | 227/261 [00:05<00:00, 41.45it/s] 89%|████████▉ | 232/261 [00:05<00:00, 40.62it/s] 91%|█████████ | 237/261 [00:05<00:00, 40.92it/s] 93%|█████████▎| 242/261 [00:05<00:00, 41.52it/s] 95%|█████████▍| 247/261 [00:06<00:00, 42.02it/s] 97%|█████████▋| 252/261 [00:06<00:00, 41.89it/s] 98%|█████████▊| 257/261 [00:06<00:00, 41.85it/s]100%|█████████▉| 260/261 [00:06<00:00, 40.30it/s]
[12/02 06:19:16 TiTok-Gen]: Epoch 4/798 started.
[12/02 06:19:47 TiTok-Gen]: Data (t): 0.1149, 41.92/s/gpu Batch (t): 0.7634 LR: 0.000051 Step: 5050 Loss: 8.5769 
W1202 06:20:02.278000 112301 site-packages/torch/distributed/elastic/multiprocessing/api.py:897] Sending process 112782 closing signal SIGTERM
W1202 06:20:02.282000 112301 site-packages/torch/distributed/elastic/multiprocessing/api.py:897] Sending process 112787 closing signal SIGTERM
W1202 06:20:02.288000 112301 site-packages/torch/distributed/elastic/multiprocessing/api.py:897] Sending process 112788 closing signal SIGTERM
W1202 06:20:02.292000 112301 site-packages/torch/distributed/elastic/multiprocessing/api.py:897] Sending process 112789 closing signal SIGTERM
[rank29]:[E1202 06:20:05.763058874 ProcessGroupGloo.cpp:145] Rank 29 successfully reached monitoredBarrier, but received errors while waiting for send/recv from rank 0. Please check rank 0 logs for faulty rank.
[rank31]:[E1202 06:20:05.763060544 ProcessGroupGloo.cpp:145] Rank 31 successfully reached monitoredBarrier, but received errors while waiting for send/recv from rank 0. Please check rank 0 logs for faulty rank.
[rank27]:[E1202 06:20:05.763060692 ProcessGroupGloo.cpp:145] Rank 27 successfully reached monitoredBarrier, but received errors while waiting for send/recv from rank 0. Please check rank 0 logs for faulty rank.
[rank28]:[E1202 06:20:05.763060616 ProcessGroupGloo.cpp:145] Rank 28 successfully reached monitoredBarrier, but received errors while waiting for send/recv from rank 0. Please check rank 0 logs for faulty rank.
[rank9]:[E1202 06:20:05.786220987 ProcessGroupGloo.cpp:145] Rank 9 successfully reached monitoredBarrier, but received errors while waiting for send/recv from rank 0. Please check rank 0 logs for faulty rank.
[rank14]:[E1202 06:20:05.786198404 ProcessGroupGloo.cpp:145] Rank 14 successfully reached monitoredBarrier, but received errors while waiting for send/recv from rank 0. Please check rank 0 logs for faulty rank.
[rank13]:[E1202 06:20:05.786198437 ProcessGroupGloo.cpp:145] Rank 13 successfully reached monitoredBarrier, but received errors while waiting for send/recv from rank 0. Please check rank 0 logs for faulty rank.
[rank8]:[E1202 06:20:05.786192249 ProcessGroupGloo.cpp:145] Rank 8 successfully reached monitoredBarrier, but received errors while waiting for send/recv from rank 0. Please check rank 0 logs for faulty rank.
[rank22]:[E1202 06:20:05.801241930 ProcessGroupGloo.cpp:145] Rank 22 successfully reached monitoredBarrier, but received errors while waiting for send/recv from rank 0. Please check rank 0 logs for faulty rank.
[rank19]:[E1202 06:20:05.801240158 ProcessGroupGloo.cpp:145] Rank 19 successfully reached monitoredBarrier, but received errors while waiting for send/recv from rank 0. Please check rank 0 logs for faulty rank.
[rank17]:[E1202 06:20:05.801243684 ProcessGroupGloo.cpp:145] Rank 17 successfully reached monitoredBarrier, but received errors while waiting for send/recv from rank 0. Please check rank 0 logs for faulty rank.
[rank20]:[E1202 06:20:05.801240908 ProcessGroupGloo.cpp:145] Rank 20 successfully reached monitoredBarrier, but received errors while waiting for send/recv from rank 0. Please check rank 0 logs for faulty rank.
[rank24]:[E1202 06:20:05.763066200 ProcessGroupGloo.cpp:145] Rank 24 successfully reached monitoredBarrier, but received errors while waiting for send/recv from rank 0. Please check rank 0 logs for faulty rank.
[rank26]:[E1202 06:20:05.763069151 ProcessGroupGloo.cpp:145] Rank 26 successfully reached monitoredBarrier, but received errors while waiting for send/recv from rank 0. Please check rank 0 logs for faulty rank.
[rank25]:[E1202 06:20:05.763067599 ProcessGroupGloo.cpp:145] Rank 25 successfully reached monitoredBarrier, but received errors while waiting for send/recv from rank 0. Please check rank 0 logs for faulty rank.
[rank30]:[E1202 06:20:05.763067819 ProcessGroupGloo.cpp:145] Rank 30 successfully reached monitoredBarrier, but received errors while waiting for send/recv from rank 0. Please check rank 0 logs for faulty rank.
[rank10]:[E1202 06:20:05.786197523 ProcessGroupGloo.cpp:145] Rank 10 successfully reached monitoredBarrier, but received errors while waiting for send/recv from rank 0. Please check rank 0 logs for faulty rank.
[rank15]:[E1202 06:20:05.786210714 ProcessGroupGloo.cpp:145] Rank 15 successfully reached monitoredBarrier, but received errors while waiting for send/recv from rank 0. Please check rank 0 logs for faulty rank.
[rank12]:[E1202 06:20:05.786198297 ProcessGroupGloo.cpp:145] Rank 12 successfully reached monitoredBarrier, but received errors while waiting for send/recv from rank 0. Please check rank 0 logs for faulty rank.
[rank11]:[E1202 06:20:05.786192087 ProcessGroupGloo.cpp:145] Rank 11 successfully reached monitoredBarrier, but received errors while waiting for send/recv from rank 0. Please check rank 0 logs for faulty rank.
[rank23]:[E1202 06:20:05.801246412 ProcessGroupGloo.cpp:145] Rank 23 successfully reached monitoredBarrier, but received errors while waiting for send/recv from rank 0. Please check rank 0 logs for faulty rank.
[rank16]:[E1202 06:20:05.801248807 ProcessGroupGloo.cpp:145] Rank 16 successfully reached monitoredBarrier, but received errors while waiting for send/recv from rank 0. Please check rank 0 logs for faulty rank.
[rank21]:[E1202 06:20:05.801255606 ProcessGroupGloo.cpp:145] Rank 21 successfully reached monitoredBarrier, but received errors while waiting for send/recv from rank 0. Please check rank 0 logs for faulty rank.
[rank18]:[E1202 06:20:05.801258929 ProcessGroupGloo.cpp:145] Rank 18 successfully reached monitoredBarrier, but received errors while waiting for send/recv from rank 0. Please check rank 0 logs for faulty rank.
[rank26]: Traceback (most recent call last):
[rank26]:   File "/mnt/petrelfs/jianglihan/my_code/quadtok/scripts/train_generator.py", line 168, in <module>
[rank26]:     main()
[rank26]:   File "/mnt/petrelfs/jianglihan/my_code/quadtok/scripts/train_generator.py", line 141, in main
[rank26]:     global_step = train_one_epoch_generator(config, logger, accelerator,
[rank26]:   File "/mnt/petrelfs/jianglihan/my_code/quadtok/utils/train_utils.py", line 1000, in train_one_epoch_generator
[rank26]:     accelerator.backward(loss)
[rank26]:   File "/mnt/petrelfs/jianglihan/miniconda3/envs/1d/lib/python3.10/site-packages/accelerate/accelerator.py", line 2852, in backward
[rank26]:     loss.backward(**kwargs)
[rank26]:   File "/mnt/petrelfs/jianglihan/miniconda3/envs/1d/lib/python3.10/site-packages/torch/_tensor.py", line 626, in backward
[rank26]:     torch.autograd.backward(
[rank26]:   File "/mnt/petrelfs/jianglihan/miniconda3/envs/1d/lib/python3.10/site-packages/torch/autograd/__init__.py", line 347, in backward
[rank18]: Traceback (most recent call last):
[rank18]:   File "/mnt/petrelfs/jianglihan/my_code/quadtok/scripts/train_generator.py", line 168, in <module>
[rank18]:     main()
[rank18]:   File "/mnt/petrelfs/jianglihan/my_code/quadtok/scripts/train_generator.py", line 141, in main
[rank18]:     global_step = train_one_epoch_generator(config, logger, accelerator,
[rank18]:   File "/mnt/petrelfs/jianglihan/my_code/quadtok/utils/train_utils.py", line 1000, in train_one_epoch_generator
[rank18]:     accelerator.backward(loss)
[rank18]:   File "/mnt/petrelfs/jianglihan/miniconda3/envs/1d/lib/python3.10/site-packages/accelerate/accelerator.py", line 2852, in backward
[rank18]:     loss.backward(**kwargs)
[rank18]:   File "/mnt/petrelfs/jianglihan/miniconda3/envs/1d/lib/python3.10/site-packages/torch/_tensor.py", line 626, in backward
[rank18]:     torch.autograd.backward(
[rank18]:   File "/mnt/petrelfs/jianglihan/miniconda3/envs/1d/lib/python3.10/site-packages/torch/autograd/__init__.py", line 347, in backward
[rank26]:     _engine_run_backward(
[rank26]:   File "/mnt/petrelfs/jianglihan/miniconda3/envs/1d/lib/python3.10/site-packages/torch/autograd/graph.py", line 823, in _engine_run_backward
[rank26]:     return Variable._execution_engine.run_backward(  # Calls into the C++ engine to run the backward pass
[rank26]: RuntimeError: Rank 26 successfully reached monitoredBarrier, but received errors while waiting for send/recv from rank 0. Please check rank 0 logs for faulty rank.
[rank26]:  Original exception: 
[rank26]: [/pytorch/third_party/gloo/gloo/transport/tcp/pair.cc:525] Read error [10.140.54.4]:21912: Connection reset by peer
[rank18]:     _engine_run_backward(
[rank18]:   File "/mnt/petrelfs/jianglihan/miniconda3/envs/1d/lib/python3.10/site-packages/torch/autograd/graph.py", line 823, in _engine_run_backward
[rank18]:     return Variable._execution_engine.run_backward(  # Calls into the C++ engine to run the backward pass
[rank18]: RuntimeError: Rank 18 successfully reached monitoredBarrier, but received errors while waiting for send/recv from rank 0. Please check rank 0 logs for faulty rank.
[rank18]:  Original exception: 
[rank18]: [/pytorch/third_party/gloo/gloo/transport/tcp/pair.cc:525] Read error [10.140.54.4]:21912: Connection reset by peer
[rank19]: Traceback (most recent call last):
[rank19]:   File "/mnt/petrelfs/jianglihan/my_code/quadtok/scripts/train_generator.py", line 168, in <module>
[rank19]:     main()
[rank19]:   File "/mnt/petrelfs/jianglihan/my_code/quadtok/scripts/train_generator.py", line 141, in main
[rank19]:     global_step = train_one_epoch_generator(config, logger, accelerator,
[rank28]: Traceback (most recent call last):
[rank28]:   File "/mnt/petrelfs/jianglihan/my_code/quadtok/scripts/train_generator.py", line 168, in <module>
[rank28]:     main()
[rank28]:   File "/mnt/petrelfs/jianglihan/my_code/quadtok/scripts/train_generator.py", line 141, in main
[rank28]:     global_step = train_one_epoch_generator(config, logger, accelerator,
[rank28]:   File "/mnt/petrelfs/jianglihan/my_code/quadtok/utils/train_utils.py", line 1000, in train_one_epoch_generator
[rank28]:     accelerator.backward(loss)
[rank28]:   File "/mnt/petrelfs/jianglihan/miniconda3/envs/1d/lib/python3.10/site-packages/accelerate/accelerator.py", line 2852, in backward
[rank28]:     loss.backward(**kwargs)
[rank28]:   File "/mnt/petrelfs/jianglihan/miniconda3/envs/1d/lib/python3.10/site-packages/torch/_tensor.py", line 626, in backward
[rank28]:     torch.autograd.backward(
[rank28]:   File "/mnt/petrelfs/jianglihan/miniconda3/envs/1d/lib/python3.10/site-packages/torch/autograd/__init__.py", line 347, in backward
[rank9]: Traceback (most recent call last):
[rank9]:   File "/mnt/petrelfs/jianglihan/my_code/quadtok/scripts/train_generator.py", line 168, in <module>
[rank9]:     main()
[rank9]:   File "/mnt/petrelfs/jianglihan/my_code/quadtok/scripts/train_generator.py", line 141, in main
[rank9]:     global_step = train_one_epoch_generator(config, logger, accelerator,
[rank9]:   File "/mnt/petrelfs/jianglihan/my_code/quadtok/utils/train_utils.py", line 1000, in train_one_epoch_generator
[rank9]:     accelerator.backward(loss)
[rank9]:   File "/mnt/petrelfs/jianglihan/miniconda3/envs/1d/lib/python3.10/site-packages/accelerate/accelerator.py", line 2852, in backward
[rank9]:     loss.backward(**kwargs)
[rank9]:   File "/mnt/petrelfs/jianglihan/miniconda3/envs/1d/lib/python3.10/site-packages/torch/_tensor.py", line 626, in backward
[rank9]:     torch.autograd.backward(
[rank9]:   File "/mnt/petrelfs/jianglihan/miniconda3/envs/1d/lib/python3.10/site-packages/torch/autograd/__init__.py", line 347, in backward
[rank19]:   File "/mnt/petrelfs/jianglihan/my_code/quadtok/utils/train_utils.py", line 1000, in train_one_epoch_generator
[rank19]:     accelerator.backward(loss)
[rank19]:   File "/mnt/petrelfs/jianglihan/miniconda3/envs/1d/lib/python3.10/site-packages/accelerate/accelerator.py", line 2852, in backward
[rank19]:     loss.backward(**kwargs)
[rank19]:   File "/mnt/petrelfs/jianglihan/miniconda3/envs/1d/lib/python3.10/site-packages/torch/_tensor.py", line 626, in backward
[rank19]:     torch.autograd.backward(
[rank19]:   File "/mnt/petrelfs/jianglihan/miniconda3/envs/1d/lib/python3.10/site-packages/torch/autograd/__init__.py", line 347, in backward
[rank19]:     _engine_run_backward(
[rank19]:   File "/mnt/petrelfs/jianglihan/miniconda3/envs/1d/lib/python3.10/site-packages/torch/autograd/graph.py", line 823, in _engine_run_backward
[rank19]:     return Variable._execution_engine.run_backward(  # Calls into the C++ engine to run the backward pass
[rank28]:     _engine_run_backward(
[rank28]:   File "/mnt/petrelfs/jianglihan/miniconda3/envs/1d/lib/python3.10/site-packages/torch/autograd/graph.py", line 823, in _engine_run_backward
[rank28]:     return Variable._execution_engine.run_backward(  # Calls into the C++ engine to run the backward pass
[rank28]: RuntimeError: Rank 28 successfully reached monitoredBarrier, but received errors while waiting for send/recv from rank 0. Please check rank 0 logs for faulty rank.
[rank28]:  Original exception: 
[rank28]: [/pytorch/third_party/gloo/gloo/transport/tcp/pair.cc:525] Read error [10.140.54.4]:21912: Connection reset by peer
[rank29]: Traceback (most recent call last):
[rank29]:   File "/mnt/petrelfs/jianglihan/my_code/quadtok/scripts/train_generator.py", line 168, in <module>
[rank29]:     main()
[rank29]:   File "/mnt/petrelfs/jianglihan/my_code/quadtok/scripts/train_generator.py", line 141, in main
[rank29]:     global_step = train_one_epoch_generator(config, logger, accelerator,
[rank9]:     _engine_run_backward(
[rank9]:   File "/mnt/petrelfs/jianglihan/miniconda3/envs/1d/lib/python3.10/site-packages/torch/autograd/graph.py", line 823, in _engine_run_backward
[rank9]:     return Variable._execution_engine.run_backward(  # Calls into the C++ engine to run the backward pass
[rank9]: RuntimeError: Rank 9 successfully reached monitoredBarrier, but received errors while waiting for send/recv from rank 0. Please check rank 0 logs for faulty rank.
[rank9]:  Original exception: 
[rank9]: [/pytorch/third_party/gloo/gloo/transport/tcp/pair.cc:525] Read error [10.140.54.4]:21912: Connection reset by peer
[rank19]: RuntimeError: Rank 19 successfully reached monitoredBarrier, but received errors while waiting for send/recv from rank 0. Please check rank 0 logs for faulty rank.
[rank19]:  Original exception: 
[rank19]: [/pytorch/third_party/gloo/gloo/transport/tcp/pair.cc:534] Connection closed by peer [10.140.54.4]:21912
[rank20]: Traceback (most recent call last):
[rank20]:   File "/mnt/petrelfs/jianglihan/my_code/quadtok/scripts/train_generator.py", line 168, in <module>
[rank20]:     main()
[rank20]:   File "/mnt/petrelfs/jianglihan/my_code/quadtok/scripts/train_generator.py", line 141, in main
[rank20]:     global_step = train_one_epoch_generator(config, logger, accelerator,
[rank20]:   File "/mnt/petrelfs/jianglihan/my_code/quadtok/utils/train_utils.py", line 1000, in train_one_epoch_generator
[rank20]:     accelerator.backward(loss)
[rank20]:   File "/mnt/petrelfs/jianglihan/miniconda3/envs/1d/lib/python3.10/site-packages/accelerate/accelerator.py", line 2852, in backward
[rank29]:   File "/mnt/petrelfs/jianglihan/my_code/quadtok/utils/train_utils.py", line 1000, in train_one_epoch_generator
[rank29]:     accelerator.backward(loss)
[rank29]:   File "/mnt/petrelfs/jianglihan/miniconda3/envs/1d/lib/python3.10/site-packages/accelerate/accelerator.py", line 2852, in backward
[rank29]:     loss.backward(**kwargs)
[rank29]:   File "/mnt/petrelfs/jianglihan/miniconda3/envs/1d/lib/python3.10/site-packages/torch/_tensor.py", line 626, in backward
[rank29]:     torch.autograd.backward(
[rank29]:   File "/mnt/petrelfs/jianglihan/miniconda3/envs/1d/lib/python3.10/site-packages/torch/autograd/__init__.py", line 347, in backward
[rank29]:     _engine_run_backward(
[rank29]:   File "/mnt/petrelfs/jianglihan/miniconda3/envs/1d/lib/python3.10/site-packages/torch/autograd/graph.py", line 823, in _engine_run_backward
[rank29]:     return Variable._execution_engine.run_backward(  # Calls into the C++ engine to run the backward pass
[rank8]: Traceback (most recent call last):
[rank8]:   File "/mnt/petrelfs/jianglihan/my_code/quadtok/scripts/train_generator.py", line 168, in <module>
[rank8]:     main()
[rank8]:   File "/mnt/petrelfs/jianglihan/my_code/quadtok/scripts/train_generator.py", line 141, in main
[rank8]:     global_step = train_one_epoch_generator(config, logger, accelerator,
[rank8]:   File "/mnt/petrelfs/jianglihan/my_code/quadtok/utils/train_utils.py", line 1000, in train_one_epoch_generator
[rank8]:     accelerator.backward(loss)
[rank8]:   File "/mnt/petrelfs/jianglihan/miniconda3/envs/1d/lib/python3.10/site-packages/accelerate/accelerator.py", line 2852, in backward
[rank8]:     loss.backward(**kwargs)
[rank8]:   File "/mnt/petrelfs/jianglihan/miniconda3/envs/1d/lib/python3.10/site-packages/torch/_tensor.py", line 626, in backward
[rank8]:     torch.autograd.backward(
[rank8]:   File "/mnt/petrelfs/jianglihan/miniconda3/envs/1d/lib/python3.10/site-packages/torch/autograd/__init__.py", line 347, in backward
[rank20]:     loss.backward(**kwargs)
[rank29]: RuntimeError: Rank 29 successfully reached monitoredBarrier, but received errors while waiting for send/recv from rank 0. Please check rank 0 logs for faulty rank.
[rank29]:  Original exception: 
[rank29]: [/pytorch/third_party/gloo/gloo/transport/tcp/pair.cc:525] Read error [10.140.54.4]:21912: Connection reset by peer
[rank8]:     _engine_run_backward(
[rank8]:   File "/mnt/petrelfs/jianglihan/miniconda3/envs/1d/lib/python3.10/site-packages/torch/autograd/graph.py", line 823, in _engine_run_backward
[rank8]:     return Variable._execution_engine.run_backward(  # Calls into the C++ engine to run the backward pass
[rank8]: RuntimeError: Rank 8 successfully reached monitoredBarrier, but received errors while waiting for send/recv from rank 0. Please check rank 0 logs for faulty rank.
[rank8]:  Original exception: 
[rank8]: [/pytorch/third_party/gloo/gloo/transport/tcp/pair.cc:525] Read error [10.140.54.4]:21912: Connection reset by peer
[rank20]:   File "/mnt/petrelfs/jianglihan/miniconda3/envs/1d/lib/python3.10/site-packages/torch/_tensor.py", line 626, in backward
[rank20]:     torch.autograd.backward(
[rank20]:   File "/mnt/petrelfs/jianglihan/miniconda3/envs/1d/lib/python3.10/site-packages/torch/autograd/__init__.py", line 347, in backward
[rank20]:     _engine_run_backward(
[rank20]:   File "/mnt/petrelfs/jianglihan/miniconda3/envs/1d/lib/python3.10/site-packages/torch/autograd/graph.py", line 823, in _engine_run_backward
[rank20]:     return Variable._execution_engine.run_backward(  # Calls into the C++ engine to run the backward pass
[rank20]: RuntimeError: Rank 20 successfully reached monitoredBarrier, but received errors while waiting for send/recv from rank 0. Please check rank 0 logs for faulty rank.
[rank20]:  Original exception: 
[rank20]: [/pytorch/third_party/gloo/gloo/transport/tcp/pair.cc:525] Read error [10.140.54.4]:21912: Connection reset by peer
[rank22]: Traceback (most recent call last):
[rank30]: Traceback (most recent call last):
[rank30]:   File "/mnt/petrelfs/jianglihan/my_code/quadtok/scripts/train_generator.py", line 168, in <module>
[rank30]:     main()
[rank30]:   File "/mnt/petrelfs/jianglihan/my_code/quadtok/scripts/train_generator.py", line 141, in main
[rank30]:     global_step = train_one_epoch_generator(config, logger, accelerator,
[rank30]:   File "/mnt/petrelfs/jianglihan/my_code/quadtok/utils/train_utils.py", line 1000, in train_one_epoch_generator
[rank30]:     accelerator.backward(loss)
[rank30]:   File "/mnt/petrelfs/jianglihan/miniconda3/envs/1d/lib/python3.10/site-packages/accelerate/accelerator.py", line 2852, in backward
[rank30]:     loss.backward(**kwargs)
[rank30]:   File "/mnt/petrelfs/jianglihan/miniconda3/envs/1d/lib/python3.10/site-packages/torch/_tensor.py", line 626, in backward
[rank30]:     torch.autograd.backward(
[rank30]:   File "/mnt/petrelfs/jianglihan/miniconda3/envs/1d/lib/python3.10/site-packages/torch/autograd/__init__.py", line 347, in backward
[rank10]: Traceback (most recent call last):
[rank10]:   File "/mnt/petrelfs/jianglihan/my_code/quadtok/scripts/train_generator.py", line 168, in <module>
[rank10]:     main()
[rank10]:   File "/mnt/petrelfs/jianglihan/my_code/quadtok/scripts/train_generator.py", line 141, in main
[rank10]:     global_step = train_one_epoch_generator(config, logger, accelerator,
[rank10]:   File "/mnt/petrelfs/jianglihan/my_code/quadtok/utils/train_utils.py", line 1000, in train_one_epoch_generator
[rank10]:     accelerator.backward(loss)
[rank10]:   File "/mnt/petrelfs/jianglihan/miniconda3/envs/1d/lib/python3.10/site-packages/accelerate/accelerator.py", line 2852, in backward
[rank10]:     loss.backward(**kwargs)
[rank10]:   File "/mnt/petrelfs/jianglihan/miniconda3/envs/1d/lib/python3.10/site-packages/torch/_tensor.py", line 626, in backward
[rank10]:     torch.autograd.backward(
[rank10]:   File "/mnt/petrelfs/jianglihan/miniconda3/envs/1d/lib/python3.10/site-packages/torch/autograd/__init__.py", line 347, in backward
[rank22]:   File "/mnt/petrelfs/jianglihan/my_code/quadtok/scripts/train_generator.py", line 168, in <module>
[rank22]:     main()
[rank22]:   File "/mnt/petrelfs/jianglihan/my_code/quadtok/scripts/train_generator.py", line 141, in main
[rank22]:     global_step = train_one_epoch_generator(config, logger, accelerator,
[rank22]:   File "/mnt/petrelfs/jianglihan/my_code/quadtok/utils/train_utils.py", line 1000, in train_one_epoch_generator
[rank22]:     accelerator.backward(loss)
[rank22]:   File "/mnt/petrelfs/jianglihan/miniconda3/envs/1d/lib/python3.10/site-packages/accelerate/accelerator.py", line 2852, in backward
[rank22]:     loss.backward(**kwargs)
[rank22]:   File "/mnt/petrelfs/jianglihan/miniconda3/envs/1d/lib/python3.10/site-packages/torch/_tensor.py", line 626, in backward
[rank22]:     torch.autograd.backward(
[rank22]:   File "/mnt/petrelfs/jianglihan/miniconda3/envs/1d/lib/python3.10/site-packages/torch/autograd/__init__.py", line 347, in backward
[rank22]:     _engine_run_backward(
[rank30]:     _engine_run_backward(
[rank30]:   File "/mnt/petrelfs/jianglihan/miniconda3/envs/1d/lib/python3.10/site-packages/torch/autograd/graph.py", line 823, in _engine_run_backward
[rank30]:     return Variable._execution_engine.run_backward(  # Calls into the C++ engine to run the backward pass
[rank30]: RuntimeError: Rank 30 successfully reached monitoredBarrier, but received errors while waiting for send/recv from rank 0. Please check rank 0 logs for faulty rank.
[rank30]:  Original exception: 
[rank30]: [/pytorch/third_party/gloo/gloo/transport/tcp/pair.cc:525] Read error [10.140.54.4]:21912: Connection reset by peer
[rank25]: Traceback (most recent call last):
[rank25]:   File "/mnt/petrelfs/jianglihan/my_code/quadtok/scripts/train_generator.py", line 168, in <module>
[rank25]:     main()
[rank25]:   File "/mnt/petrelfs/jianglihan/my_code/quadtok/scripts/train_generator.py", line 141, in main
[rank25]:     global_step = train_one_epoch_generator(config, logger, accelerator,
[rank10]:     _engine_run_backward(
[rank10]:   File "/mnt/petrelfs/jianglihan/miniconda3/envs/1d/lib/python3.10/site-packages/torch/autograd/graph.py", line 823, in _engine_run_backward
[rank10]:     return Variable._execution_engine.run_backward(  # Calls into the C++ engine to run the backward pass
[rank10]: RuntimeError: Rank 10 successfully reached monitoredBarrier, but received errors while waiting for send/recv from rank 0. Please check rank 0 logs for faulty rank.
[rank10]:  Original exception: 
[rank10]: [/pytorch/third_party/gloo/gloo/transport/tcp/pair.cc:525] Read error [10.140.54.4]:21912: Connection reset by peer
[rank22]:   File "/mnt/petrelfs/jianglihan/miniconda3/envs/1d/lib/python3.10/site-packages/torch/autograd/graph.py", line 823, in _engine_run_backward
[rank22]:     return Variable._execution_engine.run_backward(  # Calls into the C++ engine to run the backward pass
[rank22]: RuntimeError: Rank 22 successfully reached monitoredBarrier, but received errors while waiting for send/recv from rank 0. Please check rank 0 logs for faulty rank.
[rank22]:  Original exception: 
[rank22]: [/pytorch/third_party/gloo/gloo/transport/tcp/pair.cc:525] Read error [10.140.54.4]:21912: Connection reset by peer
[rank25]:   File "/mnt/petrelfs/jianglihan/my_code/quadtok/utils/train_utils.py", line 1000, in train_one_epoch_generator
[rank25]:     accelerator.backward(loss)
[rank25]:   File "/mnt/petrelfs/jianglihan/miniconda3/envs/1d/lib/python3.10/site-packages/accelerate/accelerator.py", line 2852, in backward
[rank25]:     loss.backward(**kwargs)
[rank25]:   File "/mnt/petrelfs/jianglihan/miniconda3/envs/1d/lib/python3.10/site-packages/torch/_tensor.py", line 626, in backward
[rank25]:     torch.autograd.backward(
[rank25]:   File "/mnt/petrelfs/jianglihan/miniconda3/envs/1d/lib/python3.10/site-packages/torch/autograd/__init__.py", line 347, in backward
[rank25]:     _engine_run_backward(
[rank25]:   File "/mnt/petrelfs/jianglihan/miniconda3/envs/1d/lib/python3.10/site-packages/torch/autograd/graph.py", line 823, in _engine_run_backward
[rank25]:     return Variable._execution_engine.run_backward(  # Calls into the C++ engine to run the backward pass
[rank11]: Traceback (most recent call last):
[rank11]:   File "/mnt/petrelfs/jianglihan/my_code/quadtok/scripts/train_generator.py", line 168, in <module>
[rank11]:     main()
[rank11]:   File "/mnt/petrelfs/jianglihan/my_code/quadtok/scripts/train_generator.py", line 141, in main
[rank11]:     global_step = train_one_epoch_generator(config, logger, accelerator,
[rank11]:   File "/mnt/petrelfs/jianglihan/my_code/quadtok/utils/train_utils.py", line 1000, in train_one_epoch_generator
[rank11]:     accelerator.backward(loss)
[rank11]:   File "/mnt/petrelfs/jianglihan/miniconda3/envs/1d/lib/python3.10/site-packages/accelerate/accelerator.py", line 2852, in backward
[rank11]:     loss.backward(**kwargs)
[rank11]:   File "/mnt/petrelfs/jianglihan/miniconda3/envs/1d/lib/python3.10/site-packages/torch/_tensor.py", line 626, in backward
[rank11]:     torch.autograd.backward(
[rank11]:   File "/mnt/petrelfs/jianglihan/miniconda3/envs/1d/lib/python3.10/site-packages/torch/autograd/__init__.py", line 347, in backward
[rank21]: Traceback (most recent call last):
[rank21]:   File "/mnt/petrelfs/jianglihan/my_code/quadtok/scripts/train_generator.py", line 168, in <module>
[rank21]:     main()
[rank21]:   File "/mnt/petrelfs/jianglihan/my_code/quadtok/scripts/train_generator.py", line 141, in main
[rank21]:     global_step = train_one_epoch_generator(config, logger, accelerator,
[rank21]:   File "/mnt/petrelfs/jianglihan/my_code/quadtok/utils/train_utils.py", line 1000, in train_one_epoch_generator
[rank21]:     accelerator.backward(loss)
[rank21]:   File "/mnt/petrelfs/jianglihan/miniconda3/envs/1d/lib/python3.10/site-packages/accelerate/accelerator.py", line 2852, in backward
[rank21]:     loss.backward(**kwargs)
[rank21]:   File "/mnt/petrelfs/jianglihan/miniconda3/envs/1d/lib/python3.10/site-packages/torch/_tensor.py", line 626, in backward
[rank21]:     torch.autograd.backward(
[rank21]:   File "/mnt/petrelfs/jianglihan/miniconda3/envs/1d/lib/python3.10/site-packages/torch/autograd/__init__.py", line 347, in backward
[rank25]: RuntimeError: Rank 25 successfully reached monitoredBarrier, but received errors while waiting for send/recv from rank 0. Please check rank 0 logs for faulty rank.
[rank25]:  Original exception: 
[rank25]: [/pytorch/third_party/gloo/gloo/transport/tcp/pair.cc:525] Read error [10.140.54.4]:21912: Connection reset by peer
[rank11]:     _engine_run_backward(
[rank11]:   File "/mnt/petrelfs/jianglihan/miniconda3/envs/1d/lib/python3.10/site-packages/torch/autograd/graph.py", line 823, in _engine_run_backward
[rank11]:     return Variable._execution_engine.run_backward(  # Calls into the C++ engine to run the backward pass
[rank11]: RuntimeError: Rank 11 successfully reached monitoredBarrier, but received errors while waiting for send/recv from rank 0. Please check rank 0 logs for faulty rank.
[rank11]:  Original exception: 
[rank11]: [/pytorch/third_party/gloo/gloo/transport/tcp/pair.cc:525] Read error [10.140.54.4]:21912: Connection reset by peer
[rank21]:     _engine_run_backward(
[rank21]:   File "/mnt/petrelfs/jianglihan/miniconda3/envs/1d/lib/python3.10/site-packages/torch/autograd/graph.py", line 823, in _engine_run_backward
[rank21]:     return Variable._execution_engine.run_backward(  # Calls into the C++ engine to run the backward pass
[rank21]: RuntimeError: Rank 21 successfully reached monitoredBarrier, but received errors while waiting for send/recv from rank 0. Please check rank 0 logs for faulty rank.
[rank21]:  Original exception: 
[rank21]: [/pytorch/third_party/gloo/gloo/transport/tcp/pair.cc:525] Read error [10.140.54.4]:21912: Connection reset by peer
[rank17]: Traceback (most recent call last):
[rank17]:   File "/mnt/petrelfs/jianglihan/my_code/quadtok/scripts/train_generator.py", line 168, in <module>
[rank17]:     main()
[rank17]:   File "/mnt/petrelfs/jianglihan/my_code/quadtok/scripts/train_generator.py", line 141, in main
[rank17]:     global_step = train_one_epoch_generator(config, logger, accelerator,
[rank27]: Traceback (most recent call last):
[rank27]:   File "/mnt/petrelfs/jianglihan/my_code/quadtok/scripts/train_generator.py", line 168, in <module>
[rank27]:     main()
[rank27]:   File "/mnt/petrelfs/jianglihan/my_code/quadtok/scripts/train_generator.py", line 141, in main
[rank27]:     global_step = train_one_epoch_generator(config, logger, accelerator,
[rank27]:   File "/mnt/petrelfs/jianglihan/my_code/quadtok/utils/train_utils.py", line 1000, in train_one_epoch_generator
[rank27]:     accelerator.backward(loss)
[rank27]:   File "/mnt/petrelfs/jianglihan/miniconda3/envs/1d/lib/python3.10/site-packages/accelerate/accelerator.py", line 2852, in backward
[rank27]:     loss.backward(**kwargs)
[rank27]:   File "/mnt/petrelfs/jianglihan/miniconda3/envs/1d/lib/python3.10/site-packages/torch/_tensor.py", line 626, in backward
[rank27]:     torch.autograd.backward(
[rank27]:   File "/mnt/petrelfs/jianglihan/miniconda3/envs/1d/lib/python3.10/site-packages/torch/autograd/__init__.py", line 347, in backward
[rank12]: Traceback (most recent call last):
[rank12]:   File "/mnt/petrelfs/jianglihan/my_code/quadtok/scripts/train_generator.py", line 168, in <module>
[rank12]:     main()
[rank12]:   File "/mnt/petrelfs/jianglihan/my_code/quadtok/scripts/train_generator.py", line 141, in main
[rank12]:     global_step = train_one_epoch_generator(config, logger, accelerator,
[rank12]:   File "/mnt/petrelfs/jianglihan/my_code/quadtok/utils/train_utils.py", line 1000, in train_one_epoch_generator
[rank12]:     accelerator.backward(loss)
[rank12]:   File "/mnt/petrelfs/jianglihan/miniconda3/envs/1d/lib/python3.10/site-packages/accelerate/accelerator.py", line 2852, in backward
[rank12]:     loss.backward(**kwargs)
[rank12]:   File "/mnt/petrelfs/jianglihan/miniconda3/envs/1d/lib/python3.10/site-packages/torch/_tensor.py", line 626, in backward
[rank12]:     torch.autograd.backward(
[rank12]:   File "/mnt/petrelfs/jianglihan/miniconda3/envs/1d/lib/python3.10/site-packages/torch/autograd/__init__.py", line 347, in backward
[rank17]:   File "/mnt/petrelfs/jianglihan/my_code/quadtok/utils/train_utils.py", line 1000, in train_one_epoch_generator
[rank17]:     accelerator.backward(loss)
[rank17]:   File "/mnt/petrelfs/jianglihan/miniconda3/envs/1d/lib/python3.10/site-packages/accelerate/accelerator.py", line 2852, in backward
[rank17]:     loss.backward(**kwargs)
[rank17]:   File "/mnt/petrelfs/jianglihan/miniconda3/envs/1d/lib/python3.10/site-packages/torch/_tensor.py", line 626, in backward
[rank17]:     torch.autograd.backward(
[rank17]:   File "/mnt/petrelfs/jianglihan/miniconda3/envs/1d/lib/python3.10/site-packages/torch/autograd/__init__.py", line 347, in backward
[rank17]:     _engine_run_backward(
[rank17]:   File "/mnt/petrelfs/jianglihan/miniconda3/envs/1d/lib/python3.10/site-packages/torch/autograd/graph.py", line 823, in _engine_run_backward
[rank17]:     return Variable._execution_engine.run_backward(  # Calls into the C++ engine to run the backward pass
[rank27]:     _engine_run_backward(
[rank27]:   File "/mnt/petrelfs/jianglihan/miniconda3/envs/1d/lib/python3.10/site-packages/torch/autograd/graph.py", line 823, in _engine_run_backward
[rank27]:     return Variable._execution_engine.run_backward(  # Calls into the C++ engine to run the backward pass
[rank27]: RuntimeError: Rank 27 successfully reached monitoredBarrier, but received errors while waiting for send/recv from rank 0. Please check rank 0 logs for faulty rank.
[rank27]:  Original exception: 
[rank27]: [/pytorch/third_party/gloo/gloo/transport/tcp/pair.cc:525] Read error [10.140.54.4]:21912: Connection reset by peer
[rank12]:     _engine_run_backward(
[rank12]:   File "/mnt/petrelfs/jianglihan/miniconda3/envs/1d/lib/python3.10/site-packages/torch/autograd/graph.py", line 823, in _engine_run_backward
[rank12]:     return Variable._execution_engine.run_backward(  # Calls into the C++ engine to run the backward pass
[rank12]: RuntimeError: Rank 12 successfully reached monitoredBarrier, but received errors while waiting for send/recv from rank 0. Please check rank 0 logs for faulty rank.
[rank12]:  Original exception: 
[rank12]: [/pytorch/third_party/gloo/gloo/transport/tcp/pair.cc:525] Read error [10.140.54.4]:21912: Connection reset by peer
[rank17]: RuntimeError: Rank 17 successfully reached monitoredBarrier, but received errors while waiting for send/recv from rank 0. Please check rank 0 logs for faulty rank.
[rank17]:  Original exception: 
[rank17]: [/pytorch/third_party/gloo/gloo/transport/tcp/pair.cc:525] Read error [10.140.54.4]:21912: Connection reset by peer
[rank31]: Traceback (most recent call last):
[rank31]:   File "/mnt/petrelfs/jianglihan/my_code/quadtok/scripts/train_generator.py", line 168, in <module>
[rank31]:     main()
[rank31]:   File "/mnt/petrelfs/jianglihan/my_code/quadtok/scripts/train_generator.py", line 141, in main
[rank31]:     global_step = train_one_epoch_generator(config, logger, accelerator,
[rank31]:   File "/mnt/petrelfs/jianglihan/my_code/quadtok/utils/train_utils.py", line 1000, in train_one_epoch_generator
[rank31]:     accelerator.backward(loss)
[rank31]:   File "/mnt/petrelfs/jianglihan/miniconda3/envs/1d/lib/python3.10/site-packages/accelerate/accelerator.py", line 2852, in backward
[rank31]:     loss.backward(**kwargs)
[rank31]:   File "/mnt/petrelfs/jianglihan/miniconda3/envs/1d/lib/python3.10/site-packages/torch/_tensor.py", line 626, in backward
[rank31]:     torch.autograd.backward(
[rank31]:   File "/mnt/petrelfs/jianglihan/miniconda3/envs/1d/lib/python3.10/site-packages/torch/autograd/__init__.py", line 347, in backward
[rank15]: Traceback (most recent call last):
[rank15]:   File "/mnt/petrelfs/jianglihan/my_code/quadtok/scripts/train_generator.py", line 168, in <module>
[rank15]:     main()
[rank15]:   File "/mnt/petrelfs/jianglihan/my_code/quadtok/scripts/train_generator.py", line 141, in main
[rank15]:     global_step = train_one_epoch_generator(config, logger, accelerator,
[rank15]:   File "/mnt/petrelfs/jianglihan/my_code/quadtok/utils/train_utils.py", line 1000, in train_one_epoch_generator
[rank15]:     accelerator.backward(loss)
[rank15]:   File "/mnt/petrelfs/jianglihan/miniconda3/envs/1d/lib/python3.10/site-packages/accelerate/accelerator.py", line 2852, in backward
[rank15]:     loss.backward(**kwargs)
[rank15]:   File "/mnt/petrelfs/jianglihan/miniconda3/envs/1d/lib/python3.10/site-packages/torch/_tensor.py", line 626, in backward
[rank15]:     torch.autograd.backward(
[rank15]:   File "/mnt/petrelfs/jianglihan/miniconda3/envs/1d/lib/python3.10/site-packages/torch/autograd/__init__.py", line 347, in backward
[rank16]: Traceback (most recent call last):
[rank16]:   File "/mnt/petrelfs/jianglihan/my_code/quadtok/scripts/train_generator.py", line 168, in <module>
[rank16]:     main()
[rank16]:   File "/mnt/petrelfs/jianglihan/my_code/quadtok/scripts/train_generator.py", line 141, in main
[rank16]:     global_step = train_one_epoch_generator(config, logger, accelerator,
[rank16]:   File "/mnt/petrelfs/jianglihan/my_code/quadtok/utils/train_utils.py", line 1000, in train_one_epoch_generator
[rank16]:     accelerator.backward(loss)
[rank16]:   File "/mnt/petrelfs/jianglihan/miniconda3/envs/1d/lib/python3.10/site-packages/accelerate/accelerator.py", line 2852, in backward
[rank16]:     loss.backward(**kwargs)
[rank16]:   File "/mnt/petrelfs/jianglihan/miniconda3/envs/1d/lib/python3.10/site-packages/torch/_tensor.py", line 626, in backward
[rank16]:     torch.autograd.backward(
[rank16]:   File "/mnt/petrelfs/jianglihan/miniconda3/envs/1d/lib/python3.10/site-packages/torch/autograd/__init__.py", line 347, in backward
[rank31]:     _engine_run_backward(
[rank31]:   File "/mnt/petrelfs/jianglihan/miniconda3/envs/1d/lib/python3.10/site-packages/torch/autograd/graph.py", line 823, in _engine_run_backward
[rank31]:     return Variable._execution_engine.run_backward(  # Calls into the C++ engine to run the backward pass
[rank31]: RuntimeError: Rank 31 successfully reached monitoredBarrier, but received errors while waiting for send/recv from rank 0. Please check rank 0 logs for faulty rank.
[rank31]:  Original exception: 
[rank31]: [/pytorch/third_party/gloo/gloo/transport/tcp/pair.cc:525] Read error [10.140.54.4]:21912: Connection reset by peer
[rank15]:     _engine_run_backward(
[rank15]:   File "/mnt/petrelfs/jianglihan/miniconda3/envs/1d/lib/python3.10/site-packages/torch/autograd/graph.py", line 823, in _engine_run_backward
[rank15]:     return Variable._execution_engine.run_backward(  # Calls into the C++ engine to run the backward pass
[rank15]: RuntimeError: Rank 15 successfully reached monitoredBarrier, but received errors while waiting for send/recv from rank 0. Please check rank 0 logs for faulty rank.
[rank15]:  Original exception: 
[rank15]: [/pytorch/third_party/gloo/gloo/transport/tcp/pair.cc:525] Read error [10.140.54.4]:21912: Connection reset by peer
[rank16]:     _engine_run_backward(
[rank16]:   File "/mnt/petrelfs/jianglihan/miniconda3/envs/1d/lib/python3.10/site-packages/torch/autograd/graph.py", line 823, in _engine_run_backward
[rank16]:     return Variable._execution_engine.run_backward(  # Calls into the C++ engine to run the backward pass
[rank16]: RuntimeError: Rank 16 successfully reached monitoredBarrier, but received errors while waiting for send/recv from rank 0. Please check rank 0 logs for faulty rank.
[rank16]:  Original exception: 
[rank16]: [/pytorch/third_party/gloo/gloo/transport/tcp/pair.cc:525] Read error [10.140.54.4]:21912: Connection reset by peer
[rank24]: Traceback (most recent call last):
[rank24]:   File "/mnt/petrelfs/jianglihan/my_code/quadtok/scripts/train_generator.py", line 168, in <module>
[rank24]:     main()
[rank24]:   File "/mnt/petrelfs/jianglihan/my_code/quadtok/scripts/train_generator.py", line 141, in main
[rank24]:     global_step = train_one_epoch_generator(config, logger, accelerator,
[rank24]:   File "/mnt/petrelfs/jianglihan/my_code/quadtok/utils/train_utils.py", line 1000, in train_one_epoch_generator
[rank24]:     accelerator.backward(loss)
[rank24]:   File "/mnt/petrelfs/jianglihan/miniconda3/envs/1d/lib/python3.10/site-packages/accelerate/accelerator.py", line 2852, in backward
[rank24]:     loss.backward(**kwargs)
[rank24]:   File "/mnt/petrelfs/jianglihan/miniconda3/envs/1d/lib/python3.10/site-packages/torch/_tensor.py", line 626, in backward
[rank24]:     torch.autograd.backward(
[rank24]:   File "/mnt/petrelfs/jianglihan/miniconda3/envs/1d/lib/python3.10/site-packages/torch/autograd/__init__.py", line 347, in backward
[rank14]: Traceback (most recent call last):
[rank14]:   File "/mnt/petrelfs/jianglihan/my_code/quadtok/scripts/train_generator.py", line 168, in <module>
[rank14]:     main()
[rank14]:   File "/mnt/petrelfs/jianglihan/my_code/quadtok/scripts/train_generator.py", line 141, in main
[rank14]:     global_step = train_one_epoch_generator(config, logger, accelerator,
[rank14]:   File "/mnt/petrelfs/jianglihan/my_code/quadtok/utils/train_utils.py", line 1000, in train_one_epoch_generator
[rank14]:     accelerator.backward(loss)
[rank14]:   File "/mnt/petrelfs/jianglihan/miniconda3/envs/1d/lib/python3.10/site-packages/accelerate/accelerator.py", line 2852, in backward
[rank14]:     loss.backward(**kwargs)
[rank14]:   File "/mnt/petrelfs/jianglihan/miniconda3/envs/1d/lib/python3.10/site-packages/torch/_tensor.py", line 626, in backward
[rank14]:     torch.autograd.backward(
[rank14]:   File "/mnt/petrelfs/jianglihan/miniconda3/envs/1d/lib/python3.10/site-packages/torch/autograd/__init__.py", line 347, in backward
[rank23]: Traceback (most recent call last):
[rank23]:   File "/mnt/petrelfs/jianglihan/my_code/quadtok/scripts/train_generator.py", line 168, in <module>
[rank23]:     main()
[rank23]:   File "/mnt/petrelfs/jianglihan/my_code/quadtok/scripts/train_generator.py", line 141, in main
[rank23]:     global_step = train_one_epoch_generator(config, logger, accelerator,
[rank23]:   File "/mnt/petrelfs/jianglihan/my_code/quadtok/utils/train_utils.py", line 1000, in train_one_epoch_generator
[rank23]:     accelerator.backward(loss)
[rank23]:   File "/mnt/petrelfs/jianglihan/miniconda3/envs/1d/lib/python3.10/site-packages/accelerate/accelerator.py", line 2852, in backward
[rank23]:     loss.backward(**kwargs)
[rank23]:   File "/mnt/petrelfs/jianglihan/miniconda3/envs/1d/lib/python3.10/site-packages/torch/_tensor.py", line 626, in backward
[rank23]:     torch.autograd.backward(
[rank23]:   File "/mnt/petrelfs/jianglihan/miniconda3/envs/1d/lib/python3.10/site-packages/torch/autograd/__init__.py", line 347, in backward
[rank24]:     _engine_run_backward(
[rank24]:   File "/mnt/petrelfs/jianglihan/miniconda3/envs/1d/lib/python3.10/site-packages/torch/autograd/graph.py", line 823, in _engine_run_backward
[rank24]:     return Variable._execution_engine.run_backward(  # Calls into the C++ engine to run the backward pass
[rank24]: RuntimeError: Rank 24 successfully reached monitoredBarrier, but received errors while waiting for send/recv from rank 0. Please check rank 0 logs for faulty rank.
[rank24]:  Original exception: 
[rank24]: [/pytorch/third_party/gloo/gloo/transport/tcp/pair.cc:525] Read error [10.140.54.4]:21912: Connection reset by peer
[rank14]:     _engine_run_backward(
[rank14]:   File "/mnt/petrelfs/jianglihan/miniconda3/envs/1d/lib/python3.10/site-packages/torch/autograd/graph.py", line 823, in _engine_run_backward
[rank14]:     return Variable._execution_engine.run_backward(  # Calls into the C++ engine to run the backward pass
[rank14]: RuntimeError: Rank 14 successfully reached monitoredBarrier, but received errors while waiting for send/recv from rank 0. Please check rank 0 logs for faulty rank.
[rank14]:  Original exception: 
[rank14]: [/pytorch/third_party/gloo/gloo/transport/tcp/pair.cc:525] Read error [10.140.54.4]:21912: Connection reset by peer
[rank23]:     _engine_run_backward(
[rank23]:   File "/mnt/petrelfs/jianglihan/miniconda3/envs/1d/lib/python3.10/site-packages/torch/autograd/graph.py", line 823, in _engine_run_backward
[rank23]:     return Variable._execution_engine.run_backward(  # Calls into the C++ engine to run the backward pass
[rank23]: RuntimeError: Rank 23 successfully reached monitoredBarrier, but received errors while waiting for send/recv from rank 0. Please check rank 0 logs for faulty rank.
[rank23]:  Original exception: 
[rank23]: [/pytorch/third_party/gloo/gloo/transport/tcp/pair.cc:525] Read error [10.140.54.4]:21912: Connection reset by peer
[rank13]: Traceback (most recent call last):
[rank13]:   File "/mnt/petrelfs/jianglihan/my_code/quadtok/scripts/train_generator.py", line 168, in <module>
[rank13]:     main()
[rank13]:   File "/mnt/petrelfs/jianglihan/my_code/quadtok/scripts/train_generator.py", line 141, in main
[rank13]:     global_step = train_one_epoch_generator(config, logger, accelerator,
[rank13]:   File "/mnt/petrelfs/jianglihan/my_code/quadtok/utils/train_utils.py", line 1000, in train_one_epoch_generator
[rank13]:     accelerator.backward(loss)
[rank13]:   File "/mnt/petrelfs/jianglihan/miniconda3/envs/1d/lib/python3.10/site-packages/accelerate/accelerator.py", line 2852, in backward
[rank13]:     loss.backward(**kwargs)
[rank13]:   File "/mnt/petrelfs/jianglihan/miniconda3/envs/1d/lib/python3.10/site-packages/torch/_tensor.py", line 626, in backward
[rank13]:     torch.autograd.backward(
[rank13]:   File "/mnt/petrelfs/jianglihan/miniconda3/envs/1d/lib/python3.10/site-packages/torch/autograd/__init__.py", line 347, in backward
[rank13]:     _engine_run_backward(
[rank13]:   File "/mnt/petrelfs/jianglihan/miniconda3/envs/1d/lib/python3.10/site-packages/torch/autograd/graph.py", line 823, in _engine_run_backward
[rank13]:     return Variable._execution_engine.run_backward(  # Calls into the C++ engine to run the backward pass
[rank13]: RuntimeError: Rank 13 successfully reached monitoredBarrier, but received errors while waiting for send/recv from rank 0. Please check rank 0 logs for faulty rank.
[rank13]:  Original exception: 
[rank13]: [/pytorch/third_party/gloo/gloo/transport/tcp/pair.cc:525] Read error [10.140.54.4]:21912: Connection reset by peer
E1202 06:20:05.684000 112301 site-packages/torch/distributed/elastic/multiprocessing/api.py:869] failed (exitcode: -9) local_rank: 1 (pid: 112783) of binary: /mnt/petrelfs/jianglihan/miniconda3/envs/1d/bin/python3.10
Traceback (most recent call last):
  File "/mnt/petrelfs/jianglihan/miniconda3/envs/1d/bin/accelerate", line 7, in <module>
    sys.exit(main())
  File "/mnt/petrelfs/jianglihan/miniconda3/envs/1d/lib/python3.10/site-packages/accelerate/commands/accelerate_cli.py", line 50, in main
    args.func(args)
  File "/mnt/petrelfs/jianglihan/miniconda3/envs/1d/lib/python3.10/site-packages/accelerate/commands/launch.py", line 1272, in launch_command
    multi_gpu_launcher(args)
  File "/mnt/petrelfs/jianglihan/miniconda3/envs/1d/lib/python3.10/site-packages/accelerate/commands/launch.py", line 899, in multi_gpu_launcher
    distrib_run.run(args)
  File "/mnt/petrelfs/jianglihan/miniconda3/envs/1d/lib/python3.10/site-packages/torch/distributed/run.py", line 909, in run
    elastic_launch(
  File "/mnt/petrelfs/jianglihan/miniconda3/envs/1d/lib/python3.10/site-packages/torch/distributed/launcher/api.py", line 138, in __call__
    return launch_agent(self._config, self._entrypoint, list(args))
  File "/mnt/petrelfs/jianglihan/miniconda3/envs/1d/lib/python3.10/site-packages/torch/distributed/launcher/api.py", line 269, in launch_agent
    raise ChildFailedError(
torch.distributed.elastic.multiprocessing.errors.ChildFailedError: 
=======================================================
scripts/train_generator.py FAILED
-------------------------------------------------------
Failures:
[1]:
  time      : 2025-12-02_06:20:02
  host      : SH-IDCA1404-10-140-54-4
  rank      : 2 (local_rank: 2)
  exitcode  : -9 (pid: 112784)
  error_file: <N/A>
  traceback : Signal 9 (SIGKILL) received by PID 112784
[2]:
  time      : 2025-12-02_06:20:02
  host      : SH-IDCA1404-10-140-54-4
  rank      : 3 (local_rank: 3)
  exitcode  : -9 (pid: 112785)
  error_file: <N/A>
  traceback : Signal 9 (SIGKILL) received by PID 112785
[3]:
  time      : 2025-12-02_06:20:02
  host      : SH-IDCA1404-10-140-54-4
  rank      : 4 (local_rank: 4)
  exitcode  : -9 (pid: 112786)
  error_file: <N/A>
  traceback : Signal 9 (SIGKILL) received by PID 112786
-------------------------------------------------------
Root Cause (first observed failure):
[0]:
  time      : 2025-12-02_06:20:02
  host      : SH-IDCA1404-10-140-54-4
  rank      : 1 (local_rank: 1)
  exitcode  : -9 (pid: 112783)
  error_file: <N/A>
  traceback : Signal 9 (SIGKILL) received by PID 112783
=======================================================
[rank14]:[W1202 06:20:05.486818586 TCPStore.cpp:125] [c10d] recvValue failed on SocketImpl(fd=32, addr=[SH-IDCA1404-10-140-54-5]:57932, remote=[SH-IDCA1404-10-140-54-4]:29500): failed to recv, got 0 bytes
Exception raised from recvBytes at /pytorch/torch/csrc/distributed/c10d/Utils.hpp:671 (most recent call first):
frame #0: c10::Error::Error(c10::SourceLocation, std::string) + 0x96 (0x7f56cf0981b6 in /mnt/petrelfs/jianglihan/miniconda3/envs/1d/lib/python3.10/site-packages/torch/lib/libc10.so)
frame #1: <unknown function> + 0x6312878 (0x7f570f403878 in /mnt/petrelfs/jianglihan/miniconda3/envs/1d/lib/python3.10/site-packages/torch/lib/libtorch_cpu.so)
frame #2: c10d::TCPStore::check(std::vector<std::string, std::allocator<std::string> > const&) + 0x354 (0x7f570f3ffc84 in /mnt/petrelfs/jianglihan/miniconda3/envs/1d/lib/python3.10/site-packages/torch/lib/libtorch_cpu.so)
frame #3: c10d::ProcessGroupNCCL::heartbeatMonitor() + 0x383 (0x7f56d03cee13 in /mnt/petrelfs/jianglihan/miniconda3/envs/1d/lib/python3.10/site-packages/torch/lib/libtorch_cuda.so)
frame #4: <unknown function> + 0x145c0 (0x7f571e1c15c0 in /mnt/petrelfs/jianglihan/miniconda3/envs/1d/lib/python3.10/site-packages/torch/lib/libtorch.so)
frame #5: <unknown function> + 0x7dd5 (0x7f572ab98dd5 in /lib64/libpthread.so.0)
frame #6: clone + 0x6d (0x7f572a1b8ead in /lib64/libc.so.6)

[rank11]:[W1202 06:20:05.486818492 TCPStore.cpp:125] [c10d] recvValue failed on SocketImpl(fd=32, addr=[SH-IDCA1404-10-140-54-5]:57936, remote=[SH-IDCA1404-10-140-54-4]:29500): failed to recv, got 0 bytes
Exception raised from recvBytes at /pytorch/torch/csrc/distributed/c10d/Utils.hpp:671 (most recent call first):
frame #0: c10::Error::Error(c10::SourceLocation, std::string) + 0x96 (0x7f2c35bb61b6 in /mnt/petrelfs/jianglihan/miniconda3/envs/1d/lib/python3.10/site-packages/torch/lib/libc10.so)
frame #1: <unknown function> + 0x6312878 (0x7f2c75f21878 in /mnt/petrelfs/jianglihan/miniconda3/envs/1d/lib/python3.10/site-packages/torch/lib/libtorch_cpu.so)
frame #2: c10d::TCPStore::check(std::vector<std::string, std::allocator<std::string> > const&) + 0x354 (0x7f2c75f1dc84 in /mnt/petrelfs/jianglihan/miniconda3/envs/1d/lib/python3.10/site-packages/torch/lib/libtorch_cpu.so)
frame #3: c10d::ProcessGroupNCCL::heartbeatMonitor() + 0x383 (0x7f2c36eece13 in /mnt/petrelfs/jianglihan/miniconda3/envs/1d/lib/python3.10/site-packages/torch/lib/libtorch_cuda.so)
frame #4: <unknown function> + 0x145c0 (0x7f2c84cdf5c0 in /mnt/petrelfs/jianglihan/miniconda3/envs/1d/lib/python3.10/site-packages/torch/lib/libtorch.so)
frame #5: <unknown function> + 0x7dd5 (0x7f2c916b6dd5 in /lib64/libpthread.so.0)
frame #6: clone + 0x6d (0x7f2c90cd6ead in /lib64/libc.so.6)

[rank10]:[W1202 06:20:05.486818529 TCPStore.cpp:125] [c10d] recvValue failed on SocketImpl(fd=32, addr=[SH-IDCA1404-10-140-54-5]:57944, remote=[SH-IDCA1404-10-140-54-4]:29500): failed to recv, got 0 bytes
Exception raised from recvBytes at /pytorch/torch/csrc/distributed/c10d/Utils.hpp:671 (most recent call first):
frame #0: c10::Error::Error(c10::SourceLocation, std::string) + 0x96 (0x7f17e1ce41b6 in /mnt/petrelfs/jianglihan/miniconda3/envs/1d/lib/python3.10/site-packages/torch/lib/libc10.so)
frame #1: <unknown function> + 0x6312878 (0x7f182204f878 in /mnt/petrelfs/jianglihan/miniconda3/envs/1d/lib/python3.10/site-packages/torch/lib/libtorch_cpu.so)
frame #2: c10d::TCPStore::check(std::vector<std::string, std::allocator<std::string> > const&) + 0x354 (0x7f182204bc84 in /mnt/petrelfs/jianglihan/miniconda3/envs/1d/lib/python3.10/site-packages/torch/lib/libtorch_cpu.so)
frame #3: c10d::ProcessGroupNCCL::heartbeatMonitor() + 0x383 (0x7f17e301ae13 in /mnt/petrelfs/jianglihan/miniconda3/envs/1d/lib/python3.10/site-packages/torch/lib/libtorch_cuda.so)
frame #4: <unknown function> + 0x145c0 (0x7f1830e0d5c0 in /mnt/petrelfs/jianglihan/miniconda3/envs/1d/lib/python3.10/site-packages/torch/lib/libtorch.so)
frame #5: <unknown function> + 0x7dd5 (0x7f183d7e4dd5 in /lib64/libpthread.so.0)
frame #6: clone + 0x6d (0x7f183ce04ead in /lib64/libc.so.6)

[rank14]:[W1202 06:20:05.497665265 ProcessGroupNCCL.cpp:1680] [PG ID 0 PG GUID 0 Rank 14] Failed to check the "should dump" flag on TCPStore, (maybe TCPStore server has shut down too early), with error: failed to recv, got 0 bytes
Exception raised from recvBytes at /pytorch/torch/csrc/distributed/c10d/Utils.hpp:671 (most recent call first):
frame #0: c10::Error::Error(c10::SourceLocation, std::string) + 0x96 (0x7f56cf0981b6 in /mnt/petrelfs/jianglihan/miniconda3/envs/1d/lib/python3.10/site-packages/torch/lib/libc10.so)
frame #1: <unknown function> + 0x6312878 (0x7f570f403878 in /mnt/petrelfs/jianglihan/miniconda3/envs/1d/lib/python3.10/site-packages/torch/lib/libtorch_cpu.so)
frame #2: c10d::TCPStore::check(std::vector<std::string, std::allocator<std::string> > const&) + 0x354 (0x7f570f3ffc84 in /mnt/petrelfs/jianglihan/miniconda3/envs/1d/lib/python3.10/site-packages/torch/lib/libtorch_cpu.so)
frame #3: c10d::ProcessGroupNCCL::heartbeatMonitor() + 0x383 (0x7f56d03cee13 in /mnt/petrelfs/jianglihan/miniconda3/envs/1d/lib/python3.10/site-packages/torch/lib/libtorch_cuda.so)
frame #4: <unknown function> + 0x145c0 (0x7f571e1c15c0 in /mnt/petrelfs/jianglihan/miniconda3/envs/1d/lib/python3.10/site-packages/torch/lib/libtorch.so)
frame #5: <unknown function> + 0x7dd5 (0x7f572ab98dd5 in /lib64/libpthread.so.0)
frame #6: clone + 0x6d (0x7f572a1b8ead in /lib64/libc.so.6)

[rank10]:[W1202 06:20:05.497667708 ProcessGroupNCCL.cpp:1680] [PG ID 0 PG GUID 0 Rank 10] Failed to check the "should dump" flag on TCPStore, (maybe TCPStore server has shut down too early), with error: failed to recv, got 0 bytes
Exception raised from recvBytes at /pytorch/torch/csrc/distributed/c10d/Utils.hpp:671 (most recent call first):
frame #0: c10::Error::Error(c10::SourceLocation, std::string) + 0x96 (0x7f17e1ce41b6 in /mnt/petrelfs/jianglihan/miniconda3/envs/1d/lib/python3.10/site-packages/torch/lib/libc10.so)
frame #1: <unknown function> + 0x6312878 (0x7f182204f878 in /mnt/petrelfs/jianglihan/miniconda3/envs/1d/lib/python3.10/site-packages/torch/lib/libtorch_cpu.so)
frame #2: c10d::TCPStore::check(std::vector<std::string, std::allocator<std::string> > const&) + 0x354 (0x7f182204bc84 in /mnt/petrelfs/jianglihan/miniconda3/envs/1d/lib/python3.10/site-packages/torch/lib/libtorch_cpu.so)
frame #3: c10d::ProcessGroupNCCL::heartbeatMonitor() + 0x383 (0x7f17e301ae13 in /mnt/petrelfs/jianglihan/miniconda3/envs/1d/lib/python3.10/site-packages/torch/lib/libtorch_cuda.so)
frame #4: <unknown function> + 0x145c0 (0x7f1830e0d5c0 in /mnt/petrelfs/jianglihan/miniconda3/envs/1d/lib/python3.10/site-packages/torch/lib/libtorch.so)
frame #5: <unknown function> + 0x7dd5 (0x7f183d7e4dd5 in /lib64/libpthread.so.0)
frame #6: clone + 0x6d (0x7f183ce04ead in /lib64/libc.so.6)

[rank11]:[W1202 06:20:05.497669490 ProcessGroupNCCL.cpp:1680] [PG ID 0 PG GUID 0 Rank 11] Failed to check the "should dump" flag on TCPStore, (maybe TCPStore server has shut down too early), with error: failed to recv, got 0 bytes
Exception raised from recvBytes at /pytorch/torch/csrc/distributed/c10d/Utils.hpp:671 (most recent call first):
frame #0: c10::Error::Error(c10::SourceLocation, std::string) + 0x96 (0x7f2c35bb61b6 in /mnt/petrelfs/jianglihan/miniconda3/envs/1d/lib/python3.10/site-packages/torch/lib/libc10.so)
frame #1: <unknown function> + 0x6312878 (0x7f2c75f21878 in /mnt/petrelfs/jianglihan/miniconda3/envs/1d/lib/python3.10/site-packages/torch/lib/libtorch_cpu.so)
frame #2: c10d::TCPStore::check(std::vector<std::string, std::allocator<std::string> > const&) + 0x354 (0x7f2c75f1dc84 in /mnt/petrelfs/jianglihan/miniconda3/envs/1d/lib/python3.10/site-packages/torch/lib/libtorch_cpu.so)
frame #3: c10d::ProcessGroupNCCL::heartbeatMonitor() + 0x383 (0x7f2c36eece13 in /mnt/petrelfs/jianglihan/miniconda3/envs/1d/lib/python3.10/site-packages/torch/lib/libtorch_cuda.so)
frame #4: <unknown function> + 0x145c0 (0x7f2c84cdf5c0 in /mnt/petrelfs/jianglihan/miniconda3/envs/1d/lib/python3.10/site-packages/torch/lib/libtorch.so)
frame #5: <unknown function> + 0x7dd5 (0x7f2c916b6dd5 in /lib64/libpthread.so.0)
frame #6: clone + 0x6d (0x7f2c90cd6ead in /lib64/libc.so.6)

[rank12]:[W1202 06:20:05.564709688 TCPStore.cpp:125] [c10d] recvValue failed on SocketImpl(fd=32, addr=[SH-IDCA1404-10-140-54-5]:57942, remote=[SH-IDCA1404-10-140-54-4]:29500): failed to recv, got 0 bytes
Exception raised from recvBytes at /pytorch/torch/csrc/distributed/c10d/Utils.hpp:671 (most recent call first):
frame #0: c10::Error::Error(c10::SourceLocation, std::string) + 0x96 (0x7f2a207af1b6 in /mnt/petrelfs/jianglihan/miniconda3/envs/1d/lib/python3.10/site-packages/torch/lib/libc10.so)
frame #1: <unknown function> + 0x6312878 (0x7f2a60b1a878 in /mnt/petrelfs/jianglihan/miniconda3/envs/1d/lib/python3.10/site-packages/torch/lib/libtorch_cpu.so)
frame #2: c10d::TCPStore::check(std::vector<std::string, std::allocator<std::string> > const&) + 0x354 (0x7f2a60b16c84 in /mnt/petrelfs/jianglihan/miniconda3/envs/1d/lib/python3.10/site-packages/torch/lib/libtorch_cpu.so)
frame #3: c10d::ProcessGroupNCCL::heartbeatMonitor() + 0x383 (0x7f2a21ae5e13 in /mnt/petrelfs/jianglihan/miniconda3/envs/1d/lib/python3.10/site-packages/torch/lib/libtorch_cuda.so)
frame #4: <unknown function> + 0x145c0 (0x7f2a6f8d85c0 in /mnt/petrelfs/jianglihan/miniconda3/envs/1d/lib/python3.10/site-packages/torch/lib/libtorch.so)
frame #5: <unknown function> + 0x7dd5 (0x7f2a7c1afdd5 in /lib64/libpthread.so.0)
frame #6: clone + 0x6d (0x7f2a7b7cfead in /lib64/libc.so.6)

[rank12]:[W1202 06:20:05.567726232 ProcessGroupNCCL.cpp:1680] [PG ID 0 PG GUID 0 Rank 12] Failed to check the "should dump" flag on TCPStore, (maybe TCPStore server has shut down too early), with error: failed to recv, got 0 bytes
Exception raised from recvBytes at /pytorch/torch/csrc/distributed/c10d/Utils.hpp:671 (most recent call first):
frame #0: c10::Error::Error(c10::SourceLocation, std::string) + 0x96 (0x7f2a207af1b6 in /mnt/petrelfs/jianglihan/miniconda3/envs/1d/lib/python3.10/site-packages/torch/lib/libc10.so)
frame #1: <unknown function> + 0x6312878 (0x7f2a60b1a878 in /mnt/petrelfs/jianglihan/miniconda3/envs/1d/lib/python3.10/site-packages/torch/lib/libtorch_cpu.so)
frame #2: c10d::TCPStore::check(std::vector<std::string, std::allocator<std::string> > const&) + 0x354 (0x7f2a60b16c84 in /mnt/petrelfs/jianglihan/miniconda3/envs/1d/lib/python3.10/site-packages/torch/lib/libtorch_cpu.so)
frame #3: c10d::ProcessGroupNCCL::heartbeatMonitor() + 0x383 (0x7f2a21ae5e13 in /mnt/petrelfs/jianglihan/miniconda3/envs/1d/lib/python3.10/site-packages/torch/lib/libtorch_cuda.so)
frame #4: <unknown function> + 0x145c0 (0x7f2a6f8d85c0 in /mnt/petrelfs/jianglihan/miniconda3/envs/1d/lib/python3.10/site-packages/torch/lib/libtorch.so)
frame #5: <unknown function> + 0x7dd5 (0x7f2a7c1afdd5 in /lib64/libpthread.so.0)
frame #6: clone + 0x6d (0x7f2a7b7cfead in /lib64/libc.so.6)

[rank9]:[W1202 06:20:05.570699398 TCPStore.cpp:125] [c10d] recvValue failed on SocketImpl(fd=32, addr=[SH-IDCA1404-10-140-54-5]:57938, remote=[SH-IDCA1404-10-140-54-4]:29500): failed to recv, got 0 bytes
Exception raised from recvBytes at /pytorch/torch/csrc/distributed/c10d/Utils.hpp:671 (most recent call first):
frame #0: c10::Error::Error(c10::SourceLocation, std::string) + 0x96 (0x7fb34d4a61b6 in /mnt/petrelfs/jianglihan/miniconda3/envs/1d/lib/python3.10/site-packages/torch/lib/libc10.so)
frame #1: <unknown function> + 0x6312878 (0x7fb38d811878 in /mnt/petrelfs/jianglihan/miniconda3/envs/1d/lib/python3.10/site-packages/torch/lib/libtorch_cpu.so)
frame #2: c10d::TCPStore::check(std::vector<std::string, std::allocator<std::string> > const&) + 0x354 (0x7fb38d80dc84 in /mnt/petrelfs/jianglihan/miniconda3/envs/1d/lib/python3.10/site-packages/torch/lib/libtorch_cpu.so)
frame #3: c10d::ProcessGroupNCCL::heartbeatMonitor() + 0x383 (0x7fb34e7dce13 in /mnt/petrelfs/jianglihan/miniconda3/envs/1d/lib/python3.10/site-packages/torch/lib/libtorch_cuda.so)
frame #4: <unknown function> + 0x145c0 (0x7fb39c5cf5c0 in /mnt/petrelfs/jianglihan/miniconda3/envs/1d/lib/python3.10/site-packages/torch/lib/libtorch.so)
frame #5: <unknown function> + 0x7dd5 (0x7fb3a8fa6dd5 in /lib64/libpthread.so.0)
frame #6: clone + 0x6d (0x7fb3a85c6ead in /lib64/libc.so.6)

[rank9]:[W1202 06:20:05.573546610 ProcessGroupNCCL.cpp:1680] [PG ID 0 PG GUID 0 Rank 9] Failed to check the "should dump" flag on TCPStore, (maybe TCPStore server has shut down too early), with error: failed to recv, got 0 bytes
Exception raised from recvBytes at /pytorch/torch/csrc/distributed/c10d/Utils.hpp:671 (most recent call first):
frame #0: c10::Error::Error(c10::SourceLocation, std::string) + 0x96 (0x7fb34d4a61b6 in /mnt/petrelfs/jianglihan/miniconda3/envs/1d/lib/python3.10/site-packages/torch/lib/libc10.so)
frame #1: <unknown function> + 0x6312878 (0x7fb38d811878 in /mnt/petrelfs/jianglihan/miniconda3/envs/1d/lib/python3.10/site-packages/torch/lib/libtorch_cpu.so)
frame #2: c10d::TCPStore::check(std::vector<std::string, std::allocator<std::string> > const&) + 0x354 (0x7fb38d80dc84 in /mnt/petrelfs/jianglihan/miniconda3/envs/1d/lib/python3.10/site-packages/torch/lib/libtorch_cpu.so)
frame #3: c10d::ProcessGroupNCCL::heartbeatMonitor() + 0x383 (0x7fb34e7dce13 in /mnt/petrelfs/jianglihan/miniconda3/envs/1d/lib/python3.10/site-packages/torch/lib/libtorch_cuda.so)
frame #4: <unknown function> + 0x145c0 (0x7fb39c5cf5c0 in /mnt/petrelfs/jianglihan/miniconda3/envs/1d/lib/python3.10/site-packages/torch/lib/libtorch.so)
frame #5: <unknown function> + 0x7dd5 (0x7fb3a8fa6dd5 in /lib64/libpthread.so.0)
frame #6: clone + 0x6d (0x7fb3a85c6ead in /lib64/libc.so.6)

[rank8]:[W1202 06:20:05.579272447 TCPStore.cpp:125] [c10d] recvValue failed on SocketImpl(fd=32, addr=[SH-IDCA1404-10-140-54-5]:57930, remote=[SH-IDCA1404-10-140-54-4]:29500): failed to recv, got 0 bytes
Exception raised from recvBytes at /pytorch/torch/csrc/distributed/c10d/Utils.hpp:671 (most recent call first):
frame #0: c10::Error::Error(c10::SourceLocation, std::string) + 0x96 (0x7fa68165a1b6 in /mnt/petrelfs/jianglihan/miniconda3/envs/1d/lib/python3.10/site-packages/torch/lib/libc10.so)
frame #1: <unknown function> + 0x6312878 (0x7fa6c19c5878 in /mnt/petrelfs/jianglihan/miniconda3/envs/1d/lib/python3.10/site-packages/torch/lib/libtorch_cpu.so)
frame #2: c10d::TCPStore::check(std::vector<std::string, std::allocator<std::string> > const&) + 0x354 (0x7fa6c19c1c84 in /mnt/petrelfs/jianglihan/miniconda3/envs/1d/lib/python3.10/site-packages/torch/lib/libtorch_cpu.so)
frame #3: c10d::ProcessGroupNCCL::heartbeatMonitor() + 0x383 (0x7fa682990e13 in /mnt/petrelfs/jianglihan/miniconda3/envs/1d/lib/python3.10/site-packages/torch/lib/libtorch_cuda.so)
frame #4: <unknown function> + 0x145c0 (0x7fa6d07835c0 in /mnt/petrelfs/jianglihan/miniconda3/envs/1d/lib/python3.10/site-packages/torch/lib/libtorch.so)
frame #5: <unknown function> + 0x7dd5 (0x7fa6dd15add5 in /lib64/libpthread.so.0)
frame #6: clone + 0x6d (0x7fa6dc77aead in /lib64/libc.so.6)

[rank8]:[W1202 06:20:05.582112971 ProcessGroupNCCL.cpp:1680] [PG ID 0 PG GUID 0 Rank 8] Failed to check the "should dump" flag on TCPStore, (maybe TCPStore server has shut down too early), with error: failed to recv, got 0 bytes
Exception raised from recvBytes at /pytorch/torch/csrc/distributed/c10d/Utils.hpp:671 (most recent call first):
frame #0: c10::Error::Error(c10::SourceLocation, std::string) + 0x96 (0x7fa68165a1b6 in /mnt/petrelfs/jianglihan/miniconda3/envs/1d/lib/python3.10/site-packages/torch/lib/libc10.so)
frame #1: <unknown function> + 0x6312878 (0x7fa6c19c5878 in /mnt/petrelfs/jianglihan/miniconda3/envs/1d/lib/python3.10/site-packages/torch/lib/libtorch_cpu.so)
frame #2: c10d::TCPStore::check(std::vector<std::string, std::allocator<std::string> > const&) + 0x354 (0x7fa6c19c1c84 in /mnt/petrelfs/jianglihan/miniconda3/envs/1d/lib/python3.10/site-packages/torch/lib/libtorch_cpu.so)
frame #3: c10d::ProcessGroupNCCL::heartbeatMonitor() + 0x383 (0x7fa682990e13 in /mnt/petrelfs/jianglihan/miniconda3/envs/1d/lib/python3.10/site-packages/torch/lib/libtorch_cuda.so)
frame #4: <unknown function> + 0x145c0 (0x7fa6d07835c0 in /mnt/petrelfs/jianglihan/miniconda3/envs/1d/lib/python3.10/site-packages/torch/lib/libtorch.so)
frame #5: <unknown function> + 0x7dd5 (0x7fa6dd15add5 in /lib64/libpthread.so.0)
frame #6: clone + 0x6d (0x7fa6dc77aead in /lib64/libc.so.6)

[rank15]:[W1202 06:20:06.601416693 TCPStore.cpp:125] [c10d] recvValue failed on SocketImpl(fd=32, addr=[SH-IDCA1404-10-140-54-5]:57934, remote=[SH-IDCA1404-10-140-54-4]:29500): failed to recv, got 0 bytes
Exception raised from recvBytes at /pytorch/torch/csrc/distributed/c10d/Utils.hpp:671 (most recent call first):
frame #0: c10::Error::Error(c10::SourceLocation, std::string) + 0x96 (0x7f292441e1b6 in /mnt/petrelfs/jianglihan/miniconda3/envs/1d/lib/python3.10/site-packages/torch/lib/libc10.so)
frame #1: <unknown function> + 0x6312878 (0x7f2964789878 in /mnt/petrelfs/jianglihan/miniconda3/envs/1d/lib/python3.10/site-packages/torch/lib/libtorch_cpu.so)
frame #2: c10d::TCPStore::check(std::vector<std::string, std::allocator<std::string> > const&) + 0x354 (0x7f2964785c84 in /mnt/petrelfs/jianglihan/miniconda3/envs/1d/lib/python3.10/site-packages/torch/lib/libtorch_cpu.so)
frame #3: c10d::ProcessGroupNCCL::heartbeatMonitor() + 0x383 (0x7f2925754e13 in /mnt/petrelfs/jianglihan/miniconda3/envs/1d/lib/python3.10/site-packages/torch/lib/libtorch_cuda.so)
frame #4: <unknown function> + 0x145c0 (0x7f29735475c0 in /mnt/petrelfs/jianglihan/miniconda3/envs/1d/lib/python3.10/site-packages/torch/lib/libtorch.so)
frame #5: <unknown function> + 0x7dd5 (0x7f297ff1edd5 in /lib64/libpthread.so.0)
frame #6: clone + 0x6d (0x7f297f53eead in /lib64/libc.so.6)

[rank15]:[W1202 06:20:06.604309172 ProcessGroupNCCL.cpp:1680] [PG ID 0 PG GUID 0 Rank 15] Failed to check the "should dump" flag on TCPStore, (maybe TCPStore server has shut down too early), with error: failed to recv, got 0 bytes
Exception raised from recvBytes at /pytorch/torch/csrc/distributed/c10d/Utils.hpp:671 (most recent call first):
frame #0: c10::Error::Error(c10::SourceLocation, std::string) + 0x96 (0x7f292441e1b6 in /mnt/petrelfs/jianglihan/miniconda3/envs/1d/lib/python3.10/site-packages/torch/lib/libc10.so)
frame #1: <unknown function> + 0x6312878 (0x7f2964789878 in /mnt/petrelfs/jianglihan/miniconda3/envs/1d/lib/python3.10/site-packages/torch/lib/libtorch_cpu.so)
frame #2: c10d::TCPStore::check(std::vector<std::string, std::allocator<std::string> > const&) + 0x354 (0x7f2964785c84 in /mnt/petrelfs/jianglihan/miniconda3/envs/1d/lib/python3.10/site-packages/torch/lib/libtorch_cpu.so)
frame #3: c10d::ProcessGroupNCCL::heartbeatMonitor() + 0x383 (0x7f2925754e13 in /mnt/petrelfs/jianglihan/miniconda3/envs/1d/lib/python3.10/site-packages/torch/lib/libtorch_cuda.so)
frame #4: <unknown function> + 0x145c0 (0x7f29735475c0 in /mnt/petrelfs/jianglihan/miniconda3/envs/1d/lib/python3.10/site-packages/torch/lib/libtorch.so)
frame #5: <unknown function> + 0x7dd5 (0x7f297ff1edd5 in /lib64/libpthread.so.0)
frame #6: clone + 0x6d (0x7f297f53eead in /lib64/libc.so.6)

[rank13]:[W1202 06:20:06.666381455 TCPStore.cpp:125] [c10d] recvValue failed on SocketImpl(fd=32, addr=[SH-IDCA1404-10-140-54-5]:57940, remote=[SH-IDCA1404-10-140-54-4]:29500): failed to recv, got 0 bytes
Exception raised from recvBytes at /pytorch/torch/csrc/distributed/c10d/Utils.hpp:671 (most recent call first):
frame #0: c10::Error::Error(c10::SourceLocation, std::string) + 0x96 (0x7f141baac1b6 in /mnt/petrelfs/jianglihan/miniconda3/envs/1d/lib/python3.10/site-packages/torch/lib/libc10.so)
frame #1: <unknown function> + 0x6312878 (0x7f145be17878 in /mnt/petrelfs/jianglihan/miniconda3/envs/1d/lib/python3.10/site-packages/torch/lib/libtorch_cpu.so)
frame #2: c10d::TCPStore::check(std::vector<std::string, std::allocator<std::string> > const&) + 0x354 (0x7f145be13c84 in /mnt/petrelfs/jianglihan/miniconda3/envs/1d/lib/python3.10/site-packages/torch/lib/libtorch_cpu.so)
frame #3: c10d::ProcessGroupNCCL::heartbeatMonitor() + 0x383 (0x7f141cde2e13 in /mnt/petrelfs/jianglihan/miniconda3/envs/1d/lib/python3.10/site-packages/torch/lib/libtorch_cuda.so)
frame #4: <unknown function> + 0x145c0 (0x7f146abd55c0 in /mnt/petrelfs/jianglihan/miniconda3/envs/1d/lib/python3.10/site-packages/torch/lib/libtorch.so)
frame #5: <unknown function> + 0x7dd5 (0x7f14775acdd5 in /lib64/libpthread.so.0)
frame #6: clone + 0x6d (0x7f1476bccead in /lib64/libc.so.6)

[rank13]:[W1202 06:20:06.669374648 ProcessGroupNCCL.cpp:1680] [PG ID 0 PG GUID 0 Rank 13] Failed to check the "should dump" flag on TCPStore, (maybe TCPStore server has shut down too early), with error: failed to recv, got 0 bytes
Exception raised from recvBytes at /pytorch/torch/csrc/distributed/c10d/Utils.hpp:671 (most recent call first):
frame #0: c10::Error::Error(c10::SourceLocation, std::string) + 0x96 (0x7f141baac1b6 in /mnt/petrelfs/jianglihan/miniconda3/envs/1d/lib/python3.10/site-packages/torch/lib/libc10.so)
frame #1: <unknown function> + 0x6312878 (0x7f145be17878 in /mnt/petrelfs/jianglihan/miniconda3/envs/1d/lib/python3.10/site-packages/torch/lib/libtorch_cpu.so)
frame #2: c10d::TCPStore::check(std::vector<std::string, std::allocator<std::string> > const&) + 0x354 (0x7f145be13c84 in /mnt/petrelfs/jianglihan/miniconda3/envs/1d/lib/python3.10/site-packages/torch/lib/libtorch_cpu.so)
frame #3: c10d::ProcessGroupNCCL::heartbeatMonitor() + 0x383 (0x7f141cde2e13 in /mnt/petrelfs/jianglihan/miniconda3/envs/1d/lib/python3.10/site-packages/torch/lib/libtorch_cuda.so)
frame #4: <unknown function> + 0x145c0 (0x7f146abd55c0 in /mnt/petrelfs/jianglihan/miniconda3/envs/1d/lib/python3.10/site-packages/torch/lib/libtorch.so)
frame #5: <unknown function> + 0x7dd5 (0x7f14775acdd5 in /lib64/libpthread.so.0)
frame #6: clone + 0x6d (0x7f1476bccead in /lib64/libc.so.6)

[rank25]:[W1202 06:20:06.715919222 TCPStore.cpp:125] [c10d] recvValue failed on SocketImpl(fd=32, addr=[SH-IDCA1404-10-140-54-60]:48360, remote=[SH-IDCA1404-10-140-54-4]:29500): failed to recv, got 0 bytes
Exception raised from recvBytes at /pytorch/torch/csrc/distributed/c10d/Utils.hpp:671 (most recent call first):
frame #0: c10::Error::Error(c10::SourceLocation, std::string) + 0x96 (0x7fb9aecd41b6 in /mnt/petrelfs/jianglihan/miniconda3/envs/1d/lib/python3.10/site-packages/torch/lib/libc10.so)
frame #1: <unknown function> + 0x6312878 (0x7fb9ef03f878 in /mnt/petrelfs/jianglihan/miniconda3/envs/1d/lib/python3.10/site-packages/torch/lib/libtorch_cpu.so)
frame #2: c10d::TCPStore::check(std::vector<std::string, std::allocator<std::string> > const&) + 0x354 (0x7fb9ef03bc84 in /mnt/petrelfs/jianglihan/miniconda3/envs/1d/lib/python3.10/site-packages/torch/lib/libtorch_cpu.so)
frame #3: c10d::ProcessGroupNCCL::heartbeatMonitor() + 0x383 (0x7fb9b000ae13 in /mnt/petrelfs/jianglihan/miniconda3/envs/1d/lib/python3.10/site-packages/torch/lib/libtorch_cuda.so)
frame #4: <unknown function> + 0x145c0 (0x7fb9fddfd5c0 in /mnt/petrelfs/jianglihan/miniconda3/envs/1d/lib/python3.10/site-packages/torch/lib/libtorch.so)
frame #5: <unknown function> + 0x7dd5 (0x7fba0a7d4dd5 in /lib64/libpthread.so.0)
frame #6: clone + 0x6d (0x7fba09df4ead in /lib64/libc.so.6)

[rank29]:[W1202 06:20:06.715913714 TCPStore.cpp:125] [c10d] recvValue failed on SocketImpl(fd=32, addr=[SH-IDCA1404-10-140-54-60]:48394, remote=[SH-IDCA1404-10-140-54-4]:29500): failed to recv, got 0 bytes
Exception raised from recvBytes at /pytorch/torch/csrc/distributed/c10d/Utils.hpp:671 (most recent call first):
frame #0: c10::Error::Error(c10::SourceLocation, std::string) + 0x96 (0x7f03b06ae1b6 in /mnt/petrelfs/jianglihan/miniconda3/envs/1d/lib/python3.10/site-packages/torch/lib/libc10.so)
frame #1: <unknown function> + 0x6312878 (0x7f03f0a19878 in /mnt/petrelfs/jianglihan/miniconda3/envs/1d/lib/python3.10/site-packages/torch/lib/libtorch_cpu.so)
frame #2: c10d::TCPStore::check(std::vector<std::string, std::allocator<std::string> > const&) + 0x354 (0x7f03f0a15c84 in /mnt/petrelfs/jianglihan/miniconda3/envs/1d/lib/python3.10/site-packages/torch/lib/libtorch_cpu.so)
frame #3: c10d::ProcessGroupNCCL::heartbeatMonitor() + 0x383 (0x7f03b19e4e13 in /mnt/petrelfs/jianglihan/miniconda3/envs/1d/lib/python3.10/site-packages/torch/lib/libtorch_cuda.so)
frame #4: <unknown function> + 0x145c0 (0x7f03ff7d75c0 in /mnt/petrelfs/jianglihan/miniconda3/envs/1d/lib/python3.10/site-packages/torch/lib/libtorch.so)
frame #5: <unknown function> + 0x7dd5 (0x7f040c1aedd5 in /lib64/libpthread.so.0)
frame #6: clone + 0x6d (0x7f040b7ceead in /lib64/libc.so.6)

[rank29]:[W1202 06:20:06.718820034 ProcessGroupNCCL.cpp:1680] [PG ID 0 PG GUID 0 Rank 29] Failed to check the "should dump" flag on TCPStore, (maybe TCPStore server has shut down too early), with error: failed to recv, got 0 bytes
Exception raised from recvBytes at /pytorch/torch/csrc/distributed/c10d/Utils.hpp:671 (most recent call first):
frame #0: c10::Error::Error(c10::SourceLocation, std::string) + 0x96 (0x7f03b06ae1b6 in /mnt/petrelfs/jianglihan/miniconda3/envs/1d/lib/python3.10/site-packages/torch/lib/libc10.so)
frame #1: <unknown function> + 0x6312878 (0x7f03f0a19878 in /mnt/petrelfs/jianglihan/miniconda3/envs/1d/lib/python3.10/site-packages/torch/lib/libtorch_cpu.so)
frame #2: c10d::TCPStore::check(std::vector<std::string, std::allocator<std::string> > const&) + 0x354 (0x7f03f0a15c84 in /mnt/petrelfs/jianglihan/miniconda3/envs/1d/lib/python3.10/site-packages/torch/lib/libtorch_cpu.so)
frame #3: c10d::ProcessGroupNCCL::heartbeatMonitor() + 0x383 (0x7f03b19e4e13 in /mnt/petrelfs/jianglihan/miniconda3/envs/1d/lib/python3.10/site-packages/torch/lib/libtorch_cuda.so)
frame #4: <unknown function> + 0x145c0 (0x7f03ff7d75c0 in /mnt/petrelfs/jianglihan/miniconda3/envs/1d/lib/python3.10/site-packages/torch/lib/libtorch.so)
frame #5: <unknown function> + 0x7dd5 (0x7f040c1aedd5 in /lib64/libpthread.so.0)
frame #6: clone + 0x6d (0x7f040b7ceead in /lib64/libc.so.6)

[rank25]:[W1202 06:20:06.718826791 ProcessGroupNCCL.cpp:1680] [PG ID 0 PG GUID 0 Rank 25] Failed to check the "should dump" flag on TCPStore, (maybe TCPStore server has shut down too early), with error: failed to recv, got 0 bytes
Exception raised from recvBytes at /pytorch/torch/csrc/distributed/c10d/Utils.hpp:671 (most recent call first):
frame #0: c10::Error::Error(c10::SourceLocation, std::string) + 0x96 (0x7fb9aecd41b6 in /mnt/petrelfs/jianglihan/miniconda3/envs/1d/lib/python3.10/site-packages/torch/lib/libc10.so)
frame #1: <unknown function> + 0x6312878 (0x7fb9ef03f878 in /mnt/petrelfs/jianglihan/miniconda3/envs/1d/lib/python3.10/site-packages/torch/lib/libtorch_cpu.so)
frame #2: c10d::TCPStore::check(std::vector<std::string, std::allocator<std::string> > const&) + 0x354 (0x7fb9ef03bc84 in /mnt/petrelfs/jianglihan/miniconda3/envs/1d/lib/python3.10/site-packages/torch/lib/libtorch_cpu.so)
frame #3: c10d::ProcessGroupNCCL::heartbeatMonitor() + 0x383 (0x7fb9b000ae13 in /mnt/petrelfs/jianglihan/miniconda3/envs/1d/lib/python3.10/site-packages/torch/lib/libtorch_cuda.so)
frame #4: <unknown function> + 0x145c0 (0x7fb9fddfd5c0 in /mnt/petrelfs/jianglihan/miniconda3/envs/1d/lib/python3.10/site-packages/torch/lib/libtorch.so)
frame #5: <unknown function> + 0x7dd5 (0x7fba0a7d4dd5 in /lib64/libpthread.so.0)
frame #6: clone + 0x6d (0x7fba09df4ead in /lib64/libc.so.6)

[rank24]:[W1202 06:20:06.716559530 TCPStore.cpp:125] [c10d] recvValue failed on SocketImpl(fd=32, addr=[SH-IDCA1404-10-140-54-60]:48398, remote=[SH-IDCA1404-10-140-54-4]:29500): failed to recv, got 0 bytes
Exception raised from recvBytes at /pytorch/torch/csrc/distributed/c10d/Utils.hpp:671 (most recent call first):
frame #0: c10::Error::Error(c10::SourceLocation, std::string) + 0x96 (0x7f90613e91b6 in /mnt/petrelfs/jianglihan/miniconda3/envs/1d/lib/python3.10/site-packages/torch/lib/libc10.so)
frame #1: <unknown function> + 0x6312878 (0x7f90a1754878 in /mnt/petrelfs/jianglihan/miniconda3/envs/1d/lib/python3.10/site-packages/torch/lib/libtorch_cpu.so)
frame #2: c10d::TCPStore::check(std::vector<std::string, std::allocator<std::string> > const&) + 0x354 (0x7f90a1750c84 in /mnt/petrelfs/jianglihan/miniconda3/envs/1d/lib/python3.10/site-packages/torch/lib/libtorch_cpu.so)
frame #3: c10d::ProcessGroupNCCL::heartbeatMonitor() + 0x383 (0x7f906271fe13 in /mnt/petrelfs/jianglihan/miniconda3/envs/1d/lib/python3.10/site-packages/torch/lib/libtorch_cuda.so)
frame #4: <unknown function> + 0x145c0 (0x7f90b05125c0 in /mnt/petrelfs/jianglihan/miniconda3/envs/1d/lib/python3.10/site-packages/torch/lib/libtorch.so)
frame #5: <unknown function> + 0x7dd5 (0x7f90bcee9dd5 in /lib64/libpthread.so.0)
frame #6: clone + 0x6d (0x7f90bc509ead in /lib64/libc.so.6)

[rank24]:[W1202 06:20:06.718869314 ProcessGroupNCCL.cpp:1680] [PG ID 0 PG GUID 0 Rank 24] Failed to check the "should dump" flag on TCPStore, (maybe TCPStore server has shut down too early), with error: failed to recv, got 0 bytes
Exception raised from recvBytes at /pytorch/torch/csrc/distributed/c10d/Utils.hpp:671 (most recent call first):
frame #0: c10::Error::Error(c10::SourceLocation, std::string) + 0x96 (0x7f90613e91b6 in /mnt/petrelfs/jianglihan/miniconda3/envs/1d/lib/python3.10/site-packages/torch/lib/libc10.so)
frame #1: <unknown function> + 0x6312878 (0x7f90a1754878 in /mnt/petrelfs/jianglihan/miniconda3/envs/1d/lib/python3.10/site-packages/torch/lib/libtorch_cpu.so)
frame #2: c10d::TCPStore::check(std::vector<std::string, std::allocator<std::string> > const&) + 0x354 (0x7f90a1750c84 in /mnt/petrelfs/jianglihan/miniconda3/envs/1d/lib/python3.10/site-packages/torch/lib/libtorch_cpu.so)
frame #3: c10d::ProcessGroupNCCL::heartbeatMonitor() + 0x383 (0x7f906271fe13 in /mnt/petrelfs/jianglihan/miniconda3/envs/1d/lib/python3.10/site-packages/torch/lib/libtorch_cuda.so)
frame #4: <unknown function> + 0x145c0 (0x7f90b05125c0 in /mnt/petrelfs/jianglihan/miniconda3/envs/1d/lib/python3.10/site-packages/torch/lib/libtorch.so)
frame #5: <unknown function> + 0x7dd5 (0x7f90bcee9dd5 in /lib64/libpthread.so.0)
frame #6: clone + 0x6d (0x7f90bc509ead in /lib64/libc.so.6)

[rank30]:[W1202 06:20:06.724801474 TCPStore.cpp:125] [c10d] recvValue failed on SocketImpl(fd=32, addr=[SH-IDCA1404-10-140-54-60]:48346, remote=[SH-IDCA1404-10-140-54-4]:29500): failed to recv, got 0 bytes
Exception raised from recvBytes at /pytorch/torch/csrc/distributed/c10d/Utils.hpp:671 (most recent call first):
frame #0: c10::Error::Error(c10::SourceLocation, std::string) + 0x96 (0x7f651e59f1b6 in /mnt/petrelfs/jianglihan/miniconda3/envs/1d/lib/python3.10/site-packages/torch/lib/libc10.so)
frame #1: <unknown function> + 0x6312878 (0x7f655e90a878 in /mnt/petrelfs/jianglihan/miniconda3/envs/1d/lib/python3.10/site-packages/torch/lib/libtorch_cpu.so)
frame #2: c10d::TCPStore::check(std::vector<std::string, std::allocator<std::string> > const&) + 0x354 (0x7f655e906c84 in /mnt/petrelfs/jianglihan/miniconda3/envs/1d/lib/python3.10/site-packages/torch/lib/libtorch_cpu.so)
frame #3: c10d::ProcessGroupNCCL::heartbeatMonitor() + 0x383 (0x7f651f8d5e13 in /mnt/petrelfs/jianglihan/miniconda3/envs/1d/lib/python3.10/site-packages/torch/lib/libtorch_cuda.so)
frame #4: <unknown function> + 0x145c0 (0x7f656d6c85c0 in /mnt/petrelfs/jianglihan/miniconda3/envs/1d/lib/python3.10/site-packages/torch/lib/libtorch.so)
frame #5: <unknown function> + 0x7dd5 (0x7f6579f9fdd5 in /lib64/libpthread.so.0)
frame #6: clone + 0x6d (0x7f65795bfead in /lib64/libc.so.6)

[rank30]:[W1202 06:20:06.727101926 ProcessGroupNCCL.cpp:1680] [PG ID 0 PG GUID 0 Rank 30] Failed to check the "should dump" flag on TCPStore, (maybe TCPStore server has shut down too early), with error: failed to recv, got 0 bytes
Exception raised from recvBytes at /pytorch/torch/csrc/distributed/c10d/Utils.hpp:671 (most recent call first):
frame #0: c10::Error::Error(c10::SourceLocation, std::string) + 0x96 (0x7f651e59f1b6 in /mnt/petrelfs/jianglihan/miniconda3/envs/1d/lib/python3.10/site-packages/torch/lib/libc10.so)
frame #1: <unknown function> + 0x6312878 (0x7f655e90a878 in /mnt/petrelfs/jianglihan/miniconda3/envs/1d/lib/python3.10/site-packages/torch/lib/libtorch_cpu.so)
frame #2: c10d::TCPStore::check(std::vector<std::string, std::allocator<std::string> > const&) + 0x354 (0x7f655e906c84 in /mnt/petrelfs/jianglihan/miniconda3/envs/1d/lib/python3.10/site-packages/torch/lib/libtorch_cpu.so)
frame #3: c10d::ProcessGroupNCCL::heartbeatMonitor() + 0x383 (0x7f651f8d5e13 in /mnt/petrelfs/jianglihan/miniconda3/envs/1d/lib/python3.10/site-packages/torch/lib/libtorch_cuda.so)
frame #4: <unknown function> + 0x145c0 (0x7f656d6c85c0 in /mnt/petrelfs/jianglihan/miniconda3/envs/1d/lib/python3.10/site-packages/torch/lib/libtorch.so)
frame #5: <unknown function> + 0x7dd5 (0x7f6579f9fdd5 in /lib64/libpthread.so.0)
frame #6: clone + 0x6d (0x7f65795bfead in /lib64/libc.so.6)

[rank27]:[W1202 06:20:06.736122011 TCPStore.cpp:125] [c10d] recvValue failed on SocketImpl(fd=32, addr=[SH-IDCA1404-10-140-54-60]:48396, remote=[SH-IDCA1404-10-140-54-4]:29500): failed to recv, got 0 bytes
Exception raised from recvBytes at /pytorch/torch/csrc/distributed/c10d/Utils.hpp:671 (most recent call first):
frame #0: c10::Error::Error(c10::SourceLocation, std::string) + 0x96 (0x7fd5b69381b6 in /mnt/petrelfs/jianglihan/miniconda3/envs/1d/lib/python3.10/site-packages/torch/lib/libc10.so)
frame #1: <unknown function> + 0x6312878 (0x7fd5f6ca3878 in /mnt/petrelfs/jianglihan/miniconda3/envs/1d/lib/python3.10/site-packages/torch/lib/libtorch_cpu.so)
frame #2: c10d::TCPStore::check(std::vector<std::string, std::allocator<std::string> > const&) + 0x354 (0x7fd5f6c9fc84 in /mnt/petrelfs/jianglihan/miniconda3/envs/1d/lib/python3.10/site-packages/torch/lib/libtorch_cpu.so)
frame #3: c10d::ProcessGroupNCCL::heartbeatMonitor() + 0x383 (0x7fd5b7c6ee13 in /mnt/petrelfs/jianglihan/miniconda3/envs/1d/lib/python3.10/site-packages/torch/lib/libtorch_cuda.so)
frame #4: <unknown function> + 0x145c0 (0x7fd605a615c0 in /mnt/petrelfs/jianglihan/miniconda3/envs/1d/lib/python3.10/site-packages/torch/lib/libtorch.so)
frame #5: <unknown function> + 0x7dd5 (0x7fd612438dd5 in /lib64/libpthread.so.0)
frame #6: clone + 0x6d (0x7fd611a58ead in /lib64/libc.so.6)

[rank27]:[W1202 06:20:06.738439232 ProcessGroupNCCL.cpp:1680] [PG ID 0 PG GUID 0 Rank 27] Failed to check the "should dump" flag on TCPStore, (maybe TCPStore server has shut down too early), with error: failed to recv, got 0 bytes
Exception raised from recvBytes at /pytorch/torch/csrc/distributed/c10d/Utils.hpp:671 (most recent call first):
frame #0: c10::Error::Error(c10::SourceLocation, std::string) + 0x96 (0x7fd5b69381b6 in /mnt/petrelfs/jianglihan/miniconda3/envs/1d/lib/python3.10/site-packages/torch/lib/libc10.so)
frame #1: <unknown function> + 0x6312878 (0x7fd5f6ca3878 in /mnt/petrelfs/jianglihan/miniconda3/envs/1d/lib/python3.10/site-packages/torch/lib/libtorch_cpu.so)
frame #2: c10d::TCPStore::check(std::vector<std::string, std::allocator<std::string> > const&) + 0x354 (0x7fd5f6c9fc84 in /mnt/petrelfs/jianglihan/miniconda3/envs/1d/lib/python3.10/site-packages/torch/lib/libtorch_cpu.so)
frame #3: c10d::ProcessGroupNCCL::heartbeatMonitor() + 0x383 (0x7fd5b7c6ee13 in /mnt/petrelfs/jianglihan/miniconda3/envs/1d/lib/python3.10/site-packages/torch/lib/libtorch_cuda.so)
frame #4: <unknown function> + 0x145c0 (0x7fd605a615c0 in /mnt/petrelfs/jianglihan/miniconda3/envs/1d/lib/python3.10/site-packages/torch/lib/libtorch.so)
frame #5: <unknown function> + 0x7dd5 (0x7fd612438dd5 in /lib64/libpthread.so.0)
frame #6: clone + 0x6d (0x7fd611a58ead in /lib64/libc.so.6)

[rank26]:[W1202 06:20:06.737898401 TCPStore.cpp:125] [c10d] recvValue failed on SocketImpl(fd=32, addr=[SH-IDCA1404-10-140-54-60]:48344, remote=[SH-IDCA1404-10-140-54-4]:29500): failed to recv, got 0 bytes
Exception raised from recvBytes at /pytorch/torch/csrc/distributed/c10d/Utils.hpp:671 (most recent call first):
frame #0: c10::Error::Error(c10::SourceLocation, std::string) + 0x96 (0x7f04d5cf31b6 in /mnt/petrelfs/jianglihan/miniconda3/envs/1d/lib/python3.10/site-packages/torch/lib/libc10.so)
frame #1: <unknown function> + 0x6312878 (0x7f051605e878 in /mnt/petrelfs/jianglihan/miniconda3/envs/1d/lib/python3.10/site-packages/torch/lib/libtorch_cpu.so)
frame #2: c10d::TCPStore::check(std::vector<std::string, std::allocator<std::string> > const&) + 0x354 (0x7f051605ac84 in /mnt/petrelfs/jianglihan/miniconda3/envs/1d/lib/python3.10/site-packages/torch/lib/libtorch_cpu.so)
frame #3: c10d::ProcessGroupNCCL::heartbeatMonitor() + 0x383 (0x7f04d7029e13 in /mnt/petrelfs/jianglihan/miniconda3/envs/1d/lib/python3.10/site-packages/torch/lib/libtorch_cuda.so)
frame #4: <unknown function> + 0x145c0 (0x7f0524e1c5c0 in /mnt/petrelfs/jianglihan/miniconda3/envs/1d/lib/python3.10/site-packages/torch/lib/libtorch.so)
frame #5: <unknown function> + 0x7dd5 (0x7f05316f3dd5 in /lib64/libpthread.so.0)
frame #6: clone + 0x6d (0x7f0530d13ead in /lib64/libc.so.6)

[rank26]:[W1202 06:20:06.740658894 ProcessGroupNCCL.cpp:1680] [PG ID 0 PG GUID 0 Rank 26] Failed to check the "should dump" flag on TCPStore, (maybe TCPStore server has shut down too early), with error: failed to recv, got 0 bytes
Exception raised from recvBytes at /pytorch/torch/csrc/distributed/c10d/Utils.hpp:671 (most recent call first):
frame #0: c10::Error::Error(c10::SourceLocation, std::string) + 0x96 (0x7f04d5cf31b6 in /mnt/petrelfs/jianglihan/miniconda3/envs/1d/lib/python3.10/site-packages/torch/lib/libc10.so)
frame #1: <unknown function> + 0x6312878 (0x7f051605e878 in /mnt/petrelfs/jianglihan/miniconda3/envs/1d/lib/python3.10/site-packages/torch/lib/libtorch_cpu.so)
frame #2: c10d::TCPStore::check(std::vector<std::string, std::allocator<std::string> > const&) + 0x354 (0x7f051605ac84 in /mnt/petrelfs/jianglihan/miniconda3/envs/1d/lib/python3.10/site-packages/torch/lib/libtorch_cpu.so)
frame #3: c10d::ProcessGroupNCCL::heartbeatMonitor() + 0x383 (0x7f04d7029e13 in /mnt/petrelfs/jianglihan/miniconda3/envs/1d/lib/python3.10/site-packages/torch/lib/libtorch_cuda.so)
frame #4: <unknown function> + 0x145c0 (0x7f0524e1c5c0 in /mnt/petrelfs/jianglihan/miniconda3/envs/1d/lib/python3.10/site-packages/torch/lib/libtorch.so)
frame #5: <unknown function> + 0x7dd5 (0x7f05316f3dd5 in /lib64/libpthread.so.0)
frame #6: clone + 0x6d (0x7f0530d13ead in /lib64/libc.so.6)

[rank31]:[W1202 06:20:06.741463934 TCPStore.cpp:125] [c10d] recvValue failed on SocketImpl(fd=32, addr=[SH-IDCA1404-10-140-54-60]:48391, remote=[SH-IDCA1404-10-140-54-4]:29500): failed to recv, got 0 bytes
Exception raised from recvBytes at /pytorch/torch/csrc/distributed/c10d/Utils.hpp:671 (most recent call first):
frame #0: c10::Error::Error(c10::SourceLocation, std::string) + 0x96 (0x7f2b6a50f1b6 in /mnt/petrelfs/jianglihan/miniconda3/envs/1d/lib/python3.10/site-packages/torch/lib/libc10.so)
frame #1: <unknown function> + 0x6312878 (0x7f2baa87a878 in /mnt/petrelfs/jianglihan/miniconda3/envs/1d/lib/python3.10/site-packages/torch/lib/libtorch_cpu.so)
frame #2: c10d::TCPStore::check(std::vector<std::string, std::allocator<std::string> > const&) + 0x354 (0x7f2baa876c84 in /mnt/petrelfs/jianglihan/miniconda3/envs/1d/lib/python3.10/site-packages/torch/lib/libtorch_cpu.so)
frame #3: c10d::ProcessGroupNCCL::heartbeatMonitor() + 0x383 (0x7f2b6b845e13 in /mnt/petrelfs/jianglihan/miniconda3/envs/1d/lib/python3.10/site-packages/torch/lib/libtorch_cuda.so)
frame #4: <unknown function> + 0x145c0 (0x7f2bb96385c0 in /mnt/petrelfs/jianglihan/miniconda3/envs/1d/lib/python3.10/site-packages/torch/lib/libtorch.so)
frame #5: <unknown function> + 0x7dd5 (0x7f2bc5f0fdd5 in /lib64/libpthread.so.0)
frame #6: clone + 0x6d (0x7f2bc552fead in /lib64/libc.so.6)

[rank31]:[W1202 06:20:06.743775240 ProcessGroupNCCL.cpp:1680] [PG ID 0 PG GUID 0 Rank 31] Failed to check the "should dump" flag on TCPStore, (maybe TCPStore server has shut down too early), with error: failed to recv, got 0 bytes
Exception raised from recvBytes at /pytorch/torch/csrc/distributed/c10d/Utils.hpp:671 (most recent call first):
frame #0: c10::Error::Error(c10::SourceLocation, std::string) + 0x96 (0x7f2b6a50f1b6 in /mnt/petrelfs/jianglihan/miniconda3/envs/1d/lib/python3.10/site-packages/torch/lib/libc10.so)
frame #1: <unknown function> + 0x6312878 (0x7f2baa87a878 in /mnt/petrelfs/jianglihan/miniconda3/envs/1d/lib/python3.10/site-packages/torch/lib/libtorch_cpu.so)
frame #2: c10d::TCPStore::check(std::vector<std::string, std::allocator<std::string> > const&) + 0x354 (0x7f2baa876c84 in /mnt/petrelfs/jianglihan/miniconda3/envs/1d/lib/python3.10/site-packages/torch/lib/libtorch_cpu.so)
frame #3: c10d::ProcessGroupNCCL::heartbeatMonitor() + 0x383 (0x7f2b6b845e13 in /mnt/petrelfs/jianglihan/miniconda3/envs/1d/lib/python3.10/site-packages/torch/lib/libtorch_cuda.so)
frame #4: <unknown function> + 0x145c0 (0x7f2bb96385c0 in /mnt/petrelfs/jianglihan/miniconda3/envs/1d/lib/python3.10/site-packages/torch/lib/libtorch.so)
frame #5: <unknown function> + 0x7dd5 (0x7f2bc5f0fdd5 in /lib64/libpthread.so.0)
frame #6: clone + 0x6d (0x7f2bc552fead in /lib64/libc.so.6)

[rank28]:[W1202 06:20:06.930755278 TCPStore.cpp:125] [c10d] recvValue failed on SocketImpl(fd=32, addr=[SH-IDCA1404-10-140-54-60]:48342, remote=[SH-IDCA1404-10-140-54-4]:29500): failed to recv, got 0 bytes
Exception raised from recvBytes at /pytorch/torch/csrc/distributed/c10d/Utils.hpp:671 (most recent call first):
frame #0: c10::Error::Error(c10::SourceLocation, std::string) + 0x96 (0x7fe91250c1b6 in /mnt/petrelfs/jianglihan/miniconda3/envs/1d/lib/python3.10/site-packages/torch/lib/libc10.so)
frame #1: <unknown function> + 0x6312878 (0x7fe952877878 in /mnt/petrelfs/jianglihan/miniconda3/envs/1d/lib/python3.10/site-packages/torch/lib/libtorch_cpu.so)
frame #2: c10d::TCPStore::check(std::vector<std::string, std::allocator<std::string> > const&) + 0x354 (0x7fe952873c84 in /mnt/petrelfs/jianglihan/miniconda3/envs/1d/lib/python3.10/site-packages/torch/lib/libtorch_cpu.so)
frame #3: c10d::ProcessGroupNCCL::heartbeatMonitor() + 0x383 (0x7fe913842e13 in /mnt/petrelfs/jianglihan/miniconda3/envs/1d/lib/python3.10/site-packages/torch/lib/libtorch_cuda.so)
frame #4: <unknown function> + 0x145c0 (0x7fe9616355c0 in /mnt/petrelfs/jianglihan/miniconda3/envs/1d/lib/python3.10/site-packages/torch/lib/libtorch.so)
frame #5: <unknown function> + 0x7dd5 (0x7fe96df13dd5 in /lib64/libpthread.so.0)
frame #6: clone + 0x6d (0x7fe96d533ead in /lib64/libc.so.6)

[rank28]:[W1202 06:20:06.933072315 ProcessGroupNCCL.cpp:1680] [PG ID 0 PG GUID 0 Rank 28] Failed to check the "should dump" flag on TCPStore, (maybe TCPStore server has shut down too early), with error: failed to recv, got 0 bytes
Exception raised from recvBytes at /pytorch/torch/csrc/distributed/c10d/Utils.hpp:671 (most recent call first):
frame #0: c10::Error::Error(c10::SourceLocation, std::string) + 0x96 (0x7fe91250c1b6 in /mnt/petrelfs/jianglihan/miniconda3/envs/1d/lib/python3.10/site-packages/torch/lib/libc10.so)
frame #1: <unknown function> + 0x6312878 (0x7fe952877878 in /mnt/petrelfs/jianglihan/miniconda3/envs/1d/lib/python3.10/site-packages/torch/lib/libtorch_cpu.so)
frame #2: c10d::TCPStore::check(std::vector<std::string, std::allocator<std::string> > const&) + 0x354 (0x7fe952873c84 in /mnt/petrelfs/jianglihan/miniconda3/envs/1d/lib/python3.10/site-packages/torch/lib/libtorch_cpu.so)
frame #3: c10d::ProcessGroupNCCL::heartbeatMonitor() + 0x383 (0x7fe913842e13 in /mnt/petrelfs/jianglihan/miniconda3/envs/1d/lib/python3.10/site-packages/torch/lib/libtorch_cuda.so)
frame #4: <unknown function> + 0x145c0 (0x7fe9616355c0 in /mnt/petrelfs/jianglihan/miniconda3/envs/1d/lib/python3.10/site-packages/torch/lib/libtorch.so)
frame #5: <unknown function> + 0x7dd5 (0x7fe96df13dd5 in /lib64/libpthread.so.0)
frame #6: clone + 0x6d (0x7fe96d533ead in /lib64/libc.so.6)

[rank22]:[W1202 06:20:06.424502814 TCPStore.cpp:125] [c10d] recvValue failed on SocketImpl(fd=32, addr=[SH-IDCA1404-10-140-54-37]:46632, remote=[SH-IDCA1404-10-140-54-4]:29500): failed to recv, got 0 bytes
Exception raised from recvBytes at /pytorch/torch/csrc/distributed/c10d/Utils.hpp:671 (most recent call first):
frame #0: c10::Error::Error(c10::SourceLocation, std::string) + 0x96 (0x7f506e74f1b6 in /mnt/petrelfs/jianglihan/miniconda3/envs/1d/lib/python3.10/site-packages/torch/lib/libc10.so)
frame #1: <unknown function> + 0x6312878 (0x7f50aeaba878 in /mnt/petrelfs/jianglihan/miniconda3/envs/1d/lib/python3.10/site-packages/torch/lib/libtorch_cpu.so)
frame #2: c10d::TCPStore::check(std::vector<std::string, std::allocator<std::string> > const&) + 0x354 (0x7f50aeab6c84 in /mnt/petrelfs/jianglihan/miniconda3/envs/1d/lib/python3.10/site-packages/torch/lib/libtorch_cpu.so)
frame #3: c10d::ProcessGroupNCCL::heartbeatMonitor() + 0x383 (0x7f506fa85e13 in /mnt/petrelfs/jianglihan/miniconda3/envs/1d/lib/python3.10/site-packages/torch/lib/libtorch_cuda.so)
frame #4: <unknown function> + 0x145c0 (0x7f50bd8785c0 in /mnt/petrelfs/jianglihan/miniconda3/envs/1d/lib/python3.10/site-packages/torch/lib/libtorch.so)
frame #5: <unknown function> + 0x7dd5 (0x7f50ca14fdd5 in /lib64/libpthread.so.0)
frame #6: clone + 0x6d (0x7f50c976fead in /lib64/libc.so.6)

[rank21]:[W1202 06:20:06.424507041 TCPStore.cpp:125] [c10d] recvValue failed on SocketImpl(fd=32, addr=[SH-IDCA1404-10-140-54-37]:46736, remote=[SH-IDCA1404-10-140-54-4]:29500): failed to recv, got 0 bytes
Exception raised from recvBytes at /pytorch/torch/csrc/distributed/c10d/Utils.hpp:671 (most recent call first):
frame #0: c10::Error::Error(c10::SourceLocation, std::string) + 0x96 (0x7f59593721b6 in /mnt/petrelfs/jianglihan/miniconda3/envs/1d/lib/python3.10/site-packages/torch/lib/libc10.so)
frame #1: <unknown function> + 0x6312878 (0x7f59996dd878 in /mnt/petrelfs/jianglihan/miniconda3/envs/1d/lib/python3.10/site-packages/torch/lib/libtorch_cpu.so)
frame #2: c10d::TCPStore::check(std::vector<std::string, std::allocator<std::string> > const&) + 0x354 (0x7f59996d9c84 in /mnt/petrelfs/jianglihan/miniconda3/envs/1d/lib/python3.10/site-packages/torch/lib/libtorch_cpu.so)
frame #3: c10d::ProcessGroupNCCL::heartbeatMonitor() + 0x383 (0x7f595a6a8e13 in /mnt/petrelfs/jianglihan/miniconda3/envs/1d/lib/python3.10/site-packages/torch/lib/libtorch_cuda.so)
frame #4: <unknown function> + 0x145c0 (0x7f59a849b5c0 in /mnt/petrelfs/jianglihan/miniconda3/envs/1d/lib/python3.10/site-packages/torch/lib/libtorch.so)
frame #5: <unknown function> + 0x7dd5 (0x7f59b4e72dd5 in /lib64/libpthread.so.0)
frame #6: clone + 0x6d (0x7f59b4492ead in /lib64/libc.so.6)

[rank18]:[W1202 06:20:06.424502905 TCPStore.cpp:125] [c10d] recvValue failed on SocketImpl(fd=32, addr=[SH-IDCA1404-10-140-54-37]:46814, remote=[SH-IDCA1404-10-140-54-4]:29500): failed to recv, got 0 bytes
Exception raised from recvBytes at /pytorch/torch/csrc/distributed/c10d/Utils.hpp:671 (most recent call first):
frame #0: c10::Error::Error(c10::SourceLocation, std::string) + 0x96 (0x7ff49ba901b6 in /mnt/petrelfs/jianglihan/miniconda3/envs/1d/lib/python3.10/site-packages/torch/lib/libc10.so)
frame #1: <unknown function> + 0x6312878 (0x7ff4dbdfb878 in /mnt/petrelfs/jianglihan/miniconda3/envs/1d/lib/python3.10/site-packages/torch/lib/libtorch_cpu.so)
frame #2: c10d::TCPStore::check(std::vector<std::string, std::allocator<std::string> > const&) + 0x354 (0x7ff4dbdf7c84 in /mnt/petrelfs/jianglihan/miniconda3/envs/1d/lib/python3.10/site-packages/torch/lib/libtorch_cpu.so)
frame #3: c10d::ProcessGroupNCCL::heartbeatMonitor() + 0x383 (0x7ff49cdc6e13 in /mnt/petrelfs/jianglihan/miniconda3/envs/1d/lib/python3.10/site-packages/torch/lib/libtorch_cuda.so)
frame #4: <unknown function> + 0x145c0 (0x7ff4eabb95c0 in /mnt/petrelfs/jianglihan/miniconda3/envs/1d/lib/python3.10/site-packages/torch/lib/libtorch.so)
frame #5: <unknown function> + 0x7dd5 (0x7ff4f7590dd5 in /lib64/libpthread.so.0)
frame #6: clone + 0x6d (0x7ff4f6bb0ead in /lib64/libc.so.6)

[rank23]:[W1202 06:20:06.424500332 TCPStore.cpp:125] [c10d] recvValue failed on SocketImpl(fd=32, addr=[SH-IDCA1404-10-140-54-37]:46798, remote=[SH-IDCA1404-10-140-54-4]:29500): failed to recv, got 0 bytes
Exception raised from recvBytes at /pytorch/torch/csrc/distributed/c10d/Utils.hpp:671 (most recent call first):
frame #0: c10::Error::Error(c10::SourceLocation, std::string) + 0x96 (0x7ff15c5c61b6 in /mnt/petrelfs/jianglihan/miniconda3/envs/1d/lib/python3.10/site-packages/torch/lib/libc10.so)
frame #1: <unknown function> + 0x6312878 (0x7ff19c931878 in /mnt/petrelfs/jianglihan/miniconda3/envs/1d/lib/python3.10/site-packages/torch/lib/libtorch_cpu.so)
frame #2: c10d::TCPStore::check(std::vector<std::string, std::allocator<std::string> > const&) + 0x354 (0x7ff19c92dc84 in /mnt/petrelfs/jianglihan/miniconda3/envs/1d/lib/python3.10/site-packages/torch/lib/libtorch_cpu.so)
frame #3: c10d::ProcessGroupNCCL::heartbeatMonitor() + 0x383 (0x7ff15d8fce13 in /mnt/petrelfs/jianglihan/miniconda3/envs/1d/lib/python3.10/site-packages/torch/lib/libtorch_cuda.so)
frame #4: <unknown function> + 0x145c0 (0x7ff1ab6ef5c0 in /mnt/petrelfs/jianglihan/miniconda3/envs/1d/lib/python3.10/site-packages/torch/lib/libtorch.so)
frame #5: <unknown function> + 0x7dd5 (0x7ff1b80c6dd5 in /lib64/libpthread.so.0)
frame #6: clone + 0x6d (0x7ff1b76e6ead in /lib64/libc.so.6)

[rank17]:[W1202 06:20:06.424500126 TCPStore.cpp:125] [c10d] recvValue failed on SocketImpl(fd=32, addr=[SH-IDCA1404-10-140-54-37]:46734, remote=[SH-IDCA1404-10-140-54-4]:29500): failed to recv, got 0 bytes
Exception raised from recvBytes at /pytorch/torch/csrc/distributed/c10d/Utils.hpp:671 (most recent call first):
frame #0: c10::Error::Error(c10::SourceLocation, std::string) + 0x96 (0x7fb121a7d1b6 in /mnt/petrelfs/jianglihan/miniconda3/envs/1d/lib/python3.10/site-packages/torch/lib/libc10.so)
frame #1: <unknown function> + 0x6312878 (0x7fb161de8878 in /mnt/petrelfs/jianglihan/miniconda3/envs/1d/lib/python3.10/site-packages/torch/lib/libtorch_cpu.so)
frame #2: c10d::TCPStore::check(std::vector<std::string, std::allocator<std::string> > const&) + 0x354 (0x7fb161de4c84 in /mnt/petrelfs/jianglihan/miniconda3/envs/1d/lib/python3.10/site-packages/torch/lib/libtorch_cpu.so)
frame #3: c10d::ProcessGroupNCCL::heartbeatMonitor() + 0x383 (0x7fb122db3e13 in /mnt/petrelfs/jianglihan/miniconda3/envs/1d/lib/python3.10/site-packages/torch/lib/libtorch_cuda.so)
frame #4: <unknown function> + 0x145c0 (0x7fb170ba65c0 in /mnt/petrelfs/jianglihan/miniconda3/envs/1d/lib/python3.10/site-packages/torch/lib/libtorch.so)
frame #5: <unknown function> + 0x7dd5 (0x7fb17d57ddd5 in /lib64/libpthread.so.0)
frame #6: clone + 0x6d (0x7fb17cb9dead in /lib64/libc.so.6)

[rank20]:[W1202 06:20:06.424504117 TCPStore.cpp:125] [c10d] recvValue failed on SocketImpl(fd=32, addr=[SH-IDCA1404-10-140-54-37]:46796, remote=[SH-IDCA1404-10-140-54-4]:29500): failed to recv, got 0 bytes
Exception raised from recvBytes at /pytorch/torch/csrc/distributed/c10d/Utils.hpp:671 (most recent call first):
frame #0: c10::Error::Error(c10::SourceLocation, std::string) + 0x96 (0x7f7ff13111b6 in /mnt/petrelfs/jianglihan/miniconda3/envs/1d/lib/python3.10/site-packages/torch/lib/libc10.so)
frame #1: <unknown function> + 0x6312878 (0x7f803167c878 in /mnt/petrelfs/jianglihan/miniconda3/envs/1d/lib/python3.10/site-packages/torch/lib/libtorch_cpu.so)
frame #2: c10d::TCPStore::check(std::vector<std::string, std::allocator<std::string> > const&) + 0x354 (0x7f8031678c84 in /mnt/petrelfs/jianglihan/miniconda3/envs/1d/lib/python3.10/site-packages/torch/lib/libtorch_cpu.so)
frame #3: c10d::ProcessGroupNCCL::heartbeatMonitor() + 0x383 (0x7f7ff2647e13 in /mnt/petrelfs/jianglihan/miniconda3/envs/1d/lib/python3.10/site-packages/torch/lib/libtorch_cuda.so)
frame #4: <unknown function> + 0x145c0 (0x7f804043a5c0 in /mnt/petrelfs/jianglihan/miniconda3/envs/1d/lib/python3.10/site-packages/torch/lib/libtorch.so)
frame #5: <unknown function> + 0x7dd5 (0x7f804ce11dd5 in /lib64/libpthread.so.0)
frame #6: clone + 0x6d (0x7f804c431ead in /lib64/libc.so.6)

[rank19]:[W1202 06:20:06.424500973 TCPStore.cpp:125] [c10d] recvValue failed on SocketImpl(fd=32, addr=[SH-IDCA1404-10-140-54-37]:46630, remote=[SH-IDCA1404-10-140-54-4]:29500): failed to recv, got 0 bytes
Exception raised from recvBytes at /pytorch/torch/csrc/distributed/c10d/Utils.hpp:671 (most recent call first):
frame #0: c10::Error::Error(c10::SourceLocation, std::string) + 0x96 (0x7f8a2359d1b6 in /mnt/petrelfs/jianglihan/miniconda3/envs/1d/lib/python3.10/site-packages/torch/lib/libc10.so)
frame #1: <unknown function> + 0x6312878 (0x7f8a63908878 in /mnt/petrelfs/jianglihan/miniconda3/envs/1d/lib/python3.10/site-packages/torch/lib/libtorch_cpu.so)
frame #2: c10d::TCPStore::check(std::vector<std::string, std::allocator<std::string> > const&) + 0x354 (0x7f8a63904c84 in /mnt/petrelfs/jianglihan/miniconda3/envs/1d/lib/python3.10/site-packages/torch/lib/libtorch_cpu.so)
frame #3: c10d::ProcessGroupNCCL::heartbeatMonitor() + 0x383 (0x7f8a248d3e13 in /mnt/petrelfs/jianglihan/miniconda3/envs/1d/lib/python3.10/site-packages/torch/lib/libtorch_cuda.so)
frame #4: <unknown function> + 0x145c0 (0x7f8a726c65c0 in /mnt/petrelfs/jianglihan/miniconda3/envs/1d/lib/python3.10/site-packages/torch/lib/libtorch.so)
frame #5: <unknown function> + 0x7dd5 (0x7f8a7f09ddd5 in /lib64/libpthread.so.0)
frame #6: clone + 0x6d (0x7f8a7e6bdead in /lib64/libc.so.6)

[rank16]:[W1202 06:20:06.424504460 TCPStore.cpp:125] [c10d] recvValue failed on SocketImpl(fd=32, addr=[SH-IDCA1404-10-140-54-37]:46628, remote=[SH-IDCA1404-10-140-54-4]:29500): failed to recv, got 0 bytes
Exception raised from recvBytes at /pytorch/torch/csrc/distributed/c10d/Utils.hpp:671 (most recent call first):
frame #0: c10::Error::Error(c10::SourceLocation, std::string) + 0x96 (0x7f42acc3d1b6 in /mnt/petrelfs/jianglihan/miniconda3/envs/1d/lib/python3.10/site-packages/torch/lib/libc10.so)
frame #1: <unknown function> + 0x6312878 (0x7f42ecfa8878 in /mnt/petrelfs/jianglihan/miniconda3/envs/1d/lib/python3.10/site-packages/torch/lib/libtorch_cpu.so)
frame #2: c10d::TCPStore::check(std::vector<std::string, std::allocator<std::string> > const&) + 0x354 (0x7f42ecfa4c84 in /mnt/petrelfs/jianglihan/miniconda3/envs/1d/lib/python3.10/site-packages/torch/lib/libtorch_cpu.so)
frame #3: c10d::ProcessGroupNCCL::heartbeatMonitor() + 0x383 (0x7f42adf73e13 in /mnt/petrelfs/jianglihan/miniconda3/envs/1d/lib/python3.10/site-packages/torch/lib/libtorch_cuda.so)
frame #4: <unknown function> + 0x145c0 (0x7f42fbd665c0 in /mnt/petrelfs/jianglihan/miniconda3/envs/1d/lib/python3.10/site-packages/torch/lib/libtorch.so)
frame #5: <unknown function> + 0x7dd5 (0x7f430873ddd5 in /lib64/libpthread.so.0)
frame #6: clone + 0x6d (0x7f4307d5dead in /lib64/libc.so.6)

[rank19]:[W1202 06:20:06.427800378 ProcessGroupNCCL.cpp:1680] [PG ID 0 PG GUID 0 Rank 19] Failed to check the "should dump" flag on TCPStore, (maybe TCPStore server has shut down too early), with error: failed to recv, got 0 bytes
Exception raised from recvBytes at /pytorch/torch/csrc/distributed/c10d/Utils.hpp:671 (most recent call first):
frame #0: c10::Error::Error(c10::SourceLocation, std::string) + 0x96 (0x7f8a2359d1b6 in /mnt/petrelfs/jianglihan/miniconda3/envs/1d/lib/python3.10/site-packages/torch/lib/libc10.so)
frame #1: <unknown function> + 0x6312878 (0x7f8a63908878 in /mnt/petrelfs/jianglihan/miniconda3/envs/1d/lib/python3.10/site-packages/torch/lib/libtorch_cpu.so)
frame #2: c10d::TCPStore::check(std::vector<std::string, std::allocator<std::string> > const&) + 0x354 (0x7f8a63904c84 in /mnt/petrelfs/jianglihan/miniconda3/envs/1d/lib/python3.10/site-packages/torch/lib/libtorch_cpu.so)
frame #3: c10d::ProcessGroupNCCL::heartbeatMonitor() + 0x383 (0x7f8a248d3e13 in /mnt/petrelfs/jianglihan/miniconda3/envs/1d/lib/python3.10/site-packages/torch/lib/libtorch_cuda.so)
frame #4: <unknown function> + 0x145c0 (0x7f8a726c65c0 in /mnt/petrelfs/jianglihan/miniconda3/envs/1d/lib/python3.10/site-packages/torch/lib/libtorch.so)
frame #5: <unknown function> + 0x7dd5 (0x7f8a7f09ddd5 in /lib64/libpthread.so.0)
frame #6: clone + 0x6d (0x7f8a7e6bdead in /lib64/libc.so.6)

[rank18]:[W1202 06:20:06.427800859 ProcessGroupNCCL.cpp:1680] [PG ID 0 PG GUID 0 Rank 18] Failed to check the "should dump" flag on TCPStore, (maybe TCPStore server has shut down too early), with error: failed to recv, got 0 bytes
Exception raised from recvBytes at /pytorch/torch/csrc/distributed/c10d/Utils.hpp:671 (most recent call first):
frame #0: c10::Error::Error(c10::SourceLocation, std::string) + 0x96 (0x7ff49ba901b6 in /mnt/petrelfs/jianglihan/miniconda3/envs/1d/lib/python3.10/site-packages/torch/lib/libc10.so)
frame #1: <unknown function> + 0x6312878 (0x7ff4dbdfb878 in /mnt/petrelfs/jianglihan/miniconda3/envs/1d/lib/python3.10/site-packages/torch/lib/libtorch_cpu.so)
frame #2: c10d::TCPStore::check(std::vector<std::string, std::allocator<std::string> > const&) + 0x354 (0x7ff4dbdf7c84 in /mnt/petrelfs/jianglihan/miniconda3/envs/1d/lib/python3.10/site-packages/torch/lib/libtorch_cpu.so)
frame #3: c10d::ProcessGroupNCCL::heartbeatMonitor() + 0x383 (0x7ff49cdc6e13 in /mnt/petrelfs/jianglihan/miniconda3/envs/1d/lib/python3.10/site-packages/torch/lib/libtorch_cuda.so)
frame #4: <unknown function> + 0x145c0 (0x7ff4eabb95c0 in /mnt/petrelfs/jianglihan/miniconda3/envs/1d/lib/python3.10/site-packages/torch/lib/libtorch.so)
frame #5: <unknown function> + 0x7dd5 (0x7ff4f7590dd5 in /lib64/libpthread.so.0)
frame #6: clone + 0x6d (0x7ff4f6bb0ead in /lib64/libc.so.6)

[rank21]:[W1202 06:20:06.427800006 ProcessGroupNCCL.cpp:1680] [PG ID 0 PG GUID 0 Rank 21] Failed to check the "should dump" flag on TCPStore, (maybe TCPStore server has shut down too early), with error: failed to recv, got 0 bytes
Exception raised from recvBytes at /pytorch/torch/csrc/distributed/c10d/Utils.hpp:671 (most recent call first):
frame #0: c10::Error::Error(c10::SourceLocation, std::string) + 0x96 (0x7f59593721b6 in /mnt/petrelfs/jianglihan/miniconda3/envs/1d/lib/python3.10/site-packages/torch/lib/libc10.so)
frame #1: <unknown function> + 0x6312878 (0x7f59996dd878 in /mnt/petrelfs/jianglihan/miniconda3/envs/1d/lib/python3.10/site-packages/torch/lib/libtorch_cpu.so)
frame #2: c10d::TCPStore::check(std::vector<std::string, std::allocator<std::string> > const&) + 0x354 (0x7f59996d9c84 in /mnt/petrelfs/jianglihan/miniconda3/envs/1d/lib/python3.10/site-packages/torch/lib/libtorch_cpu.so)
frame #3: c10d::ProcessGroupNCCL::heartbeatMonitor() + 0x383 (0x7f595a6a8e13 in /mnt/petrelfs/jianglihan/miniconda3/envs/1d/lib/python3.10/site-packages/torch/lib/libtorch_cuda.so)
frame #4: <unknown function> + 0x145c0 (0x7f59a849b5c0 in /mnt/petrelfs/jianglihan/miniconda3/envs/1d/lib/python3.10/site-packages/torch/lib/libtorch.so)
frame #5: <unknown function> + 0x7dd5 (0x7f59b4e72dd5 in /lib64/libpthread.so.0)
frame #6: clone + 0x6d (0x7f59b4492ead in /lib64/libc.so.6)

[rank20]:[W1202 06:20:06.427800385 ProcessGroupNCCL.cpp:1680] [PG ID 0 PG GUID 0 Rank 20] Failed to check the "should dump" flag on TCPStore, (maybe TCPStore server has shut down too early), with error: failed to recv, got 0 bytes
Exception raised from recvBytes at /pytorch/torch/csrc/distributed/c10d/Utils.hpp:671 (most recent call first):
frame #0: c10::Error::Error(c10::SourceLocation, std::string) + 0x96 (0x7f7ff13111b6 in /mnt/petrelfs/jianglihan/miniconda3/envs/1d/lib/python3.10/site-packages/torch/lib/libc10.so)
frame #1: <unknown function> + 0x6312878 (0x7f803167c878 in /mnt/petrelfs/jianglihan/miniconda3/envs/1d/lib/python3.10/site-packages/torch/lib/libtorch_cpu.so)
frame #2: c10d::TCPStore::check(std::vector<std::string, std::allocator<std::string> > const&) + 0x354 (0x7f8031678c84 in /mnt/petrelfs/jianglihan/miniconda3/envs/1d/lib/python3.10/site-packages/torch/lib/libtorch_cpu.so)
frame #3: c10d::ProcessGroupNCCL::heartbeatMonitor() + 0x383 (0x7f7ff2647e13 in /mnt/petrelfs/jianglihan/miniconda3/envs/1d/lib/python3.10/site-packages/torch/lib/libtorch_cuda.so)
frame #4: <unknown function> + 0x145c0 (0x7f804043a5c0 in /mnt/petrelfs/jianglihan/miniconda3/envs/1d/lib/python3.10/site-packages/torch/lib/libtorch.so)
frame #5: <unknown function> + 0x7dd5 (0x7f804ce11dd5 in /lib64/libpthread.so.0)
frame #6: clone + 0x6d (0x7f804c431ead in /lib64/libc.so.6)

[rank23]:[W1202 06:20:06.427801707 ProcessGroupNCCL.cpp:1680] [PG ID 0 PG GUID 0 Rank 23] Failed to check the "should dump" flag on TCPStore, (maybe TCPStore server has shut down too early), with error: failed to recv, got 0 bytes
Exception raised from recvBytes at /pytorch/torch/csrc/distributed/c10d/Utils.hpp:671 (most recent call first):
frame #0: c10::Error::Error(c10::SourceLocation, std::string) + 0x96 (0x7ff15c5c61b6 in /mnt/petrelfs/jianglihan/miniconda3/envs/1d/lib/python3.10/site-packages/torch/lib/libc10.so)
frame #1: <unknown function> + 0x6312878 (0x7ff19c931878 in /mnt/petrelfs/jianglihan/miniconda3/envs/1d/lib/python3.10/site-packages/torch/lib/libtorch_cpu.so)
frame #2: c10d::TCPStore::check(std::vector<std::string, std::allocator<std::string> > const&) + 0x354 (0x7ff19c92dc84 in /mnt/petrelfs/jianglihan/miniconda3/envs/1d/lib/python3.10/site-packages/torch/lib/libtorch_cpu.so)
frame #3: c10d::ProcessGroupNCCL::heartbeatMonitor() + 0x383 (0x7ff15d8fce13 in /mnt/petrelfs/jianglihan/miniconda3/envs/1d/lib/python3.10/site-packages/torch/lib/libtorch_cuda.so)
frame #4: <unknown function> + 0x145c0 (0x7ff1ab6ef5c0 in /mnt/petrelfs/jianglihan/miniconda3/envs/1d/lib/python3.10/site-packages/torch/lib/libtorch.so)
frame #5: <unknown function> + 0x7dd5 (0x7ff1b80c6dd5 in /lib64/libpthread.so.0)
frame #6: clone + 0x6d (0x7ff1b76e6ead in /lib64/libc.so.6)

[rank16]:[W1202 06:20:06.427801993 ProcessGroupNCCL.cpp:1680] [PG ID 0 PG GUID 0 Rank 16] Failed to check the "should dump" flag on TCPStore, (maybe TCPStore server has shut down too early), with error: failed to recv, got 0 bytes
Exception raised from recvBytes at /pytorch/torch/csrc/distributed/c10d/Utils.hpp:671 (most recent call first):
frame #0: c10::Error::Error(c10::SourceLocation, std::string) + 0x96 (0x7f42acc3d1b6 in /mnt/petrelfs/jianglihan/miniconda3/envs/1d/lib/python3.10/site-packages/torch/lib/libc10.so)
frame #1: <unknown function> + 0x6312878 (0x7f42ecfa8878 in /mnt/petrelfs/jianglihan/miniconda3/envs/1d/lib/python3.10/site-packages/torch/lib/libtorch_cpu.so)
frame #2: c10d::TCPStore::check(std::vector<std::string, std::allocator<std::string> > const&) + 0x354 (0x7f42ecfa4c84 in /mnt/petrelfs/jianglihan/miniconda3/envs/1d/lib/python3.10/site-packages/torch/lib/libtorch_cpu.so)
frame #3: c10d::ProcessGroupNCCL::heartbeatMonitor() + 0x383 (0x7f42adf73e13 in /mnt/petrelfs/jianglihan/miniconda3/envs/1d/lib/python3.10/site-packages/torch/lib/libtorch_cuda.so)
frame #4: <unknown function> + 0x145c0 (0x7f42fbd665c0 in /mnt/petrelfs/jianglihan/miniconda3/envs/1d/lib/python3.10/site-packages/torch/lib/libtorch.so)
frame #5: <unknown function> + 0x7dd5 (0x7f430873ddd5 in /lib64/libpthread.so.0)
frame #6: clone + 0x6d (0x7f4307d5dead in /lib64/libc.so.6)

[rank22]:[W1202 06:20:06.427804633 ProcessGroupNCCL.cpp:1680] [PG ID 0 PG GUID 0 Rank 22] Failed to check the "should dump" flag on TCPStore, (maybe TCPStore server has shut down too early), with error: failed to recv, got 0 bytes
Exception raised from recvBytes at /pytorch/torch/csrc/distributed/c10d/Utils.hpp:671 (most recent call first):
frame #0: c10::Error::Error(c10::SourceLocation, std::string) + 0x96 (0x7f506e74f1b6 in /mnt/petrelfs/jianglihan/miniconda3/envs/1d/lib/python3.10/site-packages/torch/lib/libc10.so)
frame #1: <unknown function> + 0x6312878 (0x7f50aeaba878 in /mnt/petrelfs/jianglihan/miniconda3/envs/1d/lib/python3.10/site-packages/torch/lib/libtorch_cpu.so)
frame #2: c10d::TCPStore::check(std::vector<std::string, std::allocator<std::string> > const&) + 0x354 (0x7f50aeab6c84 in /mnt/petrelfs/jianglihan/miniconda3/envs/1d/lib/python3.10/site-packages/torch/lib/libtorch_cpu.so)
frame #3: c10d::ProcessGroupNCCL::heartbeatMonitor() + 0x383 (0x7f506fa85e13 in /mnt/petrelfs/jianglihan/miniconda3/envs/1d/lib/python3.10/site-packages/torch/lib/libtorch_cuda.so)
frame #4: <unknown function> + 0x145c0 (0x7f50bd8785c0 in /mnt/petrelfs/jianglihan/miniconda3/envs/1d/lib/python3.10/site-packages/torch/lib/libtorch.so)
frame #5: <unknown function> + 0x7dd5 (0x7f50ca14fdd5 in /lib64/libpthread.so.0)
frame #6: clone + 0x6d (0x7f50c976fead in /lib64/libc.so.6)

[rank17]:[W1202 06:20:06.427810175 ProcessGroupNCCL.cpp:1680] [PG ID 0 PG GUID 0 Rank 17] Failed to check the "should dump" flag on TCPStore, (maybe TCPStore server has shut down too early), with error: failed to recv, got 0 bytes
Exception raised from recvBytes at /pytorch/torch/csrc/distributed/c10d/Utils.hpp:671 (most recent call first):
frame #0: c10::Error::Error(c10::SourceLocation, std::string) + 0x96 (0x7fb121a7d1b6 in /mnt/petrelfs/jianglihan/miniconda3/envs/1d/lib/python3.10/site-packages/torch/lib/libc10.so)
frame #1: <unknown function> + 0x6312878 (0x7fb161de8878 in /mnt/petrelfs/jianglihan/miniconda3/envs/1d/lib/python3.10/site-packages/torch/lib/libtorch_cpu.so)
frame #2: c10d::TCPStore::check(std::vector<std::string, std::allocator<std::string> > const&) + 0x354 (0x7fb161de4c84 in /mnt/petrelfs/jianglihan/miniconda3/envs/1d/lib/python3.10/site-packages/torch/lib/libtorch_cpu.so)
frame #3: c10d::ProcessGroupNCCL::heartbeatMonitor() + 0x383 (0x7fb122db3e13 in /mnt/petrelfs/jianglihan/miniconda3/envs/1d/lib/python3.10/site-packages/torch/lib/libtorch_cuda.so)
frame #4: <unknown function> + 0x145c0 (0x7fb170ba65c0 in /mnt/petrelfs/jianglihan/miniconda3/envs/1d/lib/python3.10/site-packages/torch/lib/libtorch.so)
frame #5: <unknown function> + 0x7dd5 (0x7fb17d57ddd5 in /lib64/libpthread.so.0)
frame #6: clone + 0x6d (0x7fb17cb9dead in /lib64/libc.so.6)

srun: error: SH-IDCA1404-10-140-54-4: task 0: Exited with exit code 1
[rank8]:[W1202 06:21:06.685513651 ProcessGroupNCCL.cpp:1496] Warning: WARNING: destroy_process_group() was not called before program exit, which can leak resources. For more info, please see https://pytorch.org/docs/stable/distributed.html#shutdown (function operator())
[rank16]:[W1202 06:21:06.780020359 ProcessGroupNCCL.cpp:1496] Warning: WARNING: destroy_process_group() was not called before program exit, which can leak resources. For more info, please see https://pytorch.org/docs/stable/distributed.html#shutdown (function operator())
[rank24]:[W1202 06:21:06.788561855 ProcessGroupNCCL.cpp:1496] Warning: WARNING: destroy_process_group() was not called before program exit, which can leak resources. For more info, please see https://pytorch.org/docs/stable/distributed.html#shutdown (function operator())
SH-IDCA1404-10-140-54-37:54153:55355 [0] NCCL INFO [Service thread] Connection closed by localRank 7
SH-IDCA1404-10-140-54-37:54165:55351 [7] NCCL INFO [Service thread] Connection closed by localRank 7
SH-IDCA1404-10-140-54-37:54153:55355 [0] NCCL INFO [Service thread] Connection closed by localRank 2
SH-IDCA1404-10-140-54-37:54153:55355 [0] NCCL INFO [Service thread] Connection closed by localRank 6
SH-IDCA1404-10-140-54-37:54155:55348 [2] NCCL INFO [Service thread] Connection closed by localRank 2
SH-IDCA1404-10-140-54-37:54153:55355 [0] NCCL INFO [Service thread] Connection closed by localRank 5
SH-IDCA1404-10-140-54-37:54160:55356 [6] NCCL INFO [Service thread] Connection closed by localRank 6
SH-IDCA1404-10-140-54-37:54153:55355 [0] NCCL INFO [Service thread] Connection closed by localRank 3
SH-IDCA1404-10-140-54-37:54157:55349 [3] NCCL INFO [Service thread] Connection closed by localRank 3
SH-IDCA1404-10-140-54-37:54159:55360 [5] NCCL INFO [Service thread] Connection closed by localRank 5
SH-IDCA1404-10-140-54-37:54153:55355 [0] NCCL INFO [Service thread] Connection closed by localRank 4
SH-IDCA1404-10-140-54-37:54158:55353 [4] NCCL INFO [Service thread] Connection closed by localRank 4
SH-IDCA1404-10-140-54-5:37334:38333 [0] NCCL INFO [Service thread] Connection closed by localRank 7
SH-IDCA1404-10-140-54-5:37341:38335 [7] NCCL INFO [Service thread] Connection closed by localRank 7
SH-IDCA1404-10-140-54-5:37340:38343 [6] NCCL INFO [Service thread] Connection closed by localRank 6
SH-IDCA1404-10-140-54-5:37334:38333 [0] NCCL INFO [Service thread] Connection closed by localRank 5
SH-IDCA1404-10-140-54-5:37334:38333 [0] NCCL INFO [Service thread] Connection closed by localRank 6
SH-IDCA1404-10-140-54-5:37339:38344 [5] NCCL INFO [Service thread] Connection closed by localRank 5
SH-IDCA1404-10-140-54-5:37334:38333 [0] NCCL INFO [Service thread] Connection closed by localRank 2
SH-IDCA1404-10-140-54-5:37334:38333 [0] NCCL INFO [Service thread] Connection closed by localRank 4
SH-IDCA1404-10-140-54-5:37336:38334 [2] NCCL INFO [Service thread] Connection closed by localRank 2
SH-IDCA1404-10-140-54-5:37334:38333 [0] NCCL INFO [Service thread] Connection closed by localRank 3
SH-IDCA1404-10-140-54-5:37338:38336 [4] NCCL INFO [Service thread] Connection closed by localRank 4
SH-IDCA1404-10-140-54-5:37337:38340 [3] NCCL INFO [Service thread] Connection closed by localRank 3
SH-IDCA1404-10-140-54-5:37341:71087 [7] NCCL INFO comm 0xa78e710 rank 15 nranks 32 cudaDev 7 busId d7000 - Abort COMPLETE
SH-IDCA1404-10-140-54-5:37336:71081 [2] NCCL INFO comm 0xabaeec0 rank 10 nranks 32 cudaDev 2 busId 6b000 - Abort COMPLETE
SH-IDCA1404-10-140-54-5:37337:71083 [3] NCCL INFO comm 0xaaf5a80 rank 11 nranks 32 cudaDev 3 busId 71000 - Abort COMPLETE
SH-IDCA1404-10-140-54-5:37340:71086 [6] NCCL INFO comm 0xbf1d600 rank 14 nranks 32 cudaDev 6 busId d4000 - Abort COMPLETE
SH-IDCA1404-10-140-54-5:37339:71085 [5] NCCL INFO comm 0xc5914a0 rank 13 nranks 32 cudaDev 5 busId a1000 - Abort COMPLETE
[rank15]:[W1202 06:21:06.119724901 TCPStore.cpp:106] [c10d] sendBytes failed on SocketImpl(fd=32, addr=[SH-IDCA1404-10-140-54-5]:57934, remote=[SH-IDCA1404-10-140-54-4]:29500): Broken pipe
Exception raised from sendBytes at /pytorch/torch/csrc/distributed/c10d/Utils.hpp:646 (most recent call first):
frame #0: c10::Error::Error(c10::SourceLocation, std::string) + 0x96 (0x7f292441e1b6 in /mnt/petrelfs/jianglihan/miniconda3/envs/1d/lib/python3.10/site-packages/torch/lib/libc10.so)
frame #1: <unknown function> + 0x6311c1d (0x7f2964788c1d in /mnt/petrelfs/jianglihan/miniconda3/envs/1d/lib/python3.10/site-packages/torch/lib/libtorch_cpu.so)
frame #2: c10d::TCPStore::set(std::string const&, std::vector<unsigned char, std::allocator<unsigned char> > const&) + 0x1fa (0x7f2964784f8a in /mnt/petrelfs/jianglihan/miniconda3/envs/1d/lib/python3.10/site-packages/torch/lib/libtorch_cpu.so)
frame #3: c10d::PrefixStore::set(std::string const&, std::vector<unsigned char, std::allocator<unsigned char> > const&) + 0x37 (0x7f2964734487 in /mnt/petrelfs/jianglihan/miniconda3/envs/1d/lib/python3.10/site-packages/torch/lib/libtorch_cpu.so)
frame #4: c10d::PrefixStore::set(std::string const&, std::vector<unsigned char, std::allocator<unsigned char> > const&) + 0x37 (0x7f2964734487 in /mnt/petrelfs/jianglihan/miniconda3/envs/1d/lib/python3.10/site-packages/torch/lib/libtorch_cpu.so)
frame #5: c10d::PrefixStore::set(std::string const&, std::vector<unsigned char, std::allocator<unsigned char> > const&) + 0x37 (0x7f2964734487 in /mnt/petrelfs/jianglihan/miniconda3/envs/1d/lib/python3.10/site-packages/torch/lib/libtorch_cpu.so)
frame #6: <unknown function> + 0x121b4de (0x7f29257834de in /mnt/petrelfs/jianglihan/miniconda3/envs/1d/lib/python3.10/site-packages/torch/lib/libtorch_cuda.so)
frame #7: c10d::ProcessGroupNCCL::DesyncDebugger::logWorkEnd(c10d::ProcessGroupNCCL::WorkNCCL&) + 0x44 (0x7f29257498c4 in /mnt/petrelfs/jianglihan/miniconda3/envs/1d/lib/python3.10/site-packages/torch/lib/libtorch_cuda.so)
frame #8: c10d::ProcessGroupNCCL::watchdogHandler() + 0x663 (0x7f2925758743 in /mnt/petrelfs/jianglihan/miniconda3/envs/1d/lib/python3.10/site-packages/torch/lib/libtorch_cuda.so)
frame #9: c10d::ProcessGroupNCCL::ncclCommWatchdog() + 0x14d (0x7f292575988d in /mnt/petrelfs/jianglihan/miniconda3/envs/1d/lib/python3.10/site-packages/torch/lib/libtorch_cuda.so)
frame #10: <unknown function> + 0x145c0 (0x7f29735475c0 in /mnt/petrelfs/jianglihan/miniconda3/envs/1d/lib/python3.10/site-packages/torch/lib/libtorch.so)
frame #11: <unknown function> + 0x7dd5 (0x7f297ff1edd5 in /lib64/libpthread.so.0)
frame #12: clone + 0x6d (0x7f297f53eead in /lib64/libc.so.6)

[rank15]:[E1202 06:21:06.127055295 TraceUtils.h:70] Store is down while updating #273525 with key NCCL_15_trace_end
[rank13]:[E1202 06:21:06.125319196 ProcessGroupNCCL.cpp:552] [Rank 13] Collective WorkNCCL(SeqNum=273525, OpType=ALLREDUCE, NumelIn=12582912, NumelOut=12582912, Timeout(ms)=600000) raised the following async exception: NCCL error: unhandled system error (run with NCCL_DEBUG=INFO for details), NCCL version 2.21.5
ncclSystemError: System call (e.g. socket, malloc) or external library call failed or device error. 
Last error:

Exception raised from checkForNCCLErrorsInternal at /pytorch/torch/csrc/distributed/c10d/ProcessGroupNCCL.cpp:2363 (most recent call first):
frame #0: c10::Error::Error(c10::SourceLocation, std::string) + 0x96 (0x7f141baac1b6 in /mnt/petrelfs/jianglihan/miniconda3/envs/1d/lib/python3.10/site-packages/torch/lib/libc10.so)
frame #1: c10d::ProcessGroupNCCL::checkForNCCLErrorsInternal(std::shared_ptr<c10d::NCCLComm>&) + 0x220 (0x7f141cddc360 in /mnt/petrelfs/jianglihan/miniconda3/envs/1d/lib/python3.10/site-packages/torch/lib/libtorch_cuda.so)
frame #2: c10d::ProcessGroupNCCL::WorkNCCL::checkAndSetException() + 0x7b (0x7f141cde47eb in /mnt/petrelfs/jianglihan/miniconda3/envs/1d/lib/python3.10/site-packages/torch/lib/libtorch_cuda.so)
frame #3: c10d::ProcessGroupNCCL::WorkNCCL::isCompleted() + 0x90 (0x7f141cde4a50 in /mnt/petrelfs/jianglihan/miniconda3/envs/1d/lib/python3.10/site-packages/torch/lib/libtorch_cuda.so)
frame #4: c10d::ProcessGroupNCCL::watchdogHandler() + 0x617 (0x7f141cde66f7 in /mnt/petrelfs/jianglihan/miniconda3/envs/1d/lib/python3.10/site-packages/torch/lib/libtorch_cuda.so)
frame #5: c10d::ProcessGroupNCCL::ncclCommWatchdog() + 0x14d (0x7f141cde788d in /mnt/petrelfs/jianglihan/miniconda3/envs/1d/lib/python3.10/site-packages/torch/lib/libtorch_cuda.so)
frame #6: <unknown function> + 0x145c0 (0x7f146abd55c0 in /mnt/petrelfs/jianglihan/miniconda3/envs/1d/lib/python3.10/site-packages/torch/lib/libtorch.so)
frame #7: <unknown function> + 0x7dd5 (0x7f14775acdd5 in /lib64/libpthread.so.0)
frame #8: clone + 0x6d (0x7f1476bccead in /lib64/libc.so.6)

[rank10]:[W1202 06:21:06.121760663 TCPStore.cpp:106] [c10d] sendBytes failed on SocketImpl(fd=32, addr=[SH-IDCA1404-10-140-54-5]:57944, remote=[SH-IDCA1404-10-140-54-4]:29500): Broken pipe
Exception raised from sendBytes at /pytorch/torch/csrc/distributed/c10d/Utils.hpp:646 (most recent call first):
frame #0: c10::Error::Error(c10::SourceLocation, std::string) + 0x96 (0x7f17e1ce41b6 in /mnt/petrelfs/jianglihan/miniconda3/envs/1d/lib/python3.10/site-packages/torch/lib/libc10.so)
frame #1: <unknown function> + 0x6311c1d (0x7f182204ec1d in /mnt/petrelfs/jianglihan/miniconda3/envs/1d/lib/python3.10/site-packages/torch/lib/libtorch_cpu.so)
frame #2: c10d::TCPStore::set(std::string const&, std::vector<unsigned char, std::allocator<unsigned char> > const&) + 0x1fa (0x7f182204af8a in /mnt/petrelfs/jianglihan/miniconda3/envs/1d/lib/python3.10/site-packages/torch/lib/libtorch_cpu.so)
frame #3: c10d::PrefixStore::set(std::string const&, std::vector<unsigned char, std::allocator<unsigned char> > const&) + 0x37 (0x7f1821ffa487 in /mnt/petrelfs/jianglihan/miniconda3/envs/1d/lib/python3.10/site-packages/torch/lib/libtorch_cpu.so)
frame #4: c10d::PrefixStore::set(std::string const&, std::vector<unsigned char, std::allocator<unsigned char> > const&) + 0x37 (0x7f1821ffa487 in /mnt/petrelfs/jianglihan/miniconda3/envs/1d/lib/python3.10/site-packages/torch/lib/libtorch_cpu.so)
frame #5: c10d::PrefixStore::set(std::string const&, std::vector<unsigned char, std::allocator<unsigned char> > const&) + 0x37 (0x7f1821ffa487 in /mnt/petrelfs/jianglihan/miniconda3/envs/1d/lib/python3.10/site-packages/torch/lib/libtorch_cpu.so)
frame #6: <unknown function> + 0x121b4de (0x7f17e30494de in /mnt/petrelfs/jianglihan/miniconda3/envs/1d/lib/python3.10/site-packages/torch/lib/libtorch_cuda.so)
frame #7: c10d::ProcessGroupNCCL::DesyncDebugger::logWorkEnd(c10d::ProcessGroupNCCL::WorkNCCL&) + 0x44 (0x7f17e300f8c4 in /mnt/petrelfs/jianglihan/miniconda3/envs/1d/lib/python3.10/site-packages/torch/lib/libtorch_cuda.so)
frame #8: c10d::ProcessGroupNCCL::watchdogHandler() + 0x663 (0x7f17e301e743 in /mnt/petrelfs/jianglihan/miniconda3/envs/1d/lib/python3.10/site-packages/torch/lib/libtorch_cuda.so)
frame #9: c10d::ProcessGroupNCCL::ncclCommWatchdog() + 0x14d (0x7f17e301f88d in /mnt/petrelfs/jianglihan/miniconda3/envs/1d/lib/python3.10/site-packages/torch/lib/libtorch_cuda.so)
frame #10: <unknown function> + 0x145c0 (0x7f1830e0d5c0 in /mnt/petrelfs/jianglihan/miniconda3/envs/1d/lib/python3.10/site-packages/torch/lib/libtorch.so)
frame #11: <unknown function> + 0x7dd5 (0x7f183d7e4dd5 in /lib64/libpthread.so.0)
frame #12: clone + 0x6d (0x7f183ce04ead in /lib64/libc.so.6)

[rank10]:[E1202 06:21:06.127598719 TraceUtils.h:70] Store is down while updating #273525 with key NCCL_10_trace_end
SH-IDCA1404-10-140-54-5:37338:71084 [4] NCCL INFO comm 0xc136640 rank 12 nranks 32 cudaDev 4 busId 9d000 - Abort COMPLETE
[rank11]:[W1202 06:21:06.124508342 TCPStore.cpp:106] [c10d] sendBytes failed on SocketImpl(fd=32, addr=[SH-IDCA1404-10-140-54-5]:57936, remote=[SH-IDCA1404-10-140-54-4]:29500): Broken pipe
Exception raised from sendBytes at /pytorch/torch/csrc/distributed/c10d/Utils.hpp:646 (most recent call first):
frame #0: c10::Error::Error(c10::SourceLocation, std::string) + 0x96 (0x7f2c35bb61b6 in /mnt/petrelfs/jianglihan/miniconda3/envs/1d/lib/python3.10/site-packages/torch/lib/libc10.so)
frame #1: <unknown function> + 0x6311c1d (0x7f2c75f20c1d in /mnt/petrelfs/jianglihan/miniconda3/envs/1d/lib/python3.10/site-packages/torch/lib/libtorch_cpu.so)
frame #2: c10d::TCPStore::set(std::string const&, std::vector<unsigned char, std::allocator<unsigned char> > const&) + 0x1fa (0x7f2c75f1cf8a in /mnt/petrelfs/jianglihan/miniconda3/envs/1d/lib/python3.10/site-packages/torch/lib/libtorch_cpu.so)
frame #3: c10d::PrefixStore::set(std::string const&, std::vector<unsigned char, std::allocator<unsigned char> > const&) + 0x37 (0x7f2c75ecc487 in /mnt/petrelfs/jianglihan/miniconda3/envs/1d/lib/python3.10/site-packages/torch/lib/libtorch_cpu.so)
frame #4: c10d::PrefixStore::set(std::string const&, std::vector<unsigned char, std::allocator<unsigned char> > const&) + 0x37 (0x7f2c75ecc487 in /mnt/petrelfs/jianglihan/miniconda3/envs/1d/lib/python3.10/site-packages/torch/lib/libtorch_cpu.so)
frame #5: c10d::PrefixStore::set(std::string const&, std::vector<unsigned char, std::allocator<unsigned char> > const&) + 0x37 (0x7f2c75ecc487 in /mnt/petrelfs/jianglihan/miniconda3/envs/1d/lib/python3.10/site-packages/torch/lib/libtorch_cpu.so)
frame #6: <unknown function> + 0x121b4de (0x7f2c36f1b4de in /mnt/petrelfs/jianglihan/miniconda3/envs/1d/lib/python3.10/site-packages/torch/lib/libtorch_cuda.so)
frame #7: c10d::ProcessGroupNCCL::DesyncDebugger::logWorkEnd(c10d::ProcessGroupNCCL::WorkNCCL&) + 0x44 (0x7f2c36ee18c4 in /mnt/petrelfs/jianglihan/miniconda3/envs/1d/lib/python3.10/site-packages/torch/lib/libtorch_cuda.so)
frame #8: c10d::ProcessGroupNCCL::watchdogHandler() + 0x663 (0x7f2c36ef0743 in /mnt/petrelfs/jianglihan/miniconda3/envs/1d/lib/python3.10/site-packages/torch/lib/libtorch_cuda.so)
frame #9: c10d::ProcessGroupNCCL::ncclCommWatchdog() + 0x14d (0x7f2c36ef188d in /mnt/petrelfs/jianglihan/miniconda3/envs/1d/lib/python3.10/site-packages/torch/lib/libtorch_cuda.so)
frame #10: <unknown function> + 0x145c0 (0x7f2c84cdf5c0 in /mnt/petrelfs/jianglihan/miniconda3/envs/1d/lib/python3.10/site-packages/torch/lib/libtorch.so)
frame #11: <unknown function> + 0x7dd5 (0x7f2c916b6dd5 in /lib64/libpthread.so.0)
frame #12: clone + 0x6d (0x7f2c90cd6ead in /lib64/libc.so.6)

[rank11]:[E1202 06:21:06.130233133 TraceUtils.h:70] Store is down while updating #273525 with key NCCL_11_trace_end
[rank14]:[W1202 06:21:06.125130161 TCPStore.cpp:106] [c10d] sendBytes failed on SocketImpl(fd=32, addr=[SH-IDCA1404-10-140-54-5]:57932, remote=[SH-IDCA1404-10-140-54-4]:29500): Broken pipe
Exception raised from sendBytes at /pytorch/torch/csrc/distributed/c10d/Utils.hpp:646 (most recent call first):
frame #0: c10::Error::Error(c10::SourceLocation, std::string) + 0x96 (0x7f56cf0981b6 in /mnt/petrelfs/jianglihan/miniconda3/envs/1d/lib/python3.10/site-packages/torch/lib/libc10.so)
frame #1: <unknown function> + 0x6311c1d (0x7f570f402c1d in /mnt/petrelfs/jianglihan/miniconda3/envs/1d/lib/python3.10/site-packages/torch/lib/libtorch_cpu.so)
frame #2: c10d::TCPStore::set(std::string const&, std::vector<unsigned char, std::allocator<unsigned char> > const&) + 0x1fa (0x7f570f3fef8a in /mnt/petrelfs/jianglihan/miniconda3/envs/1d/lib/python3.10/site-packages/torch/lib/libtorch_cpu.so)
frame #3: c10d::PrefixStore::set(std::string const&, std::vector<unsigned char, std::allocator<unsigned char> > const&) + 0x37 (0x7f570f3ae487 in /mnt/petrelfs/jianglihan/miniconda3/envs/1d/lib/python3.10/site-packages/torch/lib/libtorch_cpu.so)
frame #4: c10d::PrefixStore::set(std::string const&, std::vector<unsigned char, std::allocator<unsigned char> > const&) + 0x37 (0x7f570f3ae487 in /mnt/petrelfs/jianglihan/miniconda3/envs/1d/lib/python3.10/site-packages/torch/lib/libtorch_cpu.so)
frame #5: c10d::PrefixStore::set(std::string const&, std::vector<unsigned char, std::allocator<unsigned char> > const&) + 0x37 (0x7f570f3ae487 in /mnt/petrelfs/jianglihan/miniconda3/envs/1d/lib/python3.10/site-packages/torch/lib/libtorch_cpu.so)
frame #6: <unknown function> + 0x121b4de (0x7f56d03fd4de in /mnt/petrelfs/jianglihan/miniconda3/envs/1d/lib/python3.10/site-packages/torch/lib/libtorch_cuda.so)
frame #7: c10d::ProcessGroupNCCL::DesyncDebugger::logWorkEnd(c10d::ProcessGroupNCCL::WorkNCCL&) + 0x44 (0x7f56d03c38c4 in /mnt/petrelfs/jianglihan/miniconda3/envs/1d/lib/python3.10/site-packages/torch/lib/libtorch_cuda.so)
frame #8: c10d::ProcessGroupNCCL::watchdogHandler() + 0x663 (0x7f56d03d2743 in /mnt/petrelfs/jianglihan/miniconda3/envs/1d/lib/python3.10/site-packages/torch/lib/libtorch_cuda.so)
frame #9: c10d::ProcessGroupNCCL::ncclCommWatchdog() + 0x14d (0x7f56d03d388d in /mnt/petrelfs/jianglihan/miniconda3/envs/1d/lib/python3.10/site-packages/torch/lib/libtorch_cuda.so)
frame #10: <unknown function> + 0x145c0 (0x7f571e1c15c0 in /mnt/petrelfs/jianglihan/miniconda3/envs/1d/lib/python3.10/site-packages/torch/lib/libtorch.so)
frame #11: <unknown function> + 0x7dd5 (0x7f572ab98dd5 in /lib64/libpthread.so.0)
frame #12: clone + 0x6d (0x7f572a1b8ead in /lib64/libc.so.6)

[rank14]:[E1202 06:21:06.132253904 TraceUtils.h:70] Store is down while updating #273525 with key NCCL_14_trace_end
[rank13]:[W1202 06:21:06.127358729 TCPStore.cpp:106] [c10d] sendBytes failed on SocketImpl(fd=32, addr=[SH-IDCA1404-10-140-54-5]:57940, remote=[SH-IDCA1404-10-140-54-4]:29500): Broken pipe
Exception raised from sendBytes at /pytorch/torch/csrc/distributed/c10d/Utils.hpp:646 (most recent call first):
frame #0: c10::Error::Error(c10::SourceLocation, std::string) + 0x96 (0x7f141baac1b6 in /mnt/petrelfs/jianglihan/miniconda3/envs/1d/lib/python3.10/site-packages/torch/lib/libc10.so)
frame #1: <unknown function> + 0x6311c1d (0x7f145be16c1d in /mnt/petrelfs/jianglihan/miniconda3/envs/1d/lib/python3.10/site-packages/torch/lib/libtorch_cpu.so)
frame #2: c10d::TCPStore::set(std::string const&, std::vector<unsigned char, std::allocator<unsigned char> > const&) + 0x1fa (0x7f145be12f8a in /mnt/petrelfs/jianglihan/miniconda3/envs/1d/lib/python3.10/site-packages/torch/lib/libtorch_cpu.so)
frame #3: c10d::PrefixStore::set(std::string const&, std::vector<unsigned char, std::allocator<unsigned char> > const&) + 0x37 (0x7f145bdc2487 in /mnt/petrelfs/jianglihan/miniconda3/envs/1d/lib/python3.10/site-packages/torch/lib/libtorch_cpu.so)
frame #4: c10d::PrefixStore::set(std::string const&, std::vector<unsigned char, std::allocator<unsigned char> > const&) + 0x37 (0x7f145bdc2487 in /mnt/petrelfs/jianglihan/miniconda3/envs/1d/lib/python3.10/site-packages/torch/lib/libtorch_cpu.so)
frame #5: c10d::PrefixStore::set(std::string const&, std::vector<unsigned char, std::allocator<unsigned char> > const&) + 0x37 (0x7f145bdc2487 in /mnt/petrelfs/jianglihan/miniconda3/envs/1d/lib/python3.10/site-packages/torch/lib/libtorch_cpu.so)
frame #6: <unknown function> + 0x121b4de (0x7f141ce114de in /mnt/petrelfs/jianglihan/miniconda3/envs/1d/lib/python3.10/site-packages/torch/lib/libtorch_cuda.so)
frame #7: c10d::ProcessGroupNCCL::DesyncDebugger::logWorkEnd(c10d::ProcessGroupNCCL::WorkNCCL&) + 0x44 (0x7f141cdd78c4 in /mnt/petrelfs/jianglihan/miniconda3/envs/1d/lib/python3.10/site-packages/torch/lib/libtorch_cuda.so)
frame #8: c10d::ProcessGroupNCCL::watchdogHandler() + 0x663 (0x7f141cde6743 in /mnt/petrelfs/jianglihan/miniconda3/envs/1d/lib/python3.10/site-packages/torch/lib/libtorch_cuda.so)
frame #9: c10d::ProcessGroupNCCL::ncclCommWatchdog() + 0x14d (0x7f141cde788d in /mnt/petrelfs/jianglihan/miniconda3/envs/1d/lib/python3.10/site-packages/torch/lib/libtorch_cuda.so)
frame #10: <unknown function> + 0x145c0 (0x7f146abd55c0 in /mnt/petrelfs/jianglihan/miniconda3/envs/1d/lib/python3.10/site-packages/torch/lib/libtorch.so)
frame #11: <unknown function> + 0x7dd5 (0x7f14775acdd5 in /lib64/libpthread.so.0)
frame #12: clone + 0x6d (0x7f1476bccead in /lib64/libc.so.6)

[rank13]:[E1202 06:21:06.133041358 TraceUtils.h:70] Store is down while updating #273525 with key NCCL_13_trace_end
[rank12]:[W1202 06:21:06.128271393 TCPStore.cpp:106] [c10d] sendBytes failed on SocketImpl(fd=32, addr=[SH-IDCA1404-10-140-54-5]:57942, remote=[SH-IDCA1404-10-140-54-4]:29500): Broken pipe
Exception raised from sendBytes at /pytorch/torch/csrc/distributed/c10d/Utils.hpp:646 (most recent call first):
frame #0: c10::Error::Error(c10::SourceLocation, std::string) + 0x96 (0x7f2a207af1b6 in /mnt/petrelfs/jianglihan/miniconda3/envs/1d/lib/python3.10/site-packages/torch/lib/libc10.so)
frame #1: <unknown function> + 0x6311c1d (0x7f2a60b19c1d in /mnt/petrelfs/jianglihan/miniconda3/envs/1d/lib/python3.10/site-packages/torch/lib/libtorch_cpu.so)
frame #2: c10d::TCPStore::set(std::string const&, std::vector<unsigned char, std::allocator<unsigned char> > const&) + 0x1fa (0x7f2a60b15f8a in /mnt/petrelfs/jianglihan/miniconda3/envs/1d/lib/python3.10/site-packages/torch/lib/libtorch_cpu.so)
frame #3: c10d::PrefixStore::set(std::string const&, std::vector<unsigned char, std::allocator<unsigned char> > const&) + 0x37 (0x7f2a60ac5487 in /mnt/petrelfs/jianglihan/miniconda3/envs/1d/lib/python3.10/site-packages/torch/lib/libtorch_cpu.so)
frame #4: c10d::PrefixStore::set(std::string const&, std::vector<unsigned char, std::allocator<unsigned char> > const&) + 0x37 (0x7f2a60ac5487 in /mnt/petrelfs/jianglihan/miniconda3/envs/1d/lib/python3.10/site-packages/torch/lib/libtorch_cpu.so)
frame #5: c10d::PrefixStore::set(std::string const&, std::vector<unsigned char, std::allocator<unsigned char> > const&) + 0x37 (0x7f2a60ac5487 in /mnt/petrelfs/jianglihan/miniconda3/envs/1d/lib/python3.10/site-packages/torch/lib/libtorch_cpu.so)
frame #6: <unknown function> + 0x121b4de (0x7f2a21b144de in /mnt/petrelfs/jianglihan/miniconda3/envs/1d/lib/python3.10/site-packages/torch/lib/libtorch_cuda.so)
frame #7: c10d::ProcessGroupNCCL::DesyncDebugger::logWorkEnd(c10d::ProcessGroupNCCL::WorkNCCL&) + 0x44 (0x7f2a21ada8c4 in /mnt/petrelfs/jianglihan/miniconda3/envs/1d/lib/python3.10/site-packages/torch/lib/libtorch_cuda.so)
frame #8: c10d::ProcessGroupNCCL::watchdogHandler() + 0x663 (0x7f2a21ae9743 in /mnt/petrelfs/jianglihan/miniconda3/envs/1d/lib/python3.10/site-packages/torch/lib/libtorch_cuda.so)
frame #9: c10d::ProcessGroupNCCL::ncclCommWatchdog() + 0x14d (0x7f2a21aea88d in /mnt/petrelfs/jianglihan/miniconda3/envs/1d/lib/python3.10/site-packages/torch/lib/libtorch_cuda.so)
frame #10: <unknown function> + 0x145c0 (0x7f2a6f8d85c0 in /mnt/petrelfs/jianglihan/miniconda3/envs/1d/lib/python3.10/site-packages/torch/lib/libtorch.so)
frame #11: <unknown function> + 0x7dd5 (0x7f2a7c1afdd5 in /lib64/libpthread.so.0)
frame #12: clone + 0x6d (0x7f2a7b7cfead in /lib64/libc.so.6)

[rank12]:[E1202 06:21:06.135195052 TraceUtils.h:70] Store is down while updating #273525 with key NCCL_12_trace_end
SH-IDCA1404-10-140-54-60:31474:34939 [0] NCCL INFO [Service thread] Connection closed by localRank 6
SH-IDCA1404-10-140-54-60:31474:34939 [0] NCCL INFO [Service thread] Connection closed by localRank 2
SH-IDCA1404-10-140-54-60:31480:34930 [6] NCCL INFO [Service thread] Connection closed by localRank 6
SH-IDCA1404-10-140-54-60:31476:34934 [2] NCCL INFO [Service thread] Connection closed by localRank 2
SH-IDCA1404-10-140-54-60:31474:34939 [0] NCCL INFO [Service thread] Connection closed by localRank 3
SH-IDCA1404-10-140-54-60:31474:34939 [0] NCCL INFO [Service thread] Connection closed by localRank 5
SH-IDCA1404-10-140-54-60:31474:34939 [0] NCCL INFO [Service thread] Connection closed by localRank 4
SH-IDCA1404-10-140-54-60:31477:34935 [3] NCCL INFO [Service thread] Connection closed by localRank 3
SH-IDCA1404-10-140-54-60:31478:34937 [4] NCCL INFO [Service thread] Connection closed by localRank 4
SH-IDCA1404-10-140-54-60:31479:34929 [5] NCCL INFO [Service thread] Connection closed by localRank 5
SH-IDCA1404-10-140-54-60:31474:34939 [0] NCCL INFO [Service thread] Connection closed by localRank 7
SH-IDCA1404-10-140-54-60:31481:34928 [7] NCCL INFO [Service thread] Connection closed by localRank 7
SH-IDCA1404-10-140-54-37:54153:55355 [0] NCCL INFO [Service thread] Connection closed by localRank 0
SH-IDCA1404-10-140-54-60:31477:69865 [3] NCCL INFO comm 0xabf76c0 rank 27 nranks 32 cudaDev 3 busId 71000 - Abort COMPLETE
SH-IDCA1404-10-140-54-60:31480:69871 [6] NCCL INFO comm 0xa816920 rank 30 nranks 32 cudaDev 6 busId d4000 - Abort COMPLETE
SH-IDCA1404-10-140-54-60:31478:69868 [4] NCCL INFO comm 0xac45d10 rank 28 nranks 32 cudaDev 4 busId 9d000 - Abort COMPLETE
SH-IDCA1404-10-140-54-60:31479:69869 [5] NCCL INFO comm 0xa69f0b0 rank 29 nranks 32 cudaDev 5 busId a1000 - Abort COMPLETE
SH-IDCA1404-10-140-54-60:31476:69866 [2] NCCL INFO comm 0xa4dd7e0 rank 26 nranks 32 cudaDev 2 busId 6b000 - Abort COMPLETE
[rank27]:[W1202 06:21:06.180143465 TCPStore.cpp:106] [c10d] sendBytes failed on SocketImpl(fd=32, addr=[SH-IDCA1404-10-140-54-60]:48396, remote=[SH-IDCA1404-10-140-54-4]:29500): Broken pipe
Exception raised from sendBytes at /pytorch/torch/csrc/distributed/c10d/Utils.hpp:646 (most recent call first):
frame #0: c10::Error::Error(c10::SourceLocation, std::string) + 0x96 (0x7fd5b69381b6 in /mnt/petrelfs/jianglihan/miniconda3/envs/1d/lib/python3.10/site-packages/torch/lib/libc10.so)
frame #1: <unknown function> + 0x6311c1d (0x7fd5f6ca2c1d in /mnt/petrelfs/jianglihan/miniconda3/envs/1d/lib/python3.10/site-packages/torch/lib/libtorch_cpu.so)
frame #2: c10d::TCPStore::set(std::string const&, std::vector<unsigned char, std::allocator<unsigned char> > const&) + 0x1fa (0x7fd5f6c9ef8a in /mnt/petrelfs/jianglihan/miniconda3/envs/1d/lib/python3.10/site-packages/torch/lib/libtorch_cpu.so)
frame #3: c10d::PrefixStore::set(std::string const&, std::vector<unsigned char, std::allocator<unsigned char> > const&) + 0x37 (0x7fd5f6c4e487 in /mnt/petrelfs/jianglihan/miniconda3/envs/1d/lib/python3.10/site-packages/torch/lib/libtorch_cpu.so)
frame #4: c10d::PrefixStore::set(std::string const&, std::vector<unsigned char, std::allocator<unsigned char> > const&) + 0x37 (0x7fd5f6c4e487 in /mnt/petrelfs/jianglihan/miniconda3/envs/1d/lib/python3.10/site-packages/torch/lib/libtorch_cpu.so)
frame #5: c10d::PrefixStore::set(std::string const&, std::vector<unsigned char, std::allocator<unsigned char> > const&) + 0x37 (0x7fd5f6c4e487 in /mnt/petrelfs/jianglihan/miniconda3/envs/1d/lib/python3.10/site-packages/torch/lib/libtorch_cpu.so)
frame #6: <unknown function> + 0x121b4de (0x7fd5b7c9d4de in /mnt/petrelfs/jianglihan/miniconda3/envs/1d/lib/python3.10/site-packages/torch/lib/libtorch_cuda.so)
frame #7: c10d::ProcessGroupNCCL::DesyncDebugger::logWorkEnd(c10d::ProcessGroupNCCL::WorkNCCL&) + 0x44 (0x7fd5b7c638c4 in /mnt/petrelfs/jianglihan/miniconda3/envs/1d/lib/python3.10/site-packages/torch/lib/libtorch_cuda.so)
frame #8: c10d::ProcessGroupNCCL::watchdogHandler() + 0x663 (0x7fd5b7c72743 in /mnt/petrelfs/jianglihan/miniconda3/envs/1d/lib/python3.10/site-packages/torch/lib/libtorch_cuda.so)
frame #9: c10d::ProcessGroupNCCL::ncclCommWatchdog() + 0x14d (0x7fd5b7c7388d in /mnt/petrelfs/jianglihan/miniconda3/envs/1d/lib/python3.10/site-packages/torch/lib/libtorch_cuda.so)
frame #10: <unknown function> + 0x145c0 (0x7fd605a615c0 in /mnt/petrelfs/jianglihan/miniconda3/envs/1d/lib/python3.10/site-packages/torch/lib/libtorch.so)
frame #11: <unknown function> + 0x7dd5 (0x7fd612438dd5 in /lib64/libpthread.so.0)
frame #12: clone + 0x6d (0x7fd611a58ead in /lib64/libc.so.6)

[rank27]:[E1202 06:21:06.185918076 TraceUtils.h:70] Store is down while updating #273525 with key NCCL_27_trace_end
SH-IDCA1404-10-140-54-60:31481:69870 [7] NCCL INFO comm 0xbc0b370 rank 31 nranks 32 cudaDev 7 busId d7000 - Abort COMPLETE
[rank30]:[W1202 06:21:06.180715595 TCPStore.cpp:106] [c10d] sendBytes failed on SocketImpl(fd=32, addr=[SH-IDCA1404-10-140-54-60]:48346, remote=[SH-IDCA1404-10-140-54-4]:29500): Broken pipe
Exception raised from sendBytes at /pytorch/torch/csrc/distributed/c10d/Utils.hpp:646 (most recent call first):
frame #0: c10::Error::Error(c10::SourceLocation, std::string) + 0x96 (0x7f651e59f1b6 in /mnt/petrelfs/jianglihan/miniconda3/envs/1d/lib/python3.10/site-packages/torch/lib/libc10.so)
frame #1: <unknown function> + 0x6311c1d (0x7f655e909c1d in /mnt/petrelfs/jianglihan/miniconda3/envs/1d/lib/python3.10/site-packages/torch/lib/libtorch_cpu.so)
frame #2: c10d::TCPStore::set(std::string const&, std::vector<unsigned char, std::allocator<unsigned char> > const&) + 0x1fa (0x7f655e905f8a in /mnt/petrelfs/jianglihan/miniconda3/envs/1d/lib/python3.10/site-packages/torch/lib/libtorch_cpu.so)
frame #3: c10d::PrefixStore::set(std::string const&, std::vector<unsigned char, std::allocator<unsigned char> > const&) + 0x37 (0x7f655e8b5487 in /mnt/petrelfs/jianglihan/miniconda3/envs/1d/lib/python3.10/site-packages/torch/lib/libtorch_cpu.so)
frame #4: c10d::PrefixStore::set(std::string const&, std::vector<unsigned char, std::allocator<unsigned char> > const&) + 0x37 (0x7f655e8b5487 in /mnt/petrelfs/jianglihan/miniconda3/envs/1d/lib/python3.10/site-packages/torch/lib/libtorch_cpu.so)
frame #5: c10d::PrefixStore::set(std::string const&, std::vector<unsigned char, std::allocator<unsigned char> > const&) + 0x37 (0x7f655e8b5487 in /mnt/petrelfs/jianglihan/miniconda3/envs/1d/lib/python3.10/site-packages/torch/lib/libtorch_cpu.so)
frame #6: <unknown function> + 0x121b4de (0x7f651f9044de in /mnt/petrelfs/jianglihan/miniconda3/envs/1d/lib/python3.10/site-packages/torch/lib/libtorch_cuda.so)
frame #7: c10d::ProcessGroupNCCL::DesyncDebugger::logWorkEnd(c10d::ProcessGroupNCCL::WorkNCCL&) + 0x44 (0x7f651f8ca8c4 in /mnt/petrelfs/jianglihan/miniconda3/envs/1d/lib/python3.10/site-packages/torch/lib/libtorch_cuda.so)
frame #8: c10d::ProcessGroupNCCL::watchdogHandler() + 0x663 (0x7f651f8d9743 in /mnt/petrelfs/jianglihan/miniconda3/envs/1d/lib/python3.10/site-packages/torch/lib/libtorch_cuda.so)
frame #9: c10d::ProcessGroupNCCL::ncclCommWatchdog() + 0x14d (0x7f651f8da88d in /mnt/petrelfs/jianglihan/miniconda3/envs/1d/lib/python3.10/site-packages/torch/lib/libtorch_cuda.so)
frame #10: <unknown function> + 0x145c0 (0x7f656d6c85c0 in /mnt/petrelfs/jianglihan/miniconda3/envs/1d/lib/python3.10/site-packages/torch/lib/libtorch.so)
frame #11: <unknown function> + 0x7dd5 (0x7f6579f9fdd5 in /lib64/libpthread.so.0)
frame #12: clone + 0x6d (0x7f65795bfead in /lib64/libc.so.6)

[rank30]:[E1202 06:21:06.186548195 TraceUtils.h:70] Store is down while updating #273525 with key NCCL_30_trace_end
[rank28]:[W1202 06:21:06.181763943 TCPStore.cpp:106] [c10d] sendBytes failed on SocketImpl(fd=32, addr=[SH-IDCA1404-10-140-54-60]:48342, remote=[SH-IDCA1404-10-140-54-4]:29500): Broken pipe
Exception raised from sendBytes at /pytorch/torch/csrc/distributed/c10d/Utils.hpp:646 (most recent call first):
frame #0: c10::Error::Error(c10::SourceLocation, std::string) + 0x96 (0x7fe91250c1b6 in /mnt/petrelfs/jianglihan/miniconda3/envs/1d/lib/python3.10/site-packages/torch/lib/libc10.so)
frame #1: <unknown function> + 0x6311c1d (0x7fe952876c1d in /mnt/petrelfs/jianglihan/miniconda3/envs/1d/lib/python3.10/site-packages/torch/lib/libtorch_cpu.so)
frame #2: c10d::TCPStore::set(std::string const&, std::vector<unsigned char, std::allocator<unsigned char> > const&) + 0x1fa (0x7fe952872f8a in /mnt/petrelfs/jianglihan/miniconda3/envs/1d/lib/python3.10/site-packages/torch/lib/libtorch_cpu.so)
frame #3: c10d::PrefixStore::set(std::string const&, std::vector<unsigned char, std::allocator<unsigned char> > const&) + 0x37 (0x7fe952822487 in /mnt/petrelfs/jianglihan/miniconda3/envs/1d/lib/python3.10/site-packages/torch/lib/libtorch_cpu.so)
frame #4: c10d::PrefixStore::set(std::string const&, std::vector<unsigned char, std::allocator<unsigned char> > const&) + 0x37 (0x7fe952822487 in /mnt/petrelfs/jianglihan/miniconda3/envs/1d/lib/python3.10/site-packages/torch/lib/libtorch_cpu.so)
frame #5: c10d::PrefixStore::set(std::string const&, std::vector<unsigned char, std::allocator<unsigned char> > const&) + 0x37 (0x7fe952822487 in /mnt/petrelfs/jianglihan/miniconda3/envs/1d/lib/python3.10/site-packages/torch/lib/libtorch_cpu.so)
frame #6: <unknown function> + 0x121b4de (0x7fe9138714de in /mnt/petrelfs/jianglihan/miniconda3/envs/1d/lib/python3.10/site-packages/torch/lib/libtorch_cuda.so)
frame #7: c10d::ProcessGroupNCCL::DesyncDebugger::logWorkEnd(c10d::ProcessGroupNCCL::WorkNCCL&) + 0x44 (0x7fe9138378c4 in /mnt/petrelfs/jianglihan/miniconda3/envs/1d/lib/python3.10/site-packages/torch/lib/libtorch_cuda.so)
frame #8: c10d::ProcessGroupNCCL::watchdogHandler() + 0x663 (0x7fe913846743 in /mnt/petrelfs/jianglihan/miniconda3/envs/1d/lib/python3.10/site-packages/torch/lib/libtorch_cuda.so)
frame #9: c10d::ProcessGroupNCCL::ncclCommWatchdog() + 0x14d (0x7fe91384788d in /mnt/petrelfs/jianglihan/miniconda3/envs/1d/lib/python3.10/site-packages/torch/lib/libtorch_cuda.so)
frame #10: <unknown function> + 0x145c0 (0x7fe9616355c0 in /mnt/petrelfs/jianglihan/miniconda3/envs/1d/lib/python3.10/site-packages/torch/lib/libtorch.so)
frame #11: <unknown function> + 0x7dd5 (0x7fe96df13dd5 in /lib64/libpthread.so.0)
frame #12: clone + 0x6d (0x7fe96d533ead in /lib64/libc.so.6)

[rank28]:[E1202 06:21:06.187599759 TraceUtils.h:70] Store is down while updating #273525 with key NCCL_28_trace_end
[rank29]:[W1202 06:21:06.183532540 TCPStore.cpp:106] [c10d] sendBytes failed on SocketImpl(fd=32, addr=[SH-IDCA1404-10-140-54-60]:48394, remote=[SH-IDCA1404-10-140-54-4]:29500): Broken pipe
Exception raised from sendBytes at /pytorch/torch/csrc/distributed/c10d/Utils.hpp:646 (most recent call first):
frame #0: c10::Error::Error(c10::SourceLocation, std::string) + 0x96 (0x7f03b06ae1b6 in /mnt/petrelfs/jianglihan/miniconda3/envs/1d/lib/python3.10/site-packages/torch/lib/libc10.so)
frame #1: <unknown function> + 0x6311c1d (0x7f03f0a18c1d in /mnt/petrelfs/jianglihan/miniconda3/envs/1d/lib/python3.10/site-packages/torch/lib/libtorch_cpu.so)
frame #2: c10d::TCPStore::set(std::string const&, std::vector<unsigned char, std::allocator<unsigned char> > const&) + 0x1fa (0x7f03f0a14f8a in /mnt/petrelfs/jianglihan/miniconda3/envs/1d/lib/python3.10/site-packages/torch/lib/libtorch_cpu.so)
frame #3: c10d::PrefixStore::set(std::string const&, std::vector<unsigned char, std::allocator<unsigned char> > const&) + 0x37 (0x7f03f09c4487 in /mnt/petrelfs/jianglihan/miniconda3/envs/1d/lib/python3.10/site-packages/torch/lib/libtorch_cpu.so)
frame #4: c10d::PrefixStore::set(std::string const&, std::vector<unsigned char, std::allocator<unsigned char> > const&) + 0x37 (0x7f03f09c4487 in /mnt/petrelfs/jianglihan/miniconda3/envs/1d/lib/python3.10/site-packages/torch/lib/libtorch_cpu.so)
frame #5: c10d::PrefixStore::set(std::string const&, std::vector<unsigned char, std::allocator<unsigned char> > const&) + 0x37 (0x7f03f09c4487 in /mnt/petrelfs/jianglihan/miniconda3/envs/1d/lib/python3.10/site-packages/torch/lib/libtorch_cpu.so)
frame #6: <unknown function> + 0x121b4de (0x7f03b1a134de in /mnt/petrelfs/jianglihan/miniconda3/envs/1d/lib/python3.10/site-packages/torch/lib/libtorch_cuda.so)
frame #7: c10d::ProcessGroupNCCL::DesyncDebugger::logWorkEnd(c10d::ProcessGroupNCCL::WorkNCCL&) + 0x44 (0x7f03b19d98c4 in /mnt/petrelfs/jianglihan/miniconda3/envs/1d/lib/python3.10/site-packages/torch/lib/libtorch_cuda.so)
frame #8: c10d::ProcessGroupNCCL::watchdogHandler() + 0x663 (0x7f03b19e8743 in /mnt/petrelfs/jianglihan/miniconda3/envs/1d/lib/python3.10/site-packages/torch/lib/libtorch_cuda.so)
frame #9: c10d::ProcessGroupNCCL::ncclCommWatchdog() + 0x14d (0x7f03b19e988d in /mnt/petrelfs/jianglihan/miniconda3/envs/1d/lib/python3.10/site-packages/torch/lib/libtorch_cuda.so)
frame #10: <unknown function> + 0x145c0 (0x7f03ff7d75c0 in /mnt/petrelfs/jianglihan/miniconda3/envs/1d/lib/python3.10/site-packages/torch/lib/libtorch.so)
frame #11: <unknown function> + 0x7dd5 (0x7f040c1aedd5 in /lib64/libpthread.so.0)
frame #12: clone + 0x6d (0x7f040b7ceead in /lib64/libc.so.6)

[rank29]:[E1202 06:21:06.189200261 TraceUtils.h:70] Store is down while updating #273525 with key NCCL_29_trace_end
[rank26]:[W1202 06:21:06.184435750 TCPStore.cpp:106] [c10d] sendBytes failed on SocketImpl(fd=32, addr=[SH-IDCA1404-10-140-54-60]:48344, remote=[SH-IDCA1404-10-140-54-4]:29500): Broken pipe
Exception raised from sendBytes at /pytorch/torch/csrc/distributed/c10d/Utils.hpp:646 (most recent call first):
frame #0: c10::Error::Error(c10::SourceLocation, std::string) + 0x96 (0x7f04d5cf31b6 in /mnt/petrelfs/jianglihan/miniconda3/envs/1d/lib/python3.10/site-packages/torch/lib/libc10.so)
frame #1: <unknown function> + 0x6311c1d (0x7f051605dc1d in /mnt/petrelfs/jianglihan/miniconda3/envs/1d/lib/python3.10/site-packages/torch/lib/libtorch_cpu.so)
frame #2: c10d::TCPStore::set(std::string const&, std::vector<unsigned char, std::allocator<unsigned char> > const&) + 0x1fa (0x7f0516059f8a in /mnt/petrelfs/jianglihan/miniconda3/envs/1d/lib/python3.10/site-packages/torch/lib/libtorch_cpu.so)
frame #3: c10d::PrefixStore::set(std::string const&, std::vector<unsigned char, std::allocator<unsigned char> > const&) + 0x37 (0x7f0516009487 in /mnt/petrelfs/jianglihan/miniconda3/envs/1d/lib/python3.10/site-packages/torch/lib/libtorch_cpu.so)
frame #4: c10d::PrefixStore::set(std::string const&, std::vector<unsigned char, std::allocator<unsigned char> > const&) + 0x37 (0x7f0516009487 in /mnt/petrelfs/jianglihan/miniconda3/envs/1d/lib/python3.10/site-packages/torch/lib/libtorch_cpu.so)
frame #5: c10d::PrefixStore::set(std::string const&, std::vector<unsigned char, std::allocator<unsigned char> > const&) + 0x37 (0x7f0516009487 in /mnt/petrelfs/jianglihan/miniconda3/envs/1d/lib/python3.10/site-packages/torch/lib/libtorch_cpu.so)
frame #6: <unknown function> + 0x121b4de (0x7f04d70584de in /mnt/petrelfs/jianglihan/miniconda3/envs/1d/lib/python3.10/site-packages/torch/lib/libtorch_cuda.so)
frame #7: c10d::ProcessGroupNCCL::DesyncDebugger::logWorkEnd(c10d::ProcessGroupNCCL::WorkNCCL&) + 0x44 (0x7f04d701e8c4 in /mnt/petrelfs/jianglihan/miniconda3/envs/1d/lib/python3.10/site-packages/torch/lib/libtorch_cuda.so)
frame #8: c10d::ProcessGroupNCCL::watchdogHandler() + 0x663 (0x7f04d702d743 in /mnt/petrelfs/jianglihan/miniconda3/envs/1d/lib/python3.10/site-packages/torch/lib/libtorch_cuda.so)
frame #9: c10d::ProcessGroupNCCL::ncclCommWatchdog() + 0x14d (0x7f04d702e88d in /mnt/petrelfs/jianglihan/miniconda3/envs/1d/lib/python3.10/site-packages/torch/lib/libtorch_cuda.so)
frame #10: <unknown function> + 0x145c0 (0x7f0524e1c5c0 in /mnt/petrelfs/jianglihan/miniconda3/envs/1d/lib/python3.10/site-packages/torch/lib/libtorch.so)
frame #11: <unknown function> + 0x7dd5 (0x7f05316f3dd5 in /lib64/libpthread.so.0)
frame #12: clone + 0x6d (0x7f0530d13ead in /lib64/libc.so.6)

[rank26]:[E1202 06:21:06.190231797 TraceUtils.h:70] Store is down while updating #273525 with key NCCL_26_trace_end
[rank31]:[W1202 06:21:06.186469610 TCPStore.cpp:106] [c10d] sendBytes failed on SocketImpl(fd=32, addr=[SH-IDCA1404-10-140-54-60]:48391, remote=[SH-IDCA1404-10-140-54-4]:29500): Broken pipe
Exception raised from sendBytes at /pytorch/torch/csrc/distributed/c10d/Utils.hpp:646 (most recent call first):
frame #0: c10::Error::Error(c10::SourceLocation, std::string) + 0x96 (0x7f2b6a50f1b6 in /mnt/petrelfs/jianglihan/miniconda3/envs/1d/lib/python3.10/site-packages/torch/lib/libc10.so)
frame #1: <unknown function> + 0x6311c1d (0x7f2baa879c1d in /mnt/petrelfs/jianglihan/miniconda3/envs/1d/lib/python3.10/site-packages/torch/lib/libtorch_cpu.so)
frame #2: c10d::TCPStore::set(std::string const&, std::vector<unsigned char, std::allocator<unsigned char> > const&) + 0x1fa (0x7f2baa875f8a in /mnt/petrelfs/jianglihan/miniconda3/envs/1d/lib/python3.10/site-packages/torch/lib/libtorch_cpu.so)
frame #3: c10d::PrefixStore::set(std::string const&, std::vector<unsigned char, std::allocator<unsigned char> > const&) + 0x37 (0x7f2baa825487 in /mnt/petrelfs/jianglihan/miniconda3/envs/1d/lib/python3.10/site-packages/torch/lib/libtorch_cpu.so)
frame #4: c10d::PrefixStore::set(std::string const&, std::vector<unsigned char, std::allocator<unsigned char> > const&) + 0x37 (0x7f2baa825487 in /mnt/petrelfs/jianglihan/miniconda3/envs/1d/lib/python3.10/site-packages/torch/lib/libtorch_cpu.so)
frame #5: c10d::PrefixStore::set(std::string const&, std::vector<unsigned char, std::allocator<unsigned char> > const&) + 0x37 (0x7f2baa825487 in /mnt/petrelfs/jianglihan/miniconda3/envs/1d/lib/python3.10/site-packages/torch/lib/libtorch_cpu.so)
frame #6: <unknown function> + 0x121b4de (0x7f2b6b8744de in /mnt/petrelfs/jianglihan/miniconda3/envs/1d/lib/python3.10/site-packages/torch/lib/libtorch_cuda.so)
frame #7: c10d::ProcessGroupNCCL::DesyncDebugger::logWorkEnd(c10d::ProcessGroupNCCL::WorkNCCL&) + 0x44 (0x7f2b6b83a8c4 in /mnt/petrelfs/jianglihan/miniconda3/envs/1d/lib/python3.10/site-packages/torch/lib/libtorch_cuda.so)
frame #8: c10d::ProcessGroupNCCL::watchdogHandler() + 0x663 (0x7f2b6b849743 in /mnt/petrelfs/jianglihan/miniconda3/envs/1d/lib/python3.10/site-packages/torch/lib/libtorch_cuda.so)
frame #9: c10d::ProcessGroupNCCL::ncclCommWatchdog() + 0x14d (0x7f2b6b84a88d in /mnt/petrelfs/jianglihan/miniconda3/envs/1d/lib/python3.10/site-packages/torch/lib/libtorch_cuda.so)
frame #10: <unknown function> + 0x145c0 (0x7f2bb96385c0 in /mnt/petrelfs/jianglihan/miniconda3/envs/1d/lib/python3.10/site-packages/torch/lib/libtorch.so)
frame #11: <unknown function> + 0x7dd5 (0x7f2bc5f0fdd5 in /lib64/libpthread.so.0)
frame #12: clone + 0x6d (0x7f2bc552fead in /lib64/libc.so.6)

[rank31]:[E1202 06:21:06.192248140 TraceUtils.h:70] Store is down while updating #273525 with key NCCL_31_trace_end
SH-IDCA1404-10-140-54-60:31474:34939 [0] NCCL INFO [Service thread] Connection closed by localRank 1
SH-IDCA1404-10-140-54-60:31475:34936 [1] NCCL INFO [Service thread] Connection closed by localRank 1
SH-IDCA1404-10-140-54-60:31475:69864 [1] NCCL INFO comm 0xc125900 rank 25 nranks 32 cudaDev 1 busId 56000 - Abort COMPLETE
[rank25]:[W1202 06:21:06.280241482 TCPStore.cpp:106] [c10d] sendBytes failed on SocketImpl(fd=32, addr=[SH-IDCA1404-10-140-54-60]:48360, remote=[SH-IDCA1404-10-140-54-4]:29500): Broken pipe
Exception raised from sendBytes at /pytorch/torch/csrc/distributed/c10d/Utils.hpp:646 (most recent call first):
frame #0: c10::Error::Error(c10::SourceLocation, std::string) + 0x96 (0x7fb9aecd41b6 in /mnt/petrelfs/jianglihan/miniconda3/envs/1d/lib/python3.10/site-packages/torch/lib/libc10.so)
frame #1: <unknown function> + 0x6311c1d (0x7fb9ef03ec1d in /mnt/petrelfs/jianglihan/miniconda3/envs/1d/lib/python3.10/site-packages/torch/lib/libtorch_cpu.so)
frame #2: c10d::TCPStore::set(std::string const&, std::vector<unsigned char, std::allocator<unsigned char> > const&) + 0x1fa (0x7fb9ef03af8a in /mnt/petrelfs/jianglihan/miniconda3/envs/1d/lib/python3.10/site-packages/torch/lib/libtorch_cpu.so)
frame #3: c10d::PrefixStore::set(std::string const&, std::vector<unsigned char, std::allocator<unsigned char> > const&) + 0x37 (0x7fb9eefea487 in /mnt/petrelfs/jianglihan/miniconda3/envs/1d/lib/python3.10/site-packages/torch/lib/libtorch_cpu.so)
frame #4: c10d::PrefixStore::set(std::string const&, std::vector<unsigned char, std::allocator<unsigned char> > const&) + 0x37 (0x7fb9eefea487 in /mnt/petrelfs/jianglihan/miniconda3/envs/1d/lib/python3.10/site-packages/torch/lib/libtorch_cpu.so)
frame #5: c10d::PrefixStore::set(std::string const&, std::vector<unsigned char, std::allocator<unsigned char> > const&) + 0x37 (0x7fb9eefea487 in /mnt/petrelfs/jianglihan/miniconda3/envs/1d/lib/python3.10/site-packages/torch/lib/libtorch_cpu.so)
frame #6: <unknown function> + 0x121b4de (0x7fb9b00394de in /mnt/petrelfs/jianglihan/miniconda3/envs/1d/lib/python3.10/site-packages/torch/lib/libtorch_cuda.so)
frame #7: c10d::ProcessGroupNCCL::DesyncDebugger::logWorkEnd(c10d::ProcessGroupNCCL::WorkNCCL&) + 0x44 (0x7fb9affff8c4 in /mnt/petrelfs/jianglihan/miniconda3/envs/1d/lib/python3.10/site-packages/torch/lib/libtorch_cuda.so)
frame #8: c10d::ProcessGroupNCCL::watchdogHandler() + 0x663 (0x7fb9b000e743 in /mnt/petrelfs/jianglihan/miniconda3/envs/1d/lib/python3.10/site-packages/torch/lib/libtorch_cuda.so)
frame #9: c10d::ProcessGroupNCCL::ncclCommWatchdog() + 0x14d (0x7fb9b000f88d in /mnt/petrelfs/jianglihan/miniconda3/envs/1d/lib/python3.10/site-packages/torch/lib/libtorch_cuda.so)
frame #10: <unknown function> + 0x145c0 (0x7fb9fddfd5c0 in /mnt/petrelfs/jianglihan/miniconda3/envs/1d/lib/python3.10/site-packages/torch/lib/libtorch.so)
frame #11: <unknown function> + 0x7dd5 (0x7fba0a7d4dd5 in /lib64/libpthread.so.0)
frame #12: clone + 0x6d (0x7fba09df4ead in /lib64/libc.so.6)

[rank25]:[E1202 06:21:06.286230275 TraceUtils.h:70] Store is down while updating #273525 with key NCCL_25_trace_end
SH-IDCA1404-10-140-54-5:37334:38333 [0] NCCL INFO [Service thread] Connection closed by localRank 0
SH-IDCA1404-10-140-54-37:54165:92738 [7] NCCL INFO comm 0xb677ec0 rank 23 nranks 32 cudaDev 7 busId d7000 - Abort COMPLETE
SH-IDCA1404-10-140-54-37:54160:92735 [6] NCCL INFO comm 0xca68d80 rank 22 nranks 32 cudaDev 6 busId d4000 - Abort COMPLETE
SH-IDCA1404-10-140-54-37:54159:92736 [5] NCCL INFO comm 0xa7f3b20 rank 21 nranks 32 cudaDev 5 busId a1000 - Abort COMPLETE
[rank23]:[W1202 06:21:06.520079630 TCPStore.cpp:106] [c10d] sendBytes failed on SocketImpl(fd=32, addr=[SH-IDCA1404-10-140-54-37]:46798, remote=[SH-IDCA1404-10-140-54-4]:29500): Broken pipe
Exception raised from sendBytes at /pytorch/torch/csrc/distributed/c10d/Utils.hpp:646 (most recent call first):
frame #0: c10::Error::Error(c10::SourceLocation, std::string) + 0x96 (0x7ff15c5c61b6 in /mnt/petrelfs/jianglihan/miniconda3/envs/1d/lib/python3.10/site-packages/torch/lib/libc10.so)
frame #1: <unknown function> + 0x6311c1d (0x7ff19c930c1d in /mnt/petrelfs/jianglihan/miniconda3/envs/1d/lib/python3.10/site-packages/torch/lib/libtorch_cpu.so)
frame #2: c10d::TCPStore::set(std::string const&, std::vector<unsigned char, std::allocator<unsigned char> > const&) + 0x1fa (0x7ff19c92cf8a in /mnt/petrelfs/jianglihan/miniconda3/envs/1d/lib/python3.10/site-packages/torch/lib/libtorch_cpu.so)
frame #3: c10d::PrefixStore::set(std::string const&, std::vector<unsigned char, std::allocator<unsigned char> > const&) + 0x37 (0x7ff19c8dc487 in /mnt/petrelfs/jianglihan/miniconda3/envs/1d/lib/python3.10/site-packages/torch/lib/libtorch_cpu.so)
frame #4: c10d::PrefixStore::set(std::string const&, std::vector<unsigned char, std::allocator<unsigned char> > const&) + 0x37 (0x7ff19c8dc487 in /mnt/petrelfs/jianglihan/miniconda3/envs/1d/lib/python3.10/site-packages/torch/lib/libtorch_cpu.so)
frame #5: c10d::PrefixStore::set(std::string const&, std::vector<unsigned char, std::allocator<unsigned char> > const&) + 0x37 (0x7ff19c8dc487 in /mnt/petrelfs/jianglihan/miniconda3/envs/1d/lib/python3.10/site-packages/torch/lib/libtorch_cpu.so)
frame #6: <unknown function> + 0x121b4de (0x7ff15d92b4de in /mnt/petrelfs/jianglihan/miniconda3/envs/1d/lib/python3.10/site-packages/torch/lib/libtorch_cuda.so)
frame #7: c10d::ProcessGroupNCCL::DesyncDebugger::logWorkEnd(c10d::ProcessGroupNCCL::WorkNCCL&) + 0x44 (0x7ff15d8f18c4 in /mnt/petrelfs/jianglihan/miniconda3/envs/1d/lib/python3.10/site-packages/torch/lib/libtorch_cuda.so)
frame #8: c10d::ProcessGroupNCCL::watchdogHandler() + 0x663 (0x7ff15d900743 in /mnt/petrelfs/jianglihan/miniconda3/envs/1d/lib/python3.10/site-packages/torch/lib/libtorch_cuda.so)
frame #9: c10d::ProcessGroupNCCL::ncclCommWatchdog() + 0x14d (0x7ff15d90188d in /mnt/petrelfs/jianglihan/miniconda3/envs/1d/lib/python3.10/site-packages/torch/lib/libtorch_cuda.so)
frame #10: <unknown function> + 0x145c0 (0x7ff1ab6ef5c0 in /mnt/petrelfs/jianglihan/miniconda3/envs/1d/lib/python3.10/site-packages/torch/lib/libtorch.so)
frame #11: <unknown function> + 0x7dd5 (0x7ff1b80c6dd5 in /lib64/libpthread.so.0)
frame #12: clone + 0x6d (0x7ff1b76e6ead in /lib64/libc.so.6)

SH-IDCA1404-10-140-54-37:54158:92734 [4] NCCL INFO comm 0xa089080 rank 20 nranks 32 cudaDev 4 busId 9d000 - Abort COMPLETE
[rank23]:[E1202 06:21:06.525837468 TraceUtils.h:70] Store is down while updating #273525 with key NCCL_23_trace_end
SH-IDCA1404-10-140-54-37:54155:92731 [2] NCCL INFO comm 0xb46a930 rank 18 nranks 32 cudaDev 2 busId 6b000 - Abort COMPLETE
[rank22]:[W1202 06:21:06.522684591 TCPStore.cpp:106] [c10d] sendBytes failed on SocketImpl(fd=32, addr=[SH-IDCA1404-10-140-54-37]:46632, remote=[SH-IDCA1404-10-140-54-4]:29500): Broken pipe
Exception raised from sendBytes at /pytorch/torch/csrc/distributed/c10d/Utils.hpp:646 (most recent call first):
frame #0: c10::Error::Error(c10::SourceLocation, std::string) + 0x96 (0x7f506e74f1b6 in /mnt/petrelfs/jianglihan/miniconda3/envs/1d/lib/python3.10/site-packages/torch/lib/libc10.so)
frame #1: <unknown function> + 0x6311c1d (0x7f50aeab9c1d in /mnt/petrelfs/jianglihan/miniconda3/envs/1d/lib/python3.10/site-packages/torch/lib/libtorch_cpu.so)
frame #2: c10d::TCPStore::set(std::string const&, std::vector<unsigned char, std::allocator<unsigned char> > const&) + 0x1fa (0x7f50aeab5f8a in /mnt/petrelfs/jianglihan/miniconda3/envs/1d/lib/python3.10/site-packages/torch/lib/libtorch_cpu.so)
frame #3: c10d::PrefixStore::set(std::string const&, std::vector<unsigned char, std::allocator<unsigned char> > const&) + 0x37 (0x7f50aea65487 in /mnt/petrelfs/jianglihan/miniconda3/envs/1d/lib/python3.10/site-packages/torch/lib/libtorch_cpu.so)
frame #4: c10d::PrefixStore::set(std::string const&, std::vector<unsigned char, std::allocator<unsigned char> > const&) + 0x37 (0x7f50aea65487 in /mnt/petrelfs/jianglihan/miniconda3/envs/1d/lib/python3.10/site-packages/torch/lib/libtorch_cpu.so)
frame #5: c10d::PrefixStore::set(std::string const&, std::vector<unsigned char, std::allocator<unsigned char> > const&) + 0x37 (0x7f50aea65487 in /mnt/petrelfs/jianglihan/miniconda3/envs/1d/lib/python3.10/site-packages/torch/lib/libtorch_cpu.so)
frame #6: <unknown function> + 0x121b4de (0x7f506fab44de in /mnt/petrelfs/jianglihan/miniconda3/envs/1d/lib/python3.10/site-packages/torch/lib/libtorch_cuda.so)
frame #7: c10d::ProcessGroupNCCL::DesyncDebugger::logWorkEnd(c10d::ProcessGroupNCCL::WorkNCCL&) + 0x44 (0x7f506fa7a8c4 in /mnt/petrelfs/jianglihan/miniconda3/envs/1d/lib/python3.10/site-packages/torch/lib/libtorch_cuda.so)
frame #8: c10d::ProcessGroupNCCL::watchdogHandler() + 0x663 (0x7f506fa89743 in /mnt/petrelfs/jianglihan/miniconda3/envs/1d/lib/python3.10/site-packages/torch/lib/libtorch_cuda.so)
frame #9: c10d::ProcessGroupNCCL::ncclCommWatchdog() + 0x14d (0x7f506fa8a88d in /mnt/petrelfs/jianglihan/miniconda3/envs/1d/lib/python3.10/site-packages/torch/lib/libtorch_cuda.so)
frame #10: <unknown function> + 0x145c0 (0x7f50bd8785c0 in /mnt/petrelfs/jianglihan/miniconda3/envs/1d/lib/python3.10/site-packages/torch/lib/libtorch.so)
frame #11: <unknown function> + 0x7dd5 (0x7f50ca14fdd5 in /lib64/libpthread.so.0)
frame #12: clone + 0x6d (0x7f50c976fead in /lib64/libc.so.6)

[rank22]:[E1202 06:21:06.528368495 TraceUtils.h:70] Store is down while updating #273525 with key NCCL_22_trace_end
[rank21]:[W1202 06:21:06.523625653 TCPStore.cpp:106] [c10d] sendBytes failed on SocketImpl(fd=32, addr=[SH-IDCA1404-10-140-54-37]:46736, remote=[SH-IDCA1404-10-140-54-4]:29500): Broken pipe
Exception raised from sendBytes at /pytorch/torch/csrc/distributed/c10d/Utils.hpp:646 (most recent call first):
frame #0: c10::Error::Error(c10::SourceLocation, std::string) + 0x96 (0x7f59593721b6 in /mnt/petrelfs/jianglihan/miniconda3/envs/1d/lib/python3.10/site-packages/torch/lib/libc10.so)
frame #1: <unknown function> + 0x6311c1d (0x7f59996dcc1d in /mnt/petrelfs/jianglihan/miniconda3/envs/1d/lib/python3.10/site-packages/torch/lib/libtorch_cpu.so)
frame #2: c10d::TCPStore::set(std::string const&, std::vector<unsigned char, std::allocator<unsigned char> > const&) + 0x1fa (0x7f59996d8f8a in /mnt/petrelfs/jianglihan/miniconda3/envs/1d/lib/python3.10/site-packages/torch/lib/libtorch_cpu.so)
frame #3: c10d::PrefixStore::set(std::string const&, std::vector<unsigned char, std::allocator<unsigned char> > const&) + 0x37 (0x7f5999688487 in /mnt/petrelfs/jianglihan/miniconda3/envs/1d/lib/python3.10/site-packages/torch/lib/libtorch_cpu.so)
frame #4: c10d::PrefixStore::set(std::string const&, std::vector<unsigned char, std::allocator<unsigned char> > const&) + 0x37 (0x7f5999688487 in /mnt/petrelfs/jianglihan/miniconda3/envs/1d/lib/python3.10/site-packages/torch/lib/libtorch_cpu.so)
frame #5: c10d::PrefixStore::set(std::string const&, std::vector<unsigned char, std::allocator<unsigned char> > const&) + 0x37 (0x7f5999688487 in /mnt/petrelfs/jianglihan/miniconda3/envs/1d/lib/python3.10/site-packages/torch/lib/libtorch_cpu.so)
frame #6: <unknown function> + 0x121b4de (0x7f595a6d74de in /mnt/petrelfs/jianglihan/miniconda3/envs/1d/lib/python3.10/site-packages/torch/lib/libtorch_cuda.so)
frame #7: c10d::ProcessGroupNCCL::DesyncDebugger::logWorkEnd(c10d::ProcessGroupNCCL::WorkNCCL&) + 0x44 (0x7f595a69d8c4 in /mnt/petrelfs/jianglihan/miniconda3/envs/1d/lib/python3.10/site-packages/torch/lib/libtorch_cuda.so)
frame #8: c10d::ProcessGroupNCCL::watchdogHandler() + 0x663 (0x7f595a6ac743 in /mnt/petrelfs/jianglihan/miniconda3/envs/1d/lib/python3.10/site-packages/torch/lib/libtorch_cuda.so)
frame #9: c10d::ProcessGroupNCCL::ncclCommWatchdog() + 0x14d (0x7f595a6ad88d in /mnt/petrelfs/jianglihan/miniconda3/envs/1d/lib/python3.10/site-packages/torch/lib/libtorch_cuda.so)
frame #10: <unknown function> + 0x145c0 (0x7f59a849b5c0 in /mnt/petrelfs/jianglihan/miniconda3/envs/1d/lib/python3.10/site-packages/torch/lib/libtorch.so)
frame #11: <unknown function> + 0x7dd5 (0x7f59b4e72dd5 in /lib64/libpthread.so.0)
frame #12: clone + 0x6d (0x7f59b4492ead in /lib64/libc.so.6)

[rank21]:[E1202 06:21:06.529267444 TraceUtils.h:70] Store is down while updating #273525 with key NCCL_21_trace_end
SH-IDCA1404-10-140-54-37:54157:92733 [3] NCCL INFO comm 0xaf327e0 rank 19 nranks 32 cudaDev 3 busId 71000 - Abort COMPLETE
[rank20]:[W1202 06:21:06.525966548 TCPStore.cpp:106] [c10d] sendBytes failed on SocketImpl(fd=32, addr=[SH-IDCA1404-10-140-54-37]:46796, remote=[SH-IDCA1404-10-140-54-4]:29500): Broken pipe
Exception raised from sendBytes at /pytorch/torch/csrc/distributed/c10d/Utils.hpp:646 (most recent call first):
frame #0: c10::Error::Error(c10::SourceLocation, std::string) + 0x96 (0x7f7ff13111b6 in /mnt/petrelfs/jianglihan/miniconda3/envs/1d/lib/python3.10/site-packages/torch/lib/libc10.so)
frame #1: <unknown function> + 0x6311c1d (0x7f803167bc1d in /mnt/petrelfs/jianglihan/miniconda3/envs/1d/lib/python3.10/site-packages/torch/lib/libtorch_cpu.so)
frame #2: c10d::TCPStore::set(std::string const&, std::vector<unsigned char, std::allocator<unsigned char> > const&) + 0x1fa (0x7f8031677f8a in /mnt/petrelfs/jianglihan/miniconda3/envs/1d/lib/python3.10/site-packages/torch/lib/libtorch_cpu.so)
frame #3: c10d::PrefixStore::set(std::string const&, std::vector<unsigned char, std::allocator<unsigned char> > const&) + 0x37 (0x7f8031627487 in /mnt/petrelfs/jianglihan/miniconda3/envs/1d/lib/python3.10/site-packages/torch/lib/libtorch_cpu.so)
frame #4: c10d::PrefixStore::set(std::string const&, std::vector<unsigned char, std::allocator<unsigned char> > const&) + 0x37 (0x7f8031627487 in /mnt/petrelfs/jianglihan/miniconda3/envs/1d/lib/python3.10/site-packages/torch/lib/libtorch_cpu.so)
frame #5: c10d::PrefixStore::set(std::string const&, std::vector<unsigned char, std::allocator<unsigned char> > const&) + 0x37 (0x7f8031627487 in /mnt/petrelfs/jianglihan/miniconda3/envs/1d/lib/python3.10/site-packages/torch/lib/libtorch_cpu.so)
frame #6: <unknown function> + 0x121b4de (0x7f7ff26764de in /mnt/petrelfs/jianglihan/miniconda3/envs/1d/lib/python3.10/site-packages/torch/lib/libtorch_cuda.so)
frame #7: c10d::ProcessGroupNCCL::DesyncDebugger::logWorkEnd(c10d::ProcessGroupNCCL::WorkNCCL&) + 0x44 (0x7f7ff263c8c4 in /mnt/petrelfs/jianglihan/miniconda3/envs/1d/lib/python3.10/site-packages/torch/lib/libtorch_cuda.so)
frame #8: c10d::ProcessGroupNCCL::watchdogHandler() + 0x663 (0x7f7ff264b743 in /mnt/petrelfs/jianglihan/miniconda3/envs/1d/lib/python3.10/site-packages/torch/lib/libtorch_cuda.so)
frame #9: c10d::ProcessGroupNCCL::ncclCommWatchdog() + 0x14d (0x7f7ff264c88d in /mnt/petrelfs/jianglihan/miniconda3/envs/1d/lib/python3.10/site-packages/torch/lib/libtorch_cuda.so)
frame #10: <unknown function> + 0x145c0 (0x7f804043a5c0 in /mnt/petrelfs/jianglihan/miniconda3/envs/1d/lib/python3.10/site-packages/torch/lib/libtorch.so)
frame #11: <unknown function> + 0x7dd5 (0x7f804ce11dd5 in /lib64/libpthread.so.0)
frame #12: clone + 0x6d (0x7f804c431ead in /lib64/libc.so.6)

[rank20]:[E1202 06:21:06.531813213 TraceUtils.h:70] Store is down while updating #273525 with key NCCL_20_trace_end
[rank18]:[W1202 06:21:06.526583007 TCPStore.cpp:106] [c10d] sendBytes failed on SocketImpl(fd=32, addr=[SH-IDCA1404-10-140-54-37]:46814, remote=[SH-IDCA1404-10-140-54-4]:29500): Broken pipe
Exception raised from sendBytes at /pytorch/torch/csrc/distributed/c10d/Utils.hpp:646 (most recent call first):
frame #0: c10::Error::Error(c10::SourceLocation, std::string) + 0x96 (0x7ff49ba901b6 in /mnt/petrelfs/jianglihan/miniconda3/envs/1d/lib/python3.10/site-packages/torch/lib/libc10.so)
frame #1: <unknown function> + 0x6311c1d (0x7ff4dbdfac1d in /mnt/petrelfs/jianglihan/miniconda3/envs/1d/lib/python3.10/site-packages/torch/lib/libtorch_cpu.so)
frame #2: c10d::TCPStore::set(std::string const&, std::vector<unsigned char, std::allocator<unsigned char> > const&) + 0x1fa (0x7ff4dbdf6f8a in /mnt/petrelfs/jianglihan/miniconda3/envs/1d/lib/python3.10/site-packages/torch/lib/libtorch_cpu.so)
frame #3: c10d::PrefixStore::set(std::string const&, std::vector<unsigned char, std::allocator<unsigned char> > const&) + 0x37 (0x7ff4dbda6487 in /mnt/petrelfs/jianglihan/miniconda3/envs/1d/lib/python3.10/site-packages/torch/lib/libtorch_cpu.so)
frame #4: c10d::PrefixStore::set(std::string const&, std::vector<unsigned char, std::allocator<unsigned char> > const&) + 0x37 (0x7ff4dbda6487 in /mnt/petrelfs/jianglihan/miniconda3/envs/1d/lib/python3.10/site-packages/torch/lib/libtorch_cpu.so)
frame #5: c10d::PrefixStore::set(std::string const&, std::vector<unsigned char, std::allocator<unsigned char> > const&) + 0x37 (0x7ff4dbda6487 in /mnt/petrelfs/jianglihan/miniconda3/envs/1d/lib/python3.10/site-packages/torch/lib/libtorch_cpu.so)
frame #6: <unknown function> + 0x121b4de (0x7ff49cdf54de in /mnt/petrelfs/jianglihan/miniconda3/envs/1d/lib/python3.10/site-packages/torch/lib/libtorch_cuda.so)
frame #7: c10d::ProcessGroupNCCL::DesyncDebugger::logWorkEnd(c10d::ProcessGroupNCCL::WorkNCCL&) + 0x44 (0x7ff49cdbb8c4 in /mnt/petrelfs/jianglihan/miniconda3/envs/1d/lib/python3.10/site-packages/torch/lib/libtorch_cuda.so)
frame #8: c10d::ProcessGroupNCCL::watchdogHandler() + 0x663 (0x7ff49cdca743 in /mnt/petrelfs/jianglihan/miniconda3/envs/1d/lib/python3.10/site-packages/torch/lib/libtorch_cuda.so)
frame #9: c10d::ProcessGroupNCCL::ncclCommWatchdog() + 0x14d (0x7ff49cdcb88d in /mnt/petrelfs/jianglihan/miniconda3/envs/1d/lib/python3.10/site-packages/torch/lib/libtorch_cuda.so)
frame #10: <unknown function> + 0x145c0 (0x7ff4eabb95c0 in /mnt/petrelfs/jianglihan/miniconda3/envs/1d/lib/python3.10/site-packages/torch/lib/libtorch.so)
frame #11: <unknown function> + 0x7dd5 (0x7ff4f7590dd5 in /lib64/libpthread.so.0)
frame #12: clone + 0x6d (0x7ff4f6bb0ead in /lib64/libc.so.6)

[rank18]:[E1202 06:21:06.532249502 TraceUtils.h:70] Store is down while updating #273525 with key NCCL_18_trace_end
[rank19]:[W1202 06:21:06.530233527 TCPStore.cpp:106] [c10d] sendBytes failed on SocketImpl(fd=32, addr=[SH-IDCA1404-10-140-54-37]:46630, remote=[SH-IDCA1404-10-140-54-4]:29500): Broken pipe
Exception raised from sendBytes at /pytorch/torch/csrc/distributed/c10d/Utils.hpp:646 (most recent call first):
frame #0: c10::Error::Error(c10::SourceLocation, std::string) + 0x96 (0x7f8a2359d1b6 in /mnt/petrelfs/jianglihan/miniconda3/envs/1d/lib/python3.10/site-packages/torch/lib/libc10.so)
frame #1: <unknown function> + 0x6311c1d (0x7f8a63907c1d in /mnt/petrelfs/jianglihan/miniconda3/envs/1d/lib/python3.10/site-packages/torch/lib/libtorch_cpu.so)
frame #2: c10d::TCPStore::set(std::string const&, std::vector<unsigned char, std::allocator<unsigned char> > const&) + 0x1fa (0x7f8a63903f8a in /mnt/petrelfs/jianglihan/miniconda3/envs/1d/lib/python3.10/site-packages/torch/lib/libtorch_cpu.so)
frame #3: c10d::PrefixStore::set(std::string const&, std::vector<unsigned char, std::allocator<unsigned char> > const&) + 0x37 (0x7f8a638b3487 in /mnt/petrelfs/jianglihan/miniconda3/envs/1d/lib/python3.10/site-packages/torch/lib/libtorch_cpu.so)
frame #4: c10d::PrefixStore::set(std::string const&, std::vector<unsigned char, std::allocator<unsigned char> > const&) + 0x37 (0x7f8a638b3487 in /mnt/petrelfs/jianglihan/miniconda3/envs/1d/lib/python3.10/site-packages/torch/lib/libtorch_cpu.so)
frame #5: c10d::PrefixStore::set(std::string const&, std::vector<unsigned char, std::allocator<unsigned char> > const&) + 0x37 (0x7f8a638b3487 in /mnt/petrelfs/jianglihan/miniconda3/envs/1d/lib/python3.10/site-packages/torch/lib/libtorch_cpu.so)
frame #6: <unknown function> + 0x121b4de (0x7f8a249024de in /mnt/petrelfs/jianglihan/miniconda3/envs/1d/lib/python3.10/site-packages/torch/lib/libtorch_cuda.so)
frame #7: c10d::ProcessGroupNCCL::DesyncDebugger::logWorkEnd(c10d::ProcessGroupNCCL::WorkNCCL&) + 0x44 (0x7f8a248c88c4 in /mnt/petrelfs/jianglihan/miniconda3/envs/1d/lib/python3.10/site-packages/torch/lib/libtorch_cuda.so)
frame #8: c10d::ProcessGroupNCCL::watchdogHandler() + 0x663 (0x7f8a248d7743 in /mnt/petrelfs/jianglihan/miniconda3/envs/1d/lib/python3.10/site-packages/torch/lib/libtorch_cuda.so)
frame #9: c10d::ProcessGroupNCCL::ncclCommWatchdog() + 0x14d (0x7f8a248d888d in /mnt/petrelfs/jianglihan/miniconda3/envs/1d/lib/python3.10/site-packages/torch/lib/libtorch_cuda.so)
frame #10: <unknown function> + 0x145c0 (0x7f8a726c65c0 in /mnt/petrelfs/jianglihan/miniconda3/envs/1d/lib/python3.10/site-packages/torch/lib/libtorch.so)
frame #11: <unknown function> + 0x7dd5 (0x7f8a7f09ddd5 in /lib64/libpthread.so.0)
frame #12: clone + 0x6d (0x7f8a7e6bdead in /lib64/libc.so.6)

[rank19]:[E1202 06:21:06.535874537 TraceUtils.h:70] Store is down while updating #273525 with key NCCL_19_trace_end
SH-IDCA1404-10-140-54-37:54153:55355 [0] NCCL INFO [Service thread] Connection closed by localRank 1
SH-IDCA1404-10-140-54-37:54154:55350 [1] NCCL INFO [Service thread] Connection closed by localRank 1
SH-IDCA1404-10-140-54-37:54154:92737 [1] NCCL INFO comm 0xd03fb20 rank 17 nranks 32 cudaDev 1 busId 56000 - Abort COMPLETE
SH-IDCA1404-10-140-54-37:54153:92732 [0] NCCL INFO comm 0xabe7ac0 rank 16 nranks 32 cudaDev 0 busId 51000 - Abort COMPLETE
[rank17]:[W1202 06:21:07.804860566 TCPStore.cpp:106] [c10d] sendBytes failed on SocketImpl(fd=32, addr=[SH-IDCA1404-10-140-54-37]:46734, remote=[SH-IDCA1404-10-140-54-4]:29500): Broken pipe
Exception raised from sendBytes at /pytorch/torch/csrc/distributed/c10d/Utils.hpp:646 (most recent call first):
frame #0: c10::Error::Error(c10::SourceLocation, std::string) + 0x96 (0x7fb121a7d1b6 in /mnt/petrelfs/jianglihan/miniconda3/envs/1d/lib/python3.10/site-packages/torch/lib/libc10.so)
frame #1: <unknown function> + 0x6311c1d (0x7fb161de7c1d in /mnt/petrelfs/jianglihan/miniconda3/envs/1d/lib/python3.10/site-packages/torch/lib/libtorch_cpu.so)
frame #2: c10d::TCPStore::set(std::string const&, std::vector<unsigned char, std::allocator<unsigned char> > const&) + 0x1fa (0x7fb161de3f8a in /mnt/petrelfs/jianglihan/miniconda3/envs/1d/lib/python3.10/site-packages/torch/lib/libtorch_cpu.so)
frame #3: c10d::PrefixStore::set(std::string const&, std::vector<unsigned char, std::allocator<unsigned char> > const&) + 0x37 (0x7fb161d93487 in /mnt/petrelfs/jianglihan/miniconda3/envs/1d/lib/python3.10/site-packages/torch/lib/libtorch_cpu.so)
frame #4: c10d::PrefixStore::set(std::string const&, std::vector<unsigned char, std::allocator<unsigned char> > const&) + 0x37 (0x7fb161d93487 in /mnt/petrelfs/jianglihan/miniconda3/envs/1d/lib/python3.10/site-packages/torch/lib/libtorch_cpu.so)
frame #5: c10d::PrefixStore::set(std::string const&, std::vector<unsigned char, std::allocator<unsigned char> > const&) + 0x37 (0x7fb161d93487 in /mnt/petrelfs/jianglihan/miniconda3/envs/1d/lib/python3.10/site-packages/torch/lib/libtorch_cpu.so)
frame #6: <unknown function> + 0x121b4de (0x7fb122de24de in /mnt/petrelfs/jianglihan/miniconda3/envs/1d/lib/python3.10/site-packages/torch/lib/libtorch_cuda.so)
frame #7: c10d::ProcessGroupNCCL::DesyncDebugger::logWorkEnd(c10d::ProcessGroupNCCL::WorkNCCL&) + 0x44 (0x7fb122da88c4 in /mnt/petrelfs/jianglihan/miniconda3/envs/1d/lib/python3.10/site-packages/torch/lib/libtorch_cuda.so)
frame #8: c10d::ProcessGroupNCCL::watchdogHandler() + 0x663 (0x7fb122db7743 in /mnt/petrelfs/jianglihan/miniconda3/envs/1d/lib/python3.10/site-packages/torch/lib/libtorch_cuda.so)
frame #9: c10d::ProcessGroupNCCL::ncclCommWatchdog() + 0x14d (0x7fb122db888d in /mnt/petrelfs/jianglihan/miniconda3/envs/1d/lib/python3.10/site-packages/torch/lib/libtorch_cuda.so)
frame #10: <unknown function> + 0x145c0 (0x7fb170ba65c0 in /mnt/petrelfs/jianglihan/miniconda3/envs/1d/lib/python3.10/site-packages/torch/lib/libtorch.so)
frame #11: <unknown function> + 0x7dd5 (0x7fb17d57ddd5 in /lib64/libpthread.so.0)
frame #12: clone + 0x6d (0x7fb17cb9dead in /lib64/libc.so.6)

[rank17]:[E1202 06:21:07.810827081 TraceUtils.h:70] Store is down while updating #273525 with key NCCL_17_trace_end
[rank16]:[W1202 06:21:07.809308441 TCPStore.cpp:106] [c10d] sendBytes failed on SocketImpl(fd=32, addr=[SH-IDCA1404-10-140-54-37]:46628, remote=[SH-IDCA1404-10-140-54-4]:29500): Broken pipe
Exception raised from sendBytes at /pytorch/torch/csrc/distributed/c10d/Utils.hpp:646 (most recent call first):
frame #0: c10::Error::Error(c10::SourceLocation, std::string) + 0x96 (0x7f42acc3d1b6 in /mnt/petrelfs/jianglihan/miniconda3/envs/1d/lib/python3.10/site-packages/torch/lib/libc10.so)
frame #1: <unknown function> + 0x6311c1d (0x7f42ecfa7c1d in /mnt/petrelfs/jianglihan/miniconda3/envs/1d/lib/python3.10/site-packages/torch/lib/libtorch_cpu.so)
frame #2: c10d::TCPStore::set(std::string const&, std::vector<unsigned char, std::allocator<unsigned char> > const&) + 0x1fa (0x7f42ecfa3f8a in /mnt/petrelfs/jianglihan/miniconda3/envs/1d/lib/python3.10/site-packages/torch/lib/libtorch_cpu.so)
frame #3: c10d::PrefixStore::set(std::string const&, std::vector<unsigned char, std::allocator<unsigned char> > const&) + 0x37 (0x7f42ecf53487 in /mnt/petrelfs/jianglihan/miniconda3/envs/1d/lib/python3.10/site-packages/torch/lib/libtorch_cpu.so)
frame #4: c10d::PrefixStore::set(std::string const&, std::vector<unsigned char, std::allocator<unsigned char> > const&) + 0x37 (0x7f42ecf53487 in /mnt/petrelfs/jianglihan/miniconda3/envs/1d/lib/python3.10/site-packages/torch/lib/libtorch_cpu.so)
frame #5: c10d::PrefixStore::set(std::string const&, std::vector<unsigned char, std::allocator<unsigned char> > const&) + 0x37 (0x7f42ecf53487 in /mnt/petrelfs/jianglihan/miniconda3/envs/1d/lib/python3.10/site-packages/torch/lib/libtorch_cpu.so)
frame #6: <unknown function> + 0x121b4de (0x7f42adfa24de in /mnt/petrelfs/jianglihan/miniconda3/envs/1d/lib/python3.10/site-packages/torch/lib/libtorch_cuda.so)
frame #7: c10d::ProcessGroupNCCL::DesyncDebugger::logWorkEnd(c10d::ProcessGroupNCCL::WorkNCCL&) + 0x44 (0x7f42adf688c4 in /mnt/petrelfs/jianglihan/miniconda3/envs/1d/lib/python3.10/site-packages/torch/lib/libtorch_cuda.so)
frame #8: c10d::ProcessGroupNCCL::watchdogHandler() + 0x663 (0x7f42adf77743 in /mnt/petrelfs/jianglihan/miniconda3/envs/1d/lib/python3.10/site-packages/torch/lib/libtorch_cuda.so)
frame #9: c10d::ProcessGroupNCCL::ncclCommWatchdog() + 0x14d (0x7f42adf7888d in /mnt/petrelfs/jianglihan/miniconda3/envs/1d/lib/python3.10/site-packages/torch/lib/libtorch_cuda.so)
frame #10: <unknown function> + 0x145c0 (0x7f42fbd665c0 in /mnt/petrelfs/jianglihan/miniconda3/envs/1d/lib/python3.10/site-packages/torch/lib/libtorch.so)
frame #11: <unknown function> + 0x7dd5 (0x7f430873ddd5 in /lib64/libpthread.so.0)
frame #12: clone + 0x6d (0x7f4307d5dead in /lib64/libc.so.6)

[rank16]:[E1202 06:21:07.815130994 TraceUtils.h:70] Store is down while updating #273525 with key NCCL_16_trace_end
SH-IDCA1404-10-140-54-60:31474:34939 [0] NCCL INFO [Service thread] Connection closed by localRank 0
SH-IDCA1404-10-140-54-5:37334:38333 [0] NCCL INFO [Service thread] Connection closed by localRank 1
SH-IDCA1404-10-140-54-5:37335:38332 [1] NCCL INFO [Service thread] Connection closed by localRank 1
SH-IDCA1404-10-140-54-60:31474:69863 [0] NCCL INFO comm 0xb0766d0 rank 24 nranks 32 cudaDev 0 busId 51000 - Abort COMPLETE
SH-IDCA1404-10-140-54-5:37335:71082 [1] NCCL INFO comm 0xbd34090 rank 9 nranks 32 cudaDev 1 busId 56000 - Abort COMPLETE
[rank24]:[W1202 06:21:07.284634300 TCPStore.cpp:106] [c10d] sendBytes failed on SocketImpl(fd=32, addr=[SH-IDCA1404-10-140-54-60]:48398, remote=[SH-IDCA1404-10-140-54-4]:29500): Broken pipe
Exception raised from sendBytes at /pytorch/torch/csrc/distributed/c10d/Utils.hpp:646 (most recent call first):
frame #0: c10::Error::Error(c10::SourceLocation, std::string) + 0x96 (0x7f90613e91b6 in /mnt/petrelfs/jianglihan/miniconda3/envs/1d/lib/python3.10/site-packages/torch/lib/libc10.so)
frame #1: <unknown function> + 0x6311c1d (0x7f90a1753c1d in /mnt/petrelfs/jianglihan/miniconda3/envs/1d/lib/python3.10/site-packages/torch/lib/libtorch_cpu.so)
frame #2: c10d::TCPStore::set(std::string const&, std::vector<unsigned char, std::allocator<unsigned char> > const&) + 0x1fa (0x7f90a174ff8a in /mnt/petrelfs/jianglihan/miniconda3/envs/1d/lib/python3.10/site-packages/torch/lib/libtorch_cpu.so)
frame #3: c10d::PrefixStore::set(std::string const&, std::vector<unsigned char, std::allocator<unsigned char> > const&) + 0x37 (0x7f90a16ff487 in /mnt/petrelfs/jianglihan/miniconda3/envs/1d/lib/python3.10/site-packages/torch/lib/libtorch_cpu.so)
frame #4: c10d::PrefixStore::set(std::string const&, std::vector<unsigned char, std::allocator<unsigned char> > const&) + 0x37 (0x7f90a16ff487 in /mnt/petrelfs/jianglihan/miniconda3/envs/1d/lib/python3.10/site-packages/torch/lib/libtorch_cpu.so)
frame #5: c10d::PrefixStore::set(std::string const&, std::vector<unsigned char, std::allocator<unsigned char> > const&) + 0x37 (0x7f90a16ff487 in /mnt/petrelfs/jianglihan/miniconda3/envs/1d/lib/python3.10/site-packages/torch/lib/libtorch_cpu.so)
frame #6: <unknown function> + 0x121b4de (0x7f906274e4de in /mnt/petrelfs/jianglihan/miniconda3/envs/1d/lib/python3.10/site-packages/torch/lib/libtorch_cuda.so)
frame #7: c10d::ProcessGroupNCCL::DesyncDebugger::logWorkEnd(c10d::ProcessGroupNCCL::WorkNCCL&) + 0x44 (0x7f90627148c4 in /mnt/petrelfs/jianglihan/miniconda3/envs/1d/lib/python3.10/site-packages/torch/lib/libtorch_cuda.so)
frame #8: c10d::ProcessGroupNCCL::watchdogHandler() + 0x663 (0x7f9062723743 in /mnt/petrelfs/jianglihan/miniconda3/envs/1d/lib/python3.10/site-packages/torch/lib/libtorch_cuda.so)
frame #9: c10d::ProcessGroupNCCL::ncclCommWatchdog() + 0x14d (0x7f906272488d in /mnt/petrelfs/jianglihan/miniconda3/envs/1d/lib/python3.10/site-packages/torch/lib/libtorch_cuda.so)
frame #10: <unknown function> + 0x145c0 (0x7f90b05125c0 in /mnt/petrelfs/jianglihan/miniconda3/envs/1d/lib/python3.10/site-packages/torch/lib/libtorch.so)
frame #11: <unknown function> + 0x7dd5 (0x7f90bcee9dd5 in /lib64/libpthread.so.0)
frame #12: clone + 0x6d (0x7f90bc509ead in /lib64/libc.so.6)

[rank24]:[E1202 06:21:07.290574949 TraceUtils.h:70] Store is down while updating #273525 with key NCCL_24_trace_end
[rank9]:[W1202 06:21:07.311266349 TCPStore.cpp:106] [c10d] sendBytes failed on SocketImpl(fd=32, addr=[SH-IDCA1404-10-140-54-5]:57938, remote=[SH-IDCA1404-10-140-54-4]:29500): Broken pipe
Exception raised from sendBytes at /pytorch/torch/csrc/distributed/c10d/Utils.hpp:646 (most recent call first):
frame #0: c10::Error::Error(c10::SourceLocation, std::string) + 0x96 (0x7fb34d4a61b6 in /mnt/petrelfs/jianglihan/miniconda3/envs/1d/lib/python3.10/site-packages/torch/lib/libc10.so)
frame #1: <unknown function> + 0x6311c1d (0x7fb38d810c1d in /mnt/petrelfs/jianglihan/miniconda3/envs/1d/lib/python3.10/site-packages/torch/lib/libtorch_cpu.so)
frame #2: c10d::TCPStore::set(std::string const&, std::vector<unsigned char, std::allocator<unsigned char> > const&) + 0x1fa (0x7fb38d80cf8a in /mnt/petrelfs/jianglihan/miniconda3/envs/1d/lib/python3.10/site-packages/torch/lib/libtorch_cpu.so)
frame #3: c10d::PrefixStore::set(std::string const&, std::vector<unsigned char, std::allocator<unsigned char> > const&) + 0x37 (0x7fb38d7bc487 in /mnt/petrelfs/jianglihan/miniconda3/envs/1d/lib/python3.10/site-packages/torch/lib/libtorch_cpu.so)
frame #4: c10d::PrefixStore::set(std::string const&, std::vector<unsigned char, std::allocator<unsigned char> > const&) + 0x37 (0x7fb38d7bc487 in /mnt/petrelfs/jianglihan/miniconda3/envs/1d/lib/python3.10/site-packages/torch/lib/libtorch_cpu.so)
frame #5: c10d::PrefixStore::set(std::string const&, std::vector<unsigned char, std::allocator<unsigned char> > const&) + 0x37 (0x7fb38d7bc487 in /mnt/petrelfs/jianglihan/miniconda3/envs/1d/lib/python3.10/site-packages/torch/lib/libtorch_cpu.so)
frame #6: <unknown function> + 0x121b4de (0x7fb34e80b4de in /mnt/petrelfs/jianglihan/miniconda3/envs/1d/lib/python3.10/site-packages/torch/lib/libtorch_cuda.so)
frame #7: c10d::ProcessGroupNCCL::DesyncDebugger::logWorkEnd(c10d::ProcessGroupNCCL::WorkNCCL&) + 0x44 (0x7fb34e7d18c4 in /mnt/petrelfs/jianglihan/miniconda3/envs/1d/lib/python3.10/site-packages/torch/lib/libtorch_cuda.so)
frame #8: c10d::ProcessGroupNCCL::watchdogHandler() + 0x663 (0x7fb34e7e0743 in /mnt/petrelfs/jianglihan/miniconda3/envs/1d/lib/python3.10/site-packages/torch/lib/libtorch_cuda.so)
frame #9: c10d::ProcessGroupNCCL::ncclCommWatchdog() + 0x14d (0x7fb34e7e188d in /mnt/petrelfs/jianglihan/miniconda3/envs/1d/lib/python3.10/site-packages/torch/lib/libtorch_cuda.so)
frame #10: <unknown function> + 0x145c0 (0x7fb39c5cf5c0 in /mnt/petrelfs/jianglihan/miniconda3/envs/1d/lib/python3.10/site-packages/torch/lib/libtorch.so)
frame #11: <unknown function> + 0x7dd5 (0x7fb3a8fa6dd5 in /lib64/libpthread.so.0)
frame #12: clone + 0x6d (0x7fb3a85c6ead in /lib64/libc.so.6)

[rank9]:[E1202 06:21:07.317263326 TraceUtils.h:70] Store is down while updating #273525 with key NCCL_9_trace_end
SH-IDCA1404-10-140-54-5:37334:71080 [0] NCCL INFO comm 0xd725460 rank 8 nranks 32 cudaDev 0 busId 51000 - Abort COMPLETE
[rank8]:[W1202 06:21:07.320649596 TCPStore.cpp:106] [c10d] sendBytes failed on SocketImpl(fd=32, addr=[SH-IDCA1404-10-140-54-5]:57930, remote=[SH-IDCA1404-10-140-54-4]:29500): Broken pipe
Exception raised from sendBytes at /pytorch/torch/csrc/distributed/c10d/Utils.hpp:646 (most recent call first):
frame #0: c10::Error::Error(c10::SourceLocation, std::string) + 0x96 (0x7fa68165a1b6 in /mnt/petrelfs/jianglihan/miniconda3/envs/1d/lib/python3.10/site-packages/torch/lib/libc10.so)
frame #1: <unknown function> + 0x6311c1d (0x7fa6c19c4c1d in /mnt/petrelfs/jianglihan/miniconda3/envs/1d/lib/python3.10/site-packages/torch/lib/libtorch_cpu.so)
frame #2: c10d::TCPStore::set(std::string const&, std::vector<unsigned char, std::allocator<unsigned char> > const&) + 0x1fa (0x7fa6c19c0f8a in /mnt/petrelfs/jianglihan/miniconda3/envs/1d/lib/python3.10/site-packages/torch/lib/libtorch_cpu.so)
frame #3: c10d::PrefixStore::set(std::string const&, std::vector<unsigned char, std::allocator<unsigned char> > const&) + 0x37 (0x7fa6c1970487 in /mnt/petrelfs/jianglihan/miniconda3/envs/1d/lib/python3.10/site-packages/torch/lib/libtorch_cpu.so)
frame #4: c10d::PrefixStore::set(std::string const&, std::vector<unsigned char, std::allocator<unsigned char> > const&) + 0x37 (0x7fa6c1970487 in /mnt/petrelfs/jianglihan/miniconda3/envs/1d/lib/python3.10/site-packages/torch/lib/libtorch_cpu.so)
frame #5: c10d::PrefixStore::set(std::string const&, std::vector<unsigned char, std::allocator<unsigned char> > const&) + 0x37 (0x7fa6c1970487 in /mnt/petrelfs/jianglihan/miniconda3/envs/1d/lib/python3.10/site-packages/torch/lib/libtorch_cpu.so)
frame #6: <unknown function> + 0x121b4de (0x7fa6829bf4de in /mnt/petrelfs/jianglihan/miniconda3/envs/1d/lib/python3.10/site-packages/torch/lib/libtorch_cuda.so)
frame #7: c10d::ProcessGroupNCCL::DesyncDebugger::logWorkEnd(c10d::ProcessGroupNCCL::WorkNCCL&) + 0x44 (0x7fa6829858c4 in /mnt/petrelfs/jianglihan/miniconda3/envs/1d/lib/python3.10/site-packages/torch/lib/libtorch_cuda.so)
frame #8: c10d::ProcessGroupNCCL::watchdogHandler() + 0x663 (0x7fa682994743 in /mnt/petrelfs/jianglihan/miniconda3/envs/1d/lib/python3.10/site-packages/torch/lib/libtorch_cuda.so)
frame #9: c10d::ProcessGroupNCCL::ncclCommWatchdog() + 0x14d (0x7fa68299588d in /mnt/petrelfs/jianglihan/miniconda3/envs/1d/lib/python3.10/site-packages/torch/lib/libtorch_cuda.so)
frame #10: <unknown function> + 0x145c0 (0x7fa6d07835c0 in /mnt/petrelfs/jianglihan/miniconda3/envs/1d/lib/python3.10/site-packages/torch/lib/libtorch.so)
frame #11: <unknown function> + 0x7dd5 (0x7fa6dd15add5 in /lib64/libpthread.so.0)
frame #12: clone + 0x6d (0x7fa6dc77aead in /lib64/libc.so.6)

[rank8]:[E1202 06:21:07.326529437 TraceUtils.h:70] Store is down while updating #273525 with key NCCL_8_trace_end
W1202 06:21:08.493000 31109 site-packages/torch/distributed/elastic/multiprocessing/api.py:897] Sending process 31474 closing signal SIGTERM
W1202 06:21:08.496000 31109 site-packages/torch/distributed/elastic/multiprocessing/api.py:897] Sending process 31475 closing signal SIGTERM
W1202 06:21:08.496000 31109 site-packages/torch/distributed/elastic/multiprocessing/api.py:897] Sending process 31476 closing signal SIGTERM
W1202 06:21:08.497000 31109 site-packages/torch/distributed/elastic/multiprocessing/api.py:897] Sending process 31477 closing signal SIGTERM
W1202 06:21:08.497000 31109 site-packages/torch/distributed/elastic/multiprocessing/api.py:897] Sending process 31479 closing signal SIGTERM
W1202 06:21:08.498000 31109 site-packages/torch/distributed/elastic/multiprocessing/api.py:897] Sending process 31480 closing signal SIGTERM
W1202 06:21:08.498000 31109 site-packages/torch/distributed/elastic/multiprocessing/api.py:897] Sending process 31481 closing signal SIGTERM
W1202 06:21:08.958000 53643 site-packages/torch/distributed/elastic/multiprocessing/api.py:897] Sending process 54153 closing signal SIGTERM
W1202 06:21:08.962000 53643 site-packages/torch/distributed/elastic/multiprocessing/api.py:897] Sending process 54154 closing signal SIGTERM
W1202 06:21:08.962000 53643 site-packages/torch/distributed/elastic/multiprocessing/api.py:897] Sending process 54155 closing signal SIGTERM
W1202 06:21:08.963000 53643 site-packages/torch/distributed/elastic/multiprocessing/api.py:897] Sending process 54157 closing signal SIGTERM
W1202 06:21:08.963000 53643 site-packages/torch/distributed/elastic/multiprocessing/api.py:897] Sending process 54158 closing signal SIGTERM
W1202 06:21:08.964000 53643 site-packages/torch/distributed/elastic/multiprocessing/api.py:897] Sending process 54159 closing signal SIGTERM
W1202 06:21:08.964000 53643 site-packages/torch/distributed/elastic/multiprocessing/api.py:897] Sending process 54160 closing signal SIGTERM
W1202 06:21:09.383000 36960 site-packages/torch/distributed/elastic/multiprocessing/api.py:897] Sending process 37334 closing signal SIGTERM
W1202 06:21:09.386000 36960 site-packages/torch/distributed/elastic/multiprocessing/api.py:897] Sending process 37335 closing signal SIGTERM
W1202 06:21:09.387000 36960 site-packages/torch/distributed/elastic/multiprocessing/api.py:897] Sending process 37336 closing signal SIGTERM
W1202 06:21:09.388000 36960 site-packages/torch/distributed/elastic/multiprocessing/api.py:897] Sending process 37337 closing signal SIGTERM
W1202 06:21:09.388000 36960 site-packages/torch/distributed/elastic/multiprocessing/api.py:897] Sending process 37338 closing signal SIGTERM
W1202 06:21:09.389000 36960 site-packages/torch/distributed/elastic/multiprocessing/api.py:897] Sending process 37339 closing signal SIGTERM
W1202 06:21:09.389000 36960 site-packages/torch/distributed/elastic/multiprocessing/api.py:897] Sending process 37341 closing signal SIGTERM
E1202 06:21:09.678000 31109 site-packages/torch/distributed/elastic/multiprocessing/api.py:869] failed (exitcode: 1) local_rank: 4 (pid: 31478) of binary: /mnt/petrelfs/jianglihan/miniconda3/envs/1d/bin/python3.10
Traceback (most recent call last):
  File "/mnt/petrelfs/jianglihan/miniconda3/envs/1d/bin/accelerate", line 7, in <module>
    sys.exit(main())
  File "/mnt/petrelfs/jianglihan/miniconda3/envs/1d/lib/python3.10/site-packages/accelerate/commands/accelerate_cli.py", line 50, in main
    args.func(args)
  File "/mnt/petrelfs/jianglihan/miniconda3/envs/1d/lib/python3.10/site-packages/accelerate/commands/launch.py", line 1272, in launch_command
    multi_gpu_launcher(args)
  File "/mnt/petrelfs/jianglihan/miniconda3/envs/1d/lib/python3.10/site-packages/accelerate/commands/launch.py", line 899, in multi_gpu_launcher
    distrib_run.run(args)
  File "/mnt/petrelfs/jianglihan/miniconda3/envs/1d/lib/python3.10/site-packages/torch/distributed/run.py", line 909, in run
    elastic_launch(
  File "/mnt/petrelfs/jianglihan/miniconda3/envs/1d/lib/python3.10/site-packages/torch/distributed/launcher/api.py", line 138, in __call__
    return launch_agent(self._config, self._entrypoint, list(args))
  File "/mnt/petrelfs/jianglihan/miniconda3/envs/1d/lib/python3.10/site-packages/torch/distributed/launcher/api.py", line 269, in launch_agent
    raise ChildFailedError(
torch.distributed.elastic.multiprocessing.errors.ChildFailedError: 
============================================================
scripts/train_generator.py FAILED
------------------------------------------------------------
Failures:
  <NO_OTHER_FAILURES>
------------------------------------------------------------
Root Cause (first observed failure):
[0]:
  time      : 2025-12-02_06:21:08
  host      : SH-IDCA1404-10-140-54-60
  rank      : 28 (local_rank: 4)
  exitcode  : 1 (pid: 31478)
  error_file: <N/A>
  traceback : To enable traceback see: https://pytorch.org/docs/stable/elastic/errors.html
============================================================
E1202 06:21:10.057000 53643 site-packages/torch/distributed/elastic/multiprocessing/api.py:869] failed (exitcode: 1) local_rank: 7 (pid: 54165) of binary: /mnt/petrelfs/jianglihan/miniconda3/envs/1d/bin/python3.10
Traceback (most recent call last):
  File "/mnt/petrelfs/jianglihan/miniconda3/envs/1d/bin/accelerate", line 7, in <module>
    sys.exit(main())
  File "/mnt/petrelfs/jianglihan/miniconda3/envs/1d/lib/python3.10/site-packages/accelerate/commands/accelerate_cli.py", line 50, in main
    args.func(args)
  File "/mnt/petrelfs/jianglihan/miniconda3/envs/1d/lib/python3.10/site-packages/accelerate/commands/launch.py", line 1272, in launch_command
    multi_gpu_launcher(args)
  File "/mnt/petrelfs/jianglihan/miniconda3/envs/1d/lib/python3.10/site-packages/accelerate/commands/launch.py", line 899, in multi_gpu_launcher
    distrib_run.run(args)
  File "/mnt/petrelfs/jianglihan/miniconda3/envs/1d/lib/python3.10/site-packages/torch/distributed/run.py", line 909, in run
    elastic_launch(
  File "/mnt/petrelfs/jianglihan/miniconda3/envs/1d/lib/python3.10/site-packages/torch/distributed/launcher/api.py", line 138, in __call__
    return launch_agent(self._config, self._entrypoint, list(args))
  File "/mnt/petrelfs/jianglihan/miniconda3/envs/1d/lib/python3.10/site-packages/torch/distributed/launcher/api.py", line 269, in launch_agent
    raise ChildFailedError(
torch.distributed.elastic.multiprocessing.errors.ChildFailedError: 
============================================================
scripts/train_generator.py FAILED
------------------------------------------------------------
Failures:
  <NO_OTHER_FAILURES>
------------------------------------------------------------
Root Cause (first observed failure):
[0]:
  time      : 2025-12-02_06:21:08
  host      : SH-IDCA1404-10-140-54-37
  rank      : 23 (local_rank: 7)
  exitcode  : 1 (pid: 54165)
  error_file: <N/A>
  traceback : To enable traceback see: https://pytorch.org/docs/stable/elastic/errors.html
============================================================
srun: error: SH-IDCA1404-10-140-54-60: task 3: Exited with exit code 1
E1202 06:21:10.606000 36960 site-packages/torch/distributed/elastic/multiprocessing/api.py:869] failed (exitcode: 1) local_rank: 6 (pid: 37340) of binary: /mnt/petrelfs/jianglihan/miniconda3/envs/1d/bin/python3.10
Traceback (most recent call last):
  File "/mnt/petrelfs/jianglihan/miniconda3/envs/1d/bin/accelerate", line 7, in <module>
    sys.exit(main())
  File "/mnt/petrelfs/jianglihan/miniconda3/envs/1d/lib/python3.10/site-packages/accelerate/commands/accelerate_cli.py", line 50, in main
    args.func(args)
  File "/mnt/petrelfs/jianglihan/miniconda3/envs/1d/lib/python3.10/site-packages/accelerate/commands/launch.py", line 1272, in launch_command
    multi_gpu_launcher(args)
  File "/mnt/petrelfs/jianglihan/miniconda3/envs/1d/lib/python3.10/site-packages/accelerate/commands/launch.py", line 899, in multi_gpu_launcher
    distrib_run.run(args)
  File "/mnt/petrelfs/jianglihan/miniconda3/envs/1d/lib/python3.10/site-packages/torch/distributed/run.py", line 909, in run
    elastic_launch(
  File "/mnt/petrelfs/jianglihan/miniconda3/envs/1d/lib/python3.10/site-packages/torch/distributed/launcher/api.py", line 138, in __call__
    return launch_agent(self._config, self._entrypoint, list(args))
  File "/mnt/petrelfs/jianglihan/miniconda3/envs/1d/lib/python3.10/site-packages/torch/distributed/launcher/api.py", line 269, in launch_agent
    raise ChildFailedError(
torch.distributed.elastic.multiprocessing.errors.ChildFailedError: 
============================================================
scripts/train_generator.py FAILED
------------------------------------------------------------
Failures:
  <NO_OTHER_FAILURES>
------------------------------------------------------------
Root Cause (first observed failure):
[0]:
  time      : 2025-12-02_06:21:09
  host      : SH-IDCA1404-10-140-54-5
  rank      : 14 (local_rank: 6)
  exitcode  : 1 (pid: 37340)
  error_file: <N/A>
  traceback : To enable traceback see: https://pytorch.org/docs/stable/elastic/errors.html
============================================================
srun: error: SH-IDCA1404-10-140-54-37: task 2: Exited with exit code 1
srun: error: SH-IDCA1404-10-140-54-5: task 1: Exited with exit code 1
