/var/spool/slurmd/job6419175/slurm_script: line 13: /mnt/petrelfs/jianglihan/miniforge3/bin/activate: No such file or directory
Head Node IP: SH-IDCA1404-10-140-54-11
Total Nodes: 4
Command to run:
accelerate launch   --config_file configs/accelerate_config/mnode8gpu.yaml   --main_process_ip=SH-IDCA1404-10-140-54-11   --main_process_port=29500   --num_processes=32   --num_machines=4   --machine_rank=$SLURM_PROCID   scripts/train_generator.py config=configs/training/generator/mar_quadtree_fixtree.yaml
attention mode is flash
attention mode is flash
attention mode is flash
attention mode is flash
attention mode is flash
attention mode is flash
attention mode is flash
attention mode is flash
attention mode is flash
attention mode is flash
attention mode is flash
attention mode is flash
attention mode is flash
attention mode is flash
attention mode is flash
attention mode is flash
attention mode is flash
attention mode is flash
attention mode is flash
attention mode is flash
attention mode is flash
attention mode is flash
attention mode is flash
attention mode is flash
attention mode is flash
attention mode is flash
attention mode is flash
attention mode is flash
attention mode is flash
attention mode is flash
attention mode is flash
attention mode is flash
Detected kernel version 3.10.0, which is below the recommended minimum of 5.5.0; this can cause the process to hang. It is recommended to upgrade the kernel to the minimum version or higher.
wandb: Tracking run with wandb version 0.23.0
wandb: W&B syncing is set to `offline` in this directory. Run `wandb online` or set WANDB_MODE=online to enable cloud syncing.
wandb: Run data is saved locally in /mnt/petrelfs/jianglihan/my_code/quadtok/wandb/offline-run-20251128_162753-n6p4068a
[11/28 16:27:54 TiTok-Gen]: Saving config to checkpoints/generator/mar_quadtree_fixtree_newtokenizer_posinstruction/config.yaml
[11/28 16:27:54 TiTok-Gen]: Config:
experiment:
  project: dynamic_tokenizer_generation
  name: mar_quadtree_fixtree_newtokenizer
  output_dir: checkpoints/generator/mar_quadtree_fixtree_newtokenizer_posinstruction
  max_train_examples: 1281167
  save_every: 10000
  eval_every: 50000
  generate_every: 1000
  log_every: 50
  log_grad_norm_every: 1000
  resume: false
  logging_dir: checkpoints/generator/mar_quadtree_fixtree_newtokenizer_posinstruction/logs
tokenizer:
  type: quadtok
  tokenizer_ckpt_dir: checkpoints/quadtok_sl256_vae_ts16-expandprob34/checkpoint-200000/ema_model/pytorch_model.bin
  vae_embed_dim: 16
model:
  type: quadtok
  grad_checkpointing: true
  vq_model:
    quantize_mode: vae
    vit_enc_model_size: small
    vit_dec_model_size: small
    vit_enc_patch_size: 16
    vit_dec_patch_size: 16
    decoder_token_size: 256
    token_size: 16
  selector:
    token_size: 16
    num_patch_side_list:
    - 1
    - 2
    - 4
    - 8
    - 16
    - 32
    patch_size_list:
    - 16
    - 16
    - 16
    - 16
    - 16
    - 8
  generator_type: mar-quadtree
  generator:
    model_size: base
    patch_size: 1
    image_size: 256
    num_patch_side_list:
    - 1
    - 2
    - 4
    - 8
    - 16
    - 32
    patch_size_list:
    - 16
    - 16
    - 16
    - 16
    - 16
    - 8
    guaranteed_depth: 3
    class_num: 1000
    label_drop_prob: 0.1
    mask_ratio_min: 0.7
    buffer_size: 1
    proj_dropout: 0.1
    attn_dropout: 0.1
    diffusion_batch_mul: 4
    guidance_scale: 2.9
    guidance_decay: linear
    randomize_temperature: 1.0
    num_iter: 256
losses:
  model_embed_dim: 768
  diffloss_d: 8
  diffloss_w: 1280
  expand_loss_weight: 1.0
dataset:
  type: simple_image
  params:
    train_shards_path_or_url: pipe:rclone cat hoss:jianglihan/data/imagenet/imagenet-train-{000000..000070}.tar
    eval_shards_path_or_url: pipe:rclone cat hoss:jianglihan/data/imagenet/imagenet-val-{000000..000049}.tar
    num_workers_per_gpu: 12
  preprocessing:
    resize_shorter_edge: 256
    crop_size: 256
    random_crop: true
    random_flip: true
    res_ratio_filtering: true
optimizer:
  name: adamw
  params:
    learning_rate: 0.0001
    beta1: 0.9
    beta2: 0.96
    weight_decay: 0.03
lr_scheduler:
  scheduler: cosine
  params:
    learning_rate: ${optimizer.params.learning_rate}
    warmup_steps: 10000
    end_lr: 1.0e-05
training:
  gradient_accumulation_steps: 1
  per_gpu_batch_size: 64
  mixed_precision: bf16
  enable_tf32: true
  enable_wandb: true
  use_ema: true
  seed: 42
  max_train_steps: 1000000
  max_grad_norm: 1.0
config: configs/training/generator/mar_quadtree_fixtree.yaml

[11/28 16:27:59 TiTok-Gen]: Creating model and loss module.
[11/28 16:27:59 TiTok-Gen]: Creating model.
self.train_transform: Compose(
    Resize(size=256, interpolation=bicubic, max_size=None, antialias=True)
    RandomCrop(size=(256, 256), padding=None)
    RandomHorizontalFlip(p=0.5)
    ToTensor()
    Normalize(mean=[0.0, 0.0, 0.0], std=[1.0, 1.0, 1.0])
)
self.eval_transform: Compose(
    Resize(size=256, interpolation=bilinear, max_size=None, antialias=True)
    CenterCrop(size=(256, 256))
    ToTensor()
    Normalize(mean=[0.0, 0.0, 0.0], std=[1.0, 1.0, 1.0])
)
self.train_transform: Compose(
    Resize(size=256, interpolation=bicubic, max_size=None, antialias=True)
    RandomCrop(size=(256, 256), padding=None)
    RandomHorizontalFlip(p=0.5)
    ToTensor()
    Normalize(mean=[0.0, 0.0, 0.0], std=[1.0, 1.0, 1.0])
)
self.eval_transform: Compose(
    Resize(size=256, interpolation=bilinear, max_size=None, antialias=True)
    CenterCrop(size=(256, 256))
    ToTensor()
    Normalize(mean=[0.0, 0.0, 0.0], std=[1.0, 1.0, 1.0])
)
self.train_transform: Compose(
    Resize(size=256, interpolation=bicubic, max_size=None, antialias=True)
    RandomCrop(size=(256, 256), padding=None)
    RandomHorizontalFlip(p=0.5)
    ToTensor()
    Normalize(mean=[0.0, 0.0, 0.0], std=[1.0, 1.0, 1.0])
)
self.eval_transform: Compose(
    Resize(size=256, interpolation=bilinear, max_size=None, antialias=True)
    CenterCrop(size=(256, 256))
    ToTensor()
    Normalize(mean=[0.0, 0.0, 0.0], std=[1.0, 1.0, 1.0])
)
self.train_transform: Compose(
    Resize(size=256, interpolation=bicubic, max_size=None, antialias=True)
    RandomCrop(size=(256, 256), padding=None)
    RandomHorizontalFlip(p=0.5)
    ToTensor()
    Normalize(mean=[0.0, 0.0, 0.0], std=[1.0, 1.0, 1.0])
)
self.eval_transform: Compose(
    Resize(size=256, interpolation=bilinear, max_size=None, antialias=True)
    CenterCrop(size=(256, 256))
    ToTensor()
    Normalize(mean=[0.0, 0.0, 0.0], std=[1.0, 1.0, 1.0])
)
self.train_transform: Compose(
    Resize(size=256, interpolation=bicubic, max_size=None, antialias=True)
    RandomCrop(size=(256, 256), padding=None)
    RandomHorizontalFlip(p=0.5)
    ToTensor()
    Normalize(mean=[0.0, 0.0, 0.0], std=[1.0, 1.0, 1.0])
)
self.eval_transform: Compose(
    Resize(size=256, interpolation=bilinear, max_size=None, antialias=True)
    CenterCrop(size=(256, 256))
    ToTensor()
    Normalize(mean=[0.0, 0.0, 0.0], std=[1.0, 1.0, 1.0])
)
self.train_transform: Compose(
    Resize(size=256, interpolation=bicubic, max_size=None, antialias=True)
    RandomCrop(size=(256, 256), padding=None)
    RandomHorizontalFlip(p=0.5)
    ToTensor()
    Normalize(mean=[0.0, 0.0, 0.0], std=[1.0, 1.0, 1.0])
)
self.eval_transform: Compose(
    Resize(size=256, interpolation=bilinear, max_size=None, antialias=True)
    CenterCrop(size=(256, 256))
    ToTensor()
    Normalize(mean=[0.0, 0.0, 0.0], std=[1.0, 1.0, 1.0])
)
self.train_transform: Compose(
    Resize(size=256, interpolation=bicubic, max_size=None, antialias=True)
    RandomCrop(size=(256, 256), padding=None)
    RandomHorizontalFlip(p=0.5)
    ToTensor()
    Normalize(mean=[0.0, 0.0, 0.0], std=[1.0, 1.0, 1.0])
)
self.eval_transform: Compose(
    Resize(size=256, interpolation=bilinear, max_size=None, antialias=True)
    CenterCrop(size=(256, 256))
    ToTensor()
    Normalize(mean=[0.0, 0.0, 0.0], std=[1.0, 1.0, 1.0])
)
self.train_transform: Compose(
    Resize(size=256, interpolation=bicubic, max_size=None, antialias=True)
    RandomCrop(size=(256, 256), padding=None)
    RandomHorizontalFlip(p=0.5)
    ToTensor()
    Normalize(mean=[0.0, 0.0, 0.0], std=[1.0, 1.0, 1.0])
)
self.eval_transform: Compose(
    Resize(size=256, interpolation=bilinear, max_size=None, antialias=True)
    CenterCrop(size=(256, 256))
    ToTensor()
    Normalize(mean=[0.0, 0.0, 0.0], std=[1.0, 1.0, 1.0])
)
self.train_transform: Compose(
    Resize(size=256, interpolation=bicubic, max_size=None, antialias=True)
    RandomCrop(size=(256, 256), padding=None)
    RandomHorizontalFlip(p=0.5)
    ToTensor()
    Normalize(mean=[0.0, 0.0, 0.0], std=[1.0, 1.0, 1.0])
)
self.eval_transform: Compose(
    Resize(size=256, interpolation=bilinear, max_size=None, antialias=True)
    CenterCrop(size=(256, 256))
    ToTensor()
    Normalize(mean=[0.0, 0.0, 0.0], std=[1.0, 1.0, 1.0])
)
self.train_transform: Compose(
    Resize(size=256, interpolation=bicubic, max_size=None, antialias=True)
    RandomCrop(size=(256, 256), padding=None)
    RandomHorizontalFlip(p=0.5)
    ToTensor()
    Normalize(mean=[0.0, 0.0, 0.0], std=[1.0, 1.0, 1.0])
)
self.eval_transform: Compose(
    Resize(size=256, interpolation=bilinear, max_size=None, antialias=True)
    CenterCrop(size=(256, 256))
    ToTensor()
    Normalize(mean=[0.0, 0.0, 0.0], std=[1.0, 1.0, 1.0])
)
self.train_transform: Compose(
    Resize(size=256, interpolation=bicubic, max_size=None, antialias=True)
    RandomCrop(size=(256, 256), padding=None)
    RandomHorizontalFlip(p=0.5)
    ToTensor()
    Normalize(mean=[0.0, 0.0, 0.0], std=[1.0, 1.0, 1.0])
)
self.eval_transform: Compose(
    Resize(size=256, interpolation=bilinear, max_size=None, antialias=True)
    CenterCrop(size=(256, 256))
    ToTensor()
    Normalize(mean=[0.0, 0.0, 0.0], std=[1.0, 1.0, 1.0])
)
self.train_transform: Compose(
    Resize(size=256, interpolation=bicubic, max_size=None, antialias=True)
    RandomCrop(size=(256, 256), padding=None)
    RandomHorizontalFlip(p=0.5)
    ToTensor()
    Normalize(mean=[0.0, 0.0, 0.0], std=[1.0, 1.0, 1.0])
)
self.eval_transform: Compose(
    Resize(size=256, interpolation=bilinear, max_size=None, antialias=True)
    CenterCrop(size=(256, 256))
    ToTensor()
    Normalize(mean=[0.0, 0.0, 0.0], std=[1.0, 1.0, 1.0])
)
self.train_transform: Compose(
    Resize(size=256, interpolation=bicubic, max_size=None, antialias=True)
    RandomCrop(size=(256, 256), padding=None)
    RandomHorizontalFlip(p=0.5)
    ToTensor()
    Normalize(mean=[0.0, 0.0, 0.0], std=[1.0, 1.0, 1.0])
)
self.eval_transform: Compose(
    Resize(size=256, interpolation=bilinear, max_size=None, antialias=True)
    CenterCrop(size=(256, 256))
    ToTensor()
    Normalize(mean=[0.0, 0.0, 0.0], std=[1.0, 1.0, 1.0])
)
self.train_transform: Compose(
    Resize(size=256, interpolation=bicubic, max_size=None, antialias=True)
    RandomCrop(size=(256, 256), padding=None)
    RandomHorizontalFlip(p=0.5)
    ToTensor()
    Normalize(mean=[0.0, 0.0, 0.0], std=[1.0, 1.0, 1.0])
)
self.eval_transform: Compose(
    Resize(size=256, interpolation=bilinear, max_size=None, antialias=True)
    CenterCrop(size=(256, 256))
    ToTensor()
    Normalize(mean=[0.0, 0.0, 0.0], std=[1.0, 1.0, 1.0])
)
self.train_transform: Compose(
    Resize(size=256, interpolation=bicubic, max_size=None, antialias=True)
    RandomCrop(size=(256, 256), padding=None)
    RandomHorizontalFlip(p=0.5)
    ToTensor()
    Normalize(mean=[0.0, 0.0, 0.0], std=[1.0, 1.0, 1.0])
)
self.eval_transform: Compose(
    Resize(size=256, interpolation=bilinear, max_size=None, antialias=True)
    CenterCrop(size=(256, 256))
    ToTensor()
    Normalize(mean=[0.0, 0.0, 0.0], std=[1.0, 1.0, 1.0])
)
self.train_transform: Compose(
    Resize(size=256, interpolation=bicubic, max_size=None, antialias=True)
    RandomCrop(size=(256, 256), padding=None)
    RandomHorizontalFlip(p=0.5)
    ToTensor()
    Normalize(mean=[0.0, 0.0, 0.0], std=[1.0, 1.0, 1.0])
)
self.eval_transform: Compose(
    Resize(size=256, interpolation=bilinear, max_size=None, antialias=True)
    CenterCrop(size=(256, 256))
    ToTensor()
    Normalize(mean=[0.0, 0.0, 0.0], std=[1.0, 1.0, 1.0])
)
self.train_transform: Compose(
    Resize(size=256, interpolation=bicubic, max_size=None, antialias=True)
    RandomCrop(size=(256, 256), padding=None)
    RandomHorizontalFlip(p=0.5)
    ToTensor()
    Normalize(mean=[0.0, 0.0, 0.0], std=[1.0, 1.0, 1.0])
)
self.eval_transform: Compose(
    Resize(size=256, interpolation=bilinear, max_size=None, antialias=True)
    CenterCrop(size=(256, 256))
    ToTensor()
    Normalize(mean=[0.0, 0.0, 0.0], std=[1.0, 1.0, 1.0])
)
self.train_transform: Compose(
    Resize(size=256, interpolation=bicubic, max_size=None, antialias=True)
    RandomCrop(size=(256, 256), padding=None)
    RandomHorizontalFlip(p=0.5)
    ToTensor()
    Normalize(mean=[0.0, 0.0, 0.0], std=[1.0, 1.0, 1.0])
)
self.eval_transform: Compose(
    Resize(size=256, interpolation=bilinear, max_size=None, antialias=True)
    CenterCrop(size=(256, 256))
    ToTensor()
    Normalize(mean=[0.0, 0.0, 0.0], std=[1.0, 1.0, 1.0])
)
[11/28 16:28:07 TiTok-Gen]: Creating optimizers.
[11/28 16:28:07 TiTok-Gen]: Creating lr_schedulers.
self.train_transform: Compose(
    Resize(size=256, interpolation=bicubic, max_size=None, antialias=True)
    RandomCrop(size=(256, 256), padding=None)
    RandomHorizontalFlip(p=0.5)
    ToTensor()
    Normalize(mean=[0.0, 0.0, 0.0], std=[1.0, 1.0, 1.0])
)
self.eval_transform: Compose(
    Resize(size=256, interpolation=bilinear, max_size=None, antialias=True)
    CenterCrop(size=(256, 256))
    ToTensor()
    Normalize(mean=[0.0, 0.0, 0.0], std=[1.0, 1.0, 1.0])
)
self.train_transform: Compose(
    Resize(size=256, interpolation=bicubic, max_size=None, antialias=True)
    RandomCrop(size=(256, 256), padding=None)
    RandomHorizontalFlip(p=0.5)
    ToTensor()
    Normalize(mean=[0.0, 0.0, 0.0], std=[1.0, 1.0, 1.0])
)
self.eval_transform: Compose(
    Resize(size=256, interpolation=bilinear, max_size=None, antialias=True)
    CenterCrop(size=(256, 256))
    ToTensor()
    Normalize(mean=[0.0, 0.0, 0.0], std=[1.0, 1.0, 1.0])
)
[11/28 16:28:08 TiTok-Gen]: Preparing model, optimizer and dataloaders
self.train_transform: Compose(
    Resize(size=256, interpolation=bicubic, max_size=None, antialias=True)
    RandomCrop(size=(256, 256), padding=None)
    RandomHorizontalFlip(p=0.5)
    ToTensor()
    Normalize(mean=[0.0, 0.0, 0.0], std=[1.0, 1.0, 1.0])
)
self.eval_transform: Compose(
    Resize(size=256, interpolation=bilinear, max_size=None, antialias=True)
    CenterCrop(size=(256, 256))
    ToTensor()
    Normalize(mean=[0.0, 0.0, 0.0], std=[1.0, 1.0, 1.0])
)
self.train_transform: Compose(
    Resize(size=256, interpolation=bicubic, max_size=None, antialias=True)
    RandomCrop(size=(256, 256), padding=None)
    RandomHorizontalFlip(p=0.5)
    ToTensor()
    Normalize(mean=[0.0, 0.0, 0.0], std=[1.0, 1.0, 1.0])
)
self.eval_transform: Compose(
    Resize(size=256, interpolation=bilinear, max_size=None, antialias=True)
    CenterCrop(size=(256, 256))
    ToTensor()
    Normalize(mean=[0.0, 0.0, 0.0], std=[1.0, 1.0, 1.0])
)
self.train_transform: Compose(
    Resize(size=256, interpolation=bicubic, max_size=None, antialias=True)
    RandomCrop(size=(256, 256), padding=None)
    RandomHorizontalFlip(p=0.5)
    ToTensor()
    Normalize(mean=[0.0, 0.0, 0.0], std=[1.0, 1.0, 1.0])
)
self.eval_transform: Compose(
    Resize(size=256, interpolation=bilinear, max_size=None, antialias=True)
    CenterCrop(size=(256, 256))
    ToTensor()
    Normalize(mean=[0.0, 0.0, 0.0], std=[1.0, 1.0, 1.0])
)
self.train_transform: Compose(
    Resize(size=256, interpolation=bicubic, max_size=None, antialias=True)
    RandomCrop(size=(256, 256), padding=None)
    RandomHorizontalFlip(p=0.5)
    ToTensor()
    Normalize(mean=[0.0, 0.0, 0.0], std=[1.0, 1.0, 1.0])
)
self.eval_transform: Compose(
    Resize(size=256, interpolation=bilinear, max_size=None, antialias=True)
    CenterCrop(size=(256, 256))
    ToTensor()
    Normalize(mean=[0.0, 0.0, 0.0], std=[1.0, 1.0, 1.0])
)
self.train_transform: Compose(
    Resize(size=256, interpolation=bicubic, max_size=None, antialias=True)
    RandomCrop(size=(256, 256), padding=None)
    RandomHorizontalFlip(p=0.5)
    ToTensor()
    Normalize(mean=[0.0, 0.0, 0.0], std=[1.0, 1.0, 1.0])
)
self.eval_transform: Compose(
    Resize(size=256, interpolation=bilinear, max_size=None, antialias=True)
    CenterCrop(size=(256, 256))
    ToTensor()
    Normalize(mean=[0.0, 0.0, 0.0], std=[1.0, 1.0, 1.0])
)
self.train_transform: Compose(
    Resize(size=256, interpolation=bicubic, max_size=None, antialias=True)
    RandomCrop(size=(256, 256), padding=None)
    RandomHorizontalFlip(p=0.5)
    ToTensor()
    Normalize(mean=[0.0, 0.0, 0.0], std=[1.0, 1.0, 1.0])
)
self.eval_transform: Compose(
    Resize(size=256, interpolation=bilinear, max_size=None, antialias=True)
    CenterCrop(size=(256, 256))
    ToTensor()
    Normalize(mean=[0.0, 0.0, 0.0], std=[1.0, 1.0, 1.0])
)
self.train_transform: Compose(
    Resize(size=256, interpolation=bicubic, max_size=None, antialias=True)
    RandomCrop(size=(256, 256), padding=None)
    RandomHorizontalFlip(p=0.5)
    ToTensor()
    Normalize(mean=[0.0, 0.0, 0.0], std=[1.0, 1.0, 1.0])
)
self.eval_transform: Compose(
    Resize(size=256, interpolation=bilinear, max_size=None, antialias=True)
    CenterCrop(size=(256, 256))
    ToTensor()
    Normalize(mean=[0.0, 0.0, 0.0], std=[1.0, 1.0, 1.0])
)
self.train_transform: Compose(
    Resize(size=256, interpolation=bicubic, max_size=None, antialias=True)
    RandomCrop(size=(256, 256), padding=None)
    RandomHorizontalFlip(p=0.5)
    ToTensor()
    Normalize(mean=[0.0, 0.0, 0.0], std=[1.0, 1.0, 1.0])
)
self.eval_transform: Compose(
    Resize(size=256, interpolation=bilinear, max_size=None, antialias=True)
    CenterCrop(size=(256, 256))
    ToTensor()
    Normalize(mean=[0.0, 0.0, 0.0], std=[1.0, 1.0, 1.0])
)
self.train_transform: Compose(
    Resize(size=256, interpolation=bicubic, max_size=None, antialias=True)
    RandomCrop(size=(256, 256), padding=None)
    RandomHorizontalFlip(p=0.5)
    ToTensor()
    Normalize(mean=[0.0, 0.0, 0.0], std=[1.0, 1.0, 1.0])
)
self.eval_transform: Compose(
    Resize(size=256, interpolation=bilinear, max_size=None, antialias=True)
    CenterCrop(size=(256, 256))
    ToTensor()
    Normalize(mean=[0.0, 0.0, 0.0], std=[1.0, 1.0, 1.0])
)
self.train_transform: Compose(
    Resize(size=256, interpolation=bicubic, max_size=None, antialias=True)
    RandomCrop(size=(256, 256), padding=None)
    RandomHorizontalFlip(p=0.5)
    ToTensor()
    Normalize(mean=[0.0, 0.0, 0.0], std=[1.0, 1.0, 1.0])
)
self.eval_transform: Compose(
    Resize(size=256, interpolation=bilinear, max_size=None, antialias=True)
    CenterCrop(size=(256, 256))
    ToTensor()
    Normalize(mean=[0.0, 0.0, 0.0], std=[1.0, 1.0, 1.0])
)
self.train_transform: Compose(
    Resize(size=256, interpolation=bicubic, max_size=None, antialias=True)
    RandomCrop(size=(256, 256), padding=None)
    RandomHorizontalFlip(p=0.5)
    ToTensor()
    Normalize(mean=[0.0, 0.0, 0.0], std=[1.0, 1.0, 1.0])
)
self.eval_transform: Compose(
    Resize(size=256, interpolation=bilinear, max_size=None, antialias=True)
    CenterCrop(size=(256, 256))
    ToTensor()
    Normalize(mean=[0.0, 0.0, 0.0], std=[1.0, 1.0, 1.0])
)
self.train_transform: Compose(
    Resize(size=256, interpolation=bicubic, max_size=None, antialias=True)
    RandomCrop(size=(256, 256), padding=None)
    RandomHorizontalFlip(p=0.5)
    ToTensor()
    Normalize(mean=[0.0, 0.0, 0.0], std=[1.0, 1.0, 1.0])
)
self.eval_transform: Compose(
    Resize(size=256, interpolation=bilinear, max_size=None, antialias=True)
    CenterCrop(size=(256, 256))
    ToTensor()
    Normalize(mean=[0.0, 0.0, 0.0], std=[1.0, 1.0, 1.0])
)
SH-IDCA1404-10-140-54-11:16295:16295 [0] NCCL INFO NCCL_SOCKET_IFNAME set by environment to bond0
SH-IDCA1404-10-140-54-11:16295:16295 [0] NCCL INFO Bootstrap : Using bond0:10.140.54.11<0>
SH-IDCA1404-10-140-54-11:16295:16295 [0] NCCL INFO NET/Plugin: No plugin found (libnccl-net.so)
SH-IDCA1404-10-140-54-11:16295:16295 [0] NCCL INFO NET/Plugin: Plugin load returned 2 : libnccl-net.so: cannot open shared object file: No such file or directory : when loading libnccl-net.so
SH-IDCA1404-10-140-54-11:16295:16295 [0] NCCL INFO NET/Plugin: Using internal network plugin.
SH-IDCA1404-10-140-54-11:16295:16295 [0] NCCL INFO cudaDriverVersion 12000
NCCL version 2.21.5+cuda11.0
SH-IDCA1404-10-140-54-11:16298:16298 [1] NCCL INFO cudaDriverVersion 12000
SH-IDCA1404-10-140-54-11:16298:16298 [1] NCCL INFO NCCL_SOCKET_IFNAME set by environment to bond0
SH-IDCA1404-10-140-54-11:16298:16298 [1] NCCL INFO Bootstrap : Using bond0:10.140.54.11<0>
SH-IDCA1404-10-140-54-11:16303:16303 [5] NCCL INFO cudaDriverVersion 12000
SH-IDCA1404-10-140-54-11:16303:16303 [5] NCCL INFO NCCL_SOCKET_IFNAME set by environment to bond0
SH-IDCA1404-10-140-54-11:16303:16303 [5] NCCL INFO Bootstrap : Using bond0:10.140.54.11<0>
SH-IDCA1404-10-140-54-11:16300:16300 [3] NCCL INFO cudaDriverVersion 12000
SH-IDCA1404-10-140-54-11:16300:16300 [3] NCCL INFO NCCL_SOCKET_IFNAME set by environment to bond0
SH-IDCA1404-10-140-54-11:16300:16300 [3] NCCL INFO Bootstrap : Using bond0:10.140.54.11<0>
SH-IDCA1404-10-140-54-11:16304:16304 [6] NCCL INFO cudaDriverVersion 12000
SH-IDCA1404-10-140-54-11:16304:16304 [6] NCCL INFO NCCL_SOCKET_IFNAME set by environment to bond0
SH-IDCA1404-10-140-54-11:16304:16304 [6] NCCL INFO Bootstrap : Using bond0:10.140.54.11<0>
SH-IDCA1404-10-140-54-11:16306:16306 [7] NCCL INFO cudaDriverVersion 12000
SH-IDCA1404-10-140-54-11:16306:16306 [7] NCCL INFO NCCL_SOCKET_IFNAME set by environment to bond0
SH-IDCA1404-10-140-54-11:16306:16306 [7] NCCL INFO Bootstrap : Using bond0:10.140.54.11<0>
SH-IDCA1404-10-140-54-11:16301:16301 [4] NCCL INFO cudaDriverVersion 12000
SH-IDCA1404-10-140-54-11:16299:16299 [2] NCCL INFO cudaDriverVersion 12000
SH-IDCA1404-10-140-54-11:16299:16299 [2] NCCL INFO NCCL_SOCKET_IFNAME set by environment to bond0
SH-IDCA1404-10-140-54-11:16301:16301 [4] NCCL INFO NCCL_SOCKET_IFNAME set by environment to bond0
SH-IDCA1404-10-140-54-11:16299:16299 [2] NCCL INFO Bootstrap : Using bond0:10.140.54.11<0>
SH-IDCA1404-10-140-54-11:16301:16301 [4] NCCL INFO Bootstrap : Using bond0:10.140.54.11<0>
SH-IDCA1404-10-140-54-11:16298:16298 [1] NCCL INFO NET/Plugin: No plugin found (libnccl-net.so)
SH-IDCA1404-10-140-54-11:16298:16298 [1] NCCL INFO NET/Plugin: Plugin load returned 2 : libnccl-net.so: cannot open shared object file: No such file or directory : when loading libnccl-net.so
SH-IDCA1404-10-140-54-11:16298:16298 [1] NCCL INFO NET/Plugin: Using internal network plugin.
SH-IDCA1404-10-140-54-11:16303:16303 [5] NCCL INFO NET/Plugin: No plugin found (libnccl-net.so)
SH-IDCA1404-10-140-54-11:16303:16303 [5] NCCL INFO NET/Plugin: Plugin load returned 2 : libnccl-net.so: cannot open shared object file: No such file or directory : when loading libnccl-net.so
SH-IDCA1404-10-140-54-11:16303:16303 [5] NCCL INFO NET/Plugin: Using internal network plugin.
SH-IDCA1404-10-140-54-11:16304:16304 [6] NCCL INFO NET/Plugin: No plugin found (libnccl-net.so)
SH-IDCA1404-10-140-54-11:16304:16304 [6] NCCL INFO NET/Plugin: Plugin load returned 2 : libnccl-net.so: cannot open shared object file: No such file or directory : when loading libnccl-net.so
SH-IDCA1404-10-140-54-11:16304:16304 [6] NCCL INFO NET/Plugin: Using internal network plugin.
SH-IDCA1404-10-140-54-11:16306:16306 [7] NCCL INFO NET/Plugin: No plugin found (libnccl-net.so)
SH-IDCA1404-10-140-54-11:16306:16306 [7] NCCL INFO NET/Plugin: Plugin load returned 2 : libnccl-net.so: cannot open shared object file: No such file or directory : when loading libnccl-net.so
SH-IDCA1404-10-140-54-11:16306:16306 [7] NCCL INFO NET/Plugin: Using internal network plugin.
SH-IDCA1404-10-140-54-11:16300:16300 [3] NCCL INFO NET/Plugin: No plugin found (libnccl-net.so)
SH-IDCA1404-10-140-54-11:16300:16300 [3] NCCL INFO NET/Plugin: Plugin load returned 2 : libnccl-net.so: cannot open shared object file: No such file or directory : when loading libnccl-net.so
SH-IDCA1404-10-140-54-11:16300:16300 [3] NCCL INFO NET/Plugin: Using internal network plugin.
SH-IDCA1404-10-140-54-69:51123:51123 [1] NCCL INFO cudaDriverVersion 12000
SH-IDCA1404-10-140-54-69:51123:51123 [1] NCCL INFO NCCL_SOCKET_IFNAME set by environment to bond0
SH-IDCA1404-10-140-54-11:16299:16299 [2] NCCL INFO NET/Plugin: No plugin found (libnccl-net.so)
SH-IDCA1404-10-140-54-11:16299:16299 [2] NCCL INFO NET/Plugin: Plugin load returned 2 : libnccl-net.so: cannot open shared object file: No such file or directory : when loading libnccl-net.so
SH-IDCA1404-10-140-54-11:16299:16299 [2] NCCL INFO NET/Plugin: Using internal network plugin.
SH-IDCA1404-10-140-54-11:16301:16301 [4] NCCL INFO NET/Plugin: No plugin found (libnccl-net.so)
SH-IDCA1404-10-140-54-69:51123:51123 [1] NCCL INFO Bootstrap : Using bond0:10.140.54.69<0>
SH-IDCA1404-10-140-54-11:16301:16301 [4] NCCL INFO NET/Plugin: Plugin load returned 2 : libnccl-net.so: cannot open shared object file: No such file or directory : when loading libnccl-net.so
SH-IDCA1404-10-140-54-11:16301:16301 [4] NCCL INFO NET/Plugin: Using internal network plugin.
SH-IDCA1404-10-140-54-71:119210:119210 [6] NCCL INFO cudaDriverVersion 12000
SH-IDCA1404-10-140-54-71:119208:119208 [4] NCCL INFO cudaDriverVersion 12000
SH-IDCA1404-10-140-54-71:119206:119206 [2] NCCL INFO cudaDriverVersion 12000
SH-IDCA1404-10-140-54-21:4300:4300 [2] NCCL INFO cudaDriverVersion 12000
SH-IDCA1404-10-140-54-71:119210:119210 [6] NCCL INFO NCCL_SOCKET_IFNAME set by environment to bond0
SH-IDCA1404-10-140-54-71:119208:119208 [4] NCCL INFO NCCL_SOCKET_IFNAME set by environment to bond0
SH-IDCA1404-10-140-54-21:4300:4300 [2] NCCL INFO NCCL_SOCKET_IFNAME set by environment to bond0
SH-IDCA1404-10-140-54-71:119206:119206 [2] NCCL INFO NCCL_SOCKET_IFNAME set by environment to bond0
SH-IDCA1404-10-140-54-21:4300:4300 [2] NCCL INFO Bootstrap : Using bond0:10.140.54.21<0>
SH-IDCA1404-10-140-54-71:119208:119208 [4] NCCL INFO Bootstrap : Using bond0:10.140.54.71<0>
SH-IDCA1404-10-140-54-71:119210:119210 [6] NCCL INFO Bootstrap : Using bond0:10.140.54.71<0>
SH-IDCA1404-10-140-54-69:51129:51129 [7] NCCL INFO cudaDriverVersion 12000
SH-IDCA1404-10-140-54-71:119206:119206 [2] NCCL INFO Bootstrap : Using bond0:10.140.54.71<0>
SH-IDCA1404-10-140-54-69:51129:51129 [7] NCCL INFO NCCL_SOCKET_IFNAME set by environment to bond0
SH-IDCA1404-10-140-54-69:51129:51129 [7] NCCL INFO Bootstrap : Using bond0:10.140.54.69<0>
SH-IDCA1404-10-140-54-69:51120:51120 [0] NCCL INFO cudaDriverVersion 12000
SH-IDCA1404-10-140-54-69:51120:51120 [0] NCCL INFO NCCL_SOCKET_IFNAME set by environment to bond0
SH-IDCA1404-10-140-54-69:51124:51124 [2] NCCL INFO cudaDriverVersion 12000
SH-IDCA1404-10-140-54-69:51120:51120 [0] NCCL INFO Bootstrap : Using bond0:10.140.54.69<0>
SH-IDCA1404-10-140-54-69:51128:51128 [6] NCCL INFO cudaDriverVersion 12000
SH-IDCA1404-10-140-54-69:51125:51125 [3] NCCL INFO cudaDriverVersion 12000
SH-IDCA1404-10-140-54-69:51124:51124 [2] NCCL INFO NCCL_SOCKET_IFNAME set by environment to bond0
SH-IDCA1404-10-140-54-21:4299:4299 [1] NCCL INFO cudaDriverVersion 12000
SH-IDCA1404-10-140-54-69:51128:51128 [6] NCCL INFO NCCL_SOCKET_IFNAME set by environment to bond0
SH-IDCA1404-10-140-54-21:4299:4299 [1] NCCL INFO NCCL_SOCKET_IFNAME set by environment to bond0
SH-IDCA1404-10-140-54-69:51125:51125 [3] NCCL INFO NCCL_SOCKET_IFNAME set by environment to bond0
SH-IDCA1404-10-140-54-21:4299:4299 [1] NCCL INFO Bootstrap : Using bond0:10.140.54.21<0>
SH-IDCA1404-10-140-54-71:119211:119211 [7] NCCL INFO cudaDriverVersion 12000
SH-IDCA1404-10-140-54-69:51127:51127 [5] NCCL INFO cudaDriverVersion 12000
SH-IDCA1404-10-140-54-21:4303:4303 [5] NCCL INFO cudaDriverVersion 12000
SH-IDCA1404-10-140-54-71:119207:119207 [3] NCCL INFO cudaDriverVersion 12000
SH-IDCA1404-10-140-54-69:51127:51127 [5] NCCL INFO NCCL_SOCKET_IFNAME set by environment to bond0
SH-IDCA1404-10-140-54-21:4303:4303 [5] NCCL INFO NCCL_SOCKET_IFNAME set by environment to bond0
SH-IDCA1404-10-140-54-71:119205:119205 [1] NCCL INFO cudaDriverVersion 12000
SH-IDCA1404-10-140-54-69:51123:51123 [1] NCCL INFO NET/Plugin: No plugin found (libnccl-net.so)
SH-IDCA1404-10-140-54-69:51126:51126 [4] NCCL INFO cudaDriverVersion 12000
SH-IDCA1404-10-140-54-21:4307:4307 [7] NCCL INFO cudaDriverVersion 12000
SH-IDCA1404-10-140-54-71:119207:119207 [3] NCCL INFO NCCL_SOCKET_IFNAME set by environment to bond0
SH-IDCA1404-10-140-54-71:119211:119211 [7] NCCL INFO NCCL_SOCKET_IFNAME set by environment to bond0
SH-IDCA1404-10-140-54-69:51123:51123 [1] NCCL INFO NET/Plugin: Plugin load returned 2 : libnccl-net.so: cannot open shared object file: No such file or directory : when loading libnccl-net.so
SH-IDCA1404-10-140-54-21:4303:4303 [5] NCCL INFO Bootstrap : Using bond0:10.140.54.21<0>
SH-IDCA1404-10-140-54-71:119204:119204 [0] NCCL INFO cudaDriverVersion 12000
SH-IDCA1404-10-140-54-69:51123:51123 [1] NCCL INFO NET/Plugin: Using internal network plugin.
SH-IDCA1404-10-140-54-21:4307:4307 [7] NCCL INFO NCCL_SOCKET_IFNAME set by environment to bond0
SH-IDCA1404-10-140-54-71:119209:119209 [5] NCCL INFO cudaDriverVersion 12000
SH-IDCA1404-10-140-54-69:51126:51126 [4] NCCL INFO NCCL_SOCKET_IFNAME set by environment to bond0
SH-IDCA1404-10-140-54-21:4302:4302 [4] NCCL INFO cudaDriverVersion 12000
SH-IDCA1404-10-140-54-71:119205:119205 [1] NCCL INFO NCCL_SOCKET_IFNAME set by environment to bond0
SH-IDCA1404-10-140-54-69:51124:51124 [2] NCCL INFO Bootstrap : Using bond0:10.140.54.69<0>
SH-IDCA1404-10-140-54-21:4302:4302 [4] NCCL INFO NCCL_SOCKET_IFNAME set by environment to bond0
SH-IDCA1404-10-140-54-71:119204:119204 [0] NCCL INFO NCCL_SOCKET_IFNAME set by environment to bond0
SH-IDCA1404-10-140-54-69:51128:51128 [6] NCCL INFO Bootstrap : Using bond0:10.140.54.69<0>
SH-IDCA1404-10-140-54-21:4304:4304 [6] NCCL INFO cudaDriverVersion 12000
SH-IDCA1404-10-140-54-71:119209:119209 [5] NCCL INFO NCCL_SOCKET_IFNAME set by environment to bond0
SH-IDCA1404-10-140-54-69:51125:51125 [3] NCCL INFO Bootstrap : Using bond0:10.140.54.69<0>
SH-IDCA1404-10-140-54-69:51127:51127 [5] NCCL INFO Bootstrap : Using bond0:10.140.54.69<0>
SH-IDCA1404-10-140-54-21:4301:4301 [3] NCCL INFO cudaDriverVersion 12000
SH-IDCA1404-10-140-54-71:119207:119207 [3] NCCL INFO Bootstrap : Using bond0:10.140.54.71<0>
SH-IDCA1404-10-140-54-71:119211:119211 [7] NCCL INFO Bootstrap : Using bond0:10.140.54.71<0>
SH-IDCA1404-10-140-54-69:51126:51126 [4] NCCL INFO Bootstrap : Using bond0:10.140.54.69<0>
SH-IDCA1404-10-140-54-21:4304:4304 [6] NCCL INFO NCCL_SOCKET_IFNAME set by environment to bond0
SH-IDCA1404-10-140-54-71:119204:119204 [0] NCCL INFO Bootstrap : Using bond0:10.140.54.71<0>
SH-IDCA1404-10-140-54-69:51129:51129 [7] NCCL INFO NET/Plugin: No plugin found (libnccl-net.so)
SH-IDCA1404-10-140-54-21:4301:4301 [3] NCCL INFO NCCL_SOCKET_IFNAME set by environment to bond0
SH-IDCA1404-10-140-54-71:119205:119205 [1] NCCL INFO Bootstrap : Using bond0:10.140.54.71<0>
SH-IDCA1404-10-140-54-69:51129:51129 [7] NCCL INFO NET/Plugin: Plugin load returned 2 : libnccl-net.so: cannot open shared object file: No such file or directory : when loading libnccl-net.so
SH-IDCA1404-10-140-54-21:4298:4298 [0] NCCL INFO cudaDriverVersion 12000
SH-IDCA1404-10-140-54-71:119209:119209 [5] NCCL INFO Bootstrap : Using bond0:10.140.54.71<0>
SH-IDCA1404-10-140-54-69:51129:51129 [7] NCCL INFO NET/Plugin: Using internal network plugin.
SH-IDCA1404-10-140-54-21:4307:4307 [7] NCCL INFO Bootstrap : Using bond0:10.140.54.21<0>
SH-IDCA1404-10-140-54-69:51120:51120 [0] NCCL INFO NET/Plugin: No plugin found (libnccl-net.so)
SH-IDCA1404-10-140-54-21:4298:4298 [0] NCCL INFO NCCL_SOCKET_IFNAME set by environment to bond0
SH-IDCA1404-10-140-54-69:51120:51120 [0] NCCL INFO NET/Plugin: Plugin load returned 2 : libnccl-net.so: cannot open shared object file: No such file or directory : when loading libnccl-net.so
SH-IDCA1404-10-140-54-69:51120:51120 [0] NCCL INFO NET/Plugin: Using internal network plugin.
SH-IDCA1404-10-140-54-21:4302:4302 [4] NCCL INFO Bootstrap : Using bond0:10.140.54.21<0>
SH-IDCA1404-10-140-54-69:51125:51125 [3] NCCL INFO NET/Plugin: No plugin found (libnccl-net.so)
SH-IDCA1404-10-140-54-21:4304:4304 [6] NCCL INFO Bootstrap : Using bond0:10.140.54.21<0>
SH-IDCA1404-10-140-54-69:51125:51125 [3] NCCL INFO NET/Plugin: Plugin load returned 2 : libnccl-net.so: cannot open shared object file: No such file or directory : when loading libnccl-net.so
SH-IDCA1404-10-140-54-69:51125:51125 [3] NCCL INFO NET/Plugin: Using internal network plugin.
SH-IDCA1404-10-140-54-21:4301:4301 [3] NCCL INFO Bootstrap : Using bond0:10.140.54.21<0>
SH-IDCA1404-10-140-54-69:51124:51124 [2] NCCL INFO NET/Plugin: No plugin found (libnccl-net.so)
SH-IDCA1404-10-140-54-21:4298:4298 [0] NCCL INFO Bootstrap : Using bond0:10.140.54.21<0>
SH-IDCA1404-10-140-54-69:51124:51124 [2] NCCL INFO NET/Plugin: Plugin load returned 2 : libnccl-net.so: cannot open shared object file: No such file or directory : when loading libnccl-net.so
SH-IDCA1404-10-140-54-21:4299:4299 [1] NCCL INFO NET/Plugin: No plugin found (libnccl-net.so)
SH-IDCA1404-10-140-54-69:51124:51124 [2] NCCL INFO NET/Plugin: Using internal network plugin.
SH-IDCA1404-10-140-54-21:4299:4299 [1] NCCL INFO NET/Plugin: Plugin load returned 2 : libnccl-net.so: cannot open shared object file: No such file or directory : when loading libnccl-net.so
SH-IDCA1404-10-140-54-21:4299:4299 [1] NCCL INFO NET/Plugin: Using internal network plugin.
SH-IDCA1404-10-140-54-69:51128:51128 [6] NCCL INFO NET/Plugin: No plugin found (libnccl-net.so)
SH-IDCA1404-10-140-54-21:4300:4300 [2] NCCL INFO NET/Plugin: No plugin found (libnccl-net.so)
SH-IDCA1404-10-140-54-69:51128:51128 [6] NCCL INFO NET/Plugin: Plugin load returned 2 : libnccl-net.so: cannot open shared object file: No such file or directory : when loading libnccl-net.so
SH-IDCA1404-10-140-54-69:51128:51128 [6] NCCL INFO NET/Plugin: Using internal network plugin.
SH-IDCA1404-10-140-54-21:4300:4300 [2] NCCL INFO NET/Plugin: Plugin load returned 2 : libnccl-net.so: cannot open shared object file: No such file or directory : when loading libnccl-net.so
SH-IDCA1404-10-140-54-21:4300:4300 [2] NCCL INFO NET/Plugin: Using internal network plugin.
SH-IDCA1404-10-140-54-69:51126:51126 [4] NCCL INFO NET/Plugin: No plugin found (libnccl-net.so)
SH-IDCA1404-10-140-54-21:4303:4303 [5] NCCL INFO NET/Plugin: No plugin found (libnccl-net.so)
SH-IDCA1404-10-140-54-69:51126:51126 [4] NCCL INFO NET/Plugin: Plugin load returned 2 : libnccl-net.so: cannot open shared object file: No such file or directory : when loading libnccl-net.so
SH-IDCA1404-10-140-54-21:4303:4303 [5] NCCL INFO NET/Plugin: Plugin load returned 2 : libnccl-net.so: cannot open shared object file: No such file or directory : when loading libnccl-net.so
SH-IDCA1404-10-140-54-21:4303:4303 [5] NCCL INFO NET/Plugin: Using internal network plugin.
SH-IDCA1404-10-140-54-69:51126:51126 [4] NCCL INFO NET/Plugin: Using internal network plugin.
SH-IDCA1404-10-140-54-21:4307:4307 [7] NCCL INFO NET/Plugin: No plugin found (libnccl-net.so)
SH-IDCA1404-10-140-54-69:51127:51127 [5] NCCL INFO NET/Plugin: No plugin found (libnccl-net.so)
SH-IDCA1404-10-140-54-21:4307:4307 [7] NCCL INFO NET/Plugin: Plugin load returned 2 : libnccl-net.so: cannot open shared object file: No such file or directory : when loading libnccl-net.so
SH-IDCA1404-10-140-54-21:4307:4307 [7] NCCL INFO NET/Plugin: Using internal network plugin.
SH-IDCA1404-10-140-54-69:51127:51127 [5] NCCL INFO NET/Plugin: Plugin load returned 2 : libnccl-net.so: cannot open shared object file: No such file or directory : when loading libnccl-net.so
SH-IDCA1404-10-140-54-69:51127:51127 [5] NCCL INFO NET/Plugin: Using internal network plugin.
SH-IDCA1404-10-140-54-21:4301:4301 [3] NCCL INFO NET/Plugin: No plugin found (libnccl-net.so)
SH-IDCA1404-10-140-54-21:4301:4301 [3] NCCL INFO NET/Plugin: Plugin load returned 2 : libnccl-net.so: cannot open shared object file: No such file or directory : when loading libnccl-net.so
SH-IDCA1404-10-140-54-21:4301:4301 [3] NCCL INFO NET/Plugin: Using internal network plugin.
SH-IDCA1404-10-140-54-21:4304:4304 [6] NCCL INFO NET/Plugin: No plugin found (libnccl-net.so)
SH-IDCA1404-10-140-54-21:4304:4304 [6] NCCL INFO NET/Plugin: Plugin load returned 2 : libnccl-net.so: cannot open shared object file: No such file or directory : when loading libnccl-net.so
SH-IDCA1404-10-140-54-21:4304:4304 [6] NCCL INFO NET/Plugin: Using internal network plugin.
SH-IDCA1404-10-140-54-21:4302:4302 [4] NCCL INFO NET/Plugin: No plugin found (libnccl-net.so)
SH-IDCA1404-10-140-54-21:4302:4302 [4] NCCL INFO NET/Plugin: Plugin load returned 2 : libnccl-net.so: cannot open shared object file: No such file or directory : when loading libnccl-net.so
SH-IDCA1404-10-140-54-21:4302:4302 [4] NCCL INFO NET/Plugin: Using internal network plugin.
SH-IDCA1404-10-140-54-21:4298:4298 [0] NCCL INFO NET/Plugin: No plugin found (libnccl-net.so)
SH-IDCA1404-10-140-54-21:4298:4298 [0] NCCL INFO NET/Plugin: Plugin load returned 2 : libnccl-net.so: cannot open shared object file: No such file or directory : when loading libnccl-net.so
SH-IDCA1404-10-140-54-21:4298:4298 [0] NCCL INFO NET/Plugin: Using internal network plugin.
SH-IDCA1404-10-140-54-71:119209:119209 [5] NCCL INFO NET/Plugin: No plugin found (libnccl-net.so)
SH-IDCA1404-10-140-54-71:119209:119209 [5] NCCL INFO NET/Plugin: Plugin load returned 2 : libnccl-net.so: cannot open shared object file: No such file or directory : when loading libnccl-net.so
SH-IDCA1404-10-140-54-71:119209:119209 [5] NCCL INFO NET/Plugin: Using internal network plugin.
SH-IDCA1404-10-140-54-71:119206:119206 [2] NCCL INFO NET/Plugin: No plugin found (libnccl-net.so)
SH-IDCA1404-10-140-54-71:119206:119206 [2] NCCL INFO NET/Plugin: Plugin load returned 2 : libnccl-net.so: cannot open shared object file: No such file or directory : when loading libnccl-net.so
SH-IDCA1404-10-140-54-71:119206:119206 [2] NCCL INFO NET/Plugin: Using internal network plugin.
SH-IDCA1404-10-140-54-71:119211:119211 [7] NCCL INFO NET/Plugin: No plugin found (libnccl-net.so)
SH-IDCA1404-10-140-54-71:119211:119211 [7] NCCL INFO NET/Plugin: Plugin load returned 2 : libnccl-net.so: cannot open shared object file: No such file or directory : when loading libnccl-net.so
SH-IDCA1404-10-140-54-71:119211:119211 [7] NCCL INFO NET/Plugin: Using internal network plugin.
SH-IDCA1404-10-140-54-71:119210:119210 [6] NCCL INFO NET/Plugin: No plugin found (libnccl-net.so)
SH-IDCA1404-10-140-54-71:119210:119210 [6] NCCL INFO NET/Plugin: Plugin load returned 2 : libnccl-net.so: cannot open shared object file: No such file or directory : when loading libnccl-net.so
SH-IDCA1404-10-140-54-71:119210:119210 [6] NCCL INFO NET/Plugin: Using internal network plugin.
SH-IDCA1404-10-140-54-71:119205:119205 [1] NCCL INFO NET/Plugin: No plugin found (libnccl-net.so)
SH-IDCA1404-10-140-54-71:119205:119205 [1] NCCL INFO NET/Plugin: Plugin load returned 2 : libnccl-net.so: cannot open shared object file: No such file or directory : when loading libnccl-net.so
SH-IDCA1404-10-140-54-71:119205:119205 [1] NCCL INFO NET/Plugin: Using internal network plugin.
SH-IDCA1404-10-140-54-71:119204:119204 [0] NCCL INFO NET/Plugin: No plugin found (libnccl-net.so)
SH-IDCA1404-10-140-54-71:119204:119204 [0] NCCL INFO NET/Plugin: Plugin load returned 2 : libnccl-net.so: cannot open shared object file: No such file or directory : when loading libnccl-net.so
SH-IDCA1404-10-140-54-71:119204:119204 [0] NCCL INFO NET/Plugin: Using internal network plugin.
SH-IDCA1404-10-140-54-71:119207:119207 [3] NCCL INFO NET/Plugin: No plugin found (libnccl-net.so)
SH-IDCA1404-10-140-54-71:119207:119207 [3] NCCL INFO NET/Plugin: Plugin load returned 2 : libnccl-net.so: cannot open shared object file: No such file or directory : when loading libnccl-net.so
SH-IDCA1404-10-140-54-71:119207:119207 [3] NCCL INFO NET/Plugin: Using internal network plugin.
SH-IDCA1404-10-140-54-71:119208:119208 [4] NCCL INFO NET/Plugin: No plugin found (libnccl-net.so)
SH-IDCA1404-10-140-54-71:119208:119208 [4] NCCL INFO NET/Plugin: Plugin load returned 2 : libnccl-net.so: cannot open shared object file: No such file or directory : when loading libnccl-net.so
SH-IDCA1404-10-140-54-71:119208:119208 [4] NCCL INFO NET/Plugin: Using internal network plugin.
SH-IDCA1404-10-140-54-11:16295:16295 [0] NCCL INFO Comm config Blocking set to 1
SH-IDCA1404-10-140-54-11:16295:17708 [0] NCCL INFO NCCL_SOCKET_IFNAME set by environment to bond0
SH-IDCA1404-10-140-54-11:16295:17708 [0] NCCL INFO NCCL_IB_HCA set to mlx5_0,mlx5_2
SH-IDCA1404-10-140-54-21:4303:4303 [5] NCCL INFO Comm config Blocking set to 1
SH-IDCA1404-10-140-54-11:16295:17708 [0] NCCL INFO NET/IB : Using [0]mlx5_2:1/IB [RO]; OOB bond0:10.140.54.11<0>
SH-IDCA1404-10-140-54-11:16295:17708 [0] NCCL INFO Using non-device net plugin version 0
SH-IDCA1404-10-140-54-11:16295:17708 [0] NCCL INFO Using network IB
SH-IDCA1404-10-140-54-11:16300:16300 [3] NCCL INFO Comm config Blocking set to 1
SH-IDCA1404-10-140-54-21:4303:5286 [5] NCCL INFO NCCL_SOCKET_IFNAME set by environment to bond0
SH-IDCA1404-10-140-54-21:4303:5286 [5] NCCL INFO NCCL_IB_HCA set to mlx5_0,mlx5_2
SH-IDCA1404-10-140-54-11:16298:16298 [1] NCCL INFO Comm config Blocking set to 1
SH-IDCA1404-10-140-54-11:16304:16304 [6] NCCL INFO Comm config Blocking set to 1
SH-IDCA1404-10-140-54-11:16300:17710 [3] NCCL INFO NCCL_SOCKET_IFNAME set by environment to bond0
SH-IDCA1404-10-140-54-11:16303:16303 [5] NCCL INFO Comm config Blocking set to 1
SH-IDCA1404-10-140-54-11:16300:17710 [3] NCCL INFO NCCL_IB_HCA set to mlx5_0,mlx5_2
SH-IDCA1404-10-140-54-11:16306:16306 [7] NCCL INFO Comm config Blocking set to 1
SH-IDCA1404-10-140-54-11:16299:16299 [2] NCCL INFO Comm config Blocking set to 1
SH-IDCA1404-10-140-54-11:16298:17711 [1] NCCL INFO NCCL_SOCKET_IFNAME set by environment to bond0
SH-IDCA1404-10-140-54-11:16298:17711 [1] NCCL INFO NCCL_IB_HCA set to mlx5_0,mlx5_2
SH-IDCA1404-10-140-54-21:4303:5286 [5] NCCL INFO NET/IB : Using [0]mlx5_2:1/IB [RO]; OOB bond0:10.140.54.21<0>
SH-IDCA1404-10-140-54-21:4303:5286 [5] NCCL INFO Using non-device net plugin version 0
SH-IDCA1404-10-140-54-21:4303:5286 [5] NCCL INFO Using network IB
SH-IDCA1404-10-140-54-11:16303:17713 [5] NCCL INFO NCCL_SOCKET_IFNAME set by environment to bond0
SH-IDCA1404-10-140-54-11:16303:17713 [5] NCCL INFO NCCL_IB_HCA set to mlx5_0,mlx5_2
SH-IDCA1404-10-140-54-11:16304:17712 [6] NCCL INFO NCCL_SOCKET_IFNAME set by environment to bond0
SH-IDCA1404-10-140-54-11:16304:17712 [6] NCCL INFO NCCL_IB_HCA set to mlx5_0,mlx5_2
SH-IDCA1404-10-140-54-11:16306:17714 [7] NCCL INFO NCCL_SOCKET_IFNAME set by environment to bond0
SH-IDCA1404-10-140-54-11:16306:17714 [7] NCCL INFO NCCL_IB_HCA set to mlx5_0,mlx5_2
SH-IDCA1404-10-140-54-11:16300:17710 [3] NCCL INFO NET/IB : Using [0]mlx5_2:1/IB [RO]; OOB bond0:10.140.54.11<0>
SH-IDCA1404-10-140-54-11:16299:17715 [2] NCCL INFO NCCL_SOCKET_IFNAME set by environment to bond0
SH-IDCA1404-10-140-54-11:16300:17710 [3] NCCL INFO Using non-device net plugin version 0
SH-IDCA1404-10-140-54-11:16300:17710 [3] NCCL INFO Using network IB
SH-IDCA1404-10-140-54-11:16299:17715 [2] NCCL INFO NCCL_IB_HCA set to mlx5_0,mlx5_2
SH-IDCA1404-10-140-54-11:16298:17711 [1] NCCL INFO NET/IB : Using [0]mlx5_2:1/IB [RO]; OOB bond0:10.140.54.11<0>
SH-IDCA1404-10-140-54-11:16298:17711 [1] NCCL INFO Using non-device net plugin version 0
SH-IDCA1404-10-140-54-11:16298:17711 [1] NCCL INFO Using network IB
SH-IDCA1404-10-140-54-11:16301:16301 [4] NCCL INFO Comm config Blocking set to 1
SH-IDCA1404-10-140-54-71:119208:119208 [4] NCCL INFO Comm config Blocking set to 1
SH-IDCA1404-10-140-54-21:4302:4302 [4] NCCL INFO Comm config Blocking set to 1
SH-IDCA1404-10-140-54-11:16303:17713 [5] NCCL INFO NET/IB : Using [0]mlx5_2:1/IB [RO]; OOB bond0:10.140.54.11<0>
SH-IDCA1404-10-140-54-11:16303:17713 [5] NCCL INFO Using non-device net plugin version 0
SH-IDCA1404-10-140-54-11:16303:17713 [5] NCCL INFO Using network IB
SH-IDCA1404-10-140-54-69:51120:51120 [0] NCCL INFO Comm config Blocking set to 1
SH-IDCA1404-10-140-54-11:16306:17714 [7] NCCL INFO NET/IB : Using [0]mlx5_2:1/IB [RO]; OOB bond0:10.140.54.11<0>
SH-IDCA1404-10-140-54-11:16306:17714 [7] NCCL INFO Using non-device net plugin version 0
SH-IDCA1404-10-140-54-11:16306:17714 [7] NCCL INFO Using network IB
SH-IDCA1404-10-140-54-11:16304:17712 [6] NCCL INFO NET/IB : Using [0]mlx5_2:1/IB [RO]; OOB bond0:10.140.54.11<0>
SH-IDCA1404-10-140-54-11:16304:17712 [6] NCCL INFO Using non-device net plugin version 0
SH-IDCA1404-10-140-54-11:16304:17712 [6] NCCL INFO Using network IB
SH-IDCA1404-10-140-54-11:16299:17715 [2] NCCL INFO NET/IB : Using [0]mlx5_2:1/IB [RO]; OOB bond0:10.140.54.11<0>
SH-IDCA1404-10-140-54-71:119211:119211 [7] NCCL INFO Comm config Blocking set to 1
SH-IDCA1404-10-140-54-11:16299:17715 [2] NCCL INFO Using non-device net plugin version 0
SH-IDCA1404-10-140-54-11:16299:17715 [2] NCCL INFO Using network IB
SH-IDCA1404-10-140-54-69:51123:51123 [1] NCCL INFO Comm config Blocking set to 1
SH-IDCA1404-10-140-54-21:4307:4307 [7] NCCL INFO Comm config Blocking set to 1
SH-IDCA1404-10-140-54-69:51129:51129 [7] NCCL INFO Comm config Blocking set to 1
SH-IDCA1404-10-140-54-69:51125:51125 [3] NCCL INFO Comm config Blocking set to 1
SH-IDCA1404-10-140-54-21:4300:4300 [2] NCCL INFO Comm config Blocking set to 1
SH-IDCA1404-10-140-54-69:51128:51128 [6] NCCL INFO Comm config Blocking set to 1
SH-IDCA1404-10-140-54-11:16301:17722 [4] NCCL INFO NCCL_SOCKET_IFNAME set by environment to bond0
SH-IDCA1404-10-140-54-21:4304:4304 [6] NCCL INFO Comm config Blocking set to 1
SH-IDCA1404-10-140-54-11:16301:17722 [4] NCCL INFO NCCL_IB_HCA set to mlx5_0,mlx5_2
SH-IDCA1404-10-140-54-69:51126:51126 [4] NCCL INFO Comm config Blocking set to 1
SH-IDCA1404-10-140-54-69:51124:51124 [2] NCCL INFO Comm config Blocking set to 1
SH-IDCA1404-10-140-54-21:4299:4299 [1] NCCL INFO Comm config Blocking set to 1
SH-IDCA1404-10-140-54-71:119208:120210 [4] NCCL INFO NCCL_SOCKET_IFNAME set by environment to bond0
SH-IDCA1404-10-140-54-69:51127:51127 [5] NCCL INFO Comm config Blocking set to 1
SH-IDCA1404-10-140-54-21:4302:5288 [4] NCCL INFO NCCL_SOCKET_IFNAME set by environment to bond0
SH-IDCA1404-10-140-54-71:119208:120210 [4] NCCL INFO NCCL_IB_HCA set to mlx5_0,mlx5_2
SH-IDCA1404-10-140-54-21:4301:4301 [3] NCCL INFO Comm config Blocking set to 1
SH-IDCA1404-10-140-54-21:4302:5288 [4] NCCL INFO NCCL_IB_HCA set to mlx5_0,mlx5_2
SH-IDCA1404-10-140-54-71:119210:119210 [6] NCCL INFO Comm config Blocking set to 1
SH-IDCA1404-10-140-54-21:4298:4298 [0] NCCL INFO Comm config Blocking set to 1
SH-IDCA1404-10-140-54-69:51120:52503 [0] NCCL INFO NCCL_SOCKET_IFNAME set by environment to bond0
SH-IDCA1404-10-140-54-69:51120:52503 [0] NCCL INFO NCCL_IB_HCA set to mlx5_0,mlx5_2
SH-IDCA1404-10-140-54-71:119211:120211 [7] NCCL INFO NCCL_SOCKET_IFNAME set by environment to bond0
SH-IDCA1404-10-140-54-71:119211:120211 [7] NCCL INFO NCCL_IB_HCA set to mlx5_0,mlx5_2
SH-IDCA1404-10-140-54-71:119204:119204 [0] NCCL INFO Comm config Blocking set to 1
SH-IDCA1404-10-140-54-71:119209:119209 [5] NCCL INFO Comm config Blocking set to 1
SH-IDCA1404-10-140-54-71:119207:119207 [3] NCCL INFO Comm config Blocking set to 1
SH-IDCA1404-10-140-54-69:51123:52504 [1] NCCL INFO NCCL_SOCKET_IFNAME set by environment to bond0
SH-IDCA1404-10-140-54-69:51123:52504 [1] NCCL INFO NCCL_IB_HCA set to mlx5_0,mlx5_2
SH-IDCA1404-10-140-54-69:51129:52505 [7] NCCL INFO NCCL_SOCKET_IFNAME set by environment to bond0
SH-IDCA1404-10-140-54-69:51129:52505 [7] NCCL INFO NCCL_IB_HCA set to mlx5_0,mlx5_2
SH-IDCA1404-10-140-54-11:16301:17722 [4] NCCL INFO NET/IB : Using [0]mlx5_2:1/IB [RO]; OOB bond0:10.140.54.11<0>
SH-IDCA1404-10-140-54-11:16301:17722 [4] NCCL INFO Using non-device net plugin version 0
SH-IDCA1404-10-140-54-11:16301:17722 [4] NCCL INFO Using network IB
SH-IDCA1404-10-140-54-21:4307:5289 [7] NCCL INFO NCCL_SOCKET_IFNAME set by environment to bond0
SH-IDCA1404-10-140-54-71:119206:119206 [2] NCCL INFO Comm config Blocking set to 1
SH-IDCA1404-10-140-54-21:4307:5289 [7] NCCL INFO NCCL_IB_HCA set to mlx5_0,mlx5_2
SH-IDCA1404-10-140-54-71:119205:119205 [1] NCCL INFO Comm config Blocking set to 1
SH-IDCA1404-10-140-54-69:51128:52507 [6] NCCL INFO NCCL_SOCKET_IFNAME set by environment to bond0
SH-IDCA1404-10-140-54-21:4300:5290 [2] NCCL INFO NCCL_SOCKET_IFNAME set by environment to bond0
SH-IDCA1404-10-140-54-69:51125:52506 [3] NCCL INFO NCCL_SOCKET_IFNAME set by environment to bond0
SH-IDCA1404-10-140-54-21:4304:5291 [6] NCCL INFO NCCL_SOCKET_IFNAME set by environment to bond0
SH-IDCA1404-10-140-54-71:119210:120212 [6] NCCL INFO NCCL_SOCKET_IFNAME set by environment to bond0
SH-IDCA1404-10-140-54-69:51126:52510 [4] NCCL INFO NCCL_SOCKET_IFNAME set by environment to bond0
SH-IDCA1404-10-140-54-21:4300:5290 [2] NCCL INFO NCCL_IB_HCA set to mlx5_0,mlx5_2
SH-IDCA1404-10-140-54-69:51128:52507 [6] NCCL INFO NCCL_IB_HCA set to mlx5_0,mlx5_2
SH-IDCA1404-10-140-54-71:119208:120210 [4] NCCL INFO NET/IB : Using [0]mlx5_2:1/IB [RO]; OOB bond0:10.140.54.71<0>
SH-IDCA1404-10-140-54-21:4304:5291 [6] NCCL INFO NCCL_IB_HCA set to mlx5_0,mlx5_2
SH-IDCA1404-10-140-54-71:119208:120210 [4] NCCL INFO Using non-device net plugin version 0
SH-IDCA1404-10-140-54-71:119208:120210 [4] NCCL INFO Using network IB
SH-IDCA1404-10-140-54-69:51125:52506 [3] NCCL INFO NCCL_IB_HCA set to mlx5_0,mlx5_2
SH-IDCA1404-10-140-54-21:4302:5288 [4] NCCL INFO NET/IB : Using [0]mlx5_2:1/IB [RO]; OOB bond0:10.140.54.21<0>
SH-IDCA1404-10-140-54-71:119210:120212 [6] NCCL INFO NCCL_IB_HCA set to mlx5_0,mlx5_2
SH-IDCA1404-10-140-54-69:51126:52510 [4] NCCL INFO NCCL_IB_HCA set to mlx5_0,mlx5_2
SH-IDCA1404-10-140-54-21:4302:5288 [4] NCCL INFO Using non-device net plugin version 0
SH-IDCA1404-10-140-54-21:4302:5288 [4] NCCL INFO Using network IB
SH-IDCA1404-10-140-54-69:51124:52511 [2] NCCL INFO NCCL_SOCKET_IFNAME set by environment to bond0
SH-IDCA1404-10-140-54-21:4301:5293 [3] NCCL INFO NCCL_SOCKET_IFNAME set by environment to bond0
SH-IDCA1404-10-140-54-69:51124:52511 [2] NCCL INFO NCCL_IB_HCA set to mlx5_0,mlx5_2
SH-IDCA1404-10-140-54-21:4299:5292 [1] NCCL INFO NCCL_SOCKET_IFNAME set by environment to bond0
SH-IDCA1404-10-140-54-71:119204:120214 [0] NCCL INFO NCCL_SOCKET_IFNAME set by environment to bond0
SH-IDCA1404-10-140-54-69:51127:52512 [5] NCCL INFO NCCL_SOCKET_IFNAME set by environment to bond0
SH-IDCA1404-10-140-54-21:4301:5293 [3] NCCL INFO NCCL_IB_HCA set to mlx5_0,mlx5_2
SH-IDCA1404-10-140-54-21:4299:5292 [1] NCCL INFO NCCL_IB_HCA set to mlx5_0,mlx5_2
SH-IDCA1404-10-140-54-21:4298:5294 [0] NCCL INFO NCCL_SOCKET_IFNAME set by environment to bond0
SH-IDCA1404-10-140-54-71:119204:120214 [0] NCCL INFO NCCL_IB_HCA set to mlx5_0,mlx5_2
SH-IDCA1404-10-140-54-69:51127:52512 [5] NCCL INFO NCCL_IB_HCA set to mlx5_0,mlx5_2
SH-IDCA1404-10-140-54-21:4298:5294 [0] NCCL INFO NCCL_IB_HCA set to mlx5_0,mlx5_2
SH-IDCA1404-10-140-54-71:119211:120211 [7] NCCL INFO NET/IB : Using [0]mlx5_2:1/IB [RO]; OOB bond0:10.140.54.71<0>
SH-IDCA1404-10-140-54-69:51120:52503 [0] NCCL INFO NET/IB : Using [0]mlx5_2:1/IB [RO]; OOB bond0:10.140.54.69<0>
SH-IDCA1404-10-140-54-69:51120:52503 [0] NCCL INFO Using non-device net plugin version 0
SH-IDCA1404-10-140-54-69:51120:52503 [0] NCCL INFO Using network IB
SH-IDCA1404-10-140-54-71:119211:120211 [7] NCCL INFO Using non-device net plugin version 0
SH-IDCA1404-10-140-54-71:119211:120211 [7] NCCL INFO Using network IB
SH-IDCA1404-10-140-54-71:119207:120216 [3] NCCL INFO NCCL_SOCKET_IFNAME set by environment to bond0
SH-IDCA1404-10-140-54-71:119209:120215 [5] NCCL INFO NCCL_SOCKET_IFNAME set by environment to bond0
SH-IDCA1404-10-140-54-71:119207:120216 [3] NCCL INFO NCCL_IB_HCA set to mlx5_0,mlx5_2
SH-IDCA1404-10-140-54-69:51123:52504 [1] NCCL INFO NET/IB : Using [0]mlx5_2:1/IB [RO]; OOB bond0:10.140.54.69<0>
SH-IDCA1404-10-140-54-71:119209:120215 [5] NCCL INFO NCCL_IB_HCA set to mlx5_0,mlx5_2
SH-IDCA1404-10-140-54-71:119206:120218 [2] NCCL INFO NCCL_SOCKET_IFNAME set by environment to bond0
SH-IDCA1404-10-140-54-69:51123:52504 [1] NCCL INFO Using non-device net plugin version 0
SH-IDCA1404-10-140-54-69:51123:52504 [1] NCCL INFO Using network IB
SH-IDCA1404-10-140-54-71:119205:120219 [1] NCCL INFO NCCL_SOCKET_IFNAME set by environment to bond0
SH-IDCA1404-10-140-54-71:119206:120218 [2] NCCL INFO NCCL_IB_HCA set to mlx5_0,mlx5_2
SH-IDCA1404-10-140-54-69:51129:52505 [7] NCCL INFO NET/IB : Using [0]mlx5_2:1/IB [RO]; OOB bond0:10.140.54.69<0>
SH-IDCA1404-10-140-54-71:119205:120219 [1] NCCL INFO NCCL_IB_HCA set to mlx5_0,mlx5_2
SH-IDCA1404-10-140-54-69:51129:52505 [7] NCCL INFO Using non-device net plugin version 0
SH-IDCA1404-10-140-54-69:51129:52505 [7] NCCL INFO Using network IB
SH-IDCA1404-10-140-54-21:4307:5289 [7] NCCL INFO NET/IB : Using [0]mlx5_2:1/IB [RO]; OOB bond0:10.140.54.21<0>
SH-IDCA1404-10-140-54-21:4307:5289 [7] NCCL INFO Using non-device net plugin version 0
SH-IDCA1404-10-140-54-21:4307:5289 [7] NCCL INFO Using network IB
SH-IDCA1404-10-140-54-21:4304:5291 [6] NCCL INFO NET/IB : Using [0]mlx5_2:1/IB [RO]; OOB bond0:10.140.54.21<0>
SH-IDCA1404-10-140-54-69:51126:52510 [4] NCCL INFO NET/IB : Using [0]mlx5_2:1/IB [RO]; OOB bond0:10.140.54.69<0>
SH-IDCA1404-10-140-54-71:119210:120212 [6] NCCL INFO NET/IB : Using [0]mlx5_2:1/IB [RO]; OOB bond0:10.140.54.71<0>
SH-IDCA1404-10-140-54-21:4304:5291 [6] NCCL INFO Using non-device net plugin version 0
SH-IDCA1404-10-140-54-69:51126:52510 [4] NCCL INFO Using non-device net plugin version 0
SH-IDCA1404-10-140-54-69:51126:52510 [4] NCCL INFO Using network IB
SH-IDCA1404-10-140-54-21:4304:5291 [6] NCCL INFO Using network IB
SH-IDCA1404-10-140-54-71:119210:120212 [6] NCCL INFO Using non-device net plugin version 0
SH-IDCA1404-10-140-54-71:119210:120212 [6] NCCL INFO Using network IB
SH-IDCA1404-10-140-54-69:51124:52511 [2] NCCL INFO NET/IB : Using [0]mlx5_2:1/IB [RO]; OOB bond0:10.140.54.69<0>
SH-IDCA1404-10-140-54-21:4300:5290 [2] NCCL INFO NET/IB : Using [0]mlx5_2:1/IB [RO]; OOB bond0:10.140.54.21<0>
SH-IDCA1404-10-140-54-69:51125:52506 [3] NCCL INFO NET/IB : Using [0]mlx5_2:1/IB [RO]; OOB bond0:10.140.54.69<0>
SH-IDCA1404-10-140-54-21:4300:5290 [2] NCCL INFO Using non-device net plugin version 0
SH-IDCA1404-10-140-54-21:4300:5290 [2] NCCL INFO Using network IB
SH-IDCA1404-10-140-54-69:51124:52511 [2] NCCL INFO Using non-device net plugin version 0
SH-IDCA1404-10-140-54-69:51124:52511 [2] NCCL INFO Using network IB
SH-IDCA1404-10-140-54-21:4299:5292 [1] NCCL INFO NET/IB : Using [0]mlx5_2:1/IB [RO]; OOB bond0:10.140.54.21<0>
SH-IDCA1404-10-140-54-71:119204:120214 [0] NCCL INFO NET/IB : Using [0]mlx5_2:1/IB [RO]; OOB bond0:10.140.54.71<0>
SH-IDCA1404-10-140-54-69:51125:52506 [3] NCCL INFO Using non-device net plugin version 0
SH-IDCA1404-10-140-54-69:51125:52506 [3] NCCL INFO Using network IB
SH-IDCA1404-10-140-54-21:4299:5292 [1] NCCL INFO Using non-device net plugin version 0
SH-IDCA1404-10-140-54-21:4299:5292 [1] NCCL INFO Using network IB
SH-IDCA1404-10-140-54-69:51128:52507 [6] NCCL INFO NET/IB : Using [0]mlx5_2:1/IB [RO]; OOB bond0:10.140.54.69<0>
SH-IDCA1404-10-140-54-21:4301:5293 [3] NCCL INFO NET/IB : Using [0]mlx5_2:1/IB [RO]; OOB bond0:10.140.54.21<0>
SH-IDCA1404-10-140-54-71:119204:120214 [0] NCCL INFO Using non-device net plugin version 0
SH-IDCA1404-10-140-54-71:119204:120214 [0] NCCL INFO Using network IB
SH-IDCA1404-10-140-54-69:51128:52507 [6] NCCL INFO Using non-device net plugin version 0
SH-IDCA1404-10-140-54-69:51128:52507 [6] NCCL INFO Using network IB
SH-IDCA1404-10-140-54-21:4301:5293 [3] NCCL INFO Using non-device net plugin version 0
SH-IDCA1404-10-140-54-21:4301:5293 [3] NCCL INFO Using network IB
SH-IDCA1404-10-140-54-69:51127:52512 [5] NCCL INFO NET/IB : Using [0]mlx5_2:1/IB [RO]; OOB bond0:10.140.54.69<0>
SH-IDCA1404-10-140-54-21:4298:5294 [0] NCCL INFO NET/IB : Using [0]mlx5_2:1/IB [RO]; OOB bond0:10.140.54.21<0>
SH-IDCA1404-10-140-54-71:119207:120216 [3] NCCL INFO NET/IB : Using [0]mlx5_2:1/IB [RO]; OOB bond0:10.140.54.71<0>
SH-IDCA1404-10-140-54-69:51127:52512 [5] NCCL INFO Using non-device net plugin version 0
SH-IDCA1404-10-140-54-69:51127:52512 [5] NCCL INFO Using network IB
SH-IDCA1404-10-140-54-21:4298:5294 [0] NCCL INFO Using non-device net plugin version 0
SH-IDCA1404-10-140-54-21:4298:5294 [0] NCCL INFO Using network IB
SH-IDCA1404-10-140-54-71:119209:120215 [5] NCCL INFO NET/IB : Using [0]mlx5_2:1/IB [RO]; OOB bond0:10.140.54.71<0>
SH-IDCA1404-10-140-54-71:119207:120216 [3] NCCL INFO Using non-device net plugin version 0
SH-IDCA1404-10-140-54-71:119207:120216 [3] NCCL INFO Using network IB
SH-IDCA1404-10-140-54-71:119209:120215 [5] NCCL INFO Using non-device net plugin version 0
SH-IDCA1404-10-140-54-71:119209:120215 [5] NCCL INFO Using network IB
SH-IDCA1404-10-140-54-71:119206:120218 [2] NCCL INFO NET/IB : Using [0]mlx5_2:1/IB [RO]; OOB bond0:10.140.54.71<0>
SH-IDCA1404-10-140-54-71:119205:120219 [1] NCCL INFO NET/IB : Using [0]mlx5_2:1/IB [RO]; OOB bond0:10.140.54.71<0>
SH-IDCA1404-10-140-54-71:119206:120218 [2] NCCL INFO Using non-device net plugin version 0
SH-IDCA1404-10-140-54-71:119206:120218 [2] NCCL INFO Using network IB
SH-IDCA1404-10-140-54-71:119205:120219 [1] NCCL INFO Using non-device net plugin version 0
SH-IDCA1404-10-140-54-71:119205:120219 [1] NCCL INFO Using network IB
SH-IDCA1404-10-140-54-11:16301:17722 [4] NCCL INFO ncclCommInitRank comm 0xb58e940 rank 4 nranks 32 cudaDev 4 nvmlDev 4 busId 9d000 commId 0xad187778b783a69d - Init START
SH-IDCA1404-10-140-54-11:16303:17713 [5] NCCL INFO ncclCommInitRank comm 0xce5ec80 rank 5 nranks 32 cudaDev 5 nvmlDev 5 busId a1000 commId 0xad187778b783a69d - Init START
SH-IDCA1404-10-140-54-11:16306:17714 [7] NCCL INFO ncclCommInitRank comm 0xb541740 rank 7 nranks 32 cudaDev 7 nvmlDev 7 busId d7000 commId 0xad187778b783a69d - Init START
SH-IDCA1404-10-140-54-11:16299:17715 [2] NCCL INFO ncclCommInitRank comm 0x559338c0 rank 2 nranks 32 cudaDev 2 nvmlDev 2 busId 6b000 commId 0xad187778b783a69d - Init START
SH-IDCA1404-10-140-54-11:16304:17712 [6] NCCL INFO ncclCommInitRank comm 0x54845600 rank 6 nranks 32 cudaDev 6 nvmlDev 6 busId d4000 commId 0xad187778b783a69d - Init START
SH-IDCA1404-10-140-54-11:16300:17710 [3] NCCL INFO ncclCommInitRank comm 0xc49ed00 rank 3 nranks 32 cudaDev 3 nvmlDev 3 busId 71000 commId 0xad187778b783a69d - Init START
SH-IDCA1404-10-140-54-71:119210:120212 [6] NCCL INFO ncclCommInitRank comm 0x9b42880 rank 30 nranks 32 cudaDev 6 nvmlDev 6 busId d4000 commId 0xad187778b783a69d - Init START
SH-IDCA1404-10-140-54-11:16298:17711 [1] NCCL INFO ncclCommInitRank comm 0xbadeea0 rank 1 nranks 32 cudaDev 1 nvmlDev 1 busId 56000 commId 0xad187778b783a69d - Init START
SH-IDCA1404-10-140-54-11:16295:17708 [0] NCCL INFO ncclCommInitRank comm 0xb942f00 rank 0 nranks 32 cudaDev 0 nvmlDev 0 busId 51000 commId 0xad187778b783a69d - Init START
SH-IDCA1404-10-140-54-69:51128:52507 [6] NCCL INFO ncclCommInitRank comm 0x5619f240 rank 22 nranks 32 cudaDev 6 nvmlDev 6 busId d4000 commId 0xad187778b783a69d - Init START
SH-IDCA1404-10-140-54-69:51123:52504 [1] NCCL INFO ncclCommInitRank comm 0xc698a80 rank 17 nranks 32 cudaDev 1 nvmlDev 1 busId 56000 commId 0xad187778b783a69d - Init START
SH-IDCA1404-10-140-54-69:51126:52510 [4] NCCL INFO ncclCommInitRank comm 0x53b91780 rank 20 nranks 32 cudaDev 4 nvmlDev 4 busId 9d000 commId 0xad187778b783a69d - Init START
SH-IDCA1404-10-140-54-21:4298:5294 [0] NCCL INFO ncclCommInitRank comm 0x55a77bc0 rank 8 nranks 32 cudaDev 0 nvmlDev 0 busId 51000 commId 0xad187778b783a69d - Init START
SH-IDCA1404-10-140-54-21:4304:5291 [6] NCCL INFO ncclCommInitRank comm 0xaf83e40 rank 14 nranks 32 cudaDev 6 nvmlDev 6 busId d4000 commId 0xad187778b783a69d - Init START
SH-IDCA1404-10-140-54-21:4307:5289 [7] NCCL INFO ncclCommInitRank comm 0xb9b28c0 rank 15 nranks 32 cudaDev 7 nvmlDev 7 busId d7000 commId 0xad187778b783a69d - Init START
SH-IDCA1404-10-140-54-21:4301:5293 [3] NCCL INFO ncclCommInitRank comm 0x9baddd0 rank 11 nranks 32 cudaDev 3 nvmlDev 3 busId 71000 commId 0xad187778b783a69d - Init START
SH-IDCA1404-10-140-54-21:4302:5288 [4] NCCL INFO ncclCommInitRank comm 0x9ea5c40 rank 12 nranks 32 cudaDev 4 nvmlDev 4 busId 9d000 commId 0xad187778b783a69d - Init START
SH-IDCA1404-10-140-54-21:4300:5290 [2] NCCL INFO ncclCommInitRank comm 0x9fe0b60 rank 10 nranks 32 cudaDev 2 nvmlDev 2 busId 6b000 commId 0xad187778b783a69d - Init START
SH-IDCA1404-10-140-54-71:119209:120215 [5] NCCL INFO ncclCommInitRank comm 0x5b990380 rank 29 nranks 32 cudaDev 5 nvmlDev 5 busId a1000 commId 0xad187778b783a69d - Init START
SH-IDCA1404-10-140-54-69:51125:52506 [3] NCCL INFO ncclCommInitRank comm 0xaea21c0 rank 19 nranks 32 cudaDev 3 nvmlDev 3 busId 71000 commId 0xad187778b783a69d - Init START
SH-IDCA1404-10-140-54-69:51124:52511 [2] NCCL INFO ncclCommInitRank comm 0xaefea00 rank 18 nranks 32 cudaDev 2 nvmlDev 2 busId 6b000 commId 0xad187778b783a69d - Init START
SH-IDCA1404-10-140-54-69:51127:52512 [5] NCCL INFO ncclCommInitRank comm 0x5496a300 rank 21 nranks 32 cudaDev 5 nvmlDev 5 busId a1000 commId 0xad187778b783a69d - Init START
SH-IDCA1404-10-140-54-69:51120:52503 [0] NCCL INFO ncclCommInitRank comm 0x5d01c0c0 rank 16 nranks 32 cudaDev 0 nvmlDev 0 busId 51000 commId 0xad187778b783a69d - Init START
SH-IDCA1404-10-140-54-21:4303:5286 [5] NCCL INFO ncclCommInitRank comm 0xc10e440 rank 13 nranks 32 cudaDev 5 nvmlDev 5 busId a1000 commId 0xad187778b783a69d - Init START
SH-IDCA1404-10-140-54-71:119208:120210 [4] NCCL INFO ncclCommInitRank comm 0xc7dea80 rank 28 nranks 32 cudaDev 4 nvmlDev 4 busId 9d000 commId 0xad187778b783a69d - Init START
SH-IDCA1404-10-140-54-71:119207:120216 [3] NCCL INFO ncclCommInitRank comm 0xa5cfde0 rank 27 nranks 32 cudaDev 3 nvmlDev 3 busId 71000 commId 0xad187778b783a69d - Init START
SH-IDCA1404-10-140-54-69:51129:52505 [7] NCCL INFO ncclCommInitRank comm 0xcd26000 rank 23 nranks 32 cudaDev 7 nvmlDev 7 busId d7000 commId 0xad187778b783a69d - Init START
SH-IDCA1404-10-140-54-21:4299:5292 [1] NCCL INFO ncclCommInitRank comm 0x54b13fc0 rank 9 nranks 32 cudaDev 1 nvmlDev 1 busId 56000 commId 0xad187778b783a69d - Init START
SH-IDCA1404-10-140-54-71:119206:120218 [2] NCCL INFO ncclCommInitRank comm 0xb3fd680 rank 26 nranks 32 cudaDev 2 nvmlDev 2 busId 6b000 commId 0xad187778b783a69d - Init START
SH-IDCA1404-10-140-54-71:119205:120219 [1] NCCL INFO ncclCommInitRank comm 0x5512a7c0 rank 25 nranks 32 cudaDev 1 nvmlDev 1 busId 56000 commId 0xad187778b783a69d - Init START
SH-IDCA1404-10-140-54-71:119211:120211 [7] NCCL INFO ncclCommInitRank comm 0xc5bfa00 rank 31 nranks 32 cudaDev 7 nvmlDev 7 busId d7000 commId 0xad187778b783a69d - Init START
SH-IDCA1404-10-140-54-71:119204:120214 [0] NCCL INFO ncclCommInitRank comm 0x5612bf40 rank 24 nranks 32 cudaDev 0 nvmlDev 0 busId 51000 commId 0xad187778b783a69d - Init START
SH-IDCA1404-10-140-54-69:51126:52510 [4] NCCL INFO Setting affinity for GPU 4 to ffffffff,00000000,ffffffff,00000000
SH-IDCA1404-10-140-54-21:4307:5289 [7] NCCL INFO Setting affinity for GPU 7 to ffffffff,00000000,ffffffff,00000000
SH-IDCA1404-10-140-54-21:4299:5292 [1] NCCL INFO Setting affinity for GPU 1 to ffffffff,00000000,ffffffff
SH-IDCA1404-10-140-54-21:4304:5291 [6] NCCL INFO Setting affinity for GPU 6 to ffffffff,00000000,ffffffff,00000000
SH-IDCA1404-10-140-54-69:51123:52504 [1] NCCL INFO Setting affinity for GPU 1 to ffffffff,00000000,ffffffff
SH-IDCA1404-10-140-54-71:119204:120214 [0] NCCL INFO Setting affinity for GPU 0 to ffffffff,00000000,ffffffff
SH-IDCA1404-10-140-54-11:16295:17708 [0] NCCL INFO Setting affinity for GPU 0 to ffffffff,00000000,ffffffff
SH-IDCA1404-10-140-54-69:51128:52507 [6] NCCL INFO Setting affinity for GPU 6 to ffffffff,00000000,ffffffff,00000000
SH-IDCA1404-10-140-54-71:119210:120212 [6] NCCL INFO Setting affinity for GPU 6 to ffffffff,00000000,ffffffff,00000000
SH-IDCA1404-10-140-54-71:119211:120211 [7] NCCL INFO Setting affinity for GPU 7 to ffffffff,00000000,ffffffff,00000000
SH-IDCA1404-10-140-54-69:51129:52505 [7] NCCL INFO Setting affinity for GPU 7 to ffffffff,00000000,ffffffff,00000000
SH-IDCA1404-10-140-54-11:16303:17713 [5] NCCL INFO Setting affinity for GPU 5 to ffffffff,00000000,ffffffff,00000000
SH-IDCA1404-10-140-54-21:4302:5288 [4] NCCL INFO Setting affinity for GPU 4 to ffffffff,00000000,ffffffff,00000000
SH-IDCA1404-10-140-54-71:119208:120210 [4] NCCL INFO Setting affinity for GPU 4 to ffffffff,00000000,ffffffff,00000000
SH-IDCA1404-10-140-54-21:4298:5294 [0] NCCL INFO Setting affinity for GPU 0 to ffffffff,00000000,ffffffff
SH-IDCA1404-10-140-54-69:51125:52506 [3] NCCL INFO Setting affinity for GPU 3 to ffffffff,00000000,ffffffff
SH-IDCA1404-10-140-54-69:51124:52511 [2] NCCL INFO Setting affinity for GPU 2 to ffffffff,00000000,ffffffff
SH-IDCA1404-10-140-54-21:4301:5293 [3] NCCL INFO Setting affinity for GPU 3 to ffffffff,00000000,ffffffff
SH-IDCA1404-10-140-54-21:4303:5286 [5] NCCL INFO Setting affinity for GPU 5 to ffffffff,00000000,ffffffff,00000000
SH-IDCA1404-10-140-54-71:119206:120218 [2] NCCL INFO Setting affinity for GPU 2 to ffffffff,00000000,ffffffff
SH-IDCA1404-10-140-54-71:119205:120219 [1] NCCL INFO Setting affinity for GPU 1 to ffffffff,00000000,ffffffff
SH-IDCA1404-10-140-54-11:16300:17710 [3] NCCL INFO Setting affinity for GPU 3 to ffffffff,00000000,ffffffff
SH-IDCA1404-10-140-54-71:119209:120215 [5] NCCL INFO Setting affinity for GPU 5 to ffffffff,00000000,ffffffff,00000000
SH-IDCA1404-10-140-54-11:16306:17714 [7] NCCL INFO Setting affinity for GPU 7 to ffffffff,00000000,ffffffff,00000000
SH-IDCA1404-10-140-54-11:16301:17722 [4] NCCL INFO Setting affinity for GPU 4 to ffffffff,00000000,ffffffff,00000000
SH-IDCA1404-10-140-54-11:16304:17712 [6] NCCL INFO Setting affinity for GPU 6 to ffffffff,00000000,ffffffff,00000000
SH-IDCA1404-10-140-54-11:16298:17711 [1] NCCL INFO Setting affinity for GPU 1 to ffffffff,00000000,ffffffff
SH-IDCA1404-10-140-54-71:119207:120216 [3] NCCL INFO Setting affinity for GPU 3 to ffffffff,00000000,ffffffff
SH-IDCA1404-10-140-54-11:16299:17715 [2] NCCL INFO Setting affinity for GPU 2 to ffffffff,00000000,ffffffff
SH-IDCA1404-10-140-54-21:4300:5290 [2] NCCL INFO Setting affinity for GPU 2 to ffffffff,00000000,ffffffff
SH-IDCA1404-10-140-54-69:51120:52503 [0] NCCL INFO Setting affinity for GPU 0 to ffffffff,00000000,ffffffff
SH-IDCA1404-10-140-54-69:51127:52512 [5] NCCL INFO Setting affinity for GPU 5 to ffffffff,00000000,ffffffff,00000000
SH-IDCA1404-10-140-54-11:16306:17714 [7] NCCL INFO comm 0xb541740 rank 7 nRanks 32 nNodes 4 localRanks 8 localRank 7 MNNVL 0
SH-IDCA1404-10-140-54-11:16304:17712 [6] NCCL INFO comm 0x54845600 rank 6 nRanks 32 nNodes 4 localRanks 8 localRank 6 MNNVL 0
SH-IDCA1404-10-140-54-11:16303:17713 [5] NCCL INFO comm 0xce5ec80 rank 5 nRanks 32 nNodes 4 localRanks 8 localRank 5 MNNVL 0
SH-IDCA1404-10-140-54-69:51127:52512 [5] NCCL INFO comm 0x5496a300 rank 21 nRanks 32 nNodes 4 localRanks 8 localRank 5 MNNVL 0
SH-IDCA1404-10-140-54-69:51124:52511 [2] NCCL INFO comm 0xaefea00 rank 18 nRanks 32 nNodes 4 localRanks 8 localRank 2 MNNVL 0
SH-IDCA1404-10-140-54-69:51125:52506 [3] NCCL INFO comm 0xaea21c0 rank 19 nRanks 32 nNodes 4 localRanks 8 localRank 3 MNNVL 0
SH-IDCA1404-10-140-54-69:51128:52507 [6] NCCL INFO comm 0x5619f240 rank 22 nRanks 32 nNodes 4 localRanks 8 localRank 6 MNNVL 0
SH-IDCA1404-10-140-54-69:51129:52505 [7] NCCL INFO comm 0xcd26000 rank 23 nRanks 32 nNodes 4 localRanks 8 localRank 7 MNNVL 0
SH-IDCA1404-10-140-54-21:4300:5290 [2] NCCL INFO comm 0x9fe0b60 rank 10 nRanks 32 nNodes 4 localRanks 8 localRank 2 MNNVL 0
SH-IDCA1404-10-140-54-21:4301:5293 [3] NCCL INFO comm 0x9baddd0 rank 11 nRanks 32 nNodes 4 localRanks 8 localRank 3 MNNVL 0
SH-IDCA1404-10-140-54-21:4307:5289 [7] NCCL INFO comm 0xb9b28c0 rank 15 nRanks 32 nNodes 4 localRanks 8 localRank 7 MNNVL 0
SH-IDCA1404-10-140-54-21:4304:5291 [6] NCCL INFO comm 0xaf83e40 rank 14 nRanks 32 nNodes 4 localRanks 8 localRank 6 MNNVL 0
SH-IDCA1404-10-140-54-21:4303:5286 [5] NCCL INFO comm 0xc10e440 rank 13 nRanks 32 nNodes 4 localRanks 8 localRank 5 MNNVL 0
SH-IDCA1404-10-140-54-21:4299:5292 [1] NCCL INFO comm 0x54b13fc0 rank 9 nRanks 32 nNodes 4 localRanks 8 localRank 1 MNNVL 0
SH-IDCA1404-10-140-54-21:4302:5288 [4] NCCL INFO comm 0x9ea5c40 rank 12 nRanks 32 nNodes 4 localRanks 8 localRank 4 MNNVL 0
SH-IDCA1404-10-140-54-71:119211:120211 [7] NCCL INFO comm 0xc5bfa00 rank 31 nRanks 32 nNodes 4 localRanks 8 localRank 7 MNNVL 0
SH-IDCA1404-10-140-54-71:119210:120212 [6] NCCL INFO comm 0x9b42880 rank 30 nRanks 32 nNodes 4 localRanks 8 localRank 6 MNNVL 0
SH-IDCA1404-10-140-54-11:16301:17722 [4] NCCL INFO comm 0xb58e940 rank 4 nRanks 32 nNodes 4 localRanks 8 localRank 4 MNNVL 0
SH-IDCA1404-10-140-54-11:16300:17710 [3] NCCL INFO comm 0xc49ed00 rank 3 nRanks 32 nNodes 4 localRanks 8 localRank 3 MNNVL 0
SH-IDCA1404-10-140-54-11:16299:17715 [2] NCCL INFO comm 0x559338c0 rank 2 nRanks 32 nNodes 4 localRanks 8 localRank 2 MNNVL 0
SH-IDCA1404-10-140-54-11:16298:17711 [1] NCCL INFO comm 0xbadeea0 rank 1 nRanks 32 nNodes 4 localRanks 8 localRank 1 MNNVL 0
SH-IDCA1404-10-140-54-69:51126:52510 [4] NCCL INFO comm 0x53b91780 rank 20 nRanks 32 nNodes 4 localRanks 8 localRank 4 MNNVL 0
SH-IDCA1404-10-140-54-69:51120:52503 [0] NCCL INFO comm 0x5d01c0c0 rank 16 nRanks 32 nNodes 4 localRanks 8 localRank 0 MNNVL 0
SH-IDCA1404-10-140-54-69:51123:52504 [1] NCCL INFO comm 0xc698a80 rank 17 nRanks 32 nNodes 4 localRanks 8 localRank 1 MNNVL 0
SH-IDCA1404-10-140-54-21:4298:5294 [0] NCCL INFO comm 0x55a77bc0 rank 8 nRanks 32 nNodes 4 localRanks 8 localRank 0 MNNVL 0
SH-IDCA1404-10-140-54-21:4301:5293 [3] NCCL INFO Trees [0] 12/-1/-1->11->10 [1] 12/-1/-1->11->10
SH-IDCA1404-10-140-54-21:4300:5290 [2] NCCL INFO Trees [0] 11/-1/-1->10->9 [1] 11/-1/-1->10->9
SH-IDCA1404-10-140-54-21:4301:5293 [3] NCCL INFO P2P Chunksize set to 131072
SH-IDCA1404-10-140-54-21:4300:5290 [2] NCCL INFO P2P Chunksize set to 131072
SH-IDCA1404-10-140-54-71:119208:120210 [4] NCCL INFO comm 0xc7dea80 rank 28 nRanks 32 nNodes 4 localRanks 8 localRank 4 MNNVL 0
SH-IDCA1404-10-140-54-71:119209:120215 [5] NCCL INFO comm 0x5b990380 rank 29 nRanks 32 nNodes 4 localRanks 8 localRank 5 MNNVL 0
SH-IDCA1404-10-140-54-71:119207:120216 [3] NCCL INFO comm 0xa5cfde0 rank 27 nRanks 32 nNodes 4 localRanks 8 localRank 3 MNNVL 0
SH-IDCA1404-10-140-54-71:119205:120219 [1] NCCL INFO comm 0x5512a7c0 rank 25 nRanks 32 nNodes 4 localRanks 8 localRank 1 MNNVL 0
SH-IDCA1404-10-140-54-11:16306:17714 [7] NCCL INFO Trees [0] -1/-1/-1->7->6 [1] -1/-1/-1->7->6
SH-IDCA1404-10-140-54-11:16301:17722 [4] NCCL INFO Trees [0] 5/-1/-1->4->3 [1] 5/-1/-1->4->3
SH-IDCA1404-10-140-54-11:16295:17708 [0] NCCL INFO comm 0xb942f00 rank 0 nRanks 32 nNodes 4 localRanks 8 localRank 0 MNNVL 0
SH-IDCA1404-10-140-54-11:16301:17722 [4] NCCL INFO P2P Chunksize set to 131072
SH-IDCA1404-10-140-54-11:16306:17714 [7] NCCL INFO P2P Chunksize set to 131072
SH-IDCA1404-10-140-54-11:16303:17713 [5] NCCL INFO Trees [0] 6/-1/-1->5->4 [1] 6/-1/-1->5->4
SH-IDCA1404-10-140-54-11:16304:17712 [6] NCCL INFO Trees [0] 7/-1/-1->6->5 [1] 7/-1/-1->6->5
SH-IDCA1404-10-140-54-11:16303:17713 [5] NCCL INFO P2P Chunksize set to 131072
SH-IDCA1404-10-140-54-11:16304:17712 [6] NCCL INFO P2P Chunksize set to 131072
SH-IDCA1404-10-140-54-11:16299:17715 [2] NCCL INFO Trees [0] 3/-1/-1->2->1 [1] 3/-1/-1->2->1
SH-IDCA1404-10-140-54-11:16300:17710 [3] NCCL INFO Trees [0] 4/-1/-1->3->2 [1] 4/-1/-1->3->2
SH-IDCA1404-10-140-54-69:51124:52511 [2] NCCL INFO Trees [0] 19/-1/-1->18->17 [1] 19/-1/-1->18->17
SH-IDCA1404-10-140-54-69:51124:52511 [2] NCCL INFO P2P Chunksize set to 131072
SH-IDCA1404-10-140-54-69:51125:52506 [3] NCCL INFO Trees [0] 20/-1/-1->19->18 [1] 20/-1/-1->19->18
SH-IDCA1404-10-140-54-69:51127:52512 [5] NCCL INFO Trees [0] 22/-1/-1->21->20 [1] 22/-1/-1->21->20
SH-IDCA1404-10-140-54-69:51125:52506 [3] NCCL INFO P2P Chunksize set to 131072
SH-IDCA1404-10-140-54-69:51129:52505 [7] NCCL INFO Trees [0] -1/-1/-1->23->22 [1] -1/-1/-1->23->22
SH-IDCA1404-10-140-54-21:4307:5289 [7] NCCL INFO Trees [0] -1/-1/-1->15->14 [1] -1/-1/-1->15->14
SH-IDCA1404-10-140-54-21:4303:5286 [5] NCCL INFO Trees [0] 14/-1/-1->13->12 [1] 14/-1/-1->13->12
SH-IDCA1404-10-140-54-21:4304:5291 [6] NCCL INFO Trees [0] 15/-1/-1->14->13 [1] 15/-1/-1->14->13
SH-IDCA1404-10-140-54-21:4307:5289 [7] NCCL INFO P2P Chunksize set to 131072
SH-IDCA1404-10-140-54-21:4302:5288 [4] NCCL INFO Trees [0] 13/-1/-1->12->11 [1] 13/-1/-1->12->11
SH-IDCA1404-10-140-54-21:4303:5286 [5] NCCL INFO P2P Chunksize set to 131072
SH-IDCA1404-10-140-54-21:4304:5291 [6] NCCL INFO P2P Chunksize set to 131072
SH-IDCA1404-10-140-54-21:4299:5292 [1] NCCL INFO Trees [0] 10/-1/-1->9->8 [1] 10/16/-1->9->8
SH-IDCA1404-10-140-54-21:4298:5294 [0] NCCL INFO Trees [0] 9/-1/-1->8->17 [1] 9/0/-1->8->24
SH-IDCA1404-10-140-54-21:4302:5288 [4] NCCL INFO P2P Chunksize set to 131072
SH-IDCA1404-10-140-54-21:4299:5292 [1] NCCL INFO P2P Chunksize set to 131072
SH-IDCA1404-10-140-54-71:119206:120218 [2] NCCL INFO comm 0xb3fd680 rank 26 nRanks 32 nNodes 4 localRanks 8 localRank 2 MNNVL 0
SH-IDCA1404-10-140-54-71:119204:120214 [0] NCCL INFO comm 0x5612bf40 rank 24 nRanks 32 nNodes 4 localRanks 8 localRank 0 MNNVL 0
SH-IDCA1404-10-140-54-71:119211:120211 [7] NCCL INFO Trees [0] -1/-1/-1->31->30 [1] -1/-1/-1->31->30
SH-IDCA1404-10-140-54-71:119211:120211 [7] NCCL INFO P2P Chunksize set to 131072
SH-IDCA1404-10-140-54-71:119208:120210 [4] NCCL INFO Trees [0] 29/-1/-1->28->27 [1] 29/-1/-1->28->27
SH-IDCA1404-10-140-54-11:16298:17711 [1] NCCL INFO Trees [0] 2/-1/-1->1->0 [1] 2/-1/-1->1->0
SH-IDCA1404-10-140-54-11:16299:17715 [2] NCCL INFO P2P Chunksize set to 131072
SH-IDCA1404-10-140-54-11:16300:17710 [3] NCCL INFO P2P Chunksize set to 131072
SH-IDCA1404-10-140-54-11:16298:17711 [1] NCCL INFO P2P Chunksize set to 131072
SH-IDCA1404-10-140-54-69:51127:52512 [5] NCCL INFO P2P Chunksize set to 131072
SH-IDCA1404-10-140-54-69:51120:52503 [0] NCCL INFO Trees [0] 17/24/-1->16->0 [1] 17/-1/-1->16->9
SH-IDCA1404-10-140-54-69:51129:52505 [7] NCCL INFO P2P Chunksize set to 131072
SH-IDCA1404-10-140-54-69:51120:52503 [0] NCCL INFO P2P Chunksize set to 131072
SH-IDCA1404-10-140-54-69:51123:52504 [1] NCCL INFO Trees [0] 18/8/-1->17->16 [1] 18/-1/-1->17->16
SH-IDCA1404-10-140-54-69:51126:52510 [4] NCCL INFO Trees [0] 21/-1/-1->20->19 [1] 21/-1/-1->20->19
SH-IDCA1404-10-140-54-69:51128:52507 [6] NCCL INFO Trees [0] 23/-1/-1->22->21 [1] 23/-1/-1->22->21
SH-IDCA1404-10-140-54-21:4298:5294 [0] NCCL INFO P2P Chunksize set to 131072
SH-IDCA1404-10-140-54-71:119208:120210 [4] NCCL INFO P2P Chunksize set to 131072
SH-IDCA1404-10-140-54-71:119209:120215 [5] NCCL INFO Trees [0] 30/-1/-1->29->28 [1] 30/-1/-1->29->28
SH-IDCA1404-10-140-54-71:119209:120215 [5] NCCL INFO P2P Chunksize set to 131072
SH-IDCA1404-10-140-54-11:16295:17708 [0] NCCL INFO Channel 00/02 :    0   7   6   5   4   3   2   1   8  15  14  13  12  11  10   9  16  23  22  21
SH-IDCA1404-10-140-54-11:16295:17708 [0] NCCL INFO Channel 01/02 :    0   7   6   5   4   3   2   1   8  15  14  13  12  11  10   9  16  23  22  21
SH-IDCA1404-10-140-54-11:16295:17708 [0] NCCL INFO Trees [0] 1/16/-1->0->-1 [1] 1/-1/-1->0->8
SH-IDCA1404-10-140-54-11:16295:17708 [0] NCCL INFO P2P Chunksize set to 131072
SH-IDCA1404-10-140-54-69:51128:52507 [6] NCCL INFO P2P Chunksize set to 131072
SH-IDCA1404-10-140-54-69:51123:52504 [1] NCCL INFO P2P Chunksize set to 131072
SH-IDCA1404-10-140-54-69:51126:52510 [4] NCCL INFO P2P Chunksize set to 131072
SH-IDCA1404-10-140-54-21:4301:5293 [3] NCCL INFO Channel 00/0 : 11[3] -> 10[2] via P2P/IPC/read
SH-IDCA1404-10-140-54-71:119204:120214 [0] NCCL INFO Trees [0] 25/-1/-1->24->16 [1] 25/8/-1->24->-1
SH-IDCA1404-10-140-54-71:119206:120218 [2] NCCL INFO Trees [0] 27/-1/-1->26->25 [1] 27/-1/-1->26->25
SH-IDCA1404-10-140-54-71:119205:120219 [1] NCCL INFO Trees [0] 26/-1/-1->25->24 [1] 26/-1/-1->25->24
SH-IDCA1404-10-140-54-71:119207:120216 [3] NCCL INFO Trees [0] 28/-1/-1->27->26 [1] 28/-1/-1->27->26
SH-IDCA1404-10-140-54-71:119204:120214 [0] NCCL INFO P2P Chunksize set to 131072
SH-IDCA1404-10-140-54-71:119206:120218 [2] NCCL INFO P2P Chunksize set to 131072
SH-IDCA1404-10-140-54-71:119210:120212 [6] NCCL INFO Trees [0] 31/-1/-1->30->29 [1] 31/-1/-1->30->29
SH-IDCA1404-10-140-54-11:16300:17710 [3] NCCL INFO Channel 00/0 : 3[3] -> 2[2] via P2P/IPC/read
SH-IDCA1404-10-140-54-69:51124:52511 [2] NCCL INFO Channel 00/0 : 18[2] -> 17[1] via P2P/IPC/read
SH-IDCA1404-10-140-54-21:4300:5290 [2] NCCL INFO Channel 00/0 : 10[2] -> 9[1] via P2P/IPC/read
SH-IDCA1404-10-140-54-71:119207:120216 [3] NCCL INFO P2P Chunksize set to 131072
SH-IDCA1404-10-140-54-71:119205:120219 [1] NCCL INFO P2P Chunksize set to 131072
SH-IDCA1404-10-140-54-71:119210:120212 [6] NCCL INFO P2P Chunksize set to 131072
SH-IDCA1404-10-140-54-11:16301:17722 [4] NCCL INFO Channel 00/0 : 4[4] -> 3[3] via P2P/IPC/read
SH-IDCA1404-10-140-54-11:16299:17715 [2] NCCL INFO Channel 00/0 : 2[2] -> 1[1] via P2P/IPC/read
SH-IDCA1404-10-140-54-69:51125:52506 [3] NCCL INFO Channel 00/0 : 19[3] -> 18[2] via P2P/IPC/read
SH-IDCA1404-10-140-54-69:51128:52507 [6] NCCL INFO Channel 00/0 : 22[6] -> 21[5] via P2P/IPC/read
SH-IDCA1404-10-140-54-21:4304:5291 [6] NCCL INFO Channel 00/0 : 14[6] -> 13[5] via P2P/IPC/read
SH-IDCA1404-10-140-54-71:119208:120210 [4] NCCL INFO Channel 00/0 : 28[4] -> 27[3] via P2P/IPC/read
SH-IDCA1404-10-140-54-11:16300:17710 [3] NCCL INFO Channel 01/0 : 3[3] -> 2[2] via P2P/IPC/read
SH-IDCA1404-10-140-54-69:51126:52510 [4] NCCL INFO Channel 00/0 : 20[4] -> 19[3] via P2P/IPC/read
SH-IDCA1404-10-140-54-21:4303:5286 [5] NCCL INFO Channel 00/0 : 13[5] -> 12[4] via P2P/IPC/read
SH-IDCA1404-10-140-54-71:119206:120218 [2] NCCL INFO Channel 00/0 : 26[2] -> 25[1] via P2P/IPC/read
SH-IDCA1404-10-140-54-71:119210:120212 [6] NCCL INFO Channel 00/0 : 30[6] -> 29[5] via P2P/IPC/read
SH-IDCA1404-10-140-54-11:16303:17713 [5] NCCL INFO Channel 00/0 : 5[5] -> 4[4] via P2P/IPC/read
SH-IDCA1404-10-140-54-69:51127:52512 [5] NCCL INFO Channel 00/0 : 21[5] -> 20[4] via P2P/IPC/read
SH-IDCA1404-10-140-54-21:4302:5288 [4] NCCL INFO Channel 00/0 : 12[4] -> 11[3] via P2P/IPC/read
SH-IDCA1404-10-140-54-71:119209:120215 [5] NCCL INFO Channel 00/0 : 29[5] -> 28[4] via P2P/IPC/read
SH-IDCA1404-10-140-54-11:16299:17715 [2] NCCL INFO Channel 01/0 : 2[2] -> 1[1] via P2P/IPC/read
SH-IDCA1404-10-140-54-69:51124:52511 [2] NCCL INFO Channel 01/0 : 18[2] -> 17[1] via P2P/IPC/read
SH-IDCA1404-10-140-54-69:51128:52507 [6] NCCL INFO Channel 01/0 : 22[6] -> 21[5] via P2P/IPC/read
SH-IDCA1404-10-140-54-21:4301:5293 [3] NCCL INFO Channel 01/0 : 11[3] -> 10[2] via P2P/IPC/read
SH-IDCA1404-10-140-54-71:119207:120216 [3] NCCL INFO Channel 00/0 : 27[3] -> 26[2] via P2P/IPC/read
SH-IDCA1404-10-140-54-11:16301:17722 [4] NCCL INFO Channel 01/0 : 4[4] -> 3[3] via P2P/IPC/read
SH-IDCA1404-10-140-54-69:51125:52506 [3] NCCL INFO Channel 01/0 : 19[3] -> 18[2] via P2P/IPC/read
SH-IDCA1404-10-140-54-21:4300:5290 [2] NCCL INFO Channel 01/0 : 10[2] -> 9[1] via P2P/IPC/read
SH-IDCA1404-10-140-54-71:119208:120210 [4] NCCL INFO Channel 01/0 : 28[4] -> 27[3] via P2P/IPC/read
SH-IDCA1404-10-140-54-11:16304:17712 [6] NCCL INFO Channel 00/0 : 6[6] -> 5[5] via P2P/IPC/read
SH-IDCA1404-10-140-54-69:51126:52510 [4] NCCL INFO Channel 01/0 : 20[4] -> 19[3] via P2P/IPC/read
SH-IDCA1404-10-140-54-69:51127:52512 [5] NCCL INFO Channel 01/0 : 21[5] -> 20[4] via P2P/IPC/read
SH-IDCA1404-10-140-54-21:4304:5291 [6] NCCL INFO Channel 01/0 : 14[6] -> 13[5] via P2P/IPC/read
SH-IDCA1404-10-140-54-71:119210:120212 [6] NCCL INFO Channel 01/0 : 30[6] -> 29[5] via P2P/IPC/read
SH-IDCA1404-10-140-54-11:16303:17713 [5] NCCL INFO Channel 01/0 : 5[5] -> 4[4] via P2P/IPC/read
SH-IDCA1404-10-140-54-69:51123:52504 [1] NCCL INFO Channel 00/0 : 17[1] -> 24[0] [send] via NET/IB/0/GDRDMA
SH-IDCA1404-10-140-54-21:4302:5288 [4] NCCL INFO Channel 01/0 : 12[4] -> 11[3] via P2P/IPC/read
SH-IDCA1404-10-140-54-21:4303:5286 [5] NCCL INFO Channel 01/0 : 13[5] -> 12[4] via P2P/IPC/read
SH-IDCA1404-10-140-54-71:119206:120218 [2] NCCL INFO Channel 01/0 : 26[2] -> 25[1] via P2P/IPC/read
SH-IDCA1404-10-140-54-11:16304:17712 [6] NCCL INFO Channel 01/0 : 6[6] -> 5[5] via P2P/IPC/read
SH-IDCA1404-10-140-54-69:51123:52504 [1] NCCL INFO Channel 01/0 : 17[1] -> 24[0] [send] via NET/IB/0/GDRDMA
SH-IDCA1404-10-140-54-21:4299:5292 [1] NCCL INFO Channel 00/0 : 9[1] -> 16[0] [send] via NET/IB/0/GDRDMA
SH-IDCA1404-10-140-54-71:119209:120215 [5] NCCL INFO Channel 01/0 : 29[5] -> 28[4] via P2P/IPC/read
SH-IDCA1404-10-140-54-11:16295:17708 [0] NCCL INFO Channel 00/0 : 25[1] -> 0[0] [receive] via NET/IB/0/GDRDMA
SH-IDCA1404-10-140-54-69:51120:52503 [0] NCCL INFO Channel 00/0 : 9[1] -> 16[0] [receive] via NET/IB/0/GDRDMA
SH-IDCA1404-10-140-54-71:119204:120214 [0] NCCL INFO Channel 00/0 : 17[1] -> 24[0] [receive] via NET/IB/0/GDRDMA
SH-IDCA1404-10-140-54-11:16298:17711 [1] NCCL INFO Channel 00/0 : 1[1] -> 8[0] [send] via NET/IB/0/GDRDMA
SH-IDCA1404-10-140-54-11:16295:17708 [0] NCCL INFO Channel 01/0 : 25[1] -> 0[0] [receive] via NET/IB/0/GDRDMA
SH-IDCA1404-10-140-54-69:51120:52503 [0] NCCL INFO Channel 01/0 : 9[1] -> 16[0] [receive] via NET/IB/0/GDRDMA
SH-IDCA1404-10-140-54-21:4299:5292 [1] NCCL INFO Channel 01/0 : 9[1] -> 16[0] [send] via NET/IB/0/GDRDMA
SH-IDCA1404-10-140-54-71:119204:120214 [0] NCCL INFO Channel 01/0 : 17[1] -> 24[0] [receive] via NET/IB/0/GDRDMA
SH-IDCA1404-10-140-54-11:16295:17708 [0] NCCL INFO Channel 00/0 : 0[0] -> 7[7] via P2P/IPC/read
SH-IDCA1404-10-140-54-69:51120:52503 [0] NCCL INFO Channel 00/0 : 16[0] -> 23[7] via P2P/IPC/read
SH-IDCA1404-10-140-54-21:4298:5294 [0] NCCL INFO Channel 00/0 : 1[1] -> 8[0] [receive] via NET/IB/0/GDRDMA
SH-IDCA1404-10-140-54-71:119207:120216 [3] NCCL INFO Channel 01/0 : 27[3] -> 26[2] via P2P/IPC/read
SH-IDCA1404-10-140-54-71:119204:120214 [0] NCCL INFO Channel 00/0 : 24[0] -> 31[7] via P2P/IPC/read
SH-IDCA1404-10-140-54-11:16298:17711 [1] NCCL INFO Channel 01/0 : 1[1] -> 8[0] [send] via NET/IB/0/GDRDMA
SH-IDCA1404-10-140-54-69:51120:52503 [0] NCCL INFO Channel 01/0 : 16[0] -> 23[7] via P2P/IPC/read
SH-IDCA1404-10-140-54-21:4298:5294 [0] NCCL INFO Channel 01/0 : 1[1] -> 8[0] [receive] via NET/IB/0/GDRDMA
SH-IDCA1404-10-140-54-71:119204:120214 [0] NCCL INFO Channel 01/0 : 24[0] -> 31[7] via P2P/IPC/read
SH-IDCA1404-10-140-54-11:16295:17708 [0] NCCL INFO Channel 01/0 : 0[0] -> 7[7] via P2P/IPC/read
SH-IDCA1404-10-140-54-69:51126:52510 [4] NCCL INFO Connected all rings
SH-IDCA1404-10-140-54-21:4298:5294 [0] NCCL INFO Channel 00/0 : 8[0] -> 15[7] via P2P/IPC/read
SH-IDCA1404-10-140-54-11:16306:17714 [7] NCCL INFO Channel 00/0 : 7[7] -> 6[6] via P2P/IPC/read
SH-IDCA1404-10-140-54-21:4298:5294 [0] NCCL INFO Channel 01/0 : 8[0] -> 15[7] via P2P/IPC/read
SH-IDCA1404-10-140-54-71:119205:120219 [1] NCCL INFO Channel 00/0 : 25[1] -> 0[0] [send] via NET/IB/0/GDRDMA
SH-IDCA1404-10-140-54-11:16301:17722 [4] NCCL INFO Connected all rings
SH-IDCA1404-10-140-54-69:51126:52510 [4] NCCL INFO Channel 00/0 : 20[4] -> 21[5] via P2P/IPC/read
SH-IDCA1404-10-140-54-21:4302:5288 [4] NCCL INFO Connected all rings
SH-IDCA1404-10-140-54-71:119205:120219 [1] NCCL INFO Channel 01/0 : 25[1] -> 0[0] [send] via NET/IB/0/GDRDMA
SH-IDCA1404-10-140-54-11:16306:17714 [7] NCCL INFO Channel 01/0 : 7[7] -> 6[6] via P2P/IPC/read
SH-IDCA1404-10-140-54-69:51126:52510 [4] NCCL INFO Channel 01/0 : 20[4] -> 21[5] via P2P/IPC/read
SH-IDCA1404-10-140-54-21:4302:5288 [4] NCCL INFO Channel 00/0 : 12[4] -> 13[5] via P2P/IPC/read
SH-IDCA1404-10-140-54-71:119208:120210 [4] NCCL INFO Connected all rings
SH-IDCA1404-10-140-54-11:16301:17722 [4] NCCL INFO Channel 00/0 : 4[4] -> 5[5] via P2P/IPC/read
SH-IDCA1404-10-140-54-21:4302:5288 [4] NCCL INFO Channel 01/0 : 12[4] -> 13[5] via P2P/IPC/read
SH-IDCA1404-10-140-54-71:119208:120210 [4] NCCL INFO Channel 00/0 : 28[4] -> 29[5] via P2P/IPC/read
SH-IDCA1404-10-140-54-11:16301:17722 [4] NCCL INFO Channel 01/0 : 4[4] -> 5[5] via P2P/IPC/read
SH-IDCA1404-10-140-54-71:119208:120210 [4] NCCL INFO Channel 01/0 : 28[4] -> 29[5] via P2P/IPC/read
SH-IDCA1404-10-140-54-11:16303:17713 [5] NCCL INFO Connected all rings
SH-IDCA1404-10-140-54-71:119207:120216 [3] NCCL INFO Connected all rings
SH-IDCA1404-10-140-54-11:16303:17713 [5] NCCL INFO Channel 00/0 : 5[5] -> 6[6] via P2P/IPC/read
SH-IDCA1404-10-140-54-71:119207:120216 [3] NCCL INFO Channel 00/0 : 27[3] -> 28[4] via P2P/IPC/read
SH-IDCA1404-10-140-54-11:16303:17713 [5] NCCL INFO Channel 01/0 : 5[5] -> 6[6] via P2P/IPC/read
SH-IDCA1404-10-140-54-71:119207:120216 [3] NCCL INFO Channel 01/0 : 27[3] -> 28[4] via P2P/IPC/read
SH-IDCA1404-10-140-54-11:16304:17712 [6] NCCL INFO Connected all rings
SH-IDCA1404-10-140-54-11:16306:17714 [7] NCCL INFO Connected all rings
SH-IDCA1404-10-140-54-71:119211:120211 [7] NCCL INFO Channel 00/0 : 31[7] -> 30[6] via P2P/IPC/read
SH-IDCA1404-10-140-54-11:16304:17712 [6] NCCL INFO Channel 00/0 : 6[6] -> 7[7] via P2P/IPC/read
SH-IDCA1404-10-140-54-11:16304:17712 [6] NCCL INFO Channel 01/0 : 6[6] -> 7[7] via P2P/IPC/read
SH-IDCA1404-10-140-54-71:119211:120211 [7] NCCL INFO Channel 01/0 : 31[7] -> 30[6] via P2P/IPC/read
SH-IDCA1404-10-140-54-11:16306:17714 [7] NCCL INFO Connected all trees
SH-IDCA1404-10-140-54-69:51129:52505 [7] NCCL INFO Channel 00/0 : 23[7] -> 22[6] via P2P/IPC/read
SH-IDCA1404-10-140-54-11:16306:17714 [7] NCCL INFO threadThresholds 8/8/64 | 256/8/64 | 512 | 512
SH-IDCA1404-10-140-54-11:16306:17714 [7] NCCL INFO 2 coll channels, 2 collnet channels, 0 nvls channels, 2 p2p channels, 1 p2p channels per peer
SH-IDCA1404-10-140-54-71:119209:120215 [5] NCCL INFO Connected all rings
SH-IDCA1404-10-140-54-11:16304:17712 [6] NCCL INFO Connected all trees
SH-IDCA1404-10-140-54-69:51125:52506 [3] NCCL INFO Connected all rings
SH-IDCA1404-10-140-54-11:16304:17712 [6] NCCL INFO threadThresholds 8/8/64 | 256/8/64 | 512 | 512
SH-IDCA1404-10-140-54-11:16304:17712 [6] NCCL INFO 2 coll channels, 2 collnet channels, 0 nvls channels, 2 p2p channels, 1 p2p channels per peer
SH-IDCA1404-10-140-54-69:51129:52505 [7] NCCL INFO Channel 01/0 : 23[7] -> 22[6] via P2P/IPC/read
SH-IDCA1404-10-140-54-71:119209:120215 [5] NCCL INFO Channel 00/0 : 29[5] -> 30[6] via P2P/IPC/read
SH-IDCA1404-10-140-54-69:51125:52506 [3] NCCL INFO Channel 00/0 : 19[3] -> 20[4] via P2P/IPC/read
SH-IDCA1404-10-140-54-71:119209:120215 [5] NCCL INFO Channel 01/0 : 29[5] -> 30[6] via P2P/IPC/read
SH-IDCA1404-10-140-54-21:4307:5289 [7] NCCL INFO Channel 00/0 : 15[7] -> 14[6] via P2P/IPC/read
SH-IDCA1404-10-140-54-69:51125:52506 [3] NCCL INFO Channel 01/0 : 19[3] -> 20[4] via P2P/IPC/read
SH-IDCA1404-10-140-54-21:4307:5289 [7] NCCL INFO Channel 01/0 : 15[7] -> 14[6] via P2P/IPC/read
SH-IDCA1404-10-140-54-69:51127:52512 [5] NCCL INFO Connected all rings
SH-IDCA1404-10-140-54-21:4301:5293 [3] NCCL INFO Connected all rings
SH-IDCA1404-10-140-54-11:16300:17710 [3] NCCL INFO Connected all rings
SH-IDCA1404-10-140-54-11:16300:17710 [3] NCCL INFO Channel 00/0 : 3[3] -> 4[4] via P2P/IPC/read
SH-IDCA1404-10-140-54-21:4301:5293 [3] NCCL INFO Channel 00/0 : 11[3] -> 12[4] via P2P/IPC/read
SH-IDCA1404-10-140-54-11:16300:17710 [3] NCCL INFO Channel 01/0 : 3[3] -> 4[4] via P2P/IPC/read
SH-IDCA1404-10-140-54-21:4301:5293 [3] NCCL INFO Channel 01/0 : 11[3] -> 12[4] via P2P/IPC/read
SH-IDCA1404-10-140-54-21:4303:5286 [5] NCCL INFO Connected all rings
SH-IDCA1404-10-140-54-11:16303:17713 [5] NCCL INFO Connected all trees
SH-IDCA1404-10-140-54-69:51127:52512 [5] NCCL INFO Channel 00/0 : 21[5] -> 22[6] via P2P/IPC/read
SH-IDCA1404-10-140-54-11:16303:17713 [5] NCCL INFO threadThresholds 8/8/64 | 256/8/64 | 512 | 512
SH-IDCA1404-10-140-54-11:16303:17713 [5] NCCL INFO 2 coll channels, 2 collnet channels, 0 nvls channels, 2 p2p channels, 1 p2p channels per peer
SH-IDCA1404-10-140-54-71:119210:120212 [6] NCCL INFO Connected all rings
SH-IDCA1404-10-140-54-21:4303:5286 [5] NCCL INFO Channel 00/0 : 13[5] -> 14[6] via P2P/IPC/read
SH-IDCA1404-10-140-54-71:119211:120211 [7] NCCL INFO Connected all rings
SH-IDCA1404-10-140-54-69:51127:52512 [5] NCCL INFO Channel 01/0 : 21[5] -> 22[6] via P2P/IPC/read
SH-IDCA1404-10-140-54-71:119210:120212 [6] NCCL INFO Channel 00/0 : 30[6] -> 31[7] via P2P/IPC/read
SH-IDCA1404-10-140-54-21:4303:5286 [5] NCCL INFO Channel 01/0 : 13[5] -> 14[6] via P2P/IPC/read
SH-IDCA1404-10-140-54-71:119210:120212 [6] NCCL INFO Channel 01/0 : 30[6] -> 31[7] via P2P/IPC/read
SH-IDCA1404-10-140-54-71:119211:120211 [7] NCCL INFO Connected all trees
SH-IDCA1404-10-140-54-71:119211:120211 [7] NCCL INFO threadThresholds 8/8/64 | 256/8/64 | 512 | 512
SH-IDCA1404-10-140-54-71:119211:120211 [7] NCCL INFO 2 coll channels, 2 collnet channels, 0 nvls channels, 2 p2p channels, 1 p2p channels per peer
SH-IDCA1404-10-140-54-71:119209:120215 [5] NCCL INFO Connected all trees
SH-IDCA1404-10-140-54-71:119210:120212 [6] NCCL INFO Connected all trees
SH-IDCA1404-10-140-54-71:119209:120215 [5] NCCL INFO threadThresholds 8/8/64 | 256/8/64 | 512 | 512
SH-IDCA1404-10-140-54-71:119209:120215 [5] NCCL INFO 2 coll channels, 2 collnet channels, 0 nvls channels, 2 p2p channels, 1 p2p channels per peer
SH-IDCA1404-10-140-54-71:119210:120212 [6] NCCL INFO threadThresholds 8/8/64 | 256/8/64 | 512 | 512
SH-IDCA1404-10-140-54-71:119210:120212 [6] NCCL INFO 2 coll channels, 2 collnet channels, 0 nvls channels, 2 p2p channels, 1 p2p channels per peer
SH-IDCA1404-10-140-54-69:51128:52507 [6] NCCL INFO Connected all rings
SH-IDCA1404-10-140-54-69:51129:52505 [7] NCCL INFO Connected all rings
SH-IDCA1404-10-140-54-69:51128:52507 [6] NCCL INFO Channel 00/0 : 22[6] -> 23[7] via P2P/IPC/read
SH-IDCA1404-10-140-54-69:51128:52507 [6] NCCL INFO Channel 01/0 : 22[6] -> 23[7] via P2P/IPC/read
SH-IDCA1404-10-140-54-21:4307:5289 [7] NCCL INFO Connected all rings
SH-IDCA1404-10-140-54-21:4304:5291 [6] NCCL INFO Connected all rings
SH-IDCA1404-10-140-54-69:51129:52505 [7] NCCL INFO Connected all trees
SH-IDCA1404-10-140-54-21:4304:5291 [6] NCCL INFO Channel 00/0 : 14[6] -> 15[7] via P2P/IPC/read
SH-IDCA1404-10-140-54-69:51129:52505 [7] NCCL INFO threadThresholds 8/8/64 | 256/8/64 | 512 | 512
SH-IDCA1404-10-140-54-69:51129:52505 [7] NCCL INFO 2 coll channels, 2 collnet channels, 0 nvls channels, 2 p2p channels, 1 p2p channels per peer
SH-IDCA1404-10-140-54-21:4304:5291 [6] NCCL INFO Channel 01/0 : 14[6] -> 15[7] via P2P/IPC/read
SH-IDCA1404-10-140-54-69:51127:52512 [5] NCCL INFO Connected all trees
SH-IDCA1404-10-140-54-69:51128:52507 [6] NCCL INFO Connected all trees
SH-IDCA1404-10-140-54-69:51127:52512 [5] NCCL INFO threadThresholds 8/8/64 | 256/8/64 | 512 | 512
SH-IDCA1404-10-140-54-69:51127:52512 [5] NCCL INFO 2 coll channels, 2 collnet channels, 0 nvls channels, 2 p2p channels, 1 p2p channels per peer
SH-IDCA1404-10-140-54-69:51128:52507 [6] NCCL INFO threadThresholds 8/8/64 | 256/8/64 | 512 | 512
SH-IDCA1404-10-140-54-69:51128:52507 [6] NCCL INFO 2 coll channels, 2 collnet channels, 0 nvls channels, 2 p2p channels, 1 p2p channels per peer
SH-IDCA1404-10-140-54-21:4307:5289 [7] NCCL INFO Connected all trees
SH-IDCA1404-10-140-54-21:4307:5289 [7] NCCL INFO threadThresholds 8/8/64 | 256/8/64 | 512 | 512
SH-IDCA1404-10-140-54-21:4307:5289 [7] NCCL INFO 2 coll channels, 2 collnet channels, 0 nvls channels, 2 p2p channels, 1 p2p channels per peer
SH-IDCA1404-10-140-54-21:4304:5291 [6] NCCL INFO Connected all trees
SH-IDCA1404-10-140-54-21:4303:5286 [5] NCCL INFO Connected all trees
SH-IDCA1404-10-140-54-11:16295:17708 [0] NCCL INFO Connected all rings
SH-IDCA1404-10-140-54-21:4304:5291 [6] NCCL INFO threadThresholds 8/8/64 | 256/8/64 | 512 | 512
SH-IDCA1404-10-140-54-21:4304:5291 [6] NCCL INFO 2 coll channels, 2 collnet channels, 0 nvls channels, 2 p2p channels, 1 p2p channels per peer
SH-IDCA1404-10-140-54-71:119205:120219 [1] NCCL INFO Connected all rings
SH-IDCA1404-10-140-54-11:16295:17708 [0] NCCL INFO Channel 00/0 : 0[0] -> 1[1] via P2P/IPC/read
SH-IDCA1404-10-140-54-21:4303:5286 [5] NCCL INFO threadThresholds 8/8/64 | 256/8/64 | 512 | 512
SH-IDCA1404-10-140-54-11:16295:17708 [0] NCCL INFO Channel 01/0 : 0[0] -> 1[1] via P2P/IPC/read
SH-IDCA1404-10-140-54-21:4303:5286 [5] NCCL INFO 2 coll channels, 2 collnet channels, 0 nvls channels, 2 p2p channels, 1 p2p channels per peer
SH-IDCA1404-10-140-54-71:119206:120218 [2] NCCL INFO Connected all rings
SH-IDCA1404-10-140-54-71:119205:120219 [1] NCCL INFO Channel 00/0 : 25[1] -> 26[2] via P2P/IPC/read
SH-IDCA1404-10-140-54-71:119206:120218 [2] NCCL INFO Channel 00/0 : 26[2] -> 27[3] via P2P/IPC/read
SH-IDCA1404-10-140-54-71:119205:120219 [1] NCCL INFO Channel 01/0 : 25[1] -> 26[2] via P2P/IPC/read
SH-IDCA1404-10-140-54-71:119206:120218 [2] NCCL INFO Channel 01/0 : 26[2] -> 27[3] via P2P/IPC/read
SH-IDCA1404-10-140-54-71:119208:120210 [4] NCCL INFO Connected all trees
SH-IDCA1404-10-140-54-71:119208:120210 [4] NCCL INFO threadThresholds 8/8/64 | 256/8/64 | 512 | 512
SH-IDCA1404-10-140-54-71:119208:120210 [4] NCCL INFO 2 coll channels, 2 collnet channels, 0 nvls channels, 2 p2p channels, 1 p2p channels per peer
SH-IDCA1404-10-140-54-71:119207:120216 [3] NCCL INFO Connected all trees
SH-IDCA1404-10-140-54-71:119207:120216 [3] NCCL INFO threadThresholds 8/8/64 | 256/8/64 | 512 | 512
SH-IDCA1404-10-140-54-71:119207:120216 [3] NCCL INFO 2 coll channels, 2 collnet channels, 0 nvls channels, 2 p2p channels, 1 p2p channels per peer
SH-IDCA1404-10-140-54-11:16298:17711 [1] NCCL INFO Connected all rings
SH-IDCA1404-10-140-54-11:16298:17711 [1] NCCL INFO Channel 00/0 : 1[1] -> 2[2] via P2P/IPC/read
SH-IDCA1404-10-140-54-21:4298:5294 [0] NCCL INFO Connected all rings
SH-IDCA1404-10-140-54-11:16298:17711 [1] NCCL INFO Channel 01/0 : 1[1] -> 2[2] via P2P/IPC/read
SH-IDCA1404-10-140-54-11:16299:17715 [2] NCCL INFO Connected all rings
SH-IDCA1404-10-140-54-21:4298:5294 [0] NCCL INFO Channel 00/0 : 8[0] -> 9[1] via P2P/IPC/read
SH-IDCA1404-10-140-54-11:16295:17708 [0] NCCL INFO Channel 01/0 : 0[0] -> 8[0] [send] via NET/IB/0/GDRDMA
SH-IDCA1404-10-140-54-21:4298:5294 [0] NCCL INFO Channel 01/0 : 8[0] -> 9[1] via P2P/IPC/read
SH-IDCA1404-10-140-54-11:16299:17715 [2] NCCL INFO Channel 00/0 : 2[2] -> 3[3] via P2P/IPC/read
SH-IDCA1404-10-140-54-11:16299:17715 [2] NCCL INFO Channel 01/0 : 2[2] -> 3[3] via P2P/IPC/read
SH-IDCA1404-10-140-54-11:16298:17711 [1] NCCL INFO Channel 00/0 : 1[1] -> 0[0] via P2P/IPC/read
SH-IDCA1404-10-140-54-11:16298:17711 [1] NCCL INFO Channel 01/0 : 1[1] -> 0[0] via P2P/IPC/read
SH-IDCA1404-10-140-54-11:16301:17722 [4] NCCL INFO Connected all trees
SH-IDCA1404-10-140-54-11:16301:17722 [4] NCCL INFO threadThresholds 8/8/64 | 256/8/64 | 512 | 512
SH-IDCA1404-10-140-54-11:16301:17722 [4] NCCL INFO 2 coll channels, 2 collnet channels, 0 nvls channels, 2 p2p channels, 1 p2p channels per peer
SH-IDCA1404-10-140-54-11:16300:17710 [3] NCCL INFO Connected all trees
SH-IDCA1404-10-140-54-11:16300:17710 [3] NCCL INFO threadThresholds 8/8/64 | 256/8/64 | 512 | 512
SH-IDCA1404-10-140-54-11:16300:17710 [3] NCCL INFO 2 coll channels, 2 collnet channels, 0 nvls channels, 2 p2p channels, 1 p2p channels per peer
SH-IDCA1404-10-140-54-69:51123:52504 [1] NCCL INFO Connected all rings
SH-IDCA1404-10-140-54-71:119204:120214 [0] NCCL INFO Connected all rings
SH-IDCA1404-10-140-54-69:51123:52504 [1] NCCL INFO Channel 00/0 : 17[1] -> 18[2] via P2P/IPC/read
SH-IDCA1404-10-140-54-71:119204:120214 [0] NCCL INFO Channel 00/0 : 24[0] -> 25[1] via P2P/IPC/read
SH-IDCA1404-10-140-54-71:119204:120214 [0] NCCL INFO Channel 01/0 : 24[0] -> 25[1] via P2P/IPC/read
SH-IDCA1404-10-140-54-69:51123:52504 [1] NCCL INFO Channel 01/0 : 17[1] -> 18[2] via P2P/IPC/read
SH-IDCA1404-10-140-54-71:119205:120219 [1] NCCL INFO Channel 00/0 : 25[1] -> 24[0] via P2P/IPC/read
SH-IDCA1404-10-140-54-69:51124:52511 [2] NCCL INFO Connected all rings
SH-IDCA1404-10-140-54-71:119204:120214 [0] NCCL INFO Channel 00/0 : 16[0] -> 24[0] [receive] via NET/IB/0/GDRDMA
SH-IDCA1404-10-140-54-71:119205:120219 [1] NCCL INFO Channel 01/0 : 25[1] -> 24[0] via P2P/IPC/read
SH-IDCA1404-10-140-54-69:51124:52511 [2] NCCL INFO Channel 00/0 : 18[2] -> 19[3] via P2P/IPC/read
SH-IDCA1404-10-140-54-69:51124:52511 [2] NCCL INFO Channel 01/0 : 18[2] -> 19[3] via P2P/IPC/read
SH-IDCA1404-10-140-54-69:51126:52510 [4] NCCL INFO Connected all trees
SH-IDCA1404-10-140-54-69:51126:52510 [4] NCCL INFO threadThresholds 8/8/64 | 256/8/64 | 512 | 512
SH-IDCA1404-10-140-54-69:51126:52510 [4] NCCL INFO 2 coll channels, 2 collnet channels, 0 nvls channels, 2 p2p channels, 1 p2p channels per peer
SH-IDCA1404-10-140-54-69:51125:52506 [3] NCCL INFO Connected all trees
SH-IDCA1404-10-140-54-69:51125:52506 [3] NCCL INFO threadThresholds 8/8/64 | 256/8/64 | 512 | 512
SH-IDCA1404-10-140-54-69:51125:52506 [3] NCCL INFO 2 coll channels, 2 collnet channels, 0 nvls channels, 2 p2p channels, 1 p2p channels per peer
SH-IDCA1404-10-140-54-69:51120:52503 [0] NCCL INFO Connected all rings
SH-IDCA1404-10-140-54-69:51120:52503 [0] NCCL INFO Channel 00/0 : 16[0] -> 17[1] via P2P/IPC/read
SH-IDCA1404-10-140-54-21:4299:5292 [1] NCCL INFO Connected all rings
SH-IDCA1404-10-140-54-69:51120:52503 [0] NCCL INFO Channel 01/0 : 16[0] -> 17[1] via P2P/IPC/read
SH-IDCA1404-10-140-54-21:4299:5292 [1] NCCL INFO Channel 00/0 : 9[1] -> 10[2] via P2P/IPC/read
SH-IDCA1404-10-140-54-71:119204:120214 [0] NCCL INFO Channel 01/0 : 8[0] -> 24[0] [receive] via NET/IB/0/GDRDMA
SH-IDCA1404-10-140-54-69:51120:52503 [0] NCCL INFO Channel 00/0 : 16[0] -> 24[0] [send] via NET/IB/0/GDRDMA
SH-IDCA1404-10-140-54-69:51123:52504 [1] NCCL INFO Channel 00/0 : 8[0] -> 17[1] [receive] via NET/IB/0/GDRDMA
SH-IDCA1404-10-140-54-21:4299:5292 [1] NCCL INFO Channel 01/0 : 9[1] -> 10[2] via P2P/IPC/read
SH-IDCA1404-10-140-54-11:16295:17708 [0] NCCL INFO Channel 00/0 : 16[0] -> 0[0] [receive] via NET/IB/0/GDRDMA
SH-IDCA1404-10-140-54-69:51120:52503 [0] NCCL INFO Channel 00/0 : 0[0] -> 16[0] [receive] via NET/IB/0/GDRDMA
SH-IDCA1404-10-140-54-71:119204:120214 [0] NCCL INFO Channel 01/0 : 24[0] -> 8[0] [send] via NET/IB/0/GDRDMA
SH-IDCA1404-10-140-54-11:16295:17708 [0] NCCL INFO Channel 00/0 : 0[0] -> 16[0] [send] via NET/IB/0/GDRDMA
SH-IDCA1404-10-140-54-69:51120:52503 [0] NCCL INFO Channel 00/0 : 16[0] -> 0[0] [send] via NET/IB/0/GDRDMA
SH-IDCA1404-10-140-54-21:4298:5294 [0] NCCL INFO Channel 01/0 : 0[0] -> 8[0] [receive] via NET/IB/0/GDRDMA
SH-IDCA1404-10-140-54-11:16295:17708 [0] NCCL INFO Channel 01/0 : 8[0] -> 0[0] [receive] via NET/IB/0/GDRDMA
SH-IDCA1404-10-140-54-69:51123:52504 [1] NCCL INFO Channel 00/0 : 17[1] -> 8[0] [send] via NET/IB/0/GDRDMA
SH-IDCA1404-10-140-54-21:4298:5294 [0] NCCL INFO Channel 00/0 : 8[0] -> 17[1] [send] via NET/IB/0/GDRDMA
SH-IDCA1404-10-140-54-71:119204:120214 [0] NCCL INFO Channel 00/0 : 24[0] -> 16[0] [send] via NET/IB/0/GDRDMA
SH-IDCA1404-10-140-54-21:4298:5294 [0] NCCL INFO Channel 01/0 : 24[0] -> 8[0] [receive] via NET/IB/0/GDRDMA
SH-IDCA1404-10-140-54-69:51120:52503 [0] NCCL INFO Channel 00/0 : 24[0] -> 16[0] [receive] via NET/IB/0/GDRDMA
SH-IDCA1404-10-140-54-21:4300:5290 [2] NCCL INFO Connected all rings
SH-IDCA1404-10-140-54-69:51123:52504 [1] NCCL INFO Channel 00/0 : 17[1] -> 16[0] via P2P/IPC/read
SH-IDCA1404-10-140-54-21:4298:5294 [0] NCCL INFO Channel 01/0 : 8[0] -> 24[0] [send] via NET/IB/0/GDRDMA
SH-IDCA1404-10-140-54-69:51120:52503 [0] NCCL INFO Channel 01/0 : 16[0] -> 9[1] [send] via NET/IB/0/GDRDMA
SH-IDCA1404-10-140-54-21:4298:5294 [0] NCCL INFO Channel 00/0 : 17[1] -> 8[0] [receive] via NET/IB/0/GDRDMA
SH-IDCA1404-10-140-54-11:16299:17715 [2] NCCL INFO Connected all trees
SH-IDCA1404-10-140-54-69:51123:52504 [1] NCCL INFO Channel 01/0 : 17[1] -> 16[0] via P2P/IPC/read
SH-IDCA1404-10-140-54-71:119206:120218 [2] NCCL INFO Connected all trees
SH-IDCA1404-10-140-54-11:16299:17715 [2] NCCL INFO threadThresholds 8/8/64 | 256/8/64 | 512 | 512
SH-IDCA1404-10-140-54-11:16299:17715 [2] NCCL INFO 2 coll channels, 2 collnet channels, 0 nvls channels, 2 p2p channels, 1 p2p channels per peer
SH-IDCA1404-10-140-54-21:4298:5294 [0] NCCL INFO Channel 01/0 : 8[0] -> 0[0] [send] via NET/IB/0/GDRDMA
SH-IDCA1404-10-140-54-21:4300:5290 [2] NCCL INFO Channel 00/0 : 10[2] -> 11[3] via P2P/IPC/read
SH-IDCA1404-10-140-54-71:119206:120218 [2] NCCL INFO threadThresholds 8/8/64 | 256/8/64 | 512 | 512
SH-IDCA1404-10-140-54-71:119206:120218 [2] NCCL INFO 2 coll channels, 2 collnet channels, 0 nvls channels, 2 p2p channels, 1 p2p channels per peer
SH-IDCA1404-10-140-54-21:4300:5290 [2] NCCL INFO Channel 01/0 : 10[2] -> 11[3] via P2P/IPC/read
SH-IDCA1404-10-140-54-21:4299:5292 [1] NCCL INFO Channel 01/0 : 16[0] -> 9[1] [receive] via NET/IB/0/GDRDMA
SH-IDCA1404-10-140-54-21:4299:5292 [1] NCCL INFO Channel 00/0 : 9[1] -> 8[0] via P2P/IPC/read
SH-IDCA1404-10-140-54-21:4299:5292 [1] NCCL INFO Channel 01/0 : 9[1] -> 8[0] via P2P/IPC/read
SH-IDCA1404-10-140-54-21:4302:5288 [4] NCCL INFO Connected all trees
SH-IDCA1404-10-140-54-21:4302:5288 [4] NCCL INFO threadThresholds 8/8/64 | 256/8/64 | 512 | 512
SH-IDCA1404-10-140-54-21:4301:5293 [3] NCCL INFO Connected all trees
SH-IDCA1404-10-140-54-21:4302:5288 [4] NCCL INFO 2 coll channels, 2 collnet channels, 0 nvls channels, 2 p2p channels, 1 p2p channels per peer
SH-IDCA1404-10-140-54-21:4301:5293 [3] NCCL INFO threadThresholds 8/8/64 | 256/8/64 | 512 | 512
SH-IDCA1404-10-140-54-21:4301:5293 [3] NCCL INFO 2 coll channels, 2 collnet channels, 0 nvls channels, 2 p2p channels, 1 p2p channels per peer
SH-IDCA1404-10-140-54-69:51124:52511 [2] NCCL INFO Connected all trees
SH-IDCA1404-10-140-54-69:51124:52511 [2] NCCL INFO threadThresholds 8/8/64 | 256/8/64 | 512 | 512
SH-IDCA1404-10-140-54-69:51124:52511 [2] NCCL INFO 2 coll channels, 2 collnet channels, 0 nvls channels, 2 p2p channels, 1 p2p channels per peer
SH-IDCA1404-10-140-54-21:4300:5290 [2] NCCL INFO Connected all trees
SH-IDCA1404-10-140-54-21:4300:5290 [2] NCCL INFO threadThresholds 8/8/64 | 256/8/64 | 512 | 512
SH-IDCA1404-10-140-54-21:4300:5290 [2] NCCL INFO 2 coll channels, 2 collnet channels, 0 nvls channels, 2 p2p channels, 1 p2p channels per peer
SH-IDCA1404-10-140-54-11:16298:17711 [1] NCCL INFO Connected all trees
SH-IDCA1404-10-140-54-11:16295:17708 [0] NCCL INFO Connected all trees
SH-IDCA1404-10-140-54-69:51123:52504 [1] NCCL INFO Connected all trees
SH-IDCA1404-10-140-54-21:4298:5294 [0] NCCL INFO Connected all trees
SH-IDCA1404-10-140-54-71:119205:120219 [1] NCCL INFO Connected all trees
SH-IDCA1404-10-140-54-71:119204:120214 [0] NCCL INFO Connected all trees
SH-IDCA1404-10-140-54-11:16298:17711 [1] NCCL INFO threadThresholds 8/8/64 | 256/8/64 | 512 | 512
SH-IDCA1404-10-140-54-71:119204:120214 [0] NCCL INFO threadThresholds 8/8/64 | 256/8/64 | 512 | 512
SH-IDCA1404-10-140-54-71:119205:120219 [1] NCCL INFO threadThresholds 8/8/64 | 256/8/64 | 512 | 512
SH-IDCA1404-10-140-54-71:119204:120214 [0] NCCL INFO 2 coll channels, 2 collnet channels, 0 nvls channels, 2 p2p channels, 1 p2p channels per peer
SH-IDCA1404-10-140-54-71:119205:120219 [1] NCCL INFO 2 coll channels, 2 collnet channels, 0 nvls channels, 2 p2p channels, 1 p2p channels per peer
SH-IDCA1404-10-140-54-11:16298:17711 [1] NCCL INFO 2 coll channels, 2 collnet channels, 0 nvls channels, 2 p2p channels, 1 p2p channels per peer
SH-IDCA1404-10-140-54-69:51120:52503 [0] NCCL INFO Connected all trees
SH-IDCA1404-10-140-54-69:51123:52504 [1] NCCL INFO threadThresholds 8/8/64 | 256/8/64 | 512 | 512
SH-IDCA1404-10-140-54-21:4299:5292 [1] NCCL INFO Connected all trees
SH-IDCA1404-10-140-54-11:16295:17708 [0] NCCL INFO threadThresholds 8/8/64 | 256/8/64 | 512 | 512
SH-IDCA1404-10-140-54-11:16295:17708 [0] NCCL INFO 2 coll channels, 2 collnet channels, 0 nvls channels, 2 p2p channels, 1 p2p channels per peer
SH-IDCA1404-10-140-54-69:51123:52504 [1] NCCL INFO 2 coll channels, 2 collnet channels, 0 nvls channels, 2 p2p channels, 1 p2p channels per peer
SH-IDCA1404-10-140-54-21:4298:5294 [0] NCCL INFO threadThresholds 8/8/64 | 256/8/64 | 512 | 512
SH-IDCA1404-10-140-54-69:51120:52503 [0] NCCL INFO threadThresholds 8/8/64 | 256/8/64 | 512 | 512
SH-IDCA1404-10-140-54-69:51120:52503 [0] NCCL INFO 2 coll channels, 2 collnet channels, 0 nvls channels, 2 p2p channels, 1 p2p channels per peer
SH-IDCA1404-10-140-54-21:4298:5294 [0] NCCL INFO 2 coll channels, 2 collnet channels, 0 nvls channels, 2 p2p channels, 1 p2p channels per peer
SH-IDCA1404-10-140-54-21:4299:5292 [1] NCCL INFO threadThresholds 8/8/64 | 256/8/64 | 512 | 512
SH-IDCA1404-10-140-54-21:4299:5292 [1] NCCL INFO 2 coll channels, 2 collnet channels, 0 nvls channels, 2 p2p channels, 1 p2p channels per peer
SH-IDCA1404-10-140-54-11:16300:17710 [3] NCCL INFO TUNER/Plugin: Plugin load returned 11 : libnccl-net.so: cannot open shared object file: No such file or directory : when loading libnccl-tuner.so
SH-IDCA1404-10-140-54-11:16300:17710 [3] NCCL INFO TUNER/Plugin: Using internal tuner plugin.
SH-IDCA1404-10-140-54-11:16300:17710 [3] NCCL INFO ncclCommInitRank comm 0xc49ed00 rank 3 nranks 32 cudaDev 3 nvmlDev 3 busId 71000 commId 0xad187778b783a69d - Init COMPLETE
SH-IDCA1404-10-140-54-11:16301:17722 [4] NCCL INFO TUNER/Plugin: Plugin load returned 11 : libnccl-net.so: cannot open shared object file: No such file or directory : when loading libnccl-tuner.so
SH-IDCA1404-10-140-54-11:16301:17722 [4] NCCL INFO TUNER/Plugin: Using internal tuner plugin.
SH-IDCA1404-10-140-54-11:16301:17722 [4] NCCL INFO ncclCommInitRank comm 0xb58e940 rank 4 nranks 32 cudaDev 4 nvmlDev 4 busId 9d000 commId 0xad187778b783a69d - Init COMPLETE
SH-IDCA1404-10-140-54-11:16306:17714 [7] NCCL INFO TUNER/Plugin: Plugin load returned 11 : libnccl-net.so: cannot open shared object file: No such file or directory : when loading libnccl-tuner.so
SH-IDCA1404-10-140-54-11:16306:17714 [7] NCCL INFO TUNER/Plugin: Using internal tuner plugin.
SH-IDCA1404-10-140-54-11:16306:17714 [7] NCCL INFO ncclCommInitRank comm 0xb541740 rank 7 nranks 32 cudaDev 7 nvmlDev 7 busId d7000 commId 0xad187778b783a69d - Init COMPLETE
SH-IDCA1404-10-140-54-11:16298:17711 [1] NCCL INFO TUNER/Plugin: Plugin load returned 11 : libnccl-net.so: cannot open shared object file: No such file or directory : when loading libnccl-tuner.so
SH-IDCA1404-10-140-54-11:16298:17711 [1] NCCL INFO TUNER/Plugin: Using internal tuner plugin.
SH-IDCA1404-10-140-54-11:16298:17711 [1] NCCL INFO ncclCommInitRank comm 0xbadeea0 rank 1 nranks 32 cudaDev 1 nvmlDev 1 busId 56000 commId 0xad187778b783a69d - Init COMPLETE
SH-IDCA1404-10-140-54-11:16299:17715 [2] NCCL INFO TUNER/Plugin: Plugin load returned 11 : libnccl-net.so: cannot open shared object file: No such file or directory : when loading libnccl-tuner.so
SH-IDCA1404-10-140-54-11:16299:17715 [2] NCCL INFO TUNER/Plugin: Using internal tuner plugin.
SH-IDCA1404-10-140-54-11:16299:17715 [2] NCCL INFO ncclCommInitRank comm 0x559338c0 rank 2 nranks 32 cudaDev 2 nvmlDev 2 busId 6b000 commId 0xad187778b783a69d - Init COMPLETE
SH-IDCA1404-10-140-54-11:16303:17713 [5] NCCL INFO TUNER/Plugin: Plugin load returned 11 : libnccl-net.so: cannot open shared object file: No such file or directory : when loading libnccl-tuner.so
SH-IDCA1404-10-140-54-11:16303:17713 [5] NCCL INFO TUNER/Plugin: Using internal tuner plugin.
SH-IDCA1404-10-140-54-11:16303:17713 [5] NCCL INFO ncclCommInitRank comm 0xce5ec80 rank 5 nranks 32 cudaDev 5 nvmlDev 5 busId a1000 commId 0xad187778b783a69d - Init COMPLETE
SH-IDCA1404-10-140-54-11:16304:17712 [6] NCCL INFO TUNER/Plugin: Plugin load returned 11 : libnccl-net.so: cannot open shared object file: No such file or directory : when loading libnccl-tuner.so
SH-IDCA1404-10-140-54-11:16304:17712 [6] NCCL INFO TUNER/Plugin: Using internal tuner plugin.
SH-IDCA1404-10-140-54-69:51128:52507 [6] NCCL INFO TUNER/Plugin: Plugin load returned 11 : libnccl-net.so: cannot open shared object file: No such file or directory : when loading libnccl-tuner.so
SH-IDCA1404-10-140-54-69:51128:52507 [6] NCCL INFO TUNER/Plugin: Using internal tuner plugin.
SH-IDCA1404-10-140-54-11:16304:17712 [6] NCCL INFO ncclCommInitRank comm 0x54845600 rank 6 nranks 32 cudaDev 6 nvmlDev 6 busId d4000 commId 0xad187778b783a69d - Init COMPLETE
SH-IDCA1404-10-140-54-69:51128:52507 [6] NCCL INFO ncclCommInitRank comm 0x5619f240 rank 22 nranks 32 cudaDev 6 nvmlDev 6 busId d4000 commId 0xad187778b783a69d - Init COMPLETE
SH-IDCA1404-10-140-54-11:16295:17708 [0] NCCL INFO TUNER/Plugin: Plugin load returned 11 : libnccl-net.so: cannot open shared object file: No such file or directory : when loading libnccl-tuner.so
SH-IDCA1404-10-140-54-11:16295:17708 [0] NCCL INFO TUNER/Plugin: Using internal tuner plugin.
SH-IDCA1404-10-140-54-69:51126:52510 [4] NCCL INFO TUNER/Plugin: Plugin load returned 11 : libnccl-net.so: cannot open shared object file: No such file or directory : when loading libnccl-tuner.so
SH-IDCA1404-10-140-54-69:51126:52510 [4] NCCL INFO TUNER/Plugin: Using internal tuner plugin.
SH-IDCA1404-10-140-54-11:16295:17708 [0] NCCL INFO ncclCommInitRank comm 0xb942f00 rank 0 nranks 32 cudaDev 0 nvmlDev 0 busId 51000 commId 0xad187778b783a69d - Init COMPLETE
SH-IDCA1404-10-140-54-69:51126:52510 [4] NCCL INFO ncclCommInitRank comm 0x53b91780 rank 20 nranks 32 cudaDev 4 nvmlDev 4 busId 9d000 commId 0xad187778b783a69d - Init COMPLETE
SH-IDCA1404-10-140-54-69:51125:52506 [3] NCCL INFO TUNER/Plugin: Plugin load returned 11 : libnccl-net.so: cannot open shared object file: No such file or directory : when loading libnccl-tuner.so
SH-IDCA1404-10-140-54-69:51125:52506 [3] NCCL INFO TUNER/Plugin: Using internal tuner plugin.
SH-IDCA1404-10-140-54-69:51125:52506 [3] NCCL INFO ncclCommInitRank comm 0xaea21c0 rank 19 nranks 32 cudaDev 3 nvmlDev 3 busId 71000 commId 0xad187778b783a69d - Init COMPLETE
SH-IDCA1404-10-140-54-69:51123:52504 [1] NCCL INFO TUNER/Plugin: Plugin load returned 11 : libnccl-net.so: cannot open shared object file: No such file or directory : when loading libnccl-tuner.so
SH-IDCA1404-10-140-54-69:51123:52504 [1] NCCL INFO TUNER/Plugin: Using internal tuner plugin.
SH-IDCA1404-10-140-54-69:51123:52504 [1] NCCL INFO ncclCommInitRank comm 0xc698a80 rank 17 nranks 32 cudaDev 1 nvmlDev 1 busId 56000 commId 0xad187778b783a69d - Init COMPLETE
SH-IDCA1404-10-140-54-69:51124:52511 [2] NCCL INFO TUNER/Plugin: Plugin load returned 11 : libnccl-net.so: cannot open shared object file: No such file or directory : when loading libnccl-tuner.so
SH-IDCA1404-10-140-54-69:51124:52511 [2] NCCL INFO TUNER/Plugin: Using internal tuner plugin.
SH-IDCA1404-10-140-54-69:51124:52511 [2] NCCL INFO ncclCommInitRank comm 0xaefea00 rank 18 nranks 32 cudaDev 2 nvmlDev 2 busId 6b000 commId 0xad187778b783a69d - Init COMPLETE
SH-IDCA1404-10-140-54-69:51127:52512 [5] NCCL INFO TUNER/Plugin: Plugin load returned 11 : libnccl-net.so: cannot open shared object file: No such file or directory : when loading libnccl-tuner.so
SH-IDCA1404-10-140-54-69:51127:52512 [5] NCCL INFO TUNER/Plugin: Using internal tuner plugin.
SH-IDCA1404-10-140-54-69:51127:52512 [5] NCCL INFO ncclCommInitRank comm 0x5496a300 rank 21 nranks 32 cudaDev 5 nvmlDev 5 busId a1000 commId 0xad187778b783a69d - Init COMPLETE
SH-IDCA1404-10-140-54-69:51129:52505 [7] NCCL INFO TUNER/Plugin: Plugin load returned 11 : libnccl-net.so: cannot open shared object file: No such file or directory : when loading libnccl-tuner.so
SH-IDCA1404-10-140-54-69:51129:52505 [7] NCCL INFO TUNER/Plugin: Using internal tuner plugin.
SH-IDCA1404-10-140-54-69:51129:52505 [7] NCCL INFO ncclCommInitRank comm 0xcd26000 rank 23 nranks 32 cudaDev 7 nvmlDev 7 busId d7000 commId 0xad187778b783a69d - Init COMPLETE
SH-IDCA1404-10-140-54-69:51120:52503 [0] NCCL INFO TUNER/Plugin: Plugin load returned 11 : libnccl-net.so: cannot open shared object file: No such file or directory : when loading libnccl-tuner.so
SH-IDCA1404-10-140-54-69:51120:52503 [0] NCCL INFO TUNER/Plugin: Using internal tuner plugin.
SH-IDCA1404-10-140-54-69:51120:52503 [0] NCCL INFO ncclCommInitRank comm 0x5d01c0c0 rank 16 nranks 32 cudaDev 0 nvmlDev 0 busId 51000 commId 0xad187778b783a69d - Init COMPLETE
SH-IDCA1404-10-140-54-71:119206:120218 [2] NCCL INFO TUNER/Plugin: Plugin load returned 11 : libnccl-net.so: cannot open shared object file: No such file or directory : when loading libnccl-tuner.so
SH-IDCA1404-10-140-54-71:119206:120218 [2] NCCL INFO TUNER/Plugin: Using internal tuner plugin.
SH-IDCA1404-10-140-54-71:119206:120218 [2] NCCL INFO ncclCommInitRank comm 0xb3fd680 rank 26 nranks 32 cudaDev 2 nvmlDev 2 busId 6b000 commId 0xad187778b783a69d - Init COMPLETE
SH-IDCA1404-10-140-54-71:119205:120219 [1] NCCL INFO TUNER/Plugin: Plugin load returned 11 : libnccl-net.so: cannot open shared object file: No such file or directory : when loading libnccl-tuner.so
SH-IDCA1404-10-140-54-71:119205:120219 [1] NCCL INFO TUNER/Plugin: Using internal tuner plugin.
SH-IDCA1404-10-140-54-71:119205:120219 [1] NCCL INFO ncclCommInitRank comm 0x5512a7c0 rank 25 nranks 32 cudaDev 1 nvmlDev 1 busId 56000 commId 0xad187778b783a69d - Init COMPLETE
SH-IDCA1404-10-140-54-71:119207:120216 [3] NCCL INFO TUNER/Plugin: Plugin load returned 11 : libnccl-net.so: cannot open shared object file: No such file or directory : when loading libnccl-tuner.so
SH-IDCA1404-10-140-54-71:119207:120216 [3] NCCL INFO TUNER/Plugin: Using internal tuner plugin.
SH-IDCA1404-10-140-54-71:119207:120216 [3] NCCL INFO ncclCommInitRank comm 0xa5cfde0 rank 27 nranks 32 cudaDev 3 nvmlDev 3 busId 71000 commId 0xad187778b783a69d - Init COMPLETE
SH-IDCA1404-10-140-54-71:119208:120210 [4] NCCL INFO TUNER/Plugin: Plugin load returned 11 : libnccl-net.so: cannot open shared object file: No such file or directory : when loading libnccl-tuner.so
SH-IDCA1404-10-140-54-71:119208:120210 [4] NCCL INFO TUNER/Plugin: Using internal tuner plugin.
SH-IDCA1404-10-140-54-71:119208:120210 [4] NCCL INFO ncclCommInitRank comm 0xc7dea80 rank 28 nranks 32 cudaDev 4 nvmlDev 4 busId 9d000 commId 0xad187778b783a69d - Init COMPLETE
SH-IDCA1404-10-140-54-71:119210:120212 [6] NCCL INFO TUNER/Plugin: Plugin load returned 11 : libnccl-net.so: cannot open shared object file: No such file or directory : when loading libnccl-tuner.so
SH-IDCA1404-10-140-54-71:119210:120212 [6] NCCL INFO TUNER/Plugin: Using internal tuner plugin.
SH-IDCA1404-10-140-54-71:119210:120212 [6] NCCL INFO ncclCommInitRank comm 0x9b42880 rank 30 nranks 32 cudaDev 6 nvmlDev 6 busId d4000 commId 0xad187778b783a69d - Init COMPLETE
SH-IDCA1404-10-140-54-71:119204:120214 [0] NCCL INFO TUNER/Plugin: Plugin load returned 11 : libnccl-net.so: cannot open shared object file: No such file or directory : when loading libnccl-tuner.so
SH-IDCA1404-10-140-54-71:119204:120214 [0] NCCL INFO TUNER/Plugin: Using internal tuner plugin.
SH-IDCA1404-10-140-54-71:119204:120214 [0] NCCL INFO ncclCommInitRank comm 0x5612bf40 rank 24 nranks 32 cudaDev 0 nvmlDev 0 busId 51000 commId 0xad187778b783a69d - Init COMPLETE
SH-IDCA1404-10-140-54-71:119209:120215 [5] NCCL INFO TUNER/Plugin: Plugin load returned 11 : libnccl-net.so: cannot open shared object file: No such file or directory : when loading libnccl-tuner.so
SH-IDCA1404-10-140-54-71:119209:120215 [5] NCCL INFO TUNER/Plugin: Using internal tuner plugin.
SH-IDCA1404-10-140-54-71:119209:120215 [5] NCCL INFO ncclCommInitRank comm 0x5b990380 rank 29 nranks 32 cudaDev 5 nvmlDev 5 busId a1000 commId 0xad187778b783a69d - Init COMPLETE
SH-IDCA1404-10-140-54-71:119211:120211 [7] NCCL INFO TUNER/Plugin: Plugin load returned 11 : libnccl-net.so: cannot open shared object file: No such file or directory : when loading libnccl-tuner.so
SH-IDCA1404-10-140-54-71:119211:120211 [7] NCCL INFO TUNER/Plugin: Using internal tuner plugin.
SH-IDCA1404-10-140-54-71:119211:120211 [7] NCCL INFO ncclCommInitRank comm 0xc5bfa00 rank 31 nranks 32 cudaDev 7 nvmlDev 7 busId d7000 commId 0xad187778b783a69d - Init COMPLETE
SH-IDCA1404-10-140-54-21:4302:5288 [4] NCCL INFO TUNER/Plugin: Plugin load returned 11 : libnccl-net.so: cannot open shared object file: No such file or directory : when loading libnccl-tuner.so
SH-IDCA1404-10-140-54-21:4302:5288 [4] NCCL INFO TUNER/Plugin: Using internal tuner plugin.
SH-IDCA1404-10-140-54-21:4302:5288 [4] NCCL INFO ncclCommInitRank comm 0x9ea5c40 rank 12 nranks 32 cudaDev 4 nvmlDev 4 busId 9d000 commId 0xad187778b783a69d - Init COMPLETE
SH-IDCA1404-10-140-54-21:4304:5291 [6] NCCL INFO TUNER/Plugin: Plugin load returned 11 : libnccl-net.so: cannot open shared object file: No such file or directory : when loading libnccl-tuner.so
SH-IDCA1404-10-140-54-21:4304:5291 [6] NCCL INFO TUNER/Plugin: Using internal tuner plugin.
SH-IDCA1404-10-140-54-21:4304:5291 [6] NCCL INFO ncclCommInitRank comm 0xaf83e40 rank 14 nranks 32 cudaDev 6 nvmlDev 6 busId d4000 commId 0xad187778b783a69d - Init COMPLETE
SH-IDCA1404-10-140-54-21:4303:5286 [5] NCCL INFO TUNER/Plugin: Plugin load returned 11 : libnccl-net.so: cannot open shared object file: No such file or directory : when loading libnccl-tuner.so
SH-IDCA1404-10-140-54-21:4303:5286 [5] NCCL INFO TUNER/Plugin: Using internal tuner plugin.
SH-IDCA1404-10-140-54-21:4303:5286 [5] NCCL INFO ncclCommInitRank comm 0xc10e440 rank 13 nranks 32 cudaDev 5 nvmlDev 5 busId a1000 commId 0xad187778b783a69d - Init COMPLETE
SH-IDCA1404-10-140-54-21:4307:5289 [7] NCCL INFO TUNER/Plugin: Plugin load returned 11 : libnccl-net.so: cannot open shared object file: No such file or directory : when loading libnccl-tuner.so
SH-IDCA1404-10-140-54-21:4307:5289 [7] NCCL INFO TUNER/Plugin: Using internal tuner plugin.
SH-IDCA1404-10-140-54-21:4307:5289 [7] NCCL INFO ncclCommInitRank comm 0xb9b28c0 rank 15 nranks 32 cudaDev 7 nvmlDev 7 busId d7000 commId 0xad187778b783a69d - Init COMPLETE
SH-IDCA1404-10-140-54-21:4298:5294 [0] NCCL INFO TUNER/Plugin: Plugin load returned 11 : libnccl-net.so: cannot open shared object file: No such file or directory : when loading libnccl-tuner.so
SH-IDCA1404-10-140-54-21:4298:5294 [0] NCCL INFO TUNER/Plugin: Using internal tuner plugin.
SH-IDCA1404-10-140-54-21:4298:5294 [0] NCCL INFO ncclCommInitRank comm 0x55a77bc0 rank 8 nranks 32 cudaDev 0 nvmlDev 0 busId 51000 commId 0xad187778b783a69d - Init COMPLETE
SH-IDCA1404-10-140-54-21:4301:5293 [3] NCCL INFO TUNER/Plugin: Plugin load returned 11 : libnccl-net.so: cannot open shared object file: No such file or directory : when loading libnccl-tuner.so
SH-IDCA1404-10-140-54-21:4301:5293 [3] NCCL INFO TUNER/Plugin: Using internal tuner plugin.
SH-IDCA1404-10-140-54-21:4301:5293 [3] NCCL INFO ncclCommInitRank comm 0x9baddd0 rank 11 nranks 32 cudaDev 3 nvmlDev 3 busId 71000 commId 0xad187778b783a69d - Init COMPLETE
SH-IDCA1404-10-140-54-21:4299:5292 [1] NCCL INFO TUNER/Plugin: Plugin load returned 11 : libnccl-net.so: cannot open shared object file: No such file or directory : when loading libnccl-tuner.so
SH-IDCA1404-10-140-54-21:4299:5292 [1] NCCL INFO TUNER/Plugin: Using internal tuner plugin.
SH-IDCA1404-10-140-54-21:4299:5292 [1] NCCL INFO ncclCommInitRank comm 0x54b13fc0 rank 9 nranks 32 cudaDev 1 nvmlDev 1 busId 56000 commId 0xad187778b783a69d - Init COMPLETE
SH-IDCA1404-10-140-54-21:4300:5290 [2] NCCL INFO TUNER/Plugin: Plugin load returned 11 : libnccl-net.so: cannot open shared object file: No such file or directory : when loading libnccl-tuner.so
SH-IDCA1404-10-140-54-21:4300:5290 [2] NCCL INFO TUNER/Plugin: Using internal tuner plugin.
SH-IDCA1404-10-140-54-21:4300:5290 [2] NCCL INFO ncclCommInitRank comm 0x9fe0b60 rank 10 nranks 32 cudaDev 2 nvmlDev 2 busId 6b000 commId 0xad187778b783a69d - Init COMPLETE
[11/28 16:28:12 TiTok-Gen]: ***** Running training *****
[11/28 16:28:12 TiTok-Gen]:   Num training steps = 1000000
[11/28 16:28:12 TiTok-Gen]:   Gradient Accumulation steps = 1
[11/28 16:28:12 TiTok-Gen]:   Instantaneous batch size per gpu = 64
[11/28 16:28:12 TiTok-Gen]:   Total train batch size (w. parallel, distributed & accumulation) = 2048
[11/28 16:28:12 TiTok-Gen]: Epoch 0/1597 started.
/mnt/petrelfs/jianglihan/miniconda3/envs/1d/lib/python3.10/site-packages/torch/_dynamo/eval_frame.py:745: UserWarning: torch.utils.checkpoint: the use_reentrant parameter should be passed explicitly. In version 2.5 we will raise an exception if use_reentrant is not passed. use_reentrant=False is recommended, but if you need to preserve the current default behavior, you can pass use_reentrant=True. Refer to docs for more details on the differences between the two variants.
  return fn(*args, **kwargs)
/mnt/petrelfs/jianglihan/miniconda3/envs/1d/lib/python3.10/site-packages/torch/_dynamo/eval_frame.py:745: UserWarning: torch.utils.checkpoint: the use_reentrant parameter should be passed explicitly. In version 2.5 we will raise an exception if use_reentrant is not passed. use_reentrant=False is recommended, but if you need to preserve the current default behavior, you can pass use_reentrant=True. Refer to docs for more details on the differences between the two variants.
  return fn(*args, **kwargs)
/mnt/petrelfs/jianglihan/miniconda3/envs/1d/lib/python3.10/site-packages/torch/_dynamo/eval_frame.py:745: UserWarning: torch.utils.checkpoint: the use_reentrant parameter should be passed explicitly. In version 2.5 we will raise an exception if use_reentrant is not passed. use_reentrant=False is recommended, but if you need to preserve the current default behavior, you can pass use_reentrant=True. Refer to docs for more details on the differences between the two variants.
  return fn(*args, **kwargs)
/mnt/petrelfs/jianglihan/miniconda3/envs/1d/lib/python3.10/site-packages/torch/_dynamo/eval_frame.py:745: UserWarning: torch.utils.checkpoint: the use_reentrant parameter should be passed explicitly. In version 2.5 we will raise an exception if use_reentrant is not passed. use_reentrant=False is recommended, but if you need to preserve the current default behavior, you can pass use_reentrant=True. Refer to docs for more details on the differences between the two variants.
  return fn(*args, **kwargs)
/mnt/petrelfs/jianglihan/miniconda3/envs/1d/lib/python3.10/site-packages/torch/_dynamo/eval_frame.py:745: UserWarning: torch.utils.checkpoint: the use_reentrant parameter should be passed explicitly. In version 2.5 we will raise an exception if use_reentrant is not passed. use_reentrant=False is recommended, but if you need to preserve the current default behavior, you can pass use_reentrant=True. Refer to docs for more details on the differences between the two variants.
  return fn(*args, **kwargs)
/mnt/petrelfs/jianglihan/miniconda3/envs/1d/lib/python3.10/site-packages/torch/_dynamo/eval_frame.py:745: UserWarning: torch.utils.checkpoint: the use_reentrant parameter should be passed explicitly. In version 2.5 we will raise an exception if use_reentrant is not passed. use_reentrant=False is recommended, but if you need to preserve the current default behavior, you can pass use_reentrant=True. Refer to docs for more details on the differences between the two variants.
  return fn(*args, **kwargs)
/mnt/petrelfs/jianglihan/miniconda3/envs/1d/lib/python3.10/site-packages/torch/_dynamo/eval_frame.py:745: UserWarning: torch.utils.checkpoint: the use_reentrant parameter should be passed explicitly. In version 2.5 we will raise an exception if use_reentrant is not passed. use_reentrant=False is recommended, but if you need to preserve the current default behavior, you can pass use_reentrant=True. Refer to docs for more details on the differences between the two variants.
  return fn(*args, **kwargs)
/mnt/petrelfs/jianglihan/miniconda3/envs/1d/lib/python3.10/site-packages/torch/_dynamo/eval_frame.py:745: UserWarning: torch.utils.checkpoint: the use_reentrant parameter should be passed explicitly. In version 2.5 we will raise an exception if use_reentrant is not passed. use_reentrant=False is recommended, but if you need to preserve the current default behavior, you can pass use_reentrant=True. Refer to docs for more details on the differences between the two variants.
  return fn(*args, **kwargs)
/mnt/petrelfs/jianglihan/miniconda3/envs/1d/lib/python3.10/site-packages/torch/_dynamo/eval_frame.py:745: UserWarning: torch.utils.checkpoint: the use_reentrant parameter should be passed explicitly. In version 2.5 we will raise an exception if use_reentrant is not passed. use_reentrant=False is recommended, but if you need to preserve the current default behavior, you can pass use_reentrant=True. Refer to docs for more details on the differences between the two variants.
  return fn(*args, **kwargs)
/mnt/petrelfs/jianglihan/miniconda3/envs/1d/lib/python3.10/site-packages/torch/_dynamo/eval_frame.py:745: UserWarning: torch.utils.checkpoint: the use_reentrant parameter should be passed explicitly. In version 2.5 we will raise an exception if use_reentrant is not passed. use_reentrant=False is recommended, but if you need to preserve the current default behavior, you can pass use_reentrant=True. Refer to docs for more details on the differences between the two variants.
  return fn(*args, **kwargs)
/mnt/petrelfs/jianglihan/miniconda3/envs/1d/lib/python3.10/site-packages/torch/_dynamo/eval_frame.py:745: UserWarning: torch.utils.checkpoint: the use_reentrant parameter should be passed explicitly. In version 2.5 we will raise an exception if use_reentrant is not passed. use_reentrant=False is recommended, but if you need to preserve the current default behavior, you can pass use_reentrant=True. Refer to docs for more details on the differences between the two variants.
  return fn(*args, **kwargs)
/mnt/petrelfs/jianglihan/miniconda3/envs/1d/lib/python3.10/site-packages/torch/_dynamo/eval_frame.py:745: UserWarning: torch.utils.checkpoint: the use_reentrant parameter should be passed explicitly. In version 2.5 we will raise an exception if use_reentrant is not passed. use_reentrant=False is recommended, but if you need to preserve the current default behavior, you can pass use_reentrant=True. Refer to docs for more details on the differences between the two variants.
  return fn(*args, **kwargs)
/mnt/petrelfs/jianglihan/miniconda3/envs/1d/lib/python3.10/site-packages/torch/_dynamo/eval_frame.py:745: UserWarning: torch.utils.checkpoint: the use_reentrant parameter should be passed explicitly. In version 2.5 we will raise an exception if use_reentrant is not passed. use_reentrant=False is recommended, but if you need to preserve the current default behavior, you can pass use_reentrant=True. Refer to docs for more details on the differences between the two variants.
  return fn(*args, **kwargs)
/mnt/petrelfs/jianglihan/miniconda3/envs/1d/lib/python3.10/site-packages/torch/_dynamo/eval_frame.py:745: UserWarning: torch.utils.checkpoint: the use_reentrant parameter should be passed explicitly. In version 2.5 we will raise an exception if use_reentrant is not passed. use_reentrant=False is recommended, but if you need to preserve the current default behavior, you can pass use_reentrant=True. Refer to docs for more details on the differences between the two variants.
  return fn(*args, **kwargs)
/mnt/petrelfs/jianglihan/miniconda3/envs/1d/lib/python3.10/site-packages/torch/_dynamo/eval_frame.py:745: UserWarning: torch.utils.checkpoint: the use_reentrant parameter should be passed explicitly. In version 2.5 we will raise an exception if use_reentrant is not passed. use_reentrant=False is recommended, but if you need to preserve the current default behavior, you can pass use_reentrant=True. Refer to docs for more details on the differences between the two variants.
  return fn(*args, **kwargs)
/mnt/petrelfs/jianglihan/miniconda3/envs/1d/lib/python3.10/site-packages/torch/_dynamo/eval_frame.py:745: UserWarning: torch.utils.checkpoint: the use_reentrant parameter should be passed explicitly. In version 2.5 we will raise an exception if use_reentrant is not passed. use_reentrant=False is recommended, but if you need to preserve the current default behavior, you can pass use_reentrant=True. Refer to docs for more details on the differences between the two variants.
  return fn(*args, **kwargs)
/mnt/petrelfs/jianglihan/miniconda3/envs/1d/lib/python3.10/site-packages/torch/_dynamo/eval_frame.py:745: UserWarning: torch.utils.checkpoint: the use_reentrant parameter should be passed explicitly. In version 2.5 we will raise an exception if use_reentrant is not passed. use_reentrant=False is recommended, but if you need to preserve the current default behavior, you can pass use_reentrant=True. Refer to docs for more details on the differences between the two variants.
  return fn(*args, **kwargs)
/mnt/petrelfs/jianglihan/miniconda3/envs/1d/lib/python3.10/site-packages/torch/_dynamo/eval_frame.py:745: UserWarning: torch.utils.checkpoint: the use_reentrant parameter should be passed explicitly. In version 2.5 we will raise an exception if use_reentrant is not passed. use_reentrant=False is recommended, but if you need to preserve the current default behavior, you can pass use_reentrant=True. Refer to docs for more details on the differences between the two variants.
  return fn(*args, **kwargs)
/mnt/petrelfs/jianglihan/miniconda3/envs/1d/lib/python3.10/site-packages/torch/_dynamo/eval_frame.py:745: UserWarning: torch.utils.checkpoint: the use_reentrant parameter should be passed explicitly. In version 2.5 we will raise an exception if use_reentrant is not passed. use_reentrant=False is recommended, but if you need to preserve the current default behavior, you can pass use_reentrant=True. Refer to docs for more details on the differences between the two variants.
  return fn(*args, **kwargs)
/mnt/petrelfs/jianglihan/miniconda3/envs/1d/lib/python3.10/site-packages/torch/_dynamo/eval_frame.py:745: UserWarning: torch.utils.checkpoint: the use_reentrant parameter should be passed explicitly. In version 2.5 we will raise an exception if use_reentrant is not passed. use_reentrant=False is recommended, but if you need to preserve the current default behavior, you can pass use_reentrant=True. Refer to docs for more details on the differences between the two variants.
  return fn(*args, **kwargs)
/mnt/petrelfs/jianglihan/miniconda3/envs/1d/lib/python3.10/site-packages/torch/_dynamo/eval_frame.py:745: UserWarning: torch.utils.checkpoint: the use_reentrant parameter should be passed explicitly. In version 2.5 we will raise an exception if use_reentrant is not passed. use_reentrant=False is recommended, but if you need to preserve the current default behavior, you can pass use_reentrant=True. Refer to docs for more details on the differences between the two variants.
  return fn(*args, **kwargs)
/mnt/petrelfs/jianglihan/miniconda3/envs/1d/lib/python3.10/site-packages/torch/_dynamo/eval_frame.py:745: UserWarning: torch.utils.checkpoint: the use_reentrant parameter should be passed explicitly. In version 2.5 we will raise an exception if use_reentrant is not passed. use_reentrant=False is recommended, but if you need to preserve the current default behavior, you can pass use_reentrant=True. Refer to docs for more details on the differences between the two variants.
  return fn(*args, **kwargs)
/mnt/petrelfs/jianglihan/miniconda3/envs/1d/lib/python3.10/site-packages/torch/_dynamo/eval_frame.py:745: UserWarning: torch.utils.checkpoint: the use_reentrant parameter should be passed explicitly. In version 2.5 we will raise an exception if use_reentrant is not passed. use_reentrant=False is recommended, but if you need to preserve the current default behavior, you can pass use_reentrant=True. Refer to docs for more details on the differences between the two variants.
  return fn(*args, **kwargs)
/mnt/petrelfs/jianglihan/miniconda3/envs/1d/lib/python3.10/site-packages/torch/_dynamo/eval_frame.py:745: UserWarning: torch.utils.checkpoint: the use_reentrant parameter should be passed explicitly. In version 2.5 we will raise an exception if use_reentrant is not passed. use_reentrant=False is recommended, but if you need to preserve the current default behavior, you can pass use_reentrant=True. Refer to docs for more details on the differences between the two variants.
  return fn(*args, **kwargs)
/mnt/petrelfs/jianglihan/miniconda3/envs/1d/lib/python3.10/site-packages/torch/_dynamo/eval_frame.py:745: UserWarning: torch.utils.checkpoint: the use_reentrant parameter should be passed explicitly. In version 2.5 we will raise an exception if use_reentrant is not passed. use_reentrant=False is recommended, but if you need to preserve the current default behavior, you can pass use_reentrant=True. Refer to docs for more details on the differences between the two variants.
  return fn(*args, **kwargs)
/mnt/petrelfs/jianglihan/miniconda3/envs/1d/lib/python3.10/site-packages/torch/_dynamo/eval_frame.py:745: UserWarning: torch.utils.checkpoint: the use_reentrant parameter should be passed explicitly. In version 2.5 we will raise an exception if use_reentrant is not passed. use_reentrant=False is recommended, but if you need to preserve the current default behavior, you can pass use_reentrant=True. Refer to docs for more details on the differences between the two variants.
  return fn(*args, **kwargs)
/mnt/petrelfs/jianglihan/miniconda3/envs/1d/lib/python3.10/site-packages/torch/_dynamo/eval_frame.py:745: UserWarning: torch.utils.checkpoint: the use_reentrant parameter should be passed explicitly. In version 2.5 we will raise an exception if use_reentrant is not passed. use_reentrant=False is recommended, but if you need to preserve the current default behavior, you can pass use_reentrant=True. Refer to docs for more details on the differences between the two variants.
  return fn(*args, **kwargs)
/mnt/petrelfs/jianglihan/miniconda3/envs/1d/lib/python3.10/site-packages/torch/_dynamo/eval_frame.py:745: UserWarning: torch.utils.checkpoint: the use_reentrant parameter should be passed explicitly. In version 2.5 we will raise an exception if use_reentrant is not passed. use_reentrant=False is recommended, but if you need to preserve the current default behavior, you can pass use_reentrant=True. Refer to docs for more details on the differences between the two variants.
  return fn(*args, **kwargs)
/mnt/petrelfs/jianglihan/miniconda3/envs/1d/lib/python3.10/site-packages/torch/_dynamo/eval_frame.py:745: UserWarning: torch.utils.checkpoint: the use_reentrant parameter should be passed explicitly. In version 2.5 we will raise an exception if use_reentrant is not passed. use_reentrant=False is recommended, but if you need to preserve the current default behavior, you can pass use_reentrant=True. Refer to docs for more details on the differences between the two variants.
  return fn(*args, **kwargs)
/mnt/petrelfs/jianglihan/miniconda3/envs/1d/lib/python3.10/site-packages/torch/_dynamo/eval_frame.py:745: UserWarning: torch.utils.checkpoint: the use_reentrant parameter should be passed explicitly. In version 2.5 we will raise an exception if use_reentrant is not passed. use_reentrant=False is recommended, but if you need to preserve the current default behavior, you can pass use_reentrant=True. Refer to docs for more details on the differences between the two variants.
  return fn(*args, **kwargs)
/mnt/petrelfs/jianglihan/miniconda3/envs/1d/lib/python3.10/site-packages/torch/_dynamo/eval_frame.py:745: UserWarning: torch.utils.checkpoint: the use_reentrant parameter should be passed explicitly. In version 2.5 we will raise an exception if use_reentrant is not passed. use_reentrant=False is recommended, but if you need to preserve the current default behavior, you can pass use_reentrant=True. Refer to docs for more details on the differences between the two variants.
  return fn(*args, **kwargs)
/mnt/petrelfs/jianglihan/miniconda3/envs/1d/lib/python3.10/site-packages/torch/_dynamo/eval_frame.py:745: UserWarning: torch.utils.checkpoint: the use_reentrant parameter should be passed explicitly. In version 2.5 we will raise an exception if use_reentrant is not passed. use_reentrant=False is recommended, but if you need to preserve the current default behavior, you can pass use_reentrant=True. Refer to docs for more details on the differences between the two variants.
  return fn(*args, **kwargs)
[11/28 16:29:49 TiTok-Gen]: Data (t): 0.4459, 41.41/s/gpu Batch (t): 1.5455 LR: 0.000001 Step: 50 Total Loss: 1.7269 Diff Loss: 1.7269 
[11/28 16:31:05 TiTok-Gen]: Data (t): 0.4313, 42.00/s/gpu Batch (t): 1.5237 LR: 0.000001 Step: 100 Total Loss: 1.7130 Diff Loss: 1.7130 
[11/28 16:32:21 TiTok-Gen]: Data (t): 0.4400, 39.90/s/gpu Batch (t): 1.6041 LR: 0.000002 Step: 150 Total Loss: 1.6548 Diff Loss: 1.6548 
[11/28 16:33:38 TiTok-Gen]: Data (t): 0.4276, 40.52/s/gpu Batch (t): 1.5796 LR: 0.000002 Step: 200 Total Loss: 1.5824 Diff Loss: 1.5824 
[11/28 16:34:54 TiTok-Gen]: Data (t): 0.4301, 41.96/s/gpu Batch (t): 1.5253 LR: 0.000003 Step: 250 Total Loss: 1.4518 Diff Loss: 1.4518 
[11/28 16:36:09 TiTok-Gen]: Data (t): 0.4160, 42.43/s/gpu Batch (t): 1.5085 LR: 0.000003 Step: 300 Total Loss: 1.2822 Diff Loss: 1.2822 
[11/28 16:37:25 TiTok-Gen]: Data (t): 0.4322, 40.92/s/gpu Batch (t): 1.5640 LR: 0.000004 Step: 350 Total Loss: 1.0445 Diff Loss: 1.0445 
[11/28 16:38:42 TiTok-Gen]: Data (t): 0.4461, 39.45/s/gpu Batch (t): 1.6222 LR: 0.000004 Step: 400 Total Loss: 0.7976 Diff Loss: 0.7976 
[11/28 16:39:57 TiTok-Gen]: Data (t): 0.4114, 42.55/s/gpu Batch (t): 1.5042 LR: 0.000005 Step: 450 Total Loss: 0.6965 Diff Loss: 0.6965 
[11/28 16:41:13 TiTok-Gen]: Data (t): 0.4282, 42.02/s/gpu Batch (t): 1.5230 LR: 0.000005 Step: 500 Total Loss: 0.5682 Diff Loss: 0.5682 
[11/28 16:42:30 TiTok-Gen]: Data (t): 0.4343, 38.90/s/gpu Batch (t): 1.6455 LR: 0.000006 Step: 550 Total Loss: 0.5651 Diff Loss: 0.5651 
[11/28 16:43:46 TiTok-Gen]: Data (t): 0.4053, 42.62/s/gpu Batch (t): 1.5017 LR: 0.000006 Step: 600 Total Loss: 0.5339 Diff Loss: 0.5339 
[11/28 16:44:41 TiTok-Gen]: Epoch 1/1597 started.
[11/28 16:45:22 TiTok-Gen]: Data (t): 0.2469, 46.43/s/gpu Batch (t): 1.3784 LR: 0.000007 Step: 650 Total Loss: 0.5388 Diff Loss: 0.5388 
[11/28 16:46:41 TiTok-Gen]: Data (t): 0.2430, 45.01/s/gpu Batch (t): 1.4220 LR: 0.000007 Step: 700 Total Loss: 0.5260 Diff Loss: 0.5260 
[11/28 16:47:59 TiTok-Gen]: Data (t): 0.2442, 39.93/s/gpu Batch (t): 1.6030 LR: 0.000008 Step: 750 Total Loss: 0.5282 Diff Loss: 0.5282 
[11/28 16:49:18 TiTok-Gen]: Data (t): 0.2455, 41.33/s/gpu Batch (t): 1.5484 LR: 0.000008 Step: 800 Total Loss: 0.5307 Diff Loss: 0.5307 
[11/28 16:50:37 TiTok-Gen]: Data (t): 0.2439, 39.88/s/gpu Batch (t): 1.6047 LR: 0.000009 Step: 850 Total Loss: 0.5189 Diff Loss: 0.5189 
[11/28 16:51:56 TiTok-Gen]: Data (t): 0.2471, 40.21/s/gpu Batch (t): 1.5915 LR: 0.000009 Step: 900 Total Loss: 0.5216 Diff Loss: 0.5216 
[11/28 16:53:15 TiTok-Gen]: Data (t): 0.2511, 40.09/s/gpu Batch (t): 1.5963 LR: 0.000010 Step: 950 Total Loss: 0.5151 Diff Loss: 0.5151 
[11/28 16:54:35 TiTok-Gen]: Data (t): 0.2494, 35.13/s/gpu Batch (t): 1.8220 LR: 0.000010 Step: 1000 Total Loss: 0.5171 Diff Loss: 0.5171 
[11/28 16:54:36 TiTok-Gen]: Generating images...
  0%|          | 0/289 [00:00<?, ?it/s]  0%|          | 1/289 [00:00<01:48,  2.65it/s]  1%|          | 2/289 [00:00<01:50,  2.61it/s]  1%|          | 3/289 [00:01<01:50,  2.59it/s]  1%|▏         | 4/289 [00:01<01:50,  2.59it/s]  2%|▏         | 5/289 [00:01<01:49,  2.59it/s]  2%|▏         | 6/289 [00:02<01:49,  2.59it/s]  2%|▏         | 7/289 [00:02<01:48,  2.59it/s]  3%|▎         | 8/289 [00:03<01:48,  2.59it/s]  3%|▎         | 9/289 [00:03<01:47,  2.60it/s]  3%|▎         | 10/289 [00:03<01:47,  2.60it/s]  4%|▍         | 11/289 [00:04<01:47,  2.60it/s]  4%|▍         | 12/289 [00:04<01:46,  2.60it/s]  4%|▍         | 13/289 [00:05<01:46,  2.60it/s]  5%|▍         | 14/289 [00:05<01:45,  2.60it/s]  5%|▌         | 15/289 [00:05<01:45,  2.60it/s]  6%|▌         | 16/289 [00:06<01:44,  2.61it/s]  6%|▌         | 17/289 [00:06<01:44,  2.61it/s]  6%|▌         | 18/289 [00:06<01:44,  2.60it/s]  7%|▋         | 19/289 [00:07<01:44,  2.58it/s]  7%|▋         | 20/289 [00:07<01:43,  2.59it/s]  7%|▋         | 21/289 [00:08<01:43,  2.59it/s]  8%|▊         | 22/289 [00:08<01:42,  2.59it/s]  8%|▊         | 23/289 [00:08<01:42,  2.60it/s]  8%|▊         | 24/289 [00:09<01:41,  2.62it/s]  9%|▊         | 25/289 [00:09<01:40,  2.64it/s]  9%|▉         | 26/289 [00:09<01:39,  2.65it/s]  9%|▉         | 27/289 [00:10<01:38,  2.66it/s] 10%|▉         | 28/289 [00:10<01:37,  2.67it/s] 10%|█         | 29/289 [00:11<01:37,  2.67it/s] 10%|█         | 30/289 [00:11<01:37,  2.66it/s] 11%|█         | 31/289 [00:11<01:37,  2.64it/s] 11%|█         | 32/289 [00:12<01:37,  2.63it/s] 11%|█▏        | 33/289 [00:12<01:37,  2.63it/s] 12%|█▏        | 34/289 [00:13<01:37,  2.62it/s] 12%|█▏        | 35/289 [00:13<01:37,  2.61it/s] 12%|█▏        | 36/289 [00:13<01:37,  2.60it/s] 13%|█▎        | 37/289 [00:14<01:36,  2.61it/s] 13%|█▎        | 38/289 [00:14<01:36,  2.60it/s] 13%|█▎        | 39/289 [00:14<01:36,  2.60it/s] 14%|█▍        | 40/289 [00:15<01:35,  2.62it/s] 14%|█▍        | 41/289 [00:15<01:34,  2.61it/s] 15%|█▍        | 42/289 [00:16<01:34,  2.61it/s] 15%|█▍        | 43/289 [00:16<01:34,  2.60it/s] 15%|█▌        | 44/289 [00:16<01:33,  2.61it/s] 16%|█▌        | 45/289 [00:17<01:33,  2.61it/s] 16%|█▌        | 46/289 [00:17<01:33,  2.61it/s] 16%|█▋        | 47/289 [00:18<01:32,  2.61it/s] 17%|█▋        | 48/289 [00:18<01:32,  2.61it/s] 17%|█▋        | 49/289 [00:18<01:32,  2.61it/s] 17%|█▋        | 50/289 [00:19<01:31,  2.61it/s] 18%|█▊        | 51/289 [00:19<01:31,  2.61it/s] 18%|█▊        | 52/289 [00:19<01:30,  2.61it/s] 18%|█▊        | 53/289 [00:20<01:30,  2.61it/s] 19%|█▊        | 54/289 [00:20<01:30,  2.60it/s] 19%|█▉        | 55/289 [00:21<01:29,  2.61it/s] 19%|█▉        | 56/289 [00:21<01:29,  2.60it/s] 20%|█▉        | 57/289 [00:21<01:29,  2.60it/s] 20%|██        | 58/289 [00:22<01:29,  2.59it/s] 20%|██        | 59/289 [00:22<01:28,  2.60it/s] 21%|██        | 60/289 [00:22<01:27,  2.60it/s] 21%|██        | 61/289 [00:23<01:27,  2.61it/s] 21%|██▏       | 62/289 [00:23<01:26,  2.61it/s] 22%|██▏       | 63/289 [00:24<01:26,  2.61it/s] 22%|██▏       | 64/289 [00:24<01:26,  2.61it/s] 22%|██▏       | 65/289 [00:24<01:25,  2.61it/s] 23%|██▎       | 66/289 [00:25<01:25,  2.62it/s] 23%|██▎       | 67/289 [00:25<01:24,  2.61it/s] 24%|██▎       | 68/289 [00:26<01:24,  2.61it/s] 24%|██▍       | 69/289 [00:26<01:24,  2.62it/s] 24%|██▍       | 70/289 [00:26<01:23,  2.62it/s] 25%|██▍       | 71/289 [00:27<01:23,  2.62it/s] 25%|██▍       | 72/289 [00:27<01:22,  2.62it/s] 25%|██▌       | 73/289 [00:27<01:22,  2.62it/s] 26%|██▌       | 74/289 [00:28<01:22,  2.62it/s] 26%|██▌       | 75/289 [00:28<01:21,  2.62it/s] 26%|██▋       | 76/289 [00:29<01:21,  2.62it/s] 27%|██▋       | 77/289 [00:29<01:20,  2.62it/s] 27%|██▋       | 78/289 [00:29<01:20,  2.62it/s] 27%|██▋       | 79/289 [00:30<01:20,  2.62it/s] 28%|██▊       | 80/289 [00:30<01:19,  2.62it/s] 28%|██▊       | 81/289 [00:31<01:19,  2.62it/s] 28%|██▊       | 82/289 [00:31<01:18,  2.62it/s] 29%|██▊       | 83/289 [00:31<01:18,  2.61it/s] 29%|██▉       | 84/289 [00:32<01:18,  2.60it/s] 29%|██▉       | 85/289 [00:32<01:18,  2.59it/s] 30%|██▉       | 86/289 [00:32<01:17,  2.60it/s] 30%|███       | 87/289 [00:33<01:17,  2.61it/s] 30%|███       | 88/289 [00:33<01:17,  2.60it/s] 31%|███       | 89/289 [00:34<01:16,  2.61it/s] 31%|███       | 90/289 [00:34<01:16,  2.61it/s] 31%|███▏      | 91/289 [00:34<01:15,  2.61it/s] 32%|███▏      | 92/289 [00:35<01:15,  2.62it/s] 32%|███▏      | 93/289 [00:35<01:14,  2.62it/s] 33%|███▎      | 94/289 [00:35<01:14,  2.62it/s] 33%|███▎      | 95/289 [00:36<01:14,  2.62it/s] 33%|███▎      | 96/289 [00:36<01:13,  2.62it/s] 34%|███▎      | 97/289 [00:37<01:13,  2.62it/s] 34%|███▍      | 98/289 [00:37<01:12,  2.62it/s] 34%|███▍      | 99/289 [00:37<01:12,  2.62it/s] 35%|███▍      | 100/289 [00:38<01:12,  2.62it/s] 35%|███▍      | 101/289 [00:38<01:11,  2.63it/s] 35%|███▌      | 102/289 [00:39<01:11,  2.63it/s] 36%|███▌      | 103/289 [00:39<01:10,  2.62it/s] 36%|███▌      | 104/289 [00:39<01:10,  2.63it/s] 36%|███▋      | 105/289 [00:40<01:10,  2.63it/s] 37%|███▋      | 106/289 [00:40<01:09,  2.62it/s] 37%|███▋      | 107/289 [00:40<01:09,  2.62it/s] 37%|███▋      | 108/289 [00:41<01:09,  2.62it/s] 38%|███▊      | 109/289 [00:41<01:08,  2.62it/s] 38%|███▊      | 110/289 [00:42<01:08,  2.62it/s] 38%|███▊      | 111/289 [00:42<01:07,  2.62it/s] 39%|███▉      | 112/289 [00:42<01:07,  2.63it/s] 39%|███▉      | 113/289 [00:43<01:07,  2.62it/s] 39%|███▉      | 114/289 [00:43<01:06,  2.62it/s] 40%|███▉      | 115/289 [00:43<01:06,  2.63it/s] 40%|████      | 116/289 [00:44<01:05,  2.62it/s] 40%|████      | 117/289 [00:44<01:05,  2.63it/s] 41%|████      | 118/289 [00:45<01:05,  2.63it/s] 41%|████      | 119/289 [00:45<01:04,  2.63it/s] 42%|████▏     | 120/289 [00:45<01:04,  2.63it/s] 42%|████▏     | 121/289 [00:46<01:03,  2.63it/s] 42%|████▏     | 122/289 [00:46<01:03,  2.63it/s] 43%|████▎     | 123/289 [00:47<01:03,  2.63it/s] 43%|████▎     | 124/289 [00:47<01:02,  2.63it/s] 43%|████▎     | 125/289 [00:47<01:02,  2.63it/s] 44%|████▎     | 126/289 [00:48<01:01,  2.63it/s] 44%|████▍     | 127/289 [00:48<01:01,  2.62it/s] 44%|████▍     | 128/289 [00:48<01:01,  2.62it/s] 45%|████▍     | 129/289 [00:49<01:00,  2.62it/s] 45%|████▍     | 130/289 [00:49<01:00,  2.61it/s] 45%|████▌     | 131/289 [00:50<01:00,  2.61it/s] 46%|████▌     | 132/289 [00:50<00:59,  2.62it/s] 46%|████▌     | 133/289 [00:50<00:59,  2.62it/s] 46%|████▋     | 134/289 [00:51<00:59,  2.61it/s] 47%|████▋     | 135/289 [00:51<00:58,  2.61it/s] 47%|████▋     | 136/289 [00:52<00:58,  2.62it/s] 47%|████▋     | 137/289 [00:52<00:58,  2.62it/s] 48%|████▊     | 138/289 [00:52<00:57,  2.62it/s] 48%|████▊     | 139/289 [00:53<00:57,  2.62it/s] 48%|████▊     | 140/289 [00:53<00:56,  2.62it/s] 49%|████▉     | 141/289 [00:53<00:56,  2.63it/s] 49%|████▉     | 142/289 [00:54<00:56,  2.62it/s] 49%|████▉     | 143/289 [00:54<00:55,  2.62it/s] 50%|████▉     | 144/289 [00:55<00:55,  2.63it/s] 50%|█████     | 145/289 [00:55<00:54,  2.63it/s] 51%|█████     | 146/289 [00:55<00:54,  2.62it/s] 51%|█████     | 147/289 [00:56<00:54,  2.62it/s] 51%|█████     | 148/289 [00:56<00:53,  2.63it/s] 52%|█████▏    | 149/289 [00:56<00:53,  2.63it/s] 52%|█████▏    | 150/289 [00:57<00:52,  2.63it/s] 52%|█████▏    | 151/289 [00:57<00:52,  2.63it/s] 53%|█████▎    | 152/289 [00:58<00:52,  2.63it/s] 53%|█████▎    | 153/289 [00:58<00:51,  2.63it/s] 53%|█████▎    | 154/289 [00:58<00:51,  2.63it/s] 54%|█████▎    | 155/289 [00:59<00:51,  2.62it/s] 54%|█████▍    | 156/289 [00:59<00:50,  2.63it/s] 54%|█████▍    | 157/289 [01:00<00:50,  2.63it/s] 55%|█████▍    | 158/289 [01:00<00:49,  2.63it/s] 55%|█████▌    | 159/289 [01:00<00:49,  2.62it/s] 55%|█████▌    | 160/289 [01:01<00:49,  2.63it/s] 56%|█████▌    | 161/289 [01:01<00:48,  2.63it/s] 56%|█████▌    | 162/289 [01:01<00:48,  2.63it/s] 56%|█████▋    | 163/289 [01:02<00:48,  2.62it/s] 57%|█████▋    | 164/289 [01:02<00:47,  2.62it/s] 57%|█████▋    | 165/289 [01:03<00:47,  2.62it/s] 57%|█████▋    | 166/289 [01:03<00:46,  2.62it/s] 58%|█████▊    | 167/289 [01:03<00:46,  2.63it/s] 58%|█████▊    | 168/289 [01:04<00:46,  2.63it/s] 58%|█████▊    | 169/289 [01:04<00:45,  2.62it/s] 59%|█████▉    | 170/289 [01:04<00:45,  2.63it/s] 59%|█████▉    | 171/289 [01:05<00:44,  2.63it/s] 60%|█████▉    | 172/289 [01:05<00:44,  2.63it/s] 60%|█████▉    | 173/289 [01:06<00:44,  2.62it/s] 60%|██████    | 174/289 [01:06<00:43,  2.63it/s] 61%|██████    | 175/289 [01:06<00:43,  2.63it/s] 61%|██████    | 176/289 [01:07<00:42,  2.63it/s] 61%|██████    | 177/289 [01:07<00:42,  2.63it/s] 62%|██████▏   | 178/289 [01:08<00:42,  2.63it/s] 62%|██████▏   | 179/289 [01:08<00:41,  2.63it/s] 62%|██████▏   | 180/289 [01:08<00:41,  2.63it/s] 63%|██████▎   | 181/289 [01:09<00:41,  2.63it/s] 63%|██████▎   | 182/289 [01:09<00:40,  2.62it/s] 63%|██████▎   | 183/289 [01:09<00:40,  2.62it/s] 64%|██████▎   | 184/289 [01:10<00:39,  2.63it/s] 64%|██████▍   | 185/289 [01:10<00:39,  2.63it/s] 64%|██████▍   | 186/289 [01:11<00:39,  2.62it/s] 65%|██████▍   | 187/289 [01:11<00:38,  2.62it/s] 65%|██████▌   | 188/289 [01:11<00:38,  2.62it/s] 65%|██████▌   | 189/289 [01:12<00:38,  2.62it/s] 66%|██████▌   | 190/289 [01:12<00:37,  2.62it/s] 66%|██████▌   | 191/289 [01:12<00:37,  2.61it/s] 66%|██████▋   | 192/289 [01:13<00:37,  2.61it/s] 67%|██████▋   | 193/289 [01:13<00:36,  2.62it/s] 67%|██████▋   | 194/289 [01:14<00:36,  2.62it/s] 67%|██████▋   | 195/289 [01:14<00:35,  2.62it/s] 68%|██████▊   | 196/289 [01:14<00:35,  2.61it/s] 68%|██████▊   | 197/289 [01:15<00:35,  2.61it/s] 69%|██████▊   | 198/289 [01:15<00:34,  2.62it/s] 69%|██████▉   | 199/289 [01:16<00:34,  2.62it/s] 69%|██████▉   | 200/289 [01:16<00:33,  2.63it/s] 70%|██████▉   | 201/289 [01:16<00:33,  2.62it/s] 70%|██████▉   | 202/289 [01:17<00:33,  2.62it/s] 70%|███████   | 203/289 [01:17<00:32,  2.62it/s] 71%|███████   | 204/289 [01:17<00:32,  2.63it/s] 71%|███████   | 205/289 [01:18<00:32,  2.62it/s] 71%|███████▏  | 206/289 [01:18<00:31,  2.62it/s] 72%|███████▏  | 207/289 [01:19<00:31,  2.63it/s] 72%|███████▏  | 208/289 [01:19<00:30,  2.63it/s] 72%|███████▏  | 209/289 [01:19<00:30,  2.63it/s] 73%|███████▎  | 210/289 [01:20<00:30,  2.62it/s] 73%|███████▎  | 211/289 [01:20<00:29,  2.62it/s] 73%|███████▎  | 212/289 [01:20<00:29,  2.62it/s] 74%|███████▎  | 213/289 [01:21<00:28,  2.62it/s] 74%|███████▍  | 214/289 [01:21<00:28,  2.62it/s] 74%|███████▍  | 215/289 [01:22<00:28,  2.63it/s] 75%|███████▍  | 216/289 [01:22<00:27,  2.63it/s] 75%|███████▌  | 217/289 [01:22<00:27,  2.63it/s] 75%|███████▌  | 218/289 [01:23<00:27,  2.63it/s] 76%|███████▌  | 219/289 [01:23<00:26,  2.63it/s] 76%|███████▌  | 220/289 [01:24<00:26,  2.63it/s] 76%|███████▋  | 221/289 [01:24<00:25,  2.63it/s] 77%|███████▋  | 222/289 [01:24<00:25,  2.63it/s] 77%|███████▋  | 223/289 [01:25<00:25,  2.63it/s] 78%|███████▊  | 224/289 [01:25<00:24,  2.63it/s] 78%|███████▊  | 225/289 [01:25<00:24,  2.63it/s] 78%|███████▊  | 226/289 [01:26<00:23,  2.63it/s] 79%|███████▊  | 227/289 [01:26<00:23,  2.62it/s] 79%|███████▉  | 228/289 [01:27<00:23,  2.63it/s] 79%|███████▉  | 229/289 [01:27<00:22,  2.63it/s] 80%|███████▉  | 230/289 [01:27<00:22,  2.63it/s] 80%|███████▉  | 231/289 [01:28<00:22,  2.63it/s] 80%|████████  | 232/289 [01:28<00:21,  2.63it/s] 81%|████████  | 233/289 [01:28<00:21,  2.63it/s] 81%|████████  | 234/289 [01:29<00:20,  2.63it/s] 81%|████████▏ | 235/289 [01:29<00:20,  2.63it/s] 82%|████████▏ | 236/289 [01:30<00:20,  2.62it/s] 82%|████████▏ | 237/289 [01:30<00:19,  2.63it/s] 82%|████████▏ | 238/289 [01:30<00:19,  2.60it/s] 83%|████████▎ | 239/289 [01:31<00:19,  2.60it/s] 83%|████████▎ | 240/289 [01:31<00:18,  2.61it/s] 83%|████████▎ | 241/289 [01:32<00:18,  2.61it/s] 84%|████████▎ | 242/289 [01:32<00:18,  2.59it/s] 84%|████████▍ | 243/289 [01:32<00:17,  2.59it/s] 84%|████████▍ | 244/289 [01:33<00:17,  2.60it/s] 85%|████████▍ | 245/289 [01:33<00:16,  2.61it/s] 85%|████████▌ | 246/289 [01:33<00:16,  2.61it/s] 85%|████████▌ | 247/289 [01:34<00:16,  2.62it/s] 86%|████████▌ | 248/289 [01:34<00:15,  2.62it/s] 86%|████████▌ | 249/289 [01:35<00:15,  2.62it/s] 87%|████████▋ | 250/289 [01:35<00:14,  2.61it/s] 87%|████████▋ | 251/289 [01:35<00:14,  2.62it/s] 87%|████████▋ | 252/289 [01:36<00:14,  2.62it/s] 88%|████████▊ | 253/289 [01:36<00:13,  2.62it/s] 88%|████████▊ | 254/289 [01:37<00:13,  2.61it/s] 88%|████████▊ | 255/289 [01:37<00:12,  2.62it/s] 89%|████████▊ | 256/289 [01:37<00:12,  2.62it/s] 89%|████████▉ | 257/289 [01:38<00:12,  2.62it/s] 89%|████████▉ | 258/289 [01:38<00:11,  2.63it/s] 90%|████████▉ | 259/289 [01:38<00:11,  2.61it/s] 90%|████████▉ | 260/289 [01:39<00:11,  2.61it/s] 90%|█████████ | 261/289 [01:39<00:10,  2.62it/s] 91%|█████████ | 262/289 [01:40<00:10,  2.62it/s] 91%|█████████ | 263/289 [01:40<00:09,  2.62it/s] 91%|█████████▏| 264/289 [01:40<00:09,  2.62it/s] 92%|█████████▏| 265/289 [01:41<00:09,  2.62it/s] 92%|█████████▏| 266/289 [01:41<00:08,  2.63it/s] 92%|█████████▏| 267/289 [01:41<00:08,  2.62it/s] 93%|█████████▎| 268/289 [01:42<00:07,  2.63it/s] 93%|█████████▎| 269/289 [01:42<00:07,  2.62it/s] 93%|█████████▎| 270/289 [01:43<00:07,  2.62it/s] 94%|█████████▍| 271/289 [01:43<00:06,  2.62it/s] 94%|█████████▍| 272/289 [01:43<00:06,  2.63it/s] 94%|█████████▍| 273/289 [01:44<00:06,  2.62it/s] 95%|█████████▍| 274/289 [01:44<00:05,  2.62it/s] 95%|█████████▌| 275/289 [01:45<00:05,  2.62it/s] 96%|█████████▌| 276/289 [01:45<00:04,  2.63it/s] 96%|█████████▌| 277/289 [01:45<00:04,  2.62it/s] 96%|█████████▌| 278/289 [01:46<00:04,  2.63it/s] 97%|█████████▋| 279/289 [01:46<00:03,  2.63it/s] 97%|█████████▋| 280/289 [01:46<00:03,  2.63it/s] 97%|█████████▋| 281/289 [01:47<00:03,  2.63it/s] 98%|█████████▊| 282/289 [01:47<00:02,  2.62it/s] 98%|█████████▊| 283/289 [01:48<00:02,  2.63it/s] 98%|█████████▊| 284/289 [01:48<00:01,  2.63it/s] 99%|█████████▊| 285/289 [01:48<00:01,  2.63it/s] 99%|█████████▉| 286/289 [01:49<00:01,  2.62it/s] 99%|█████████▉| 287/289 [01:49<00:00,  2.63it/s]100%|█████████▉| 288/289 [01:49<00:00,  2.63it/s]100%|█████████▉| 288/289 [01:50<00:00,  2.61it/s]
[11/28 16:57:47 TiTok-Gen]: Data (t): 0.4149, 41.98/s/gpu Batch (t): 1.5246 LR: 0.000010 Step: 1050 Total Loss: 0.5160 Diff Loss: 0.5160 
[11/28 16:59:06 TiTok-Gen]: Data (t): 0.2473, 41.29/s/gpu Batch (t): 1.5498 LR: 0.000011 Step: 1100 Total Loss: 0.5149 Diff Loss: 0.5149 
[11/28 17:00:26 TiTok-Gen]: Data (t): 0.2522, 39.52/s/gpu Batch (t): 1.6193 LR: 0.000012 Step: 1150 Total Loss: 0.5109 Diff Loss: 0.5109 
[11/28 17:01:45 TiTok-Gen]: Data (t): 0.2491, 40.66/s/gpu Batch (t): 1.5742 LR: 0.000012 Step: 1200 Total Loss: 0.5182 Diff Loss: 0.5182 
[11/28 17:03:04 TiTok-Gen]: Data (t): 0.2519, 47.73/s/gpu Batch (t): 1.3409 LR: 0.000013 Step: 1250 Total Loss: 0.5087 Diff Loss: 0.5087 
[11/28 17:03:38 TiTok-Gen]: Epoch 2/1597 started.
[11/28 17:04:42 TiTok-Gen]: Data (t): 0.2462, 39.78/s/gpu Batch (t): 1.6089 LR: 0.000013 Step: 1300 Total Loss: 0.5082 Diff Loss: 0.5082 
[11/28 17:06:01 TiTok-Gen]: Data (t): 0.2723, 39.66/s/gpu Batch (t): 1.6137 LR: 0.000014 Step: 1350 Total Loss: 0.5067 Diff Loss: 0.5067 
[11/28 17:07:20 TiTok-Gen]: Data (t): 0.2701, 41.14/s/gpu Batch (t): 1.5556 LR: 0.000014 Step: 1400 Total Loss: 0.5070 Diff Loss: 0.5070 
[11/28 17:08:39 TiTok-Gen]: Data (t): 0.2478, 46.47/s/gpu Batch (t): 1.3774 LR: 0.000015 Step: 1450 Total Loss: 0.5058 Diff Loss: 0.5058 
[11/28 17:09:57 TiTok-Gen]: Data (t): 0.2478, 40.97/s/gpu Batch (t): 1.5620 LR: 0.000015 Step: 1500 Total Loss: 0.5051 Diff Loss: 0.5051 
[11/28 17:11:16 TiTok-Gen]: Data (t): 0.2546, 40.91/s/gpu Batch (t): 1.5643 LR: 0.000016 Step: 1550 Total Loss: 0.5034 Diff Loss: 0.5034 
[11/28 17:12:35 TiTok-Gen]: Data (t): 0.2507, 40.39/s/gpu Batch (t): 1.5847 LR: 0.000016 Step: 1600 Total Loss: 0.5031 Diff Loss: 0.5031 
[11/28 17:13:54 TiTok-Gen]: Data (t): 0.2660, 46.22/s/gpu Batch (t): 1.3846 LR: 0.000017 Step: 1650 Total Loss: 0.5011 Diff Loss: 0.5011 
[11/28 17:15:13 TiTok-Gen]: Data (t): 0.2725, 40.45/s/gpu Batch (t): 1.5822 LR: 0.000017 Step: 1700 Total Loss: 0.4999 Diff Loss: 0.4999 
[11/28 17:16:31 TiTok-Gen]: Data (t): 0.2463, 40.35/s/gpu Batch (t): 1.5860 LR: 0.000017 Step: 1750 Total Loss: 0.4986 Diff Loss: 0.4986 
[11/28 17:17:51 TiTok-Gen]: Data (t): 0.2454, 45.17/s/gpu Batch (t): 1.4169 LR: 0.000018 Step: 1800 Total Loss: 0.4986 Diff Loss: 0.4986 
[11/28 17:19:09 TiTok-Gen]: Data (t): 0.2653, 40.69/s/gpu Batch (t): 1.5727 LR: 0.000018 Step: 1850 Total Loss: 0.4985 Diff Loss: 0.4985 
[11/28 17:20:28 TiTok-Gen]: Data (t): 0.2455, 41.57/s/gpu Batch (t): 1.5395 LR: 0.000019 Step: 1900 Total Loss: 0.4967 Diff Loss: 0.4967 
[11/28 17:20:40 TiTok-Gen]: Epoch 3/1597 started.
[11/28 17:22:06 TiTok-Gen]: Data (t): 0.4191, 41.19/s/gpu Batch (t): 1.5536 LR: 0.000020 Step: 1950 Total Loss: 0.4963 Diff Loss: 0.4963 
[11/28 17:23:26 TiTok-Gen]: Data (t): 0.4400, 35.99/s/gpu Batch (t): 1.7785 LR: 0.000020 Step: 2000 Total Loss: 0.4937 Diff Loss: 0.4937 
[11/28 17:23:27 TiTok-Gen]: Generating images...
  0%|          | 0/289 [00:00<?, ?it/s]  0%|          | 1/289 [00:00<01:48,  2.66it/s]  1%|          | 2/289 [00:00<01:49,  2.61it/s]  1%|          | 3/289 [00:01<01:49,  2.60it/s]  1%|▏         | 4/289 [00:01<01:49,  2.60it/s]  2%|▏         | 5/289 [00:01<01:49,  2.60it/s]  2%|▏         | 6/289 [00:02<01:48,  2.60it/s]  2%|▏         | 7/289 [00:02<01:48,  2.60it/s]  3%|▎         | 8/289 [00:03<01:48,  2.60it/s]  3%|▎         | 9/289 [00:03<01:47,  2.60it/s]  3%|▎         | 10/289 [00:03<01:47,  2.60it/s]  4%|▍         | 11/289 [00:04<01:47,  2.59it/s]  4%|▍         | 12/289 [00:04<01:46,  2.59it/s]  4%|▍         | 13/289 [00:05<01:46,  2.59it/s]  5%|▍         | 14/289 [00:05<01:45,  2.60it/s]  5%|▌         | 15/289 [00:05<01:45,  2.59it/s]  6%|▌         | 16/289 [00:06<01:45,  2.60it/s]  6%|▌         | 17/289 [00:06<01:44,  2.59it/s]  6%|▌         | 18/289 [00:06<01:44,  2.59it/s]  7%|▋         | 19/289 [00:07<01:44,  2.59it/s]  7%|▋         | 20/289 [00:07<01:43,  2.59it/s]  7%|▋         | 21/289 [00:08<01:43,  2.60it/s]  8%|▊         | 22/289 [00:08<01:42,  2.59it/s]  8%|▊         | 23/289 [00:08<01:42,  2.60it/s]  8%|▊         | 24/289 [00:09<01:41,  2.60it/s]  9%|▊         | 25/289 [00:09<01:41,  2.60it/s]  9%|▉         | 26/289 [00:10<01:41,  2.60it/s]  9%|▉         | 27/289 [00:10<01:40,  2.60it/s] 10%|▉         | 28/289 [00:10<01:40,  2.60it/s] 10%|█         | 29/289 [00:11<01:39,  2.60it/s] 10%|█         | 30/289 [00:11<01:39,  2.59it/s] 11%|█         | 31/289 [00:11<01:39,  2.59it/s] 11%|█         | 32/289 [00:12<01:38,  2.60it/s] 11%|█▏        | 33/289 [00:12<01:38,  2.60it/s] 12%|█▏        | 34/289 [00:13<01:38,  2.60it/s] 12%|█▏        | 35/289 [00:13<01:37,  2.60it/s] 12%|█▏        | 36/289 [00:13<01:37,  2.60it/s] 13%|█▎        | 37/289 [00:14<01:37,  2.59it/s] 13%|█▎        | 38/289 [00:14<01:36,  2.59it/s] 13%|█▎        | 39/289 [00:15<01:36,  2.60it/s] 14%|█▍        | 40/289 [00:15<01:35,  2.60it/s] 14%|█▍        | 41/289 [00:15<01:35,  2.59it/s] 15%|█▍        | 42/289 [00:16<01:35,  2.60it/s] 15%|█▍        | 43/289 [00:16<01:34,  2.59it/s] 15%|█▌        | 44/289 [00:16<01:34,  2.59it/s] 16%|█▌        | 45/289 [00:17<01:33,  2.60it/s] 16%|█▌        | 46/289 [00:17<01:33,  2.60it/s] 16%|█▋        | 47/289 [00:18<01:33,  2.60it/s] 17%|█▋        | 48/289 [00:18<01:32,  2.60it/s] 17%|█▋        | 49/289 [00:18<01:32,  2.60it/s] 17%|█▋        | 50/289 [00:19<01:31,  2.60it/s] 18%|█▊        | 51/289 [00:19<01:31,  2.60it/s] 18%|█▊        | 52/289 [00:20<01:31,  2.60it/s] 18%|█▊        | 53/289 [00:20<01:30,  2.60it/s] 19%|█▊        | 54/289 [00:20<01:30,  2.60it/s] 19%|█▉        | 55/289 [00:21<01:29,  2.60it/s] 19%|█▉        | 56/289 [00:21<01:29,  2.60it/s] 20%|█▉        | 57/289 [00:21<01:29,  2.60it/s] 20%|██        | 58/289 [00:22<01:28,  2.61it/s] 20%|██        | 59/289 [00:22<01:28,  2.60it/s] 21%|██        | 60/289 [00:23<01:27,  2.60it/s] 21%|██        | 61/289 [00:23<01:27,  2.60it/s] 21%|██▏       | 62/289 [00:23<01:27,  2.60it/s] 22%|██▏       | 63/289 [00:24<01:26,  2.60it/s] 22%|██▏       | 64/289 [00:24<01:26,  2.60it/s] 22%|██▏       | 65/289 [00:25<01:25,  2.61it/s] 23%|██▎       | 66/289 [00:25<01:25,  2.61it/s] 23%|██▎       | 67/289 [00:25<01:25,  2.60it/s] 24%|██▎       | 68/289 [00:26<01:24,  2.61it/s] 24%|██▍       | 69/289 [00:26<01:24,  2.61it/s] 24%|██▍       | 70/289 [00:26<01:24,  2.60it/s] 25%|██▍       | 71/289 [00:27<01:23,  2.60it/s] 25%|██▍       | 72/289 [00:27<01:23,  2.61it/s] 25%|██▌       | 73/289 [00:28<01:23,  2.59it/s] 26%|██▌       | 74/289 [00:28<01:22,  2.60it/s] 26%|██▌       | 75/289 [00:28<01:22,  2.60it/s] 26%|██▋       | 76/289 [00:29<01:22,  2.59it/s] 27%|██▋       | 77/289 [00:29<01:21,  2.59it/s] 27%|██▋       | 78/289 [00:30<01:21,  2.60it/s] 27%|██▋       | 79/289 [00:30<01:20,  2.60it/s] 28%|██▊       | 80/289 [00:30<01:20,  2.60it/s] 28%|██▊       | 81/289 [00:31<01:19,  2.60it/s] 28%|██▊       | 82/289 [00:31<01:19,  2.60it/s] 29%|██▊       | 83/289 [00:31<01:19,  2.60it/s] 29%|██▉       | 84/289 [00:32<01:18,  2.60it/s] 29%|██▉       | 85/289 [00:32<01:18,  2.60it/s] 30%|██▉       | 86/289 [00:33<01:18,  2.60it/s] 30%|███       | 87/289 [00:33<01:17,  2.60it/s] 30%|███       | 88/289 [00:33<01:17,  2.60it/s] 31%|███       | 89/289 [00:34<01:16,  2.60it/s] 31%|███       | 90/289 [00:34<01:16,  2.60it/s] 31%|███▏      | 91/289 [00:35<01:16,  2.60it/s] 32%|███▏      | 92/289 [00:35<01:15,  2.60it/s] 32%|███▏      | 93/289 [00:35<01:15,  2.60it/s] 33%|███▎      | 94/289 [00:36<01:14,  2.60it/s] 33%|███▎      | 95/289 [00:36<01:14,  2.60it/s] 33%|███▎      | 96/289 [00:36<01:14,  2.61it/s] 34%|███▎      | 97/289 [00:37<01:13,  2.60it/s] 34%|███▍      | 98/289 [00:37<01:13,  2.60it/s] 34%|███▍      | 99/289 [00:38<01:12,  2.60it/s] 35%|███▍      | 100/289 [00:38<01:12,  2.61it/s] 35%|███▍      | 101/289 [00:38<01:12,  2.61it/s] 35%|███▌      | 102/289 [00:39<01:11,  2.60it/s] 36%|███▌      | 103/289 [00:39<01:11,  2.60it/s] 36%|███▌      | 104/289 [00:40<01:10,  2.61it/s] 36%|███▋      | 105/289 [00:40<01:10,  2.60it/s] 37%|███▋      | 106/289 [00:40<01:10,  2.60it/s] 37%|███▋      | 107/289 [00:41<01:09,  2.60it/s] 37%|███▋      | 108/289 [00:41<01:09,  2.59it/s] 38%|███▊      | 109/289 [00:41<01:09,  2.60it/s] 38%|███▊      | 110/289 [00:42<01:08,  2.60it/s] 38%|███▊      | 111/289 [00:42<01:08,  2.60it/s] 39%|███▉      | 112/289 [00:43<01:08,  2.60it/s] 39%|███▉      | 113/289 [00:43<01:07,  2.60it/s] 39%|███▉      | 114/289 [00:43<01:07,  2.60it/s] 40%|███▉      | 115/289 [00:44<01:06,  2.60it/s] 40%|████      | 116/289 [00:44<01:06,  2.60it/s] 40%|████      | 117/289 [00:45<01:06,  2.60it/s] 41%|████      | 118/289 [00:45<01:05,  2.60it/s] 41%|████      | 119/289 [00:45<01:05,  2.60it/s] 42%|████▏     | 120/289 [00:46<01:04,  2.60it/s] 42%|████▏     | 121/289 [00:46<01:04,  2.60it/s] 42%|████▏     | 122/289 [00:46<01:04,  2.60it/s] 43%|████▎     | 123/289 [00:47<01:03,  2.60it/s] 43%|████▎     | 124/289 [00:47<01:03,  2.61it/s] 43%|████▎     | 125/289 [00:48<01:02,  2.61it/s] 44%|████▎     | 126/289 [00:48<01:02,  2.61it/s] 44%|████▍     | 127/289 [00:48<01:02,  2.61it/s] 44%|████▍     | 128/289 [00:49<01:01,  2.60it/s] 45%|████▍     | 129/289 [00:49<01:01,  2.60it/s] 45%|████▍     | 130/289 [00:50<01:01,  2.60it/s] 45%|████▌     | 131/289 [00:50<01:00,  2.60it/s] 46%|████▌     | 132/289 [00:50<01:00,  2.60it/s] 46%|████▌     | 133/289 [00:51<01:00,  2.59it/s] 46%|████▋     | 134/289 [00:51<00:59,  2.60it/s] 47%|████▋     | 135/289 [00:51<00:59,  2.60it/s] 47%|████▋     | 136/289 [00:52<00:58,  2.60it/s] 47%|████▋     | 137/289 [00:52<00:58,  2.60it/s] 48%|████▊     | 138/289 [00:53<00:58,  2.59it/s] 48%|████▊     | 139/289 [00:53<00:57,  2.59it/s] 48%|████▊     | 140/289 [00:53<00:57,  2.60it/s] 49%|████▉     | 141/289 [00:54<00:56,  2.60it/s] 49%|████▉     | 142/289 [00:54<00:56,  2.60it/s] 49%|████▉     | 143/289 [00:55<00:56,  2.60it/s] 50%|████▉     | 144/289 [00:55<00:55,  2.61it/s] 50%|█████     | 145/289 [00:55<00:55,  2.60it/s] 51%|█████     | 146/289 [00:56<00:54,  2.61it/s] 51%|█████     | 147/289 [00:56<00:54,  2.60it/s] 51%|█████     | 148/289 [00:56<00:54,  2.60it/s] 52%|█████▏    | 149/289 [00:57<00:53,  2.60it/s] 52%|█████▏    | 150/289 [00:57<00:53,  2.60it/s] 52%|█████▏    | 151/289 [00:58<00:53,  2.60it/s] 53%|█████▎    | 152/289 [00:58<00:52,  2.60it/s] 53%|█████▎    | 153/289 [00:58<00:52,  2.60it/s] 53%|█████▎    | 154/289 [00:59<00:51,  2.60it/s] 54%|█████▎    | 155/289 [00:59<00:51,  2.60it/s] 54%|█████▍    | 156/289 [00:59<00:51,  2.60it/s] 54%|█████▍    | 157/289 [01:00<00:50,  2.60it/s] 55%|█████▍    | 158/289 [01:00<00:50,  2.60it/s] 55%|█████▌    | 159/289 [01:01<00:49,  2.61it/s] 55%|█████▌    | 160/289 [01:01<00:49,  2.61it/s] 56%|█████▌    | 161/289 [01:01<00:49,  2.61it/s] 56%|█████▌    | 162/289 [01:02<00:48,  2.60it/s] 56%|█████▋    | 163/289 [01:02<00:48,  2.60it/s] 57%|█████▋    | 164/289 [01:03<00:47,  2.61it/s] 57%|█████▋    | 165/289 [01:03<00:47,  2.60it/s] 57%|█████▋    | 166/289 [01:03<00:47,  2.60it/s] 58%|█████▊    | 167/289 [01:04<00:46,  2.60it/s] 58%|█████▊    | 168/289 [01:04<00:46,  2.60it/s] 58%|█████▊    | 169/289 [01:04<00:46,  2.60it/s] 59%|█████▉    | 170/289 [01:05<00:45,  2.61it/s] 59%|█████▉    | 171/289 [01:05<00:45,  2.61it/s] 60%|█████▉    | 172/289 [01:06<00:44,  2.60it/s] 60%|█████▉    | 173/289 [01:06<00:44,  2.60it/s] 60%|██████    | 174/289 [01:06<00:44,  2.60it/s] 61%|██████    | 175/289 [01:07<00:43,  2.60it/s] 61%|██████    | 176/289 [01:07<00:43,  2.61it/s] 61%|██████    | 177/289 [01:08<00:43,  2.60it/s] 62%|██████▏   | 178/289 [01:08<00:42,  2.60it/s] 62%|██████▏   | 179/289 [01:08<00:42,  2.60it/s] 62%|██████▏   | 180/289 [01:09<00:41,  2.60it/s] 63%|██████▎   | 181/289 [01:09<00:41,  2.61it/s] 63%|██████▎   | 182/289 [01:09<00:41,  2.60it/s] 63%|██████▎   | 183/289 [01:10<00:40,  2.60it/s] 64%|██████▎   | 184/289 [01:10<00:40,  2.61it/s] 64%|██████▍   | 185/289 [01:11<00:39,  2.60it/s] 64%|██████▍   | 186/289 [01:11<00:39,  2.60it/s] 65%|██████▍   | 187/289 [01:11<00:39,  2.56it/s] 65%|██████▌   | 188/289 [01:12<00:39,  2.57it/s] 65%|██████▌   | 189/289 [01:12<00:38,  2.58it/s] 66%|██████▌   | 190/289 [01:13<00:38,  2.59it/s] 66%|██████▌   | 191/289 [01:13<00:37,  2.59it/s] 66%|██████▋   | 192/289 [01:13<00:37,  2.60it/s] 67%|██████▋   | 193/289 [01:14<00:36,  2.60it/s] 67%|██████▋   | 194/289 [01:14<00:36,  2.60it/s] 67%|██████▋   | 195/289 [01:14<00:36,  2.60it/s] 68%|██████▊   | 196/289 [01:15<00:35,  2.60it/s] 68%|██████▊   | 197/289 [01:15<00:35,  2.60it/s] 69%|██████▊   | 198/289 [01:16<00:34,  2.60it/s] 69%|██████▉   | 199/289 [01:16<00:34,  2.60it/s] 69%|██████▉   | 200/289 [01:16<00:34,  2.60it/s] 70%|██████▉   | 201/289 [01:17<00:33,  2.60it/s] 70%|██████▉   | 202/289 [01:17<00:33,  2.61it/s] 70%|███████   | 203/289 [01:18<00:33,  2.61it/s] 71%|███████   | 204/289 [01:18<00:32,  2.61it/s] 71%|███████   | 205/289 [01:18<00:32,  2.61it/s] 71%|███████▏  | 206/289 [01:19<00:31,  2.59it/s] 72%|███████▏  | 207/289 [01:19<00:31,  2.60it/s] 72%|███████▏  | 208/289 [01:19<00:31,  2.60it/s] 72%|███████▏  | 209/289 [01:20<00:30,  2.61it/s] 73%|███████▎  | 210/289 [01:20<00:30,  2.61it/s] 73%|███████▎  | 211/289 [01:21<00:29,  2.61it/s] 73%|███████▎  | 212/289 [01:21<00:29,  2.59it/s] 74%|███████▎  | 213/289 [01:21<00:29,  2.60it/s] 74%|███████▍  | 214/289 [01:22<00:28,  2.60it/s] 74%|███████▍  | 215/289 [01:22<00:28,  2.60it/s] 75%|███████▍  | 216/289 [01:23<00:28,  2.60it/s] 75%|███████▌  | 217/289 [01:23<00:27,  2.60it/s] 75%|███████▌  | 218/289 [01:23<00:27,  2.60it/s] 76%|███████▌  | 219/289 [01:24<00:26,  2.60it/s] 76%|███████▌  | 220/289 [01:24<00:26,  2.60it/s] 76%|███████▋  | 221/289 [01:24<00:26,  2.60it/s] 77%|███████▋  | 222/289 [01:25<00:25,  2.60it/s] 77%|███████▋  | 223/289 [01:25<00:25,  2.60it/s] 78%|███████▊  | 224/289 [01:26<00:24,  2.61it/s] 78%|███████▊  | 225/289 [01:26<00:24,  2.61it/s] 78%|███████▊  | 226/289 [01:26<00:24,  2.61it/s] 79%|███████▊  | 227/289 [01:27<00:23,  2.60it/s] 79%|███████▉  | 228/289 [01:27<00:23,  2.60it/s] 79%|███████▉  | 229/289 [01:28<00:23,  2.61it/s] 80%|███████▉  | 230/289 [01:28<00:22,  2.61it/s] 80%|███████▉  | 231/289 [01:28<00:22,  2.61it/s] 80%|████████  | 232/289 [01:29<00:21,  2.61it/s] 81%|████████  | 233/289 [01:29<00:21,  2.61it/s] 81%|████████  | 234/289 [01:29<00:21,  2.61it/s] 81%|████████▏ | 235/289 [01:30<00:20,  2.61it/s] 82%|████████▏ | 236/289 [01:30<00:20,  2.61it/s] 82%|████████▏ | 237/289 [01:31<00:19,  2.60it/s] 82%|████████▏ | 238/289 [01:31<00:19,  2.60it/s] 83%|████████▎ | 239/289 [01:31<00:19,  2.60it/s] 83%|████████▎ | 240/289 [01:32<00:18,  2.61it/s] 83%|████████▎ | 241/289 [01:32<00:18,  2.60it/s] 84%|████████▎ | 242/289 [01:33<00:18,  2.60it/s] 84%|████████▍ | 243/289 [01:33<00:17,  2.60it/s] 84%|████████▍ | 244/289 [01:33<00:17,  2.60it/s] 85%|████████▍ | 245/289 [01:34<00:16,  2.61it/s] 85%|████████▌ | 246/289 [01:34<00:16,  2.61it/s] 85%|████████▌ | 247/289 [01:34<00:16,  2.60it/s] 86%|████████▌ | 248/289 [01:35<00:15,  2.60it/s] 86%|████████▌ | 249/289 [01:35<00:15,  2.60it/s] 87%|████████▋ | 250/289 [01:36<00:14,  2.61it/s] 87%|████████▋ | 251/289 [01:36<00:14,  2.61it/s] 87%|████████▋ | 252/289 [01:36<00:14,  2.60it/s] 88%|████████▊ | 253/289 [01:37<00:13,  2.60it/s] 88%|████████▊ | 254/289 [01:37<00:13,  2.61it/s] 88%|████████▊ | 255/289 [01:38<00:13,  2.61it/s] 89%|████████▊ | 256/289 [01:38<00:12,  2.61it/s] 89%|████████▉ | 257/289 [01:38<00:12,  2.60it/s] 89%|████████▉ | 258/289 [01:39<00:11,  2.60it/s] 90%|████████▉ | 259/289 [01:39<00:11,  2.61it/s] 90%|████████▉ | 260/289 [01:39<00:11,  2.61it/s] 90%|█████████ | 261/289 [01:40<00:10,  2.61it/s] 91%|█████████ | 262/289 [01:40<00:10,  2.60it/s] 91%|█████████ | 263/289 [01:41<00:09,  2.60it/s] 91%|█████████▏| 264/289 [01:41<00:09,  2.61it/s] 92%|█████████▏| 265/289 [01:41<00:09,  2.60it/s] 92%|█████████▏| 266/289 [01:42<00:08,  2.60it/s] 92%|█████████▏| 267/289 [01:42<00:08,  2.60it/s] 93%|█████████▎| 268/289 [01:43<00:08,  2.60it/s] 93%|█████████▎| 269/289 [01:43<00:07,  2.61it/s] 93%|█████████▎| 270/289 [01:43<00:07,  2.61it/s] 94%|█████████▍| 271/289 [01:44<00:06,  2.61it/s] 94%|█████████▍| 272/289 [01:44<00:06,  2.61it/s] 94%|█████████▍| 273/289 [01:44<00:06,  2.61it/s] 95%|█████████▍| 274/289 [01:45<00:05,  2.61it/s] 95%|█████████▌| 275/289 [01:45<00:05,  2.61it/s] 96%|█████████▌| 276/289 [01:46<00:04,  2.61it/s] 96%|█████████▌| 277/289 [01:46<00:04,  2.60it/s] 96%|█████████▌| 278/289 [01:46<00:04,  2.61it/s] 97%|█████████▋| 279/289 [01:47<00:03,  2.61it/s] 97%|█████████▋| 280/289 [01:47<00:03,  2.61it/s] 97%|█████████▋| 281/289 [01:48<00:03,  2.61it/s] 98%|█████████▊| 282/289 [01:48<00:02,  2.60it/s] 98%|█████████▊| 283/289 [01:48<00:02,  2.60it/s] 98%|█████████▊| 284/289 [01:49<00:01,  2.60it/s] 99%|█████████▊| 285/289 [01:49<00:01,  2.60it/s] 99%|█████████▉| 286/289 [01:49<00:01,  2.60it/s] 99%|█████████▉| 287/289 [01:50<00:00,  2.59it/s]100%|█████████▉| 288/289 [01:50<00:00,  2.59it/s]100%|█████████▉| 288/289 [01:51<00:00,  2.59it/s]
[11/28 17:26:37 TiTok-Gen]: Data (t): 0.2457, 44.71/s/gpu Batch (t): 1.4315 LR: 0.000021 Step: 2050 Total Loss: 0.4938 Diff Loss: 0.4938 
[11/28 17:27:57 TiTok-Gen]: Data (t): 0.3226, 40.78/s/gpu Batch (t): 1.5694 LR: 0.000021 Step: 2100 Total Loss: 0.4926 Diff Loss: 0.4926 
[11/28 17:29:15 TiTok-Gen]: Data (t): 0.2520, 40.33/s/gpu Batch (t): 1.5870 LR: 0.000022 Step: 2150 Total Loss: 0.4918 Diff Loss: 0.4918 
[11/28 17:30:35 TiTok-Gen]: Data (t): 0.3220, 39.96/s/gpu Batch (t): 1.6015 LR: 0.000022 Step: 2200 Total Loss: 0.4883 Diff Loss: 0.4883 
[11/28 17:31:55 TiTok-Gen]: Data (t): 0.2461, 40.64/s/gpu Batch (t): 1.5748 LR: 0.000023 Step: 2250 Total Loss: 0.4883 Diff Loss: 0.4883 
[11/28 17:33:14 TiTok-Gen]: Data (t): 0.2468, 40.06/s/gpu Batch (t): 1.5977 LR: 0.000023 Step: 2300 Total Loss: 0.4864 Diff Loss: 0.4864 
[11/28 17:34:33 TiTok-Gen]: Data (t): 0.2503, 40.60/s/gpu Batch (t): 1.5764 LR: 0.000023 Step: 2350 Total Loss: 0.4851 Diff Loss: 0.4851 
[11/28 17:35:54 TiTok-Gen]: Data (t): 0.2496, 42.64/s/gpu Batch (t): 1.5008 LR: 0.000024 Step: 2400 Total Loss: 0.4835 Diff Loss: 0.4835 
[11/28 17:37:16 TiTok-Gen]: Data (t): 0.2530, 39.15/s/gpu Batch (t): 1.6347 LR: 0.000024 Step: 2450 Total Loss: 0.4827 Diff Loss: 0.4827 
[11/28 17:38:38 TiTok-Gen]: Data (t): 0.2510, 39.02/s/gpu Batch (t): 1.6400 LR: 0.000025 Step: 2500 Total Loss: 0.4806 Diff Loss: 0.4806 
[11/28 17:39:49 TiTok-Gen]: Epoch 4/1597 started.
[11/28 17:40:18 TiTok-Gen]: Data (t): 0.2468, 40.84/s/gpu Batch (t): 1.5673 LR: 0.000026 Step: 2550 Total Loss: 0.4798 Diff Loss: 0.4798 
[11/28 17:41:41 TiTok-Gen]: Data (t): 0.4257, 38.04/s/gpu Batch (t): 1.6824 LR: 0.000026 Step: 2600 Total Loss: 0.4781 Diff Loss: 0.4781 
[11/28 17:43:04 TiTok-Gen]: Data (t): 0.5081, 39.83/s/gpu Batch (t): 1.6068 LR: 0.000027 Step: 2650 Total Loss: 0.4773 Diff Loss: 0.4773 
[11/28 17:44:26 TiTok-Gen]: Data (t): 0.4707, 37.79/s/gpu Batch (t): 1.6935 LR: 0.000027 Step: 2700 Total Loss: 0.4773 Diff Loss: 0.4773 
[11/28 17:45:49 TiTok-Gen]: Data (t): 0.4334, 36.46/s/gpu Batch (t): 1.7555 LR: 0.000028 Step: 2750 Total Loss: 0.4751 Diff Loss: 0.4751 
[11/28 17:47:12 TiTok-Gen]: Data (t): 0.4597, 37.11/s/gpu Batch (t): 1.7248 LR: 0.000028 Step: 2800 Total Loss: 0.4751 Diff Loss: 0.4751 
[11/28 17:48:35 TiTok-Gen]: Data (t): 0.4817, 39.07/s/gpu Batch (t): 1.6381 LR: 0.000028 Step: 2850 Total Loss: 0.4752 Diff Loss: 0.4752 
[11/28 17:49:59 TiTok-Gen]: Data (t): 0.4486, 40.31/s/gpu Batch (t): 1.5877 LR: 0.000029 Step: 2900 Total Loss: 0.4729 Diff Loss: 0.4729 
[11/28 17:51:22 TiTok-Gen]: Data (t): 0.5213, 38.62/s/gpu Batch (t): 1.6572 LR: 0.000029 Step: 2950 Total Loss: 0.4716 Diff Loss: 0.4716 
[11/28 17:52:46 TiTok-Gen]: Data (t): 0.4631, 32.89/s/gpu Batch (t): 1.9461 LR: 0.000030 Step: 3000 Total Loss: 0.4715 Diff Loss: 0.4715 
[11/28 17:52:47 TiTok-Gen]: Generating images...
  0%|          | 0/289 [00:00<?, ?it/s]  0%|          | 1/289 [00:00<01:50,  2.62it/s]  1%|          | 2/289 [00:00<01:51,  2.58it/s]  1%|          | 3/289 [00:01<01:51,  2.57it/s]  1%|▏         | 4/289 [00:01<01:50,  2.57it/s]  2%|▏         | 5/289 [00:01<01:50,  2.57it/s]  2%|▏         | 6/289 [00:02<01:50,  2.57it/s]  2%|▏         | 7/289 [00:02<01:49,  2.57it/s]  3%|▎         | 8/289 [00:03<01:49,  2.57it/s]  3%|▎         | 9/289 [00:03<01:49,  2.57it/s]  3%|▎         | 10/289 [00:03<01:48,  2.56it/s]  4%|▍         | 11/289 [00:04<01:48,  2.56it/s]  4%|▍         | 12/289 [00:04<01:48,  2.56it/s]  4%|▍         | 13/289 [00:05<01:47,  2.57it/s]  5%|▍         | 14/289 [00:05<01:47,  2.57it/s]  5%|▌         | 15/289 [00:05<01:46,  2.57it/s]  6%|▌         | 16/289 [00:06<01:46,  2.57it/s]  6%|▌         | 17/289 [00:06<01:45,  2.57it/s]  6%|▌         | 18/289 [00:07<01:45,  2.57it/s]  7%|▋         | 19/289 [00:07<01:45,  2.56it/s]  7%|▋         | 20/289 [00:07<01:44,  2.56it/s]  7%|▋         | 21/289 [00:08<01:44,  2.57it/s]  8%|▊         | 22/289 [00:08<01:43,  2.57it/s]  8%|▊         | 23/289 [00:08<01:43,  2.57it/s]  8%|▊         | 24/289 [00:09<01:42,  2.58it/s]  9%|▊         | 25/289 [00:09<01:42,  2.57it/s]  9%|▉         | 26/289 [00:10<01:42,  2.57it/s]  9%|▉         | 27/289 [00:10<01:41,  2.57it/s] 10%|▉         | 28/289 [00:10<01:41,  2.57it/s] 10%|█         | 29/289 [00:11<01:41,  2.57it/s] 10%|█         | 30/289 [00:11<01:40,  2.57it/s] 11%|█         | 31/289 [00:12<01:40,  2.57it/s] 11%|█         | 32/289 [00:12<01:40,  2.56it/s] 11%|█▏        | 33/289 [00:12<01:39,  2.57it/s] 12%|█▏        | 34/289 [00:13<01:39,  2.57it/s] 12%|█▏        | 35/289 [00:13<01:38,  2.58it/s] 12%|█▏        | 36/289 [00:14<01:38,  2.58it/s] 13%|█▎        | 37/289 [00:14<01:37,  2.58it/s] 13%|█▎        | 38/289 [00:14<01:36,  2.59it/s] 13%|█▎        | 39/289 [00:15<01:36,  2.59it/s] 14%|█▍        | 40/289 [00:15<01:35,  2.59it/s] 14%|█▍        | 41/289 [00:15<01:35,  2.60it/s] 15%|█▍        | 42/289 [00:16<01:34,  2.60it/s] 15%|█▍        | 43/289 [00:16<01:34,  2.60it/s] 15%|█▌        | 44/289 [00:17<01:34,  2.60it/s] 16%|█▌        | 45/289 [00:17<01:33,  2.60it/s] 16%|█▌        | 46/289 [00:17<01:33,  2.60it/s] 16%|█▋        | 47/289 [00:18<01:32,  2.61it/s] 17%|█▋        | 48/289 [00:18<01:32,  2.60it/s] 17%|█▋        | 49/289 [00:19<01:32,  2.61it/s] 17%|█▋        | 50/289 [00:19<01:31,  2.60it/s] 18%|█▊        | 51/289 [00:19<01:31,  2.60it/s] 18%|█▊        | 52/289 [00:20<01:32,  2.57it/s] 18%|█▊        | 53/289 [00:20<01:32,  2.56it/s] 19%|█▊        | 54/289 [00:20<01:32,  2.55it/s] 19%|█▉        | 55/289 [00:21<01:31,  2.55it/s] 19%|█▉        | 56/289 [00:21<01:31,  2.54it/s] 20%|█▉        | 57/289 [00:22<01:31,  2.54it/s] 20%|██        | 58/289 [00:22<01:30,  2.55it/s] 20%|██        | 59/289 [00:22<01:29,  2.56it/s] 21%|██        | 60/289 [00:23<01:28,  2.57it/s] 21%|██        | 61/289 [00:23<01:28,  2.57it/s] 21%|██▏       | 62/289 [00:24<01:27,  2.58it/s] 22%|██▏       | 63/289 [00:24<01:27,  2.58it/s] 22%|██▏       | 64/289 [00:24<01:27,  2.58it/s] 22%|██▏       | 65/289 [00:25<01:26,  2.58it/s] 23%|██▎       | 66/289 [00:25<01:26,  2.59it/s] 23%|██▎       | 67/289 [00:26<01:25,  2.59it/s] 24%|██▎       | 68/289 [00:26<01:25,  2.59it/s] 24%|██▍       | 69/289 [00:26<01:24,  2.59it/s] 24%|██▍       | 70/289 [00:27<01:24,  2.59it/s] 25%|██▍       | 71/289 [00:27<01:23,  2.60it/s] 25%|██▍       | 72/289 [00:27<01:23,  2.60it/s] 25%|██▌       | 73/289 [00:28<01:23,  2.60it/s] 26%|██▌       | 74/289 [00:28<01:22,  2.60it/s] 26%|██▌       | 75/289 [00:29<01:22,  2.60it/s] 26%|██▋       | 76/289 [00:29<01:22,  2.60it/s] 27%|██▋       | 77/289 [00:29<01:21,  2.60it/s] 27%|██▋       | 78/289 [00:30<01:21,  2.60it/s] 27%|██▋       | 79/289 [00:30<01:20,  2.60it/s] 28%|██▊       | 80/289 [00:31<01:20,  2.60it/s] 28%|██▊       | 81/289 [00:31<01:20,  2.60it/s] 28%|██▊       | 82/289 [00:31<01:19,  2.59it/s] 29%|██▊       | 83/289 [00:32<01:19,  2.59it/s] 29%|██▉       | 84/289 [00:32<01:18,  2.60it/s] 29%|██▉       | 85/289 [00:32<01:18,  2.60it/s] 30%|██▉       | 86/289 [00:33<01:18,  2.60it/s] 30%|███       | 87/289 [00:33<01:17,  2.60it/s] 30%|███       | 88/289 [00:34<01:17,  2.60it/s] 31%|███       | 89/289 [00:34<01:16,  2.61it/s] 31%|███       | 90/289 [00:34<01:16,  2.60it/s] 31%|███▏      | 91/289 [00:35<01:15,  2.61it/s] 32%|███▏      | 92/289 [00:35<01:15,  2.60it/s] 32%|███▏      | 93/289 [00:36<01:15,  2.60it/s] 33%|███▎      | 94/289 [00:36<01:15,  2.60it/s] 33%|███▎      | 95/289 [00:36<01:14,  2.60it/s] 33%|███▎      | 96/289 [00:37<01:14,  2.59it/s] 34%|███▎      | 97/289 [00:37<01:14,  2.59it/s] 34%|███▍      | 98/289 [00:37<01:13,  2.59it/s] 34%|███▍      | 99/289 [00:38<01:13,  2.60it/s] 35%|███▍      | 100/289 [00:38<01:12,  2.60it/s] 35%|███▍      | 101/289 [00:39<01:12,  2.60it/s] 35%|███▌      | 102/289 [00:39<01:12,  2.59it/s] 36%|███▌      | 103/289 [00:39<01:11,  2.60it/s] 36%|███▌      | 104/289 [00:40<01:11,  2.60it/s] 36%|███▋      | 105/289 [00:40<01:11,  2.59it/s] 37%|███▋      | 106/289 [00:41<01:10,  2.59it/s] 37%|███▋      | 107/289 [00:41<01:10,  2.59it/s] 37%|███▋      | 108/289 [00:41<01:09,  2.59it/s] 38%|███▊      | 109/289 [00:42<01:09,  2.59it/s] 38%|███▊      | 110/289 [00:42<01:09,  2.59it/s] 38%|███▊      | 111/289 [00:42<01:08,  2.59it/s] 39%|███▉      | 112/289 [00:43<01:08,  2.59it/s] 39%|███▉      | 113/289 [00:43<01:08,  2.59it/s] 39%|███▉      | 114/289 [00:44<01:07,  2.59it/s] 40%|███▉      | 115/289 [00:44<01:07,  2.57it/s] 40%|████      | 116/289 [00:44<01:07,  2.56it/s] 40%|████      | 117/289 [00:45<01:07,  2.54it/s] 41%|████      | 118/289 [00:45<01:07,  2.54it/s] 41%|████      | 119/289 [00:46<01:07,  2.54it/s] 42%|████▏     | 120/289 [00:46<01:06,  2.54it/s] 42%|████▏     | 121/289 [00:46<01:06,  2.53it/s] 42%|████▏     | 122/289 [00:47<01:05,  2.53it/s] 43%|████▎     | 123/289 [00:47<01:05,  2.53it/s] 43%|████▎     | 124/289 [00:48<01:05,  2.53it/s] 43%|████▎     | 125/289 [00:48<01:04,  2.54it/s] 44%|████▎     | 126/289 [00:48<01:04,  2.54it/s] 44%|████▍     | 127/289 [00:49<01:03,  2.54it/s] 44%|████▍     | 128/289 [00:49<01:03,  2.53it/s] 45%|████▍     | 129/289 [00:50<01:03,  2.53it/s] 45%|████▍     | 130/289 [00:50<01:02,  2.53it/s] 45%|████▌     | 131/289 [00:50<01:02,  2.53it/s] 46%|████▌     | 132/289 [00:51<01:02,  2.52it/s] 46%|████▌     | 133/289 [00:51<01:02,  2.51it/s] 46%|████▋     | 134/289 [00:52<01:01,  2.52it/s] 47%|████▋     | 135/289 [00:52<01:01,  2.51it/s] 47%|████▋     | 136/289 [00:52<01:00,  2.51it/s] 47%|████▋     | 137/289 [00:53<01:00,  2.51it/s] 48%|████▊     | 138/289 [00:53<00:59,  2.52it/s] 48%|████▊     | 139/289 [00:54<00:59,  2.52it/s] 48%|████▊     | 140/289 [00:54<00:59,  2.52it/s] 49%|████▉     | 141/289 [00:54<00:58,  2.53it/s] 49%|████▉     | 142/289 [00:55<00:58,  2.53it/s] 49%|████▉     | 143/289 [00:55<00:57,  2.53it/s] 50%|████▉     | 144/289 [00:56<00:58,  2.50it/s] 50%|█████     | 145/289 [00:56<00:57,  2.52it/s] 51%|█████     | 146/289 [00:56<00:56,  2.53it/s] 51%|█████     | 147/289 [00:57<00:56,  2.52it/s] 51%|█████     | 148/289 [00:57<00:55,  2.55it/s] 52%|█████▏    | 149/289 [00:57<00:54,  2.58it/s] 52%|█████▏    | 150/289 [00:58<00:54,  2.56it/s] 52%|█████▏    | 151/289 [00:58<00:54,  2.53it/s] 53%|█████▎    | 152/289 [00:59<00:54,  2.49it/s] 53%|█████▎    | 153/289 [00:59<00:54,  2.48it/s] 53%|█████▎    | 154/289 [00:59<00:54,  2.47it/s] 54%|█████▎    | 155/289 [01:00<00:54,  2.47it/s] 54%|█████▍    | 156/289 [01:00<00:54,  2.46it/s] 54%|█████▍    | 157/289 [01:01<00:53,  2.46it/s] 55%|█████▍    | 158/289 [01:01<00:53,  2.47it/s] 55%|█████▌    | 159/289 [01:02<00:52,  2.47it/s] 55%|█████▌    | 160/289 [01:02<00:52,  2.46it/s] 56%|█████▌    | 161/289 [01:02<00:51,  2.48it/s] 56%|█████▌    | 162/289 [01:03<00:51,  2.47it/s] 56%|█████▋    | 163/289 [01:03<00:51,  2.47it/s] 57%|█████▋    | 164/289 [01:04<00:51,  2.44it/s] 57%|█████▋    | 165/289 [01:04<00:50,  2.45it/s] 57%|█████▋    | 166/289 [01:04<00:49,  2.46it/s] 58%|█████▊    | 167/289 [01:05<00:50,  2.44it/s] 58%|█████▊    | 168/289 [01:05<00:49,  2.47it/s] 58%|█████▊    | 169/289 [01:06<00:48,  2.47it/s] 59%|█████▉    | 170/289 [01:06<00:48,  2.47it/s] 59%|█████▉    | 171/289 [01:06<00:47,  2.47it/s] 60%|█████▉    | 172/289 [01:07<00:47,  2.48it/s] 60%|█████▉    | 173/289 [01:07<00:46,  2.48it/s] 60%|██████    | 174/289 [01:08<00:46,  2.49it/s] 61%|██████    | 175/289 [01:08<00:45,  2.48it/s] 61%|██████    | 176/289 [01:08<00:45,  2.48it/s] 61%|██████    | 177/289 [01:09<00:45,  2.48it/s] 62%|██████▏   | 178/289 [01:09<00:44,  2.51it/s] 62%|██████▏   | 179/289 [01:10<00:46,  2.37it/s] 62%|██████▏   | 180/289 [01:10<00:44,  2.43it/s] 63%|██████▎   | 181/289 [01:10<00:43,  2.46it/s] 63%|██████▎   | 182/289 [01:11<00:42,  2.49it/s] 63%|██████▎   | 183/289 [01:11<00:42,  2.50it/s] 64%|██████▎   | 184/289 [01:12<00:42,  2.49it/s] 64%|██████▍   | 185/289 [01:12<00:43,  2.37it/s] 64%|██████▍   | 186/289 [01:13<00:43,  2.36it/s] 65%|██████▍   | 187/289 [01:13<00:42,  2.41it/s] 65%|██████▌   | 188/289 [01:13<00:41,  2.46it/s] 65%|██████▌   | 189/289 [01:14<00:40,  2.45it/s] 66%|██████▌   | 190/289 [01:14<00:40,  2.47it/s] 66%|██████▌   | 191/289 [01:15<00:39,  2.49it/s] 66%|██████▋   | 192/289 [01:15<00:38,  2.52it/s] 67%|██████▋   | 193/289 [01:15<00:38,  2.50it/s] 67%|██████▋   | 194/289 [01:16<00:37,  2.52it/s] 67%|██████▋   | 195/289 [01:16<00:37,  2.54it/s] 68%|██████▊   | 196/289 [01:16<00:36,  2.54it/s] 68%|██████▊   | 197/289 [01:17<00:36,  2.53it/s] 69%|██████▊   | 198/289 [01:17<00:35,  2.54it/s] 69%|██████▉   | 199/289 [01:18<00:35,  2.54it/s] 69%|██████▉   | 200/289 [01:18<00:34,  2.55it/s] 70%|██████▉   | 201/289 [01:18<00:34,  2.55it/s] 70%|██████▉   | 202/289 [01:19<00:34,  2.55it/s] 70%|███████   | 203/289 [01:19<00:33,  2.56it/s] 71%|███████   | 204/289 [01:20<00:33,  2.56it/s] 71%|███████   | 205/289 [01:20<00:32,  2.57it/s] 71%|███████▏  | 206/289 [01:20<00:32,  2.57it/s] 72%|███████▏  | 207/289 [01:21<00:31,  2.57it/s] 72%|███████▏  | 208/289 [01:21<00:31,  2.56it/s] 72%|███████▏  | 209/289 [01:22<00:31,  2.56it/s] 73%|███████▎  | 210/289 [01:22<00:30,  2.57it/s] 73%|███████▎  | 211/289 [01:22<00:30,  2.56it/s] 73%|███████▎  | 212/289 [01:23<00:29,  2.57it/s] 74%|███████▎  | 213/289 [01:23<00:29,  2.58it/s] 74%|███████▍  | 214/289 [01:23<00:29,  2.58it/s] 74%|███████▍  | 215/289 [01:24<00:28,  2.58it/s] 75%|███████▍  | 216/289 [01:24<00:28,  2.59it/s] 75%|███████▌  | 217/289 [01:25<00:27,  2.59it/s] 75%|███████▌  | 218/289 [01:25<00:27,  2.59it/s] 76%|███████▌  | 219/289 [01:25<00:27,  2.59it/s] 76%|███████▌  | 220/289 [01:26<00:26,  2.58it/s] 76%|███████▋  | 221/289 [01:26<00:26,  2.58it/s] 77%|███████▋  | 222/289 [01:27<00:25,  2.58it/s] 77%|███████▋  | 223/289 [01:27<00:25,  2.58it/s] 78%|███████▊  | 224/289 [01:27<00:25,  2.58it/s] 78%|███████▊  | 225/289 [01:28<00:24,  2.58it/s] 78%|███████▊  | 226/289 [01:28<00:24,  2.59it/s] 79%|███████▊  | 227/289 [01:29<00:23,  2.59it/s] 79%|███████▉  | 228/289 [01:29<00:23,  2.59it/s] 79%|███████▉  | 229/289 [01:29<00:23,  2.59it/s] 80%|███████▉  | 230/289 [01:30<00:22,  2.59it/s] 80%|███████▉  | 231/289 [01:30<00:22,  2.59it/s] 80%|████████  | 232/289 [01:30<00:22,  2.59it/s] 81%|████████  | 233/289 [01:31<00:21,  2.58it/s] 81%|████████  | 234/289 [01:31<00:21,  2.59it/s] 81%|████████▏ | 235/289 [01:32<00:20,  2.59it/s] 82%|████████▏ | 236/289 [01:32<00:20,  2.59it/s] 82%|████████▏ | 237/289 [01:32<00:20,  2.59it/s] 82%|████████▏ | 238/289 [01:33<00:19,  2.59it/s] 83%|████████▎ | 239/289 [01:33<00:19,  2.59it/s] 83%|████████▎ | 240/289 [01:34<00:18,  2.58it/s] 83%|████████▎ | 241/289 [01:34<00:18,  2.58it/s] 84%|████████▎ | 242/289 [01:34<00:18,  2.57it/s] 84%|████████▍ | 243/289 [01:35<00:17,  2.58it/s] 84%|████████▍ | 244/289 [01:35<00:17,  2.58it/s] 85%|████████▍ | 245/289 [01:35<00:17,  2.58it/s] 85%|████████▌ | 246/289 [01:36<00:16,  2.59it/s] 85%|████████▌ | 247/289 [01:36<00:16,  2.58it/s] 86%|████████▌ | 248/289 [01:37<00:15,  2.58it/s] 86%|████████▌ | 249/289 [01:37<00:15,  2.58it/s] 87%|████████▋ | 250/289 [01:37<00:15,  2.58it/s] 87%|████████▋ | 251/289 [01:38<00:14,  2.57it/s] 87%|████████▋ | 252/289 [01:38<00:14,  2.58it/s] 88%|████████▊ | 253/289 [01:39<00:13,  2.58it/s] 88%|████████▊ | 254/289 [01:39<00:13,  2.59it/s] 88%|████████▊ | 255/289 [01:39<00:13,  2.59it/s] 89%|████████▊ | 256/289 [01:40<00:12,  2.59it/s] 89%|████████▉ | 257/289 [01:40<00:12,  2.58it/s] 89%|████████▉ | 258/289 [01:41<00:11,  2.59it/s] 90%|████████▉ | 259/289 [01:41<00:11,  2.59it/s] 90%|████████▉ | 260/289 [01:41<00:11,  2.58it/s] 90%|█████████ | 261/289 [01:42<00:10,  2.58it/s] 91%|█████████ | 262/289 [01:42<00:10,  2.58it/s] 91%|█████████ | 263/289 [01:42<00:10,  2.58it/s] 91%|█████████▏| 264/289 [01:43<00:09,  2.58it/s] 92%|█████████▏| 265/289 [01:43<00:09,  2.58it/s] 92%|█████████▏| 266/289 [01:44<00:08,  2.58it/s] 92%|█████████▏| 267/289 [01:44<00:08,  2.58it/s] 93%|█████████▎| 268/289 [01:44<00:08,  2.58it/s] 93%|█████████▎| 269/289 [01:45<00:07,  2.57it/s] 93%|█████████▎| 270/289 [01:45<00:07,  2.57it/s] 94%|█████████▍| 271/289 [01:46<00:07,  2.56it/s] 94%|█████████▍| 272/289 [01:46<00:06,  2.58it/s] 94%|█████████▍| 273/289 [01:46<00:06,  2.54it/s] 95%|█████████▍| 274/289 [01:47<00:05,  2.53it/s] 95%|█████████▌| 275/289 [01:47<00:05,  2.52it/s] 96%|█████████▌| 276/289 [01:48<00:05,  2.50it/s] 96%|█████████▌| 277/289 [01:48<00:04,  2.48it/s] 96%|█████████▌| 278/289 [01:48<00:04,  2.46it/s] 97%|█████████▋| 279/289 [01:49<00:04,  2.45it/s] 97%|█████████▋| 280/289 [01:49<00:03,  2.43it/s] 97%|█████████▋| 281/289 [01:50<00:03,  2.43it/s] 98%|█████████▊| 282/289 [01:50<00:02,  2.44it/s] 98%|█████████▊| 283/289 [01:50<00:02,  2.44it/s] 98%|█████████▊| 284/289 [01:51<00:02,  2.46it/s] 99%|█████████▊| 285/289 [01:51<00:01,  2.47it/s] 99%|█████████▉| 286/289 [01:52<00:01,  2.48it/s] 99%|█████████▉| 287/289 [01:52<00:00,  2.49it/s]100%|█████████▉| 288/289 [01:52<00:00,  2.50it/s]100%|█████████▉| 288/289 [01:53<00:00,  2.54it/s]
[11/28 17:56:05 TiTok-Gen]: Data (t): 0.2479, 37.10/s/gpu Batch (t): 1.7249 LR: 0.000030 Step: 3050 Total Loss: 0.4700 Diff Loss: 0.4700 
[11/28 17:57:28 TiTok-Gen]: Data (t): 0.4084, 36.14/s/gpu Batch (t): 1.7709 LR: 0.000031 Step: 3100 Total Loss: 0.4697 Diff Loss: 0.4697 
[11/28 17:58:51 TiTok-Gen]: Data (t): 0.2516, 37.87/s/gpu Batch (t): 1.6900 LR: 0.000031 Step: 3150 Total Loss: 0.4692 Diff Loss: 0.4692 
[11/28 17:59:41 TiTok-Gen]: Epoch 5/1597 started.
[11/28 18:00:32 TiTok-Gen]: Data (t): 0.2600, 40.40/s/gpu Batch (t): 1.5841 LR: 0.000032 Step: 3200 Total Loss: 0.4685 Diff Loss: 0.4685 
[11/28 18:01:55 TiTok-Gen]: Data (t): 0.2551, 39.77/s/gpu Batch (t): 1.6093 LR: 0.000033 Step: 3250 Total Loss: 0.4680 Diff Loss: 0.4680 
[11/28 18:03:18 TiTok-Gen]: Data (t): 0.3360, 39.66/s/gpu Batch (t): 1.6137 LR: 0.000033 Step: 3300 Total Loss: 0.4670 Diff Loss: 0.4670 
[11/28 18:04:41 TiTok-Gen]: Data (t): 0.3225, 41.28/s/gpu Batch (t): 1.5503 LR: 0.000034 Step: 3350 Total Loss: 0.4670 Diff Loss: 0.4670 
[11/28 18:06:03 TiTok-Gen]: Data (t): 0.2816, 40.27/s/gpu Batch (t): 1.5893 LR: 0.000034 Step: 3400 Total Loss: 0.4659 Diff Loss: 0.4659 
[11/28 18:07:26 TiTok-Gen]: Data (t): 0.2494, 37.70/s/gpu Batch (t): 1.6975 LR: 0.000034 Step: 3450 Total Loss: 0.4655 Diff Loss: 0.4655 
[11/28 18:08:49 TiTok-Gen]: Data (t): 0.2549, 37.41/s/gpu Batch (t): 1.7108 LR: 0.000035 Step: 3500 Total Loss: 0.4650 Diff Loss: 0.4650 
[11/28 18:10:12 TiTok-Gen]: Data (t): 0.2521, 37.30/s/gpu Batch (t): 1.7157 LR: 0.000036 Step: 3550 Total Loss: 0.4638 Diff Loss: 0.4638 
[11/28 18:11:35 TiTok-Gen]: Data (t): 0.3697, 40.25/s/gpu Batch (t): 1.5900 LR: 0.000036 Step: 3600 Total Loss: 0.4636 Diff Loss: 0.4636 
[11/28 18:14:44 TiTok-Gen]: Data (t): 0.2516, 34.94/s/gpu Batch (t): 1.8319 LR: 0.000036 Step: 3650 Total Loss: 0.4629 Diff Loss: 0.4629 
[11/28 18:18:57 TiTok-Gen]: Data (t): 0.2467, 41.45/s/gpu Batch (t): 1.5438 LR: 0.000037 Step: 3700 Total Loss: 0.4612 Diff Loss: 0.4612 
[11/28 18:22:19 TiTok-Gen]: Data (t): 0.3325, 41.13/s/gpu Batch (t): 1.5561 LR: 0.000038 Step: 3750 Total Loss: 0.4607 Diff Loss: 0.4607 
[11/28 18:25:07 TiTok-Gen]: Data (t): 0.2460, 39.05/s/gpu Batch (t): 1.6389 LR: 0.000038 Step: 3800 Total Loss: 0.4604 Diff Loss: 0.4604 
[11/28 18:25:45 TiTok-Gen]: Epoch 6/1597 started.
[11/28 18:27:00 TiTok-Gen]: Data (t): 0.2503, 36.37/s/gpu Batch (t): 1.7599 LR: 0.000039 Step: 3850 Total Loss: 0.4602 Diff Loss: 0.4602 
[11/28 18:28:23 TiTok-Gen]: Data (t): 0.2486, 35.27/s/gpu Batch (t): 1.8147 LR: 0.000039 Step: 3900 Total Loss: 0.4588 Diff Loss: 0.4588 
[11/28 18:29:46 TiTok-Gen]: Data (t): 0.2626, 39.23/s/gpu Batch (t): 1.6312 LR: 0.000040 Step: 3950 Total Loss: 0.4597 Diff Loss: 0.4597 
[11/28 18:31:09 TiTok-Gen]: Data (t): 0.2516, 34.90/s/gpu Batch (t): 1.8338 LR: 0.000040 Step: 4000 Total Loss: 0.4575 Diff Loss: 0.4575 
[11/28 18:31:10 TiTok-Gen]: Generating images...
  0%|          | 0/289 [00:00<?, ?it/s]  0%|          | 1/289 [00:00<01:51,  2.59it/s]  1%|          | 2/289 [00:00<01:53,  2.54it/s]  1%|          | 3/289 [00:01<01:53,  2.53it/s]  1%|▏         | 4/289 [00:01<01:52,  2.53it/s]  2%|▏         | 5/289 [00:01<01:52,  2.52it/s]  2%|▏         | 6/289 [00:02<01:52,  2.52it/s]  2%|▏         | 7/289 [00:02<01:52,  2.52it/s]  3%|▎         | 8/289 [00:03<01:51,  2.52it/s]  3%|▎         | 9/289 [00:03<01:50,  2.52it/s]  3%|▎         | 10/289 [00:03<01:50,  2.51it/s]  4%|▍         | 11/289 [00:04<01:50,  2.52it/s]  4%|▍         | 12/289 [00:04<01:50,  2.52it/s]  4%|▍         | 13/289 [00:05<01:49,  2.52it/s]  5%|▍         | 14/289 [00:05<01:48,  2.52it/s]  5%|▌         | 15/289 [00:05<01:48,  2.52it/s]  6%|▌         | 16/289 [00:06<01:47,  2.53it/s]  6%|▌         | 17/289 [00:06<01:47,  2.52it/s]  6%|▌         | 18/289 [00:07<01:47,  2.52it/s]  7%|▋         | 19/289 [00:07<01:46,  2.52it/s]  7%|▋         | 20/289 [00:07<01:46,  2.53it/s]  7%|▋         | 21/289 [00:08<01:46,  2.52it/s]  8%|▊         | 22/289 [00:08<01:45,  2.52it/s]  8%|▊         | 23/289 [00:09<01:45,  2.52it/s]  8%|▊         | 24/289 [00:09<01:44,  2.53it/s]  9%|▊         | 25/289 [00:09<01:44,  2.53it/s]  9%|▉         | 26/289 [00:10<01:44,  2.53it/s]  9%|▉         | 27/289 [00:10<01:43,  2.53it/s] 10%|▉         | 28/289 [00:11<01:43,  2.53it/s] 10%|█         | 29/289 [00:11<01:42,  2.53it/s] 10%|█         | 30/289 [00:11<01:42,  2.52it/s] 11%|█         | 31/289 [00:12<01:42,  2.52it/s] 11%|█         | 32/289 [00:12<01:41,  2.53it/s] 11%|█▏        | 33/289 [00:13<01:41,  2.53it/s] 12%|█▏        | 34/289 [00:13<01:40,  2.53it/s] 12%|█▏        | 35/289 [00:13<01:40,  2.53it/s] 12%|█▏        | 36/289 [00:14<01:39,  2.53it/s] 13%|█▎        | 37/289 [00:14<01:39,  2.53it/s] 13%|█▎        | 38/289 [00:15<01:39,  2.53it/s] 13%|█▎        | 39/289 [00:15<01:38,  2.53it/s] 14%|█▍        | 40/289 [00:15<01:38,  2.53it/s] 14%|█▍        | 41/289 [00:16<01:37,  2.53it/s] 15%|█▍        | 42/289 [00:16<01:37,  2.53it/s] 15%|█▍        | 43/289 [00:17<01:37,  2.53it/s] 15%|█▌        | 44/289 [00:17<01:36,  2.53it/s] 16%|█▌        | 45/289 [00:17<01:36,  2.53it/s] 16%|█▌        | 46/289 [00:18<01:35,  2.53it/s] 16%|█▋        | 47/289 [00:18<01:35,  2.53it/s] 17%|█▋        | 48/289 [00:18<01:35,  2.54it/s] 17%|█▋        | 49/289 [00:19<01:34,  2.54it/s] 17%|█▋        | 50/289 [00:19<01:34,  2.53it/s] 18%|█▊        | 51/289 [00:20<01:33,  2.54it/s] 18%|█▊        | 52/289 [00:20<01:33,  2.54it/s] 18%|█▊        | 53/289 [00:20<01:33,  2.54it/s] 19%|█▊        | 54/289 [00:21<01:32,  2.54it/s] 19%|█▉        | 55/289 [00:21<01:32,  2.52it/s] 19%|█▉        | 56/289 [00:22<01:32,  2.52it/s] 20%|█▉        | 57/289 [00:22<01:31,  2.52it/s] 20%|██        | 58/289 [00:22<01:31,  2.52it/s] 20%|██        | 59/289 [00:23<01:31,  2.52it/s] 21%|██        | 60/289 [00:23<01:30,  2.52it/s] 21%|██        | 61/289 [00:24<01:30,  2.52it/s] 21%|██▏       | 62/289 [00:24<01:30,  2.52it/s] 22%|██▏       | 63/289 [00:24<01:29,  2.52it/s] 22%|██▏       | 64/289 [00:25<01:29,  2.53it/s] 22%|██▏       | 65/289 [00:25<01:28,  2.53it/s] 23%|██▎       | 66/289 [00:26<01:28,  2.52it/s] 23%|██▎       | 67/289 [00:26<01:27,  2.52it/s] 24%|██▎       | 68/289 [00:26<01:27,  2.53it/s] 24%|██▍       | 69/289 [00:27<01:26,  2.53it/s] 24%|██▍       | 70/289 [00:27<01:26,  2.53it/s] 25%|██▍       | 71/289 [00:28<01:26,  2.52it/s] 25%|██▍       | 72/289 [00:28<01:25,  2.53it/s] 25%|██▌       | 73/289 [00:28<01:25,  2.52it/s] 26%|██▌       | 74/289 [00:29<01:25,  2.52it/s] 26%|██▌       | 75/289 [00:29<01:24,  2.52it/s] 26%|██▋       | 76/289 [00:30<01:24,  2.51it/s] 27%|██▋       | 77/289 [00:30<01:24,  2.51it/s] 27%|██▋       | 78/289 [00:30<01:23,  2.52it/s] 27%|██▋       | 79/289 [00:31<01:23,  2.52it/s] 28%|██▊       | 80/289 [00:31<01:22,  2.53it/s] 28%|██▊       | 81/289 [00:32<01:22,  2.52it/s] 28%|██▊       | 82/289 [00:32<01:22,  2.51it/s] 29%|██▊       | 83/289 [00:32<01:22,  2.50it/s] 29%|██▉       | 84/289 [00:33<01:22,  2.50it/s] 29%|██▉       | 85/289 [00:33<01:21,  2.49it/s] 30%|██▉       | 86/289 [00:34<01:21,  2.49it/s] 30%|███       | 87/289 [00:34<01:21,  2.49it/s] 30%|███       | 88/289 [00:34<01:20,  2.49it/s] 31%|███       | 89/289 [00:35<01:20,  2.47it/s] 31%|███       | 90/289 [00:35<01:20,  2.48it/s] 31%|███▏      | 91/289 [00:36<01:19,  2.49it/s] 32%|███▏      | 92/289 [00:36<01:19,  2.49it/s] 32%|███▏      | 93/289 [00:36<01:18,  2.48it/s] 33%|███▎      | 94/289 [00:37<01:18,  2.47it/s] 33%|███▎      | 95/289 [00:37<01:18,  2.47it/s] 33%|███▎      | 96/289 [00:38<01:18,  2.46it/s] 34%|███▎      | 97/289 [00:38<01:18,  2.46it/s] 34%|███▍      | 98/289 [00:38<01:17,  2.45it/s] 34%|███▍      | 99/289 [00:39<01:18,  2.43it/s] 35%|███▍      | 100/289 [00:39<01:17,  2.44it/s] 35%|███▍      | 101/289 [00:40<01:16,  2.47it/s] 35%|███▌      | 102/289 [00:40<01:15,  2.48it/s] 36%|███▌      | 103/289 [00:40<01:14,  2.49it/s] 36%|███▌      | 104/289 [00:41<01:14,  2.49it/s] 36%|███▋      | 105/289 [00:41<01:15,  2.45it/s] 37%|███▋      | 106/289 [00:42<01:14,  2.46it/s] 37%|███▋      | 107/289 [00:42<01:13,  2.48it/s] 37%|███▋      | 108/289 [00:42<01:12,  2.48it/s] 38%|███▊      | 109/289 [00:43<01:12,  2.49it/s] 38%|███▊      | 110/289 [00:43<01:12,  2.49it/s] 38%|███▊      | 111/289 [00:44<01:11,  2.48it/s] 39%|███▉      | 112/289 [00:44<01:11,  2.47it/s] 39%|███▉      | 113/289 [00:45<01:11,  2.47it/s] 39%|███▉      | 114/289 [00:45<01:10,  2.47it/s] 40%|███▉      | 115/289 [00:45<01:10,  2.47it/s] 40%|████      | 116/289 [00:46<01:09,  2.47it/s] 40%|████      | 117/289 [00:46<01:09,  2.48it/s] 41%|████      | 118/289 [00:47<01:08,  2.49it/s] 41%|████      | 119/289 [00:47<01:08,  2.49it/s] 42%|████▏     | 120/289 [00:47<01:07,  2.50it/s] 42%|████▏     | 121/289 [00:48<01:07,  2.49it/s] 42%|████▏     | 122/289 [00:48<01:07,  2.49it/s] 43%|████▎     | 123/289 [00:49<01:07,  2.47it/s] 43%|████▎     | 124/289 [00:49<01:06,  2.48it/s] 43%|████▎     | 125/289 [00:49<01:06,  2.48it/s] 44%|████▎     | 126/289 [00:50<01:05,  2.48it/s] 44%|████▍     | 127/289 [00:50<01:04,  2.50it/s] 44%|████▍     | 128/289 [00:51<01:04,  2.51it/s] 45%|████▍     | 129/289 [00:51<01:03,  2.51it/s] 45%|████▍     | 130/289 [00:51<01:03,  2.50it/s] 45%|████▌     | 131/289 [00:52<01:03,  2.49it/s] 46%|████▌     | 132/289 [00:52<01:03,  2.49it/s] 46%|████▌     | 133/289 [00:53<01:02,  2.49it/s] 46%|████▋     | 134/289 [00:53<01:02,  2.49it/s] 47%|████▋     | 135/289 [00:53<01:01,  2.49it/s] 47%|████▋     | 136/289 [00:54<01:01,  2.50it/s] 47%|████▋     | 137/289 [00:54<01:00,  2.50it/s] 48%|████▊     | 138/289 [00:55<01:00,  2.50it/s] 48%|████▊     | 139/289 [00:55<01:00,  2.49it/s] 48%|████▊     | 140/289 [00:55<00:59,  2.49it/s] 49%|████▉     | 141/289 [00:56<00:59,  2.48it/s] 49%|████▉     | 142/289 [00:56<00:58,  2.49it/s] 49%|████▉     | 143/289 [00:57<00:58,  2.49it/s] 50%|████▉     | 144/289 [00:57<00:58,  2.49it/s] 50%|█████     | 145/289 [00:57<00:57,  2.49it/s] 51%|█████     | 146/289 [00:58<00:57,  2.49it/s] 51%|█████     | 147/289 [00:58<00:56,  2.49it/s] 51%|█████     | 148/289 [00:59<00:58,  2.43it/s] 52%|█████▏    | 149/289 [00:59<00:56,  2.47it/s] 52%|█████▏    | 150/289 [00:59<00:55,  2.51it/s] 52%|█████▏    | 151/289 [01:00<00:54,  2.53it/s] 53%|█████▎    | 152/289 [01:00<00:53,  2.54it/s] 53%|█████▎    | 153/289 [01:01<00:53,  2.56it/s] 53%|█████▎    | 154/289 [01:01<00:52,  2.56it/s] 54%|█████▎    | 155/289 [01:01<00:52,  2.57it/s] 54%|█████▍    | 156/289 [01:02<00:51,  2.58it/s] 54%|█████▍    | 157/289 [01:02<00:51,  2.58it/s] 55%|█████▍    | 158/289 [01:02<00:50,  2.58it/s] 55%|█████▌    | 159/289 [01:03<00:50,  2.58it/s] 55%|█████▌    | 160/289 [01:03<00:49,  2.58it/s] 56%|█████▌    | 161/289 [01:04<00:49,  2.58it/s] 56%|█████▌    | 162/289 [01:04<00:49,  2.59it/s] 56%|█████▋    | 163/289 [01:04<00:48,  2.58it/s] 57%|█████▋    | 164/289 [01:05<00:48,  2.59it/s] 57%|█████▋    | 165/289 [01:05<00:47,  2.59it/s] 57%|█████▋    | 166/289 [01:06<00:47,  2.59it/s] 58%|█████▊    | 167/289 [01:06<00:47,  2.59it/s] 58%|█████▊    | 168/289 [01:06<00:46,  2.59it/s] 58%|█████▊    | 169/289 [01:07<00:46,  2.59it/s] 59%|█████▉    | 170/289 [01:07<00:46,  2.54it/s] 59%|█████▉    | 171/289 [01:08<00:46,  2.55it/s] 60%|█████▉    | 172/289 [01:08<00:45,  2.56it/s] 60%|█████▉    | 173/289 [01:08<00:45,  2.54it/s] 60%|██████    | 174/289 [01:09<00:44,  2.56it/s] 61%|██████    | 175/289 [01:09<00:44,  2.56it/s] 61%|██████    | 176/289 [01:09<00:44,  2.55it/s] 61%|██████    | 177/289 [01:10<00:43,  2.56it/s] 62%|██████▏   | 178/289 [01:10<00:43,  2.53it/s] 62%|██████▏   | 179/289 [01:11<00:43,  2.55it/s] 62%|██████▏   | 180/289 [01:11<00:42,  2.54it/s] 63%|██████▎   | 181/289 [01:11<00:42,  2.54it/s] 63%|██████▎   | 182/289 [01:12<00:41,  2.55it/s] 63%|██████▎   | 183/289 [01:12<00:41,  2.55it/s] 64%|██████▎   | 184/289 [01:13<00:41,  2.55it/s] 64%|██████▍   | 185/289 [01:13<00:41,  2.52it/s] 64%|██████▍   | 186/289 [01:13<00:40,  2.54it/s] 65%|██████▍   | 187/289 [01:14<00:40,  2.55it/s] 65%|██████▌   | 188/289 [01:14<00:39,  2.54it/s] 65%|██████▌   | 189/289 [01:15<00:39,  2.52it/s] 66%|██████▌   | 190/289 [01:15<00:38,  2.54it/s] 66%|██████▌   | 191/289 [01:15<00:38,  2.56it/s] 66%|██████▋   | 192/289 [01:16<00:37,  2.56it/s] 67%|██████▋   | 193/289 [01:16<00:37,  2.57it/s] 67%|██████▋   | 194/289 [01:17<00:36,  2.58it/s] 67%|██████▋   | 195/289 [01:17<00:36,  2.56it/s] 68%|██████▊   | 196/289 [01:17<00:36,  2.57it/s] 68%|██████▊   | 197/289 [01:18<00:35,  2.57it/s] 69%|██████▊   | 198/289 [01:18<00:35,  2.57it/s] 69%|██████▉   | 199/289 [01:18<00:35,  2.57it/s] 69%|██████▉   | 200/289 [01:19<00:34,  2.57it/s] 70%|██████▉   | 201/289 [01:19<00:34,  2.57it/s] 70%|██████▉   | 202/289 [01:20<00:33,  2.57it/s] 70%|███████   | 203/289 [01:20<00:33,  2.58it/s] 71%|███████   | 204/289 [01:20<00:32,  2.59it/s] 71%|███████   | 205/289 [01:21<00:32,  2.60it/s] 71%|███████▏  | 206/289 [01:21<00:31,  2.60it/s] 72%|███████▏  | 207/289 [01:22<00:31,  2.59it/s] 72%|███████▏  | 208/289 [01:22<00:31,  2.59it/s] 72%|███████▏  | 209/289 [01:22<00:30,  2.59it/s] 73%|███████▎  | 210/289 [01:23<00:30,  2.60it/s] 73%|███████▎  | 211/289 [01:23<00:30,  2.60it/s] 73%|███████▎  | 212/289 [01:23<00:29,  2.60it/s] 74%|███████▎  | 213/289 [01:24<00:29,  2.59it/s] 74%|███████▍  | 214/289 [01:24<00:28,  2.59it/s] 74%|███████▍  | 215/289 [01:25<00:28,  2.59it/s] 75%|███████▍  | 216/289 [01:25<00:28,  2.60it/s] 75%|███████▌  | 217/289 [01:25<00:27,  2.60it/s] 75%|███████▌  | 218/289 [01:26<00:27,  2.60it/s] 76%|███████▌  | 219/289 [01:26<00:26,  2.60it/s] 76%|███████▌  | 220/289 [01:27<00:26,  2.60it/s] 76%|███████▋  | 221/289 [01:27<00:26,  2.60it/s] 77%|███████▋  | 222/289 [01:27<00:25,  2.60it/s] 77%|███████▋  | 223/289 [01:28<00:25,  2.59it/s] 78%|███████▊  | 224/289 [01:28<00:25,  2.59it/s] 78%|███████▊  | 225/289 [01:28<00:24,  2.60it/s] 78%|███████▊  | 226/289 [01:29<00:24,  2.60it/s] 79%|███████▊  | 227/289 [01:29<00:23,  2.60it/s] 79%|███████▉  | 228/289 [01:30<00:23,  2.60it/s] 79%|███████▉  | 229/289 [01:30<00:23,  2.60it/s] 80%|███████▉  | 230/289 [01:30<00:22,  2.60it/s] 80%|███████▉  | 231/289 [01:31<00:22,  2.60it/s] 80%|████████  | 232/289 [01:31<00:21,  2.60it/s] 81%|████████  | 233/289 [01:32<00:21,  2.60it/s] 81%|████████  | 234/289 [01:32<00:21,  2.60it/s] 81%|████████▏ | 235/289 [01:32<00:20,  2.60it/s] 82%|████████▏ | 236/289 [01:33<00:20,  2.60it/s] 82%|████████▏ | 237/289 [01:33<00:19,  2.60it/s] 82%|████████▏ | 238/289 [01:33<00:19,  2.59it/s] 83%|████████▎ | 239/289 [01:34<00:19,  2.60it/s] 83%|████████▎ | 240/289 [01:34<00:18,  2.60it/s] 83%|████████▎ | 241/289 [01:35<00:18,  2.60it/s] 84%|████████▎ | 242/289 [01:35<00:18,  2.60it/s] 84%|████████▍ | 243/289 [01:35<00:17,  2.60it/s] 84%|████████▍ | 244/289 [01:36<00:17,  2.60it/s] 85%|████████▍ | 245/289 [01:36<00:16,  2.60it/s] 85%|████████▌ | 246/289 [01:37<00:16,  2.60it/s] 85%|████████▌ | 247/289 [01:37<00:16,  2.60it/s] 86%|████████▌ | 248/289 [01:37<00:15,  2.60it/s] 86%|████████▌ | 249/289 [01:38<00:15,  2.60it/s] 87%|████████▋ | 250/289 [01:38<00:14,  2.60it/s] 87%|████████▋ | 251/289 [01:38<00:14,  2.60it/s] 87%|████████▋ | 252/289 [01:39<00:14,  2.60it/s] 88%|████████▊ | 253/289 [01:39<00:13,  2.60it/s] 88%|████████▊ | 254/289 [01:40<00:13,  2.60it/s] 88%|████████▊ | 255/289 [01:40<00:13,  2.60it/s] 89%|████████▊ | 256/289 [01:40<00:12,  2.60it/s] 89%|████████▉ | 257/289 [01:41<00:12,  2.60it/s] 89%|████████▉ | 258/289 [01:41<00:11,  2.60it/s] 90%|████████▉ | 259/289 [01:42<00:11,  2.60it/s] 90%|████████▉ | 260/289 [01:42<00:11,  2.60it/s] 90%|█████████ | 261/289 [01:42<00:10,  2.60it/s] 91%|█████████ | 262/289 [01:43<00:10,  2.60it/s] 91%|█████████ | 263/289 [01:43<00:10,  2.60it/s] 91%|█████████▏| 264/289 [01:43<00:09,  2.60it/s] 92%|█████████▏| 265/289 [01:44<00:09,  2.60it/s] 92%|█████████▏| 266/289 [01:44<00:08,  2.60it/s] 92%|█████████▏| 267/289 [01:45<00:08,  2.60it/s] 93%|█████████▎| 268/289 [01:45<00:08,  2.60it/s] 93%|█████████▎| 269/289 [01:45<00:07,  2.60it/s] 93%|█████████▎| 270/289 [01:46<00:07,  2.60it/s] 94%|█████████▍| 271/289 [01:46<00:06,  2.60it/s] 94%|█████████▍| 272/289 [01:47<00:06,  2.60it/s] 94%|█████████▍| 273/289 [01:47<00:06,  2.60it/s] 95%|█████████▍| 274/289 [01:47<00:05,  2.60it/s] 95%|█████████▌| 275/289 [01:48<00:05,  2.60it/s] 96%|█████████▌| 276/289 [01:48<00:04,  2.60it/s] 96%|█████████▌| 277/289 [01:48<00:04,  2.60it/s] 96%|█████████▌| 278/289 [01:49<00:04,  2.60it/s] 97%|█████████▋| 279/289 [01:49<00:03,  2.60it/s] 97%|█████████▋| 280/289 [01:50<00:03,  2.61it/s] 97%|█████████▋| 281/289 [01:50<00:03,  2.61it/s] 98%|█████████▊| 282/289 [01:50<00:02,  2.61it/s] 98%|█████████▊| 283/289 [01:51<00:02,  2.59it/s] 98%|█████████▊| 284/289 [01:51<00:01,  2.60it/s] 99%|█████████▊| 285/289 [01:52<00:01,  2.60it/s] 99%|█████████▉| 286/289 [01:52<00:01,  2.60it/s] 99%|█████████▉| 287/289 [01:52<00:00,  2.60it/s]100%|█████████▉| 288/289 [01:53<00:00,  2.60it/s]100%|█████████▉| 288/289 [01:53<00:00,  2.54it/s]
[11/28 18:34:27 TiTok-Gen]: Data (t): 0.4632, 39.54/s/gpu Batch (t): 1.6185 LR: 0.000041 Step: 4050 Total Loss: 0.4571 Diff Loss: 0.4571 
[11/28 18:35:49 TiTok-Gen]: Data (t): 0.3305, 40.90/s/gpu Batch (t): 1.5647 LR: 0.000041 Step: 4100 Total Loss: 0.4563 Diff Loss: 0.4563 
[11/28 18:37:12 TiTok-Gen]: Data (t): 0.2467, 40.52/s/gpu Batch (t): 1.5796 LR: 0.000041 Step: 4150 Total Loss: 0.4557 Diff Loss: 0.4557 
[11/28 18:38:34 TiTok-Gen]: Data (t): 0.2474, 37.38/s/gpu Batch (t): 1.7119 LR: 0.000042 Step: 4200 Total Loss: 0.4555 Diff Loss: 0.4555 
[11/28 18:39:56 TiTok-Gen]: Data (t): 0.2662, 38.21/s/gpu Batch (t): 1.6751 LR: 0.000043 Step: 4250 Total Loss: 0.4550 Diff Loss: 0.4550 
[11/28 18:41:17 TiTok-Gen]: Data (t): 0.2468, 39.54/s/gpu Batch (t): 1.6185 LR: 0.000043 Step: 4300 Total Loss: 0.4549 Diff Loss: 0.4549 
[11/28 18:42:40 TiTok-Gen]: Data (t): 0.2499, 38.92/s/gpu Batch (t): 1.6445 LR: 0.000044 Step: 4350 Total Loss: 0.4553 Diff Loss: 0.4553 
[11/28 18:44:02 TiTok-Gen]: Data (t): 0.2473, 37.18/s/gpu Batch (t): 1.7215 LR: 0.000044 Step: 4400 Total Loss: 0.4543 Diff Loss: 0.4543 
[11/28 18:45:24 TiTok-Gen]: Data (t): 0.2461, 37.81/s/gpu Batch (t): 1.6928 LR: 0.000045 Step: 4450 Total Loss: 0.4536 Diff Loss: 0.4536 
[11/28 18:45:27 TiTok-Gen]: Epoch 7/1597 started.
[11/28 18:47:06 TiTok-Gen]: Data (t): 0.2500, 41.15/s/gpu Batch (t): 1.5553 LR: 0.000045 Step: 4500 Total Loss: 0.4521 Diff Loss: 0.4521 
[11/28 18:48:29 TiTok-Gen]: Data (t): 0.2827, 41.18/s/gpu Batch (t): 1.5542 LR: 0.000046 Step: 4550 Total Loss: 0.4529 Diff Loss: 0.4529 
[11/28 18:49:51 TiTok-Gen]: Data (t): 0.2544, 37.64/s/gpu Batch (t): 1.7001 LR: 0.000046 Step: 4600 Total Loss: 0.4507 Diff Loss: 0.4507 
[11/28 18:51:14 TiTok-Gen]: Data (t): 0.2477, 36.70/s/gpu Batch (t): 1.7439 LR: 0.000047 Step: 4650 Total Loss: 0.4509 Diff Loss: 0.4509 
[11/28 18:52:37 TiTok-Gen]: Data (t): 0.3212, 39.40/s/gpu Batch (t): 1.6242 LR: 0.000047 Step: 4700 Total Loss: 0.4521 Diff Loss: 0.4521 
[11/28 18:53:59 TiTok-Gen]: Data (t): 0.2462, 41.07/s/gpu Batch (t): 1.5582 LR: 0.000048 Step: 4750 Total Loss: 0.4505 Diff Loss: 0.4505 
[11/28 18:55:21 TiTok-Gen]: Data (t): 0.2645, 40.42/s/gpu Batch (t): 1.5835 LR: 0.000048 Step: 4800 Total Loss: 0.4502 Diff Loss: 0.4502 
[11/28 18:56:44 TiTok-Gen]: Data (t): 0.2458, 37.04/s/gpu Batch (t): 1.7281 LR: 0.000048 Step: 4850 Total Loss: 0.4485 Diff Loss: 0.4485 
[11/28 18:58:06 TiTok-Gen]: Data (t): 0.2493, 37.04/s/gpu Batch (t): 1.7279 LR: 0.000049 Step: 4900 Total Loss: 0.4493 Diff Loss: 0.4493 
[11/28 18:59:28 TiTok-Gen]: Data (t): 0.2529, 40.91/s/gpu Batch (t): 1.5646 LR: 0.000050 Step: 4950 Total Loss: 0.4497 Diff Loss: 0.4497 
[11/28 19:00:52 TiTok-Gen]: Data (t): 0.3247, 35.02/s/gpu Batch (t): 1.8277 LR: 0.000050 Step: 5000 Total Loss: 0.4478 Diff Loss: 0.4478 
[11/28 19:00:53 TiTok-Gen]: Generating images...
  0%|          | 0/289 [00:00<?, ?it/s]  0%|          | 1/289 [00:00<01:49,  2.64it/s]  1%|          | 2/289 [00:00<01:50,  2.60it/s]  1%|          | 3/289 [00:01<01:50,  2.58it/s]  1%|▏         | 4/289 [00:01<01:50,  2.57it/s]  2%|▏         | 5/289 [00:01<01:50,  2.57it/s]  2%|▏         | 6/289 [00:02<01:50,  2.57it/s]  2%|▏         | 7/289 [00:02<01:49,  2.56it/s]  3%|▎         | 8/289 [00:03<01:49,  2.57it/s]  3%|▎         | 9/289 [00:03<01:49,  2.56it/s]  3%|▎         | 10/289 [00:03<01:48,  2.56it/s]  4%|▍         | 11/289 [00:04<01:48,  2.56it/s]  4%|▍         | 12/289 [00:04<01:48,  2.56it/s]  4%|▍         | 13/289 [00:05<01:47,  2.56it/s]  5%|▍         | 14/289 [00:05<01:47,  2.57it/s]  5%|▌         | 15/289 [00:05<01:46,  2.57it/s]  6%|▌         | 16/289 [00:06<01:46,  2.57it/s]  6%|▌         | 17/289 [00:06<01:45,  2.58it/s]  6%|▌         | 18/289 [00:06<01:45,  2.58it/s]  7%|▋         | 19/289 [00:07<01:44,  2.58it/s]  7%|▋         | 20/289 [00:07<01:44,  2.58it/s]  7%|▋         | 21/289 [00:08<01:44,  2.57it/s]  8%|▊         | 22/289 [00:08<01:44,  2.55it/s]  8%|▊         | 23/289 [00:08<01:43,  2.56it/s]  8%|▊         | 24/289 [00:09<01:43,  2.56it/s]  9%|▊         | 25/289 [00:09<01:42,  2.57it/s]  9%|▉         | 26/289 [00:10<01:42,  2.57it/s]  9%|▉         | 27/289 [00:10<01:41,  2.57it/s] 10%|▉         | 28/289 [00:10<01:41,  2.58it/s] 10%|█         | 29/289 [00:11<01:40,  2.58it/s] 10%|█         | 30/289 [00:11<01:40,  2.59it/s] 11%|█         | 31/289 [00:12<01:39,  2.59it/s] 11%|█         | 32/289 [00:12<01:39,  2.59it/s] 11%|█▏        | 33/289 [00:12<01:38,  2.59it/s] 12%|█▏        | 34/289 [00:13<01:38,  2.59it/s] 12%|█▏        | 35/289 [00:13<01:38,  2.59it/s] 12%|█▏        | 36/289 [00:13<01:37,  2.59it/s] 13%|█▎        | 37/289 [00:14<01:37,  2.58it/s] 13%|█▎        | 38/289 [00:14<01:37,  2.58it/s] 13%|█▎        | 39/289 [00:15<01:37,  2.56it/s] 14%|█▍        | 40/289 [00:15<01:36,  2.57it/s] 14%|█▍        | 41/289 [00:15<01:36,  2.57it/s] 15%|█▍        | 42/289 [00:16<01:36,  2.57it/s] 15%|█▍        | 43/289 [00:16<01:35,  2.57it/s] 15%|█▌        | 44/289 [00:17<01:35,  2.58it/s] 16%|█▌        | 45/289 [00:17<01:34,  2.58it/s] 16%|█▌        | 46/289 [00:17<01:34,  2.57it/s] 16%|█▋        | 47/289 [00:18<01:33,  2.58it/s] 17%|█▋        | 48/289 [00:18<01:33,  2.58it/s] 17%|█▋        | 49/289 [00:19<01:32,  2.59it/s] 17%|█▋        | 50/289 [00:19<01:32,  2.59it/s] 18%|█▊        | 51/289 [00:19<01:31,  2.59it/s] 18%|█▊        | 52/289 [00:20<01:31,  2.59it/s] 18%|█▊        | 53/289 [00:20<01:31,  2.59it/s] 19%|█▊        | 54/289 [00:20<01:30,  2.59it/s] 19%|█▉        | 55/289 [00:21<01:30,  2.59it/s] 19%|█▉        | 56/289 [00:21<01:29,  2.59it/s] 20%|█▉        | 57/289 [00:22<01:29,  2.59it/s] 20%|██        | 58/289 [00:22<01:29,  2.59it/s] 20%|██        | 59/289 [00:22<01:28,  2.59it/s] 21%|██        | 60/289 [00:23<01:28,  2.59it/s] 21%|██        | 61/289 [00:23<01:27,  2.59it/s] 21%|██▏       | 62/289 [00:24<01:27,  2.59it/s] 22%|██▏       | 63/289 [00:24<01:27,  2.58it/s] 22%|██▏       | 64/289 [00:24<01:26,  2.59it/s] 22%|██▏       | 65/289 [00:25<01:27,  2.56it/s] 23%|██▎       | 66/289 [00:25<01:26,  2.57it/s] 23%|██▎       | 67/289 [00:26<01:26,  2.57it/s] 24%|██▎       | 68/289 [00:26<01:25,  2.58it/s] 24%|██▍       | 69/289 [00:26<01:25,  2.58it/s] 24%|██▍       | 70/289 [00:27<01:24,  2.58it/s] 25%|██▍       | 71/289 [00:27<01:24,  2.59it/s] 25%|██▍       | 72/289 [00:27<01:23,  2.59it/s] 25%|██▌       | 73/289 [00:28<01:23,  2.59it/s] 26%|██▌       | 74/289 [00:28<01:22,  2.59it/s] 26%|██▌       | 75/289 [00:29<01:22,  2.59it/s] 26%|██▋       | 76/289 [00:29<01:22,  2.59it/s] 27%|██▋       | 77/289 [00:29<01:21,  2.59it/s] 27%|██▋       | 78/289 [00:30<01:21,  2.59it/s] 27%|██▋       | 79/289 [00:30<01:21,  2.59it/s] 28%|██▊       | 80/289 [00:31<01:20,  2.59it/s] 28%|██▊       | 81/289 [00:31<01:20,  2.60it/s] 28%|██▊       | 82/289 [00:31<01:19,  2.59it/s] 29%|██▊       | 83/289 [00:32<01:19,  2.59it/s] 29%|██▉       | 84/289 [00:32<01:19,  2.59it/s] 29%|██▉       | 85/289 [00:32<01:18,  2.59it/s] 30%|██▉       | 86/289 [00:33<01:18,  2.59it/s] 30%|███       | 87/289 [00:33<01:17,  2.59it/s] 30%|███       | 88/289 [00:34<01:17,  2.59it/s] 31%|███       | 89/289 [00:34<01:17,  2.59it/s] 31%|███       | 90/289 [00:34<01:16,  2.59it/s] 31%|███▏      | 91/289 [00:35<01:16,  2.59it/s] 32%|███▏      | 92/289 [00:35<01:15,  2.60it/s] 32%|███▏      | 93/289 [00:36<01:15,  2.59it/s] 33%|███▎      | 94/289 [00:36<01:15,  2.59it/s] 33%|███▎      | 95/289 [00:36<01:14,  2.59it/s] 33%|███▎      | 96/289 [00:37<01:14,  2.59it/s] 34%|███▎      | 97/289 [00:37<01:14,  2.59it/s] 34%|███▍      | 98/289 [00:37<01:13,  2.60it/s] 34%|███▍      | 99/289 [00:38<01:13,  2.59it/s] 35%|███▍      | 100/289 [00:38<01:12,  2.59it/s] 35%|███▍      | 101/289 [00:39<01:12,  2.59it/s] 35%|███▌      | 102/289 [00:39<01:12,  2.58it/s] 36%|███▌      | 103/289 [00:39<01:11,  2.59it/s] 36%|███▌      | 104/289 [00:40<01:11,  2.59it/s] 36%|███▋      | 105/289 [00:40<01:11,  2.57it/s] 37%|███▋      | 106/289 [00:41<01:11,  2.58it/s] 37%|███▋      | 107/289 [00:41<01:10,  2.58it/s] 37%|███▋      | 108/289 [00:41<01:10,  2.58it/s] 38%|███▊      | 109/289 [00:42<01:09,  2.58it/s] 38%|███▊      | 110/289 [00:42<01:09,  2.59it/s] 38%|███▊      | 111/289 [00:42<01:09,  2.58it/s] 39%|███▉      | 112/289 [00:43<01:08,  2.58it/s] 39%|███▉      | 113/289 [00:43<01:08,  2.59it/s] 39%|███▉      | 114/289 [00:44<01:07,  2.58it/s] 40%|███▉      | 115/289 [00:44<01:07,  2.58it/s] 40%|████      | 116/289 [00:44<01:06,  2.59it/s] 40%|████      | 117/289 [00:45<01:06,  2.57it/s] 41%|████      | 118/289 [00:45<01:06,  2.58it/s] 41%|████      | 119/289 [00:46<01:05,  2.58it/s] 42%|████▏     | 120/289 [00:46<01:05,  2.59it/s] 42%|████▏     | 121/289 [00:46<01:04,  2.59it/s] 42%|████▏     | 122/289 [00:47<01:04,  2.58it/s] 43%|████▎     | 123/289 [00:47<01:04,  2.59it/s] 43%|████▎     | 124/289 [00:48<01:03,  2.59it/s] 43%|████▎     | 125/289 [00:48<01:03,  2.59it/s] 44%|████▎     | 126/289 [00:48<01:02,  2.59it/s] 44%|████▍     | 127/289 [00:49<01:02,  2.59it/s] 44%|████▍     | 128/289 [00:49<01:02,  2.59it/s] 45%|████▍     | 129/289 [00:49<01:01,  2.59it/s] 45%|████▍     | 130/289 [00:50<01:01,  2.60it/s] 45%|████▌     | 131/289 [00:50<01:00,  2.59it/s] 46%|████▌     | 132/289 [00:51<01:00,  2.60it/s] 46%|████▌     | 133/289 [00:51<01:00,  2.59it/s] 46%|████▋     | 134/289 [00:51<00:59,  2.59it/s] 47%|████▋     | 135/289 [00:52<00:59,  2.59it/s] 47%|████▋     | 136/289 [00:52<00:59,  2.59it/s] 47%|████▋     | 137/289 [00:53<00:58,  2.59it/s] 48%|████▊     | 138/289 [00:53<00:58,  2.59it/s] 48%|████▊     | 139/289 [00:53<00:57,  2.59it/s] 48%|████▊     | 140/289 [00:54<00:57,  2.59it/s] 49%|████▉     | 141/289 [00:54<00:57,  2.59it/s] 49%|████▉     | 142/289 [00:54<00:56,  2.59it/s] 49%|████▉     | 143/289 [00:55<00:56,  2.59it/s] 50%|████▉     | 144/289 [00:55<00:56,  2.59it/s] 50%|█████     | 145/289 [00:56<00:55,  2.59it/s] 51%|█████     | 146/289 [00:56<00:55,  2.58it/s] 51%|█████     | 147/289 [00:56<00:54,  2.58it/s] 51%|█████     | 148/289 [00:57<00:54,  2.58it/s] 52%|█████▏    | 149/289 [00:57<00:54,  2.58it/s] 52%|█████▏    | 150/289 [00:58<00:53,  2.59it/s] 52%|█████▏    | 151/289 [00:58<00:53,  2.59it/s] 53%|█████▎    | 152/289 [00:58<00:52,  2.59it/s] 53%|█████▎    | 153/289 [00:59<00:52,  2.59it/s] 53%|█████▎    | 154/289 [00:59<00:52,  2.59it/s] 54%|█████▎    | 155/289 [00:59<00:51,  2.59it/s] 54%|█████▍    | 156/289 [01:00<00:51,  2.60it/s] 54%|█████▍    | 157/289 [01:00<00:50,  2.60it/s] 55%|█████▍    | 158/289 [01:01<00:50,  2.60it/s] 55%|█████▌    | 159/289 [01:01<00:50,  2.60it/s] 55%|█████▌    | 160/289 [01:01<00:49,  2.60it/s] 56%|█████▌    | 161/289 [01:02<00:49,  2.59it/s] 56%|█████▌    | 162/289 [01:02<00:49,  2.58it/s] 56%|█████▋    | 163/289 [01:03<00:48,  2.59it/s] 57%|█████▋    | 164/289 [01:03<00:48,  2.59it/s] 57%|█████▋    | 165/289 [01:03<00:47,  2.59it/s] 57%|█████▋    | 166/289 [01:04<00:47,  2.59it/s] 58%|█████▊    | 167/289 [01:04<00:47,  2.56it/s] 58%|█████▊    | 168/289 [01:05<00:47,  2.57it/s] 58%|█████▊    | 169/289 [01:05<00:46,  2.58it/s] 59%|█████▉    | 170/289 [01:05<00:46,  2.58it/s] 59%|█████▉    | 171/289 [01:06<00:45,  2.59it/s] 60%|█████▉    | 172/289 [01:06<00:45,  2.59it/s] 60%|█████▉    | 173/289 [01:06<00:44,  2.59it/s] 60%|██████    | 174/289 [01:07<00:44,  2.59it/s] 61%|██████    | 175/289 [01:07<00:43,  2.59it/s] 61%|██████    | 176/289 [01:08<00:43,  2.60it/s] 61%|██████    | 177/289 [01:08<00:43,  2.58it/s] 62%|██████▏   | 178/289 [01:08<00:42,  2.59it/s] 62%|██████▏   | 179/289 [01:09<00:42,  2.59it/s] 62%|██████▏   | 180/289 [01:09<00:42,  2.59it/s] 63%|██████▎   | 181/289 [01:10<00:41,  2.59it/s] 63%|██████▎   | 182/289 [01:10<00:41,  2.59it/s] 63%|██████▎   | 183/289 [01:10<00:40,  2.59it/s] 64%|██████▎   | 184/289 [01:11<00:40,  2.59it/s] 64%|██████▍   | 185/289 [01:11<00:40,  2.59it/s] 64%|██████▍   | 186/289 [01:11<00:39,  2.59it/s] 65%|██████▍   | 187/289 [01:12<00:39,  2.59it/s] 65%|██████▌   | 188/289 [01:12<00:38,  2.59it/s] 65%|██████▌   | 189/289 [01:13<00:38,  2.59it/s] 66%|██████▌   | 190/289 [01:13<00:38,  2.59it/s] 66%|██████▌   | 191/289 [01:13<00:37,  2.58it/s] 66%|██████▋   | 192/289 [01:14<00:37,  2.58it/s] 67%|██████▋   | 193/289 [01:14<00:37,  2.59it/s] 67%|██████▋   | 194/289 [01:15<00:36,  2.58it/s] 67%|██████▋   | 195/289 [01:15<00:36,  2.59it/s] 68%|██████▊   | 196/289 [01:15<00:35,  2.59it/s] 68%|██████▊   | 197/289 [01:16<00:35,  2.59it/s] 69%|██████▊   | 198/289 [01:16<00:35,  2.59it/s] 69%|██████▉   | 199/289 [01:16<00:34,  2.59it/s] 69%|██████▉   | 200/289 [01:17<00:34,  2.60it/s] 70%|██████▉   | 201/289 [01:17<00:33,  2.59it/s] 70%|██████▉   | 202/289 [01:18<00:33,  2.60it/s] 70%|███████   | 203/289 [01:18<00:33,  2.60it/s] 71%|███████   | 204/289 [01:18<00:32,  2.60it/s] 71%|███████   | 205/289 [01:19<00:32,  2.60it/s] 71%|███████▏  | 206/289 [01:19<00:31,  2.59it/s] 72%|███████▏  | 207/289 [01:20<00:31,  2.60it/s] 72%|███████▏  | 208/289 [01:20<00:31,  2.60it/s] 72%|███████▏  | 209/289 [01:20<00:30,  2.60it/s] 73%|███████▎  | 210/289 [01:21<00:30,  2.60it/s] 73%|███████▎  | 211/289 [01:21<00:30,  2.59it/s] 73%|███████▎  | 212/289 [01:21<00:29,  2.59it/s] 74%|███████▎  | 213/289 [01:22<00:29,  2.59it/s] 74%|███████▍  | 214/289 [01:22<00:28,  2.59it/s] 74%|███████▍  | 215/289 [01:23<00:28,  2.60it/s] 75%|███████▍  | 216/289 [01:23<00:28,  2.59it/s] 75%|███████▌  | 217/289 [01:23<00:27,  2.59it/s] 75%|███████▌  | 218/289 [01:24<00:27,  2.59it/s] 76%|███████▌  | 219/289 [01:24<00:26,  2.59it/s] 76%|███████▌  | 220/289 [01:25<00:26,  2.60it/s] 76%|███████▋  | 221/289 [01:25<00:26,  2.59it/s] 77%|███████▋  | 222/289 [01:25<00:25,  2.60it/s] 77%|███████▋  | 223/289 [01:26<00:25,  2.59it/s] 78%|███████▊  | 224/289 [01:26<00:25,  2.60it/s] 78%|███████▊  | 225/289 [01:27<00:24,  2.60it/s] 78%|███████▊  | 226/289 [01:27<00:24,  2.60it/s] 79%|███████▊  | 227/289 [01:27<00:23,  2.59it/s] 79%|███████▉  | 228/289 [01:28<00:23,  2.60it/s] 79%|███████▉  | 229/289 [01:28<00:23,  2.60it/s] 80%|███████▉  | 230/289 [01:28<00:22,  2.60it/s] 80%|███████▉  | 231/289 [01:29<00:22,  2.60it/s] 80%|████████  | 232/289 [01:29<00:21,  2.60it/s] 81%|████████  | 233/289 [01:30<00:21,  2.60it/s] 81%|████████  | 234/289 [01:30<00:21,  2.60it/s] 81%|████████▏ | 235/289 [01:30<00:20,  2.59it/s] 82%|████████▏ | 236/289 [01:31<00:20,  2.58it/s] 82%|████████▏ | 237/289 [01:31<00:20,  2.59it/s] 82%|████████▏ | 238/289 [01:32<00:19,  2.59it/s] 83%|████████▎ | 239/289 [01:32<00:19,  2.59it/s] 83%|████████▎ | 240/289 [01:32<00:18,  2.60it/s] 83%|████████▎ | 241/289 [01:33<00:18,  2.57it/s] 84%|████████▎ | 242/289 [01:33<00:18,  2.58it/s] 84%|████████▍ | 243/289 [01:33<00:17,  2.59it/s] 84%|████████▍ | 244/289 [01:34<00:17,  2.59it/s] 85%|████████▍ | 245/289 [01:34<00:16,  2.59it/s] 85%|████████▌ | 246/289 [01:35<00:16,  2.59it/s] 85%|████████▌ | 247/289 [01:35<00:16,  2.59it/s] 86%|████████▌ | 248/289 [01:35<00:15,  2.60it/s] 86%|████████▌ | 249/289 [01:36<00:15,  2.60it/s] 87%|████████▋ | 250/289 [01:36<00:15,  2.60it/s] 87%|████████▋ | 251/289 [01:37<00:14,  2.60it/s] 87%|████████▋ | 252/289 [01:37<00:14,  2.59it/s] 88%|████████▊ | 253/289 [01:37<00:13,  2.59it/s] 88%|████████▊ | 254/289 [01:38<00:13,  2.59it/s] 88%|████████▊ | 255/289 [01:38<00:13,  2.59it/s] 89%|████████▊ | 256/289 [01:38<00:12,  2.60it/s] 89%|████████▉ | 257/289 [01:39<00:12,  2.59it/s] 89%|████████▉ | 258/289 [01:39<00:11,  2.59it/s] 90%|████████▉ | 259/289 [01:40<00:11,  2.59it/s] 90%|████████▉ | 260/289 [01:40<00:11,  2.59it/s] 90%|█████████ | 261/289 [01:40<00:10,  2.59it/s] 91%|█████████ | 262/289 [01:41<00:10,  2.59it/s] 91%|█████████ | 263/289 [01:41<00:10,  2.59it/s] 91%|█████████▏| 264/289 [01:42<00:09,  2.60it/s] 92%|█████████▏| 265/289 [01:42<00:09,  2.59it/s] 92%|█████████▏| 266/289 [01:42<00:08,  2.60it/s] 92%|█████████▏| 267/289 [01:43<00:08,  2.59it/s] 93%|█████████▎| 268/289 [01:43<00:08,  2.59it/s] 93%|█████████▎| 269/289 [01:43<00:07,  2.59it/s] 93%|█████████▎| 270/289 [01:44<00:07,  2.59it/s] 94%|█████████▍| 271/289 [01:44<00:06,  2.59it/s] 94%|█████████▍| 272/289 [01:45<00:06,  2.59it/s] 94%|█████████▍| 273/289 [01:45<00:06,  2.59it/s] 95%|█████████▍| 274/289 [01:45<00:05,  2.59it/s] 95%|█████████▌| 275/289 [01:46<00:05,  2.60it/s] 96%|█████████▌| 276/289 [01:46<00:05,  2.60it/s] 96%|█████████▌| 277/289 [01:47<00:04,  2.59it/s] 96%|█████████▌| 278/289 [01:47<00:04,  2.59it/s] 97%|█████████▋| 279/289 [01:47<00:03,  2.60it/s] 97%|█████████▋| 280/289 [01:48<00:03,  2.60it/s] 97%|█████████▋| 281/289 [01:48<00:03,  2.60it/s] 98%|█████████▊| 282/289 [01:48<00:02,  2.59it/s] 98%|█████████▊| 283/289 [01:49<00:02,  2.59it/s] 98%|█████████▊| 284/289 [01:49<00:01,  2.59it/s] 99%|█████████▊| 285/289 [01:50<00:01,  2.59it/s] 99%|█████████▉| 286/289 [01:50<00:01,  2.60it/s] 99%|█████████▉| 287/289 [01:50<00:00,  2.59it/s]100%|█████████▉| 288/289 [01:51<00:00,  2.60it/s]100%|█████████▉| 288/289 [01:51<00:00,  2.58it/s]
[11/28 19:04:09 TiTok-Gen]: Data (t): 0.2467, 39.78/s/gpu Batch (t): 1.6089 LR: 0.000051 Step: 5050 Total Loss: 0.4482 Diff Loss: 0.4482 
[11/28 19:05:12 TiTok-Gen]: Epoch 8/1597 started.
[11/28 19:05:52 TiTok-Gen]: Data (t): 0.2473, 36.81/s/gpu Batch (t): 1.7384 LR: 0.000051 Step: 5100 Total Loss: 0.4471 Diff Loss: 0.4471 
[11/28 19:07:15 TiTok-Gen]: Data (t): 0.2469, 38.40/s/gpu Batch (t): 1.6666 LR: 0.000052 Step: 5150 Total Loss: 0.4473 Diff Loss: 0.4473 
[11/28 19:08:38 TiTok-Gen]: Data (t): 0.2827, 39.71/s/gpu Batch (t): 1.6117 LR: 0.000052 Step: 5200 Total Loss: 0.4475 Diff Loss: 0.4475 
[11/28 19:10:00 TiTok-Gen]: Data (t): 0.2489, 39.96/s/gpu Batch (t): 1.6014 LR: 0.000053 Step: 5250 Total Loss: 0.4457 Diff Loss: 0.4457 
[11/28 19:11:22 TiTok-Gen]: Data (t): 0.2872, 40.81/s/gpu Batch (t): 1.5681 LR: 0.000053 Step: 5300 Total Loss: 0.4455 Diff Loss: 0.4455 
[11/28 19:12:45 TiTok-Gen]: Data (t): 0.2460, 40.22/s/gpu Batch (t): 1.5914 LR: 0.000054 Step: 5350 Total Loss: 0.4455 Diff Loss: 0.4455 
[11/28 19:14:07 TiTok-Gen]: Data (t): 0.2478, 39.85/s/gpu Batch (t): 1.6062 LR: 0.000054 Step: 5400 Total Loss: 0.4454 Diff Loss: 0.4454 
[11/28 19:15:29 TiTok-Gen]: Data (t): 0.2552, 36.10/s/gpu Batch (t): 1.7730 LR: 0.000055 Step: 5450 Total Loss: 0.4448 Diff Loss: 0.4448 
[11/28 19:16:50 TiTok-Gen]: Data (t): 0.2778, 41.14/s/gpu Batch (t): 1.5558 LR: 0.000055 Step: 5500 Total Loss: 0.4445 Diff Loss: 0.4445 
[11/28 19:18:13 TiTok-Gen]: Data (t): 0.2453, 40.05/s/gpu Batch (t): 1.5978 LR: 0.000056 Step: 5550 Total Loss: 0.4444 Diff Loss: 0.4444 
[11/28 19:19:35 TiTok-Gen]: Data (t): 0.2456, 37.33/s/gpu Batch (t): 1.7145 LR: 0.000056 Step: 5600 Total Loss: 0.4446 Diff Loss: 0.4446 
[11/28 19:20:57 TiTok-Gen]: Data (t): 0.2480, 40.58/s/gpu Batch (t): 1.5770 LR: 0.000056 Step: 5650 Total Loss: 0.4444 Diff Loss: 0.4444 
[11/28 19:22:20 TiTok-Gen]: Data (t): 0.2458, 39.42/s/gpu Batch (t): 1.6236 LR: 0.000057 Step: 5700 Total Loss: 0.4433 Diff Loss: 0.4433 
[11/28 19:22:59 TiTok-Gen]: Epoch 9/1597 started.
[11/28 19:24:01 TiTok-Gen]: Data (t): 0.4243, 40.11/s/gpu Batch (t): 1.5956 LR: 0.000057 Step: 5750 Total Loss: 0.4434 Diff Loss: 0.4434 
[11/28 19:25:23 TiTok-Gen]: Data (t): 0.4235, 36.65/s/gpu Batch (t): 1.7461 LR: 0.000058 Step: 5800 Total Loss: 0.4437 Diff Loss: 0.4437 
[11/28 19:26:46 TiTok-Gen]: Data (t): 0.2479, 37.26/s/gpu Batch (t): 1.7178 LR: 0.000058 Step: 5850 Total Loss: 0.4427 Diff Loss: 0.4427 
[11/28 19:28:08 TiTok-Gen]: Data (t): 0.4456, 40.42/s/gpu Batch (t): 1.5832 LR: 0.000059 Step: 5900 Total Loss: 0.4425 Diff Loss: 0.4425 
[11/28 19:29:30 TiTok-Gen]: Data (t): 0.4292, 36.25/s/gpu Batch (t): 1.7655 LR: 0.000060 Step: 5950 Total Loss: 0.4420 Diff Loss: 0.4420 
[11/28 19:30:52 TiTok-Gen]: Data (t): 0.2506, 32.67/s/gpu Batch (t): 1.9592 LR: 0.000060 Step: 6000 Total Loss: 0.4409 Diff Loss: 0.4409 
[11/28 19:30:54 TiTok-Gen]: Generating images...
  0%|          | 0/289 [00:00<?, ?it/s]  0%|          | 1/289 [00:00<01:47,  2.69it/s]  1%|          | 2/289 [00:00<01:48,  2.64it/s]  1%|          | 3/289 [00:01<01:48,  2.63it/s]  1%|▏         | 4/289 [00:01<01:48,  2.62it/s]  2%|▏         | 5/289 [00:01<01:48,  2.62it/s]  2%|▏         | 6/289 [00:02<01:48,  2.62it/s]  2%|▏         | 7/289 [00:02<01:47,  2.61it/s]  3%|▎         | 8/289 [00:03<01:47,  2.61it/s]  3%|▎         | 9/289 [00:03<01:47,  2.61it/s]  3%|▎         | 10/289 [00:03<01:46,  2.61it/s]  4%|▍         | 11/289 [00:04<01:46,  2.60it/s]  4%|▍         | 12/289 [00:04<01:47,  2.57it/s]  4%|▍         | 13/289 [00:04<01:46,  2.59it/s]  5%|▍         | 14/289 [00:05<01:46,  2.59it/s]  5%|▌         | 15/289 [00:05<01:45,  2.60it/s]  6%|▌         | 16/289 [00:06<01:45,  2.59it/s]  6%|▌         | 17/289 [00:06<01:45,  2.59it/s]  6%|▌         | 18/289 [00:06<01:44,  2.60it/s]  7%|▋         | 19/289 [00:07<01:44,  2.60it/s]  7%|▋         | 20/289 [00:07<01:43,  2.60it/s]  7%|▋         | 21/289 [00:08<01:42,  2.61it/s]  8%|▊         | 22/289 [00:08<01:42,  2.61it/s]  8%|▊         | 23/289 [00:08<01:41,  2.62it/s]  8%|▊         | 24/289 [00:09<01:41,  2.62it/s]  9%|▊         | 25/289 [00:09<01:40,  2.63it/s]  9%|▉         | 26/289 [00:09<01:40,  2.63it/s]  9%|▉         | 27/289 [00:10<01:39,  2.63it/s] 10%|▉         | 28/289 [00:10<01:39,  2.62it/s] 10%|█         | 29/289 [00:11<01:39,  2.62it/s] 10%|█         | 30/289 [00:11<01:38,  2.62it/s] 11%|█         | 31/289 [00:11<01:38,  2.63it/s] 11%|█         | 32/289 [00:12<01:37,  2.63it/s] 11%|█▏        | 33/289 [00:12<01:37,  2.62it/s] 12%|█▏        | 34/289 [00:13<01:37,  2.60it/s] 12%|█▏        | 35/289 [00:13<01:37,  2.61it/s] 12%|█▏        | 36/289 [00:13<01:36,  2.61it/s] 13%|█▎        | 37/289 [00:14<01:37,  2.59it/s] 13%|█▎        | 38/289 [00:14<01:37,  2.57it/s] 13%|█▎        | 39/289 [00:14<01:37,  2.57it/s] 14%|█▍        | 40/289 [00:15<01:36,  2.58it/s] 14%|█▍        | 41/289 [00:15<01:35,  2.59it/s] 15%|█▍        | 42/289 [00:16<01:34,  2.60it/s] 15%|█▍        | 43/289 [00:16<01:34,  2.61it/s] 15%|█▌        | 44/289 [00:16<01:33,  2.62it/s] 16%|█▌        | 45/289 [00:17<01:33,  2.62it/s] 16%|█▌        | 46/289 [00:17<01:32,  2.63it/s] 16%|█▋        | 47/289 [00:18<01:32,  2.63it/s] 17%|█▋        | 48/289 [00:18<01:31,  2.63it/s] 17%|█▋        | 49/289 [00:18<01:31,  2.63it/s] 17%|█▋        | 50/289 [00:19<01:30,  2.63it/s] 18%|█▊        | 51/289 [00:19<01:30,  2.63it/s] 18%|█▊        | 52/289 [00:19<01:30,  2.63it/s] 18%|█▊        | 53/289 [00:20<01:29,  2.63it/s] 19%|█▊        | 54/289 [00:20<01:29,  2.63it/s] 19%|█▉        | 55/289 [00:21<01:28,  2.63it/s] 19%|█▉        | 56/289 [00:21<01:28,  2.64it/s] 20%|█▉        | 57/289 [00:21<01:27,  2.64it/s] 20%|██        | 58/289 [00:22<01:27,  2.63it/s] 20%|██        | 59/289 [00:22<01:27,  2.63it/s] 21%|██        | 60/289 [00:22<01:27,  2.61it/s] 21%|██        | 61/289 [00:23<01:27,  2.62it/s] 21%|██▏       | 62/289 [00:23<01:26,  2.62it/s] 22%|██▏       | 63/289 [00:24<01:26,  2.63it/s] 22%|██▏       | 64/289 [00:24<01:25,  2.62it/s] 22%|██▏       | 65/289 [00:24<01:25,  2.62it/s] 23%|██▎       | 66/289 [00:25<01:25,  2.61it/s] 23%|██▎       | 67/289 [00:25<01:25,  2.58it/s] 24%|██▎       | 68/289 [00:26<01:26,  2.56it/s] 24%|██▍       | 69/289 [00:26<01:25,  2.57it/s] 24%|██▍       | 70/289 [00:26<01:24,  2.58it/s] 25%|██▍       | 71/289 [00:27<01:24,  2.59it/s] 25%|██▍       | 72/289 [00:27<01:23,  2.60it/s] 25%|██▌       | 73/289 [00:27<01:22,  2.60it/s] 26%|██▌       | 74/289 [00:28<01:22,  2.61it/s] 26%|██▌       | 75/289 [00:28<01:21,  2.61it/s] 26%|██▋       | 76/289 [00:29<01:21,  2.61it/s] 27%|██▋       | 77/289 [00:29<01:20,  2.62it/s] 27%|██▋       | 78/289 [00:29<01:20,  2.62it/s] 27%|██▋       | 79/289 [00:30<01:20,  2.62it/s] 28%|██▊       | 80/289 [00:30<01:19,  2.62it/s] 28%|██▊       | 81/289 [00:31<01:19,  2.63it/s] 28%|██▊       | 82/289 [00:31<01:18,  2.62it/s] 29%|██▊       | 83/289 [00:31<01:18,  2.62it/s] 29%|██▉       | 84/289 [00:32<01:18,  2.62it/s] 29%|██▉       | 85/289 [00:32<01:17,  2.62it/s] 30%|██▉       | 86/289 [00:32<01:17,  2.62it/s] 30%|███       | 87/289 [00:33<01:16,  2.62it/s] 30%|███       | 88/289 [00:33<01:16,  2.62it/s] 31%|███       | 89/289 [00:34<01:16,  2.62it/s] 31%|███       | 90/289 [00:34<01:15,  2.62it/s] 31%|███▏      | 91/289 [00:34<01:15,  2.62it/s] 32%|███▏      | 92/289 [00:35<01:15,  2.62it/s] 32%|███▏      | 93/289 [00:35<01:14,  2.63it/s] 33%|███▎      | 94/289 [00:35<01:14,  2.62it/s] 33%|███▎      | 95/289 [00:36<01:13,  2.63it/s] 33%|███▎      | 96/289 [00:36<01:13,  2.63it/s] 34%|███▎      | 97/289 [00:37<01:13,  2.62it/s] 34%|███▍      | 98/289 [00:37<01:12,  2.62it/s] 34%|███▍      | 99/289 [00:37<01:12,  2.62it/s] 35%|███▍      | 100/289 [00:38<01:12,  2.60it/s] 35%|███▍      | 101/289 [00:38<01:11,  2.61it/s] 35%|███▌      | 102/289 [00:39<01:11,  2.62it/s] 36%|███▌      | 103/289 [00:39<01:11,  2.62it/s] 36%|███▌      | 104/289 [00:39<01:10,  2.62it/s] 36%|███▋      | 105/289 [00:40<01:10,  2.62it/s] 37%|███▋      | 106/289 [00:40<01:10,  2.61it/s] 37%|███▋      | 107/289 [00:40<01:09,  2.62it/s] 37%|███▋      | 108/289 [00:41<01:09,  2.62it/s] 38%|███▊      | 109/289 [00:41<01:08,  2.62it/s] 38%|███▊      | 110/289 [00:42<01:08,  2.62it/s] 38%|███▊      | 111/289 [00:42<01:07,  2.62it/s] 39%|███▉      | 112/289 [00:42<01:07,  2.62it/s] 39%|███▉      | 113/289 [00:43<01:07,  2.62it/s] 39%|███▉      | 114/289 [00:43<01:06,  2.62it/s] 40%|███▉      | 115/289 [00:43<01:06,  2.62it/s] 40%|████      | 116/289 [00:44<01:05,  2.63it/s] 40%|████      | 117/289 [00:44<01:05,  2.62it/s] 41%|████      | 118/289 [00:45<01:05,  2.61it/s] 41%|████      | 119/289 [00:45<01:04,  2.62it/s] 42%|████▏     | 120/289 [00:45<01:04,  2.62it/s] 42%|████▏     | 121/289 [00:46<01:04,  2.62it/s] 42%|████▏     | 122/289 [00:46<01:03,  2.62it/s] 43%|████▎     | 123/289 [00:47<01:03,  2.62it/s] 43%|████▎     | 124/289 [00:47<01:02,  2.63it/s] 43%|████▎     | 125/289 [00:47<01:02,  2.63it/s] 44%|████▎     | 126/289 [00:48<01:02,  2.62it/s] 44%|████▍     | 127/289 [00:48<01:01,  2.62it/s] 44%|████▍     | 128/289 [00:48<01:01,  2.62it/s] 45%|████▍     | 129/289 [00:49<01:00,  2.63it/s] 45%|████▍     | 130/289 [00:49<01:00,  2.62it/s] 45%|████▌     | 131/289 [00:50<01:00,  2.62it/s] 46%|████▌     | 132/289 [00:50<00:59,  2.62it/s] 46%|████▌     | 133/289 [00:50<00:59,  2.62it/s] 46%|████▋     | 134/289 [00:51<00:59,  2.62it/s] 47%|████▋     | 135/289 [00:51<00:58,  2.62it/s] 47%|████▋     | 136/289 [00:51<00:58,  2.62it/s] 47%|████▋     | 137/289 [00:52<00:57,  2.62it/s] 48%|████▊     | 138/289 [00:52<00:57,  2.62it/s] 48%|████▊     | 139/289 [00:53<00:57,  2.62it/s] 48%|████▊     | 140/289 [00:53<00:56,  2.62it/s] 49%|████▉     | 141/289 [00:53<00:56,  2.62it/s] 49%|████▉     | 142/289 [00:54<00:55,  2.63it/s] 49%|████▉     | 143/289 [00:54<00:55,  2.63it/s] 50%|████▉     | 144/289 [00:55<00:55,  2.63it/s] 50%|█████     | 145/289 [00:55<00:54,  2.63it/s] 51%|█████     | 146/289 [00:55<00:54,  2.63it/s] 51%|█████     | 147/289 [00:56<00:53,  2.64it/s] 51%|█████     | 148/289 [00:56<00:53,  2.65it/s] 52%|█████▏    | 149/289 [00:56<00:52,  2.64it/s] 52%|█████▏    | 150/289 [00:57<00:52,  2.64it/s] 52%|█████▏    | 151/289 [00:57<00:52,  2.63it/s] 53%|█████▎    | 152/289 [00:58<00:52,  2.63it/s] 53%|█████▎    | 153/289 [00:58<00:51,  2.63it/s] 53%|█████▎    | 154/289 [00:58<00:51,  2.63it/s] 54%|█████▎    | 155/289 [00:59<00:50,  2.63it/s] 54%|█████▍    | 156/289 [00:59<00:50,  2.63it/s] 54%|█████▍    | 157/289 [00:59<00:50,  2.63it/s] 55%|█████▍    | 158/289 [01:00<00:50,  2.61it/s] 55%|█████▌    | 159/289 [01:00<00:49,  2.62it/s] 55%|█████▌    | 160/289 [01:01<00:49,  2.62it/s] 56%|█████▌    | 161/289 [01:01<00:48,  2.62it/s] 56%|█████▌    | 162/289 [01:01<00:48,  2.63it/s] 56%|█████▋    | 163/289 [01:02<00:48,  2.61it/s] 57%|█████▋    | 164/289 [01:02<00:47,  2.61it/s] 57%|█████▋    | 165/289 [01:03<00:47,  2.62it/s] 57%|█████▋    | 166/289 [01:03<00:46,  2.62it/s] 58%|█████▊    | 167/289 [01:03<00:46,  2.62it/s] 58%|█████▊    | 168/289 [01:04<00:46,  2.62it/s] 58%|█████▊    | 169/289 [01:04<00:45,  2.62it/s] 59%|█████▉    | 170/289 [01:04<00:45,  2.62it/s] 59%|█████▉    | 171/289 [01:05<00:45,  2.62it/s] 60%|█████▉    | 172/289 [01:05<00:44,  2.62it/s] 60%|█████▉    | 173/289 [01:06<00:44,  2.62it/s] 60%|██████    | 174/289 [01:06<00:43,  2.62it/s] 61%|██████    | 175/289 [01:06<00:43,  2.62it/s] 61%|██████    | 176/289 [01:07<00:43,  2.62it/s] 61%|██████    | 177/289 [01:07<00:42,  2.62it/s] 62%|██████▏   | 178/289 [01:07<00:42,  2.62it/s] 62%|██████▏   | 179/289 [01:08<00:41,  2.62it/s] 62%|██████▏   | 180/289 [01:08<00:41,  2.62it/s] 63%|██████▎   | 181/289 [01:09<00:41,  2.63it/s] 63%|██████▎   | 182/289 [01:09<00:40,  2.63it/s] 63%|██████▎   | 183/289 [01:09<00:40,  2.63it/s] 64%|██████▎   | 184/289 [01:10<00:39,  2.63it/s] 64%|██████▍   | 185/289 [01:10<00:39,  2.63it/s] 64%|██████▍   | 186/289 [01:11<00:39,  2.63it/s] 65%|██████▍   | 187/289 [01:11<00:38,  2.62it/s] 65%|██████▌   | 188/289 [01:11<00:38,  2.62it/s] 65%|██████▌   | 189/289 [01:12<00:38,  2.63it/s] 66%|██████▌   | 190/289 [01:12<00:37,  2.63it/s] 66%|██████▌   | 191/289 [01:12<00:37,  2.62it/s] 66%|██████▋   | 192/289 [01:13<00:36,  2.62it/s] 67%|██████▋   | 193/289 [01:13<00:36,  2.60it/s] 67%|██████▋   | 194/289 [01:14<00:36,  2.59it/s] 67%|██████▋   | 195/289 [01:14<00:36,  2.60it/s] 68%|██████▊   | 196/289 [01:14<00:35,  2.61it/s] 68%|██████▊   | 197/289 [01:15<00:35,  2.61it/s] 69%|██████▊   | 198/289 [01:15<00:34,  2.62it/s] 69%|██████▉   | 199/289 [01:16<00:34,  2.62it/s] 69%|██████▉   | 200/289 [01:16<00:33,  2.63it/s] 70%|██████▉   | 201/289 [01:16<00:33,  2.63it/s] 70%|██████▉   | 202/289 [01:17<00:33,  2.63it/s] 70%|███████   | 203/289 [01:17<00:32,  2.63it/s] 71%|███████   | 204/289 [01:17<00:32,  2.63it/s] 71%|███████   | 205/289 [01:18<00:31,  2.63it/s] 71%|███████▏  | 206/289 [01:18<00:31,  2.63it/s] 72%|███████▏  | 207/289 [01:19<00:31,  2.63it/s] 72%|███████▏  | 208/289 [01:19<00:30,  2.63it/s] 72%|███████▏  | 209/289 [01:19<00:30,  2.63it/s] 73%|███████▎  | 210/289 [01:20<00:29,  2.63it/s] 73%|███████▎  | 211/289 [01:20<00:29,  2.63it/s] 73%|███████▎  | 212/289 [01:20<00:29,  2.63it/s] 74%|███████▎  | 213/289 [01:21<00:28,  2.63it/s] 74%|███████▍  | 214/289 [01:21<00:28,  2.63it/s] 74%|███████▍  | 215/289 [01:22<00:28,  2.63it/s] 75%|███████▍  | 216/289 [01:22<00:27,  2.63it/s] 75%|███████▌  | 217/289 [01:22<00:27,  2.63it/s] 75%|███████▌  | 218/289 [01:23<00:27,  2.63it/s] 76%|███████▌  | 219/289 [01:23<00:26,  2.65it/s] 76%|███████▌  | 220/289 [01:23<00:25,  2.67it/s] 76%|███████▋  | 221/289 [01:24<00:25,  2.68it/s] 77%|███████▋  | 222/289 [01:24<00:24,  2.69it/s] 77%|███████▋  | 223/289 [01:25<00:24,  2.70it/s] 78%|███████▊  | 224/289 [01:25<00:24,  2.70it/s] 78%|███████▊  | 225/289 [01:25<00:23,  2.70it/s] 78%|███████▊  | 226/289 [01:26<00:23,  2.71it/s] 79%|███████▊  | 227/289 [01:26<00:23,  2.65it/s] 79%|███████▉  | 228/289 [01:26<00:23,  2.62it/s] 79%|███████▉  | 229/289 [01:27<00:23,  2.60it/s] 80%|███████▉  | 230/289 [01:27<00:22,  2.60it/s] 80%|███████▉  | 231/289 [01:28<00:22,  2.59it/s] 80%|████████  | 232/289 [01:28<00:22,  2.59it/s] 81%|████████  | 233/289 [01:28<00:21,  2.59it/s] 81%|████████  | 234/289 [01:29<00:21,  2.59it/s] 81%|████████▏ | 235/289 [01:29<00:20,  2.59it/s] 82%|████████▏ | 236/289 [01:30<00:20,  2.58it/s] 82%|████████▏ | 237/289 [01:30<00:20,  2.58it/s] 82%|████████▏ | 238/289 [01:30<00:19,  2.58it/s] 83%|████████▎ | 239/289 [01:31<00:19,  2.58it/s] 83%|████████▎ | 240/289 [01:31<00:18,  2.59it/s] 83%|████████▎ | 241/289 [01:32<00:18,  2.59it/s] 84%|████████▎ | 242/289 [01:32<00:18,  2.59it/s] 84%|████████▍ | 243/289 [01:32<00:17,  2.59it/s] 84%|████████▍ | 244/289 [01:33<00:17,  2.60it/s] 85%|████████▍ | 245/289 [01:33<00:17,  2.58it/s] 85%|████████▌ | 246/289 [01:33<00:16,  2.58it/s] 85%|████████▌ | 247/289 [01:34<00:16,  2.57it/s] 86%|████████▌ | 248/289 [01:34<00:15,  2.58it/s] 86%|████████▌ | 249/289 [01:35<00:15,  2.58it/s] 87%|████████▋ | 250/289 [01:35<00:15,  2.59it/s] 87%|████████▋ | 251/289 [01:35<00:14,  2.59it/s] 87%|████████▋ | 252/289 [01:36<00:14,  2.59it/s] 88%|████████▊ | 253/289 [01:36<00:13,  2.60it/s] 88%|████████▊ | 254/289 [01:37<00:13,  2.60it/s] 88%|████████▊ | 255/289 [01:37<00:13,  2.60it/s] 89%|████████▊ | 256/289 [01:37<00:12,  2.61it/s] 89%|████████▉ | 257/289 [01:38<00:12,  2.60it/s] 89%|████████▉ | 258/289 [01:38<00:11,  2.61it/s] 90%|████████▉ | 259/289 [01:38<00:11,  2.61it/s] 90%|████████▉ | 260/289 [01:39<00:11,  2.60it/s] 90%|█████████ | 261/289 [01:39<00:10,  2.61it/s] 91%|█████████ | 262/289 [01:40<00:10,  2.60it/s] 91%|█████████ | 263/289 [01:40<00:09,  2.60it/s] 91%|█████████▏| 264/289 [01:40<00:09,  2.59it/s] 92%|█████████▏| 265/289 [01:41<00:09,  2.59it/s] 92%|█████████▏| 266/289 [01:41<00:08,  2.60it/s] 92%|█████████▏| 267/289 [01:42<00:08,  2.60it/s] 93%|█████████▎| 268/289 [01:42<00:08,  2.60it/s] 93%|█████████▎| 269/289 [01:42<00:07,  2.60it/s] 93%|█████████▎| 270/289 [01:43<00:07,  2.60it/s] 94%|█████████▍| 271/289 [01:43<00:06,  2.60it/s] 94%|█████████▍| 272/289 [01:43<00:06,  2.60it/s] 94%|█████████▍| 273/289 [01:44<00:06,  2.60it/s] 95%|█████████▍| 274/289 [01:44<00:05,  2.61it/s] 95%|█████████▌| 275/289 [01:45<00:05,  2.59it/s] 96%|█████████▌| 276/289 [01:45<00:05,  2.60it/s] 96%|█████████▌| 277/289 [01:45<00:04,  2.60it/s] 96%|█████████▌| 278/289 [01:46<00:04,  2.60it/s] 97%|█████████▋| 279/289 [01:46<00:03,  2.61it/s] 97%|█████████▋| 280/289 [01:47<00:03,  2.61it/s] 97%|█████████▋| 281/289 [01:47<00:03,  2.61it/s] 98%|█████████▊| 282/289 [01:47<00:02,  2.61it/s] 98%|█████████▊| 283/289 [01:48<00:02,  2.62it/s] 98%|█████████▊| 284/289 [01:48<00:01,  2.61it/s] 99%|█████████▊| 285/289 [01:48<00:01,  2.62it/s] 99%|█████████▉| 286/289 [01:49<00:01,  2.61it/s] 99%|█████████▉| 287/289 [01:49<00:00,  2.61it/s]100%|█████████▉| 288/289 [01:50<00:00,  2.61it/s]100%|█████████▉| 288/289 [01:50<00:00,  2.61it/s]
[11/28 19:34:06 TiTok-Gen]: Data (t): 0.4210, 40.25/s/gpu Batch (t): 1.5899 LR: 0.000061 Step: 6050 Total Loss: 0.4415 Diff Loss: 0.4415 
[11/28 19:35:29 TiTok-Gen]: Data (t): 0.2489, 40.33/s/gpu Batch (t): 1.5868 LR: 0.000061 Step: 6100 Total Loss: 0.4410 Diff Loss: 0.4410 
[11/28 19:36:52 TiTok-Gen]: Data (t): 0.2518, 40.52/s/gpu Batch (t): 1.5794 LR: 0.000062 Step: 6150 Total Loss: 0.4410 Diff Loss: 0.4410 
[11/28 19:38:14 TiTok-Gen]: Data (t): 0.2486, 40.83/s/gpu Batch (t): 1.5677 LR: 0.000062 Step: 6200 Total Loss: 0.4401 Diff Loss: 0.4401 
[11/28 19:39:36 TiTok-Gen]: Data (t): 0.2731, 39.80/s/gpu Batch (t): 1.6081 LR: 0.000063 Step: 6250 Total Loss: 0.4397 Diff Loss: 0.4397 
[11/28 19:40:58 TiTok-Gen]: Data (t): 0.2484, 37.12/s/gpu Batch (t): 1.7240 LR: 0.000063 Step: 6300 Total Loss: 0.4393 Diff Loss: 0.4393 
[11/28 19:42:20 TiTok-Gen]: Data (t): 0.2683, 40.33/s/gpu Batch (t): 1.5869 LR: 0.000063 Step: 6350 Total Loss: 0.4402 Diff Loss: 0.4402 
[11/28 19:42:36 TiTok-Gen]: Epoch 10/1597 started.
[11/28 19:44:02 TiTok-Gen]: Data (t): 0.4321, 38.96/s/gpu Batch (t): 1.6426 LR: 0.000064 Step: 6400 Total Loss: 0.4388 Diff Loss: 0.4388 
[11/28 19:45:26 TiTok-Gen]: Data (t): 0.2473, 36.33/s/gpu Batch (t): 1.7617 LR: 0.000065 Step: 6450 Total Loss: 0.4391 Diff Loss: 0.4391 
[11/28 19:46:50 TiTok-Gen]: Data (t): 0.6268, 32.51/s/gpu Batch (t): 1.9684 LR: 0.000065 Step: 6500 Total Loss: 0.4391 Diff Loss: 0.4391 
[11/28 19:48:14 TiTok-Gen]: Data (t): 0.4350, 39.97/s/gpu Batch (t): 1.6010 LR: 0.000066 Step: 6550 Total Loss: 0.4396 Diff Loss: 0.4396 
[11/28 19:49:38 TiTok-Gen]: Data (t): 0.2485, 36.11/s/gpu Batch (t): 1.7723 LR: 0.000066 Step: 6600 Total Loss: 0.4385 Diff Loss: 0.4385 
[11/28 19:51:02 TiTok-Gen]: Data (t): 0.4401, 33.99/s/gpu Batch (t): 1.8832 LR: 0.000067 Step: 6650 Total Loss: 0.4377 Diff Loss: 0.4377 
[11/28 19:52:26 TiTok-Gen]: Data (t): 0.5806, 37.85/s/gpu Batch (t): 1.6909 LR: 0.000067 Step: 6700 Total Loss: 0.4385 Diff Loss: 0.4385 
[11/28 19:53:50 TiTok-Gen]: Data (t): 0.2498, 34.83/s/gpu Batch (t): 1.8375 LR: 0.000068 Step: 6750 Total Loss: 0.4380 Diff Loss: 0.4380 
[11/28 19:55:13 TiTok-Gen]: Data (t): 0.5312, 39.30/s/gpu Batch (t): 1.6287 LR: 0.000068 Step: 6800 Total Loss: 0.4378 Diff Loss: 0.4378 
[11/28 19:56:37 TiTok-Gen]: Data (t): 0.4319, 40.03/s/gpu Batch (t): 1.5989 LR: 0.000069 Step: 6850 Total Loss: 0.4385 Diff Loss: 0.4385 
[11/28 19:58:01 TiTok-Gen]: Data (t): 0.3714, 36.57/s/gpu Batch (t): 1.7500 LR: 0.000069 Step: 6900 Total Loss: 0.4379 Diff Loss: 0.4379 
[11/28 19:59:24 TiTok-Gen]: Data (t): 0.4292, 39.93/s/gpu Batch (t): 1.6027 LR: 0.000069 Step: 6950 Total Loss: 0.4368 Diff Loss: 0.4368 
[11/28 20:00:41 TiTok-Gen]: Epoch 11/1597 started.
[11/28 20:01:07 TiTok-Gen]: Data (t): 0.2461, 36.51/s/gpu Batch (t): 1.7532 LR: 0.000070 Step: 7000 Total Loss: 0.4369 Diff Loss: 0.4369 
[11/28 20:01:08 TiTok-Gen]: Generating images...
  0%|          | 0/289 [00:00<?, ?it/s]  0%|          | 1/289 [00:00<01:50,  2.59it/s]  1%|          | 2/289 [00:00<01:51,  2.57it/s]  1%|          | 3/289 [00:01<01:52,  2.55it/s]  1%|▏         | 4/289 [00:01<01:52,  2.54it/s]  2%|▏         | 5/289 [00:01<01:51,  2.54it/s]  2%|▏         | 6/289 [00:02<01:51,  2.54it/s]  2%|▏         | 7/289 [00:02<01:51,  2.53it/s]  3%|▎         | 8/289 [00:03<01:51,  2.53it/s]  3%|▎         | 9/289 [00:03<01:50,  2.54it/s]  3%|▎         | 10/289 [00:03<01:49,  2.55it/s]  4%|▍         | 11/289 [00:04<01:48,  2.56it/s]  4%|▍         | 12/289 [00:04<01:49,  2.52it/s]  4%|▍         | 13/289 [00:05<01:50,  2.49it/s]  5%|▍         | 14/289 [00:05<01:51,  2.46it/s]  5%|▌         | 15/289 [00:05<01:52,  2.45it/s]  6%|▌         | 16/289 [00:06<01:52,  2.44it/s]  6%|▌         | 17/289 [00:06<01:52,  2.43it/s]  6%|▌         | 18/289 [00:07<01:51,  2.43it/s]  7%|▋         | 19/289 [00:07<01:51,  2.42it/s]  7%|▋         | 20/289 [00:08<01:50,  2.42it/s]  7%|▋         | 21/289 [00:08<01:50,  2.42it/s]  8%|▊         | 22/289 [00:08<01:50,  2.42it/s]  8%|▊         | 23/289 [00:09<01:49,  2.42it/s]  8%|▊         | 24/289 [00:09<01:49,  2.41it/s]  9%|▊         | 25/289 [00:10<01:49,  2.41it/s]  9%|▉         | 26/289 [00:10<01:52,  2.33it/s]  9%|▉         | 27/289 [00:10<01:50,  2.38it/s] 10%|▉         | 28/289 [00:11<01:51,  2.35it/s] 10%|█         | 29/289 [00:11<01:49,  2.37it/s] 10%|█         | 30/289 [00:12<01:49,  2.37it/s] 11%|█         | 31/289 [00:12<01:48,  2.37it/s] 11%|█         | 32/289 [00:13<01:52,  2.29it/s] 11%|█▏        | 33/289 [00:13<01:51,  2.29it/s] 12%|█▏        | 34/289 [00:13<01:48,  2.35it/s] 12%|█▏        | 35/289 [00:14<01:45,  2.40it/s] 12%|█▏        | 36/289 [00:14<01:44,  2.43it/s] 13%|█▎        | 37/289 [00:15<01:42,  2.45it/s] 13%|█▎        | 38/289 [00:15<01:41,  2.46it/s] 13%|█▎        | 39/289 [00:15<01:41,  2.46it/s] 14%|█▍        | 40/289 [00:16<01:40,  2.47it/s] 14%|█▍        | 41/289 [00:16<01:40,  2.46it/s] 15%|█▍        | 42/289 [00:17<01:40,  2.46it/s] 15%|█▍        | 43/289 [00:17<01:41,  2.43it/s] 15%|█▌        | 44/289 [00:18<01:39,  2.46it/s] 16%|█▌        | 45/289 [00:18<01:42,  2.39it/s] 16%|█▌        | 46/289 [00:18<01:41,  2.40it/s] 16%|█▋        | 47/289 [00:19<01:39,  2.43it/s] 17%|█▋        | 48/289 [00:19<01:38,  2.44it/s] 17%|█▋        | 49/289 [00:20<01:38,  2.44it/s] 17%|█▋        | 50/289 [00:20<01:37,  2.46it/s] 18%|█▊        | 51/289 [00:20<01:36,  2.47it/s] 18%|█▊        | 52/289 [00:21<01:36,  2.46it/s] 18%|█▊        | 53/289 [00:21<01:36,  2.44it/s] 19%|█▊        | 54/289 [00:22<01:35,  2.47it/s] 19%|█▉        | 55/289 [00:22<01:34,  2.49it/s] 19%|█▉        | 56/289 [00:22<01:32,  2.51it/s] 20%|█▉        | 57/289 [00:23<01:32,  2.52it/s] 20%|██        | 58/289 [00:23<01:31,  2.53it/s] 20%|██        | 59/289 [00:24<01:30,  2.53it/s] 21%|██        | 60/289 [00:24<01:30,  2.53it/s] 21%|██        | 61/289 [00:24<01:29,  2.54it/s] 21%|██▏       | 62/289 [00:25<01:29,  2.54it/s] 22%|██▏       | 63/289 [00:25<01:28,  2.54it/s] 22%|██▏       | 64/289 [00:26<01:28,  2.54it/s] 22%|██▏       | 65/289 [00:26<01:28,  2.54it/s] 23%|██▎       | 66/289 [00:26<01:27,  2.55it/s] 23%|██▎       | 67/289 [00:27<01:27,  2.54it/s] 24%|██▎       | 68/289 [00:27<01:26,  2.55it/s] 24%|██▍       | 69/289 [00:28<01:26,  2.55it/s] 24%|██▍       | 70/289 [00:28<01:26,  2.55it/s] 25%|██▍       | 71/289 [00:28<01:25,  2.54it/s] 25%|██▍       | 72/289 [00:29<01:25,  2.54it/s] 25%|██▌       | 73/289 [00:29<01:24,  2.54it/s] 26%|██▌       | 74/289 [00:29<01:24,  2.55it/s] 26%|██▌       | 75/289 [00:30<01:23,  2.55it/s] 26%|██▋       | 76/289 [00:30<01:23,  2.55it/s] 27%|██▋       | 77/289 [00:31<01:23,  2.55it/s] 27%|██▋       | 78/289 [00:31<01:22,  2.55it/s] 27%|██▋       | 79/289 [00:31<01:22,  2.55it/s] 28%|██▊       | 80/289 [00:32<01:21,  2.55it/s] 28%|██▊       | 81/289 [00:32<01:21,  2.56it/s] 28%|██▊       | 82/289 [00:33<01:20,  2.56it/s] 29%|██▊       | 83/289 [00:33<01:20,  2.56it/s] 29%|██▉       | 84/289 [00:33<01:20,  2.56it/s] 29%|██▉       | 85/289 [00:34<01:19,  2.56it/s] 30%|██▉       | 86/289 [00:34<01:19,  2.56it/s] 30%|███       | 87/289 [00:35<01:18,  2.56it/s] 30%|███       | 88/289 [00:35<01:18,  2.56it/s] 31%|███       | 89/289 [00:35<01:18,  2.56it/s] 31%|███       | 90/289 [00:36<01:17,  2.56it/s] 31%|███▏      | 91/289 [00:36<01:17,  2.55it/s] 32%|███▏      | 92/289 [00:37<01:17,  2.56it/s] 32%|███▏      | 93/289 [00:37<01:16,  2.56it/s] 33%|███▎      | 94/289 [00:37<01:16,  2.54it/s] 33%|███▎      | 95/289 [00:38<01:16,  2.55it/s] 33%|███▎      | 96/289 [00:38<01:15,  2.55it/s] 34%|███▎      | 97/289 [00:38<01:15,  2.53it/s] 34%|███▍      | 98/289 [00:39<01:15,  2.53it/s] 34%|███▍      | 99/289 [00:39<01:14,  2.53it/s] 35%|███▍      | 100/289 [00:40<01:14,  2.53it/s] 35%|███▍      | 101/289 [00:40<01:14,  2.54it/s] 35%|███▌      | 102/289 [00:40<01:13,  2.54it/s] 36%|███▌      | 103/289 [00:41<01:13,  2.54it/s] 36%|███▌      | 104/289 [00:41<01:12,  2.54it/s] 36%|███▋      | 105/289 [00:42<01:12,  2.54it/s] 37%|███▋      | 106/289 [00:42<01:12,  2.54it/s] 37%|███▋      | 107/289 [00:42<01:11,  2.54it/s] 37%|███▋      | 108/289 [00:43<01:11,  2.54it/s] 38%|███▊      | 109/289 [00:43<01:10,  2.54it/s] 38%|███▊      | 110/289 [00:44<01:10,  2.54it/s] 38%|███▊      | 111/289 [00:44<01:09,  2.54it/s] 39%|███▉      | 112/289 [00:44<01:09,  2.55it/s] 39%|███▉      | 113/289 [00:45<01:09,  2.55it/s] 39%|███▉      | 114/289 [00:45<01:08,  2.54it/s] 40%|███▉      | 115/289 [00:46<01:08,  2.54it/s] 40%|████      | 116/289 [00:46<01:07,  2.55it/s] 40%|████      | 117/289 [00:46<01:07,  2.55it/s] 41%|████      | 118/289 [00:47<01:07,  2.55it/s] 41%|████      | 119/289 [00:47<01:06,  2.55it/s] 42%|████▏     | 120/289 [00:48<01:06,  2.54it/s] 42%|████▏     | 121/289 [00:48<01:06,  2.54it/s] 42%|████▏     | 122/289 [00:48<01:05,  2.55it/s] 43%|████▎     | 123/289 [00:49<01:05,  2.54it/s] 43%|████▎     | 124/289 [00:49<01:06,  2.49it/s] 43%|████▎     | 125/289 [00:50<01:06,  2.48it/s] 44%|████▎     | 126/289 [00:50<01:06,  2.47it/s] 44%|████▍     | 127/289 [00:50<01:05,  2.46it/s] 44%|████▍     | 128/289 [00:51<01:04,  2.48it/s] 45%|████▍     | 129/289 [00:51<01:04,  2.49it/s] 45%|████▍     | 130/289 [00:52<01:03,  2.48it/s] 45%|████▌     | 131/289 [00:52<01:03,  2.48it/s] 46%|████▌     | 132/289 [00:52<01:03,  2.47it/s] 46%|████▌     | 133/289 [00:53<01:03,  2.46it/s] 46%|████▋     | 134/289 [00:53<01:02,  2.47it/s] 47%|████▋     | 135/289 [00:54<01:02,  2.47it/s] 47%|████▋     | 136/289 [00:54<01:02,  2.45it/s] 47%|████▋     | 137/289 [00:54<01:02,  2.42it/s] 48%|████▊     | 138/289 [00:55<01:02,  2.40it/s] 48%|████▊     | 139/289 [00:55<01:03,  2.38it/s] 48%|████▊     | 140/289 [00:56<01:02,  2.38it/s] 49%|████▉     | 141/289 [00:56<01:01,  2.40it/s] 49%|████▉     | 142/289 [00:57<01:01,  2.39it/s] 49%|████▉     | 143/289 [00:57<01:01,  2.39it/s] 50%|████▉     | 144/289 [00:57<01:00,  2.39it/s] 50%|█████     | 145/289 [00:58<01:00,  2.40it/s] 51%|█████     | 146/289 [00:58<00:59,  2.41it/s] 51%|█████     | 147/289 [00:59<00:58,  2.43it/s] 51%|█████     | 148/289 [00:59<00:57,  2.44it/s] 52%|█████▏    | 149/289 [00:59<00:56,  2.46it/s] 52%|█████▏    | 150/289 [01:00<00:56,  2.46it/s] 52%|█████▏    | 151/289 [01:00<00:55,  2.46it/s] 53%|█████▎    | 152/289 [01:01<00:55,  2.47it/s] 53%|█████▎    | 153/289 [01:01<00:55,  2.47it/s] 53%|█████▎    | 154/289 [01:01<00:54,  2.47it/s] 54%|█████▎    | 155/289 [01:02<00:54,  2.45it/s] 54%|█████▍    | 156/289 [01:02<00:54,  2.46it/s] 54%|█████▍    | 157/289 [01:03<00:53,  2.47it/s] 55%|█████▍    | 158/289 [01:03<00:52,  2.49it/s] 55%|█████▌    | 159/289 [01:03<00:52,  2.50it/s] 55%|█████▌    | 160/289 [01:04<00:52,  2.48it/s] 56%|█████▌    | 161/289 [01:04<00:51,  2.48it/s] 56%|█████▌    | 162/289 [01:05<00:51,  2.48it/s] 56%|█████▋    | 163/289 [01:05<00:51,  2.45it/s] 57%|█████▋    | 164/289 [01:05<00:51,  2.45it/s] 57%|█████▋    | 165/289 [01:06<00:50,  2.46it/s] 57%|█████▋    | 166/289 [01:06<00:50,  2.44it/s] 58%|█████▊    | 167/289 [01:07<00:49,  2.48it/s] 58%|█████▊    | 168/289 [01:07<00:48,  2.49it/s] 58%|█████▊    | 169/289 [01:07<00:48,  2.49it/s] 59%|█████▉    | 170/289 [01:08<00:47,  2.49it/s] 59%|█████▉    | 171/289 [01:08<00:48,  2.45it/s] 60%|█████▉    | 172/289 [01:09<00:47,  2.45it/s] 60%|█████▉    | 173/289 [01:09<00:47,  2.42it/s] 60%|██████    | 174/289 [01:10<00:47,  2.41it/s] 61%|██████    | 175/289 [01:10<00:47,  2.39it/s] 61%|██████    | 176/289 [01:10<00:47,  2.38it/s] 61%|██████    | 177/289 [01:11<00:46,  2.40it/s] 62%|██████▏   | 178/289 [01:11<00:46,  2.40it/s] 62%|██████▏   | 179/289 [01:12<00:46,  2.38it/s] 62%|██████▏   | 180/289 [01:12<00:45,  2.38it/s] 63%|██████▎   | 181/289 [01:13<00:45,  2.37it/s] 63%|██████▎   | 182/289 [01:13<00:45,  2.37it/s] 63%|██████▎   | 183/289 [01:13<00:44,  2.39it/s] 64%|██████▎   | 184/289 [01:14<00:43,  2.42it/s] 64%|██████▍   | 185/289 [01:14<00:42,  2.44it/s] 64%|██████▍   | 186/289 [01:15<00:42,  2.45it/s] 65%|██████▍   | 187/289 [01:15<00:41,  2.44it/s] 65%|██████▌   | 188/289 [01:15<00:41,  2.41it/s] 65%|██████▌   | 189/289 [01:16<00:41,  2.40it/s] 66%|██████▌   | 190/289 [01:16<00:41,  2.40it/s] 66%|██████▌   | 191/289 [01:17<00:41,  2.38it/s] 66%|██████▋   | 192/289 [01:17<00:40,  2.39it/s] 67%|██████▋   | 193/289 [01:17<00:39,  2.41it/s] 67%|██████▋   | 194/289 [01:18<00:39,  2.40it/s] 67%|██████▋   | 195/289 [01:18<00:38,  2.42it/s] 68%|██████▊   | 196/289 [01:19<00:38,  2.41it/s] 68%|██████▊   | 197/289 [01:19<00:37,  2.43it/s] 69%|██████▊   | 198/289 [01:20<00:37,  2.42it/s] 69%|██████▉   | 199/289 [01:20<00:36,  2.45it/s] 69%|██████▉   | 200/289 [01:20<00:35,  2.48it/s] 70%|██████▉   | 201/289 [01:21<00:35,  2.50it/s] 70%|██████▉   | 202/289 [01:21<00:34,  2.51it/s] 70%|███████   | 203/289 [01:22<00:34,  2.52it/s] 71%|███████   | 204/289 [01:22<00:33,  2.53it/s] 71%|███████   | 205/289 [01:22<00:33,  2.54it/s] 71%|███████▏  | 206/289 [01:23<00:32,  2.54it/s] 72%|███████▏  | 207/289 [01:23<00:32,  2.55it/s] 72%|███████▏  | 208/289 [01:23<00:31,  2.55it/s] 72%|███████▏  | 209/289 [01:24<00:31,  2.55it/s] 73%|███████▎  | 210/289 [01:24<00:30,  2.56it/s] 73%|███████▎  | 211/289 [01:25<00:30,  2.56it/s] 73%|███████▎  | 212/289 [01:25<00:30,  2.56it/s] 74%|███████▎  | 213/289 [01:25<00:29,  2.56it/s] 74%|███████▍  | 214/289 [01:26<00:29,  2.56it/s] 74%|███████▍  | 215/289 [01:26<00:28,  2.56it/s] 75%|███████▍  | 216/289 [01:27<00:28,  2.56it/s] 75%|███████▌  | 217/289 [01:27<00:28,  2.56it/s] 75%|███████▌  | 218/289 [01:27<00:27,  2.56it/s] 76%|███████▌  | 219/289 [01:28<00:27,  2.56it/s] 76%|███████▌  | 220/289 [01:28<00:26,  2.56it/s] 76%|███████▋  | 221/289 [01:29<00:26,  2.54it/s] 77%|███████▋  | 222/289 [01:29<00:26,  2.54it/s] 77%|███████▋  | 223/289 [01:29<00:26,  2.53it/s] 78%|███████▊  | 224/289 [01:30<00:25,  2.53it/s] 78%|███████▊  | 225/289 [01:30<00:25,  2.52it/s] 78%|███████▊  | 226/289 [01:31<00:24,  2.53it/s] 79%|███████▊  | 227/289 [01:31<00:24,  2.53it/s] 79%|███████▉  | 228/289 [01:31<00:24,  2.52it/s] 79%|███████▉  | 229/289 [01:32<00:23,  2.52it/s] 80%|███████▉  | 230/289 [01:32<00:23,  2.52it/s] 80%|███████▉  | 231/289 [01:33<00:23,  2.52it/s] 80%|████████  | 232/289 [01:33<00:22,  2.51it/s] 81%|████████  | 233/289 [01:33<00:22,  2.49it/s] 81%|████████  | 234/289 [01:34<00:22,  2.48it/s] 81%|████████▏ | 235/289 [01:34<00:21,  2.49it/s] 82%|████████▏ | 236/289 [01:35<00:21,  2.49it/s] 82%|████████▏ | 237/289 [01:35<00:20,  2.49it/s] 82%|████████▏ | 238/289 [01:35<00:20,  2.49it/s] 83%|████████▎ | 239/289 [01:36<00:20,  2.49it/s] 83%|████████▎ | 240/289 [01:36<00:19,  2.50it/s] 83%|████████▎ | 241/289 [01:37<00:19,  2.50it/s] 84%|████████▎ | 242/289 [01:37<00:18,  2.50it/s] 84%|████████▍ | 243/289 [01:37<00:18,  2.50it/s] 84%|████████▍ | 244/289 [01:38<00:17,  2.51it/s] 85%|████████▍ | 245/289 [01:38<00:17,  2.51it/s] 85%|████████▌ | 246/289 [01:39<00:17,  2.50it/s] 85%|████████▌ | 247/289 [01:39<00:16,  2.49it/s] 86%|████████▌ | 248/289 [01:39<00:16,  2.49it/s] 86%|████████▌ | 249/289 [01:40<00:16,  2.48it/s] 87%|████████▋ | 250/289 [01:40<00:15,  2.47it/s] 87%|████████▋ | 251/289 [01:41<00:15,  2.48it/s] 87%|████████▋ | 252/289 [01:41<00:14,  2.49it/s] 88%|████████▊ | 253/289 [01:41<00:14,  2.49it/s] 88%|████████▊ | 254/289 [01:42<00:14,  2.49it/s] 88%|████████▊ | 255/289 [01:42<00:13,  2.49it/s] 89%|████████▊ | 256/289 [01:43<00:13,  2.49it/s] 89%|████████▉ | 257/289 [01:43<00:12,  2.50it/s] 89%|████████▉ | 258/289 [01:43<00:12,  2.50it/s] 90%|████████▉ | 259/289 [01:44<00:11,  2.51it/s] 90%|████████▉ | 260/289 [01:44<00:11,  2.52it/s] 90%|█████████ | 261/289 [01:45<00:11,  2.52it/s] 91%|█████████ | 262/289 [01:45<00:10,  2.52it/s] 91%|█████████ | 263/289 [01:45<00:10,  2.51it/s] 91%|█████████▏| 264/289 [01:46<00:09,  2.53it/s] 92%|█████████▏| 265/289 [01:46<00:09,  2.52it/s] 92%|█████████▏| 266/289 [01:47<00:09,  2.53it/s] 92%|█████████▏| 267/289 [01:47<00:08,  2.52it/s] 93%|█████████▎| 268/289 [01:47<00:08,  2.51it/s] 93%|█████████▎| 269/289 [01:48<00:07,  2.52it/s] 93%|█████████▎| 270/289 [01:48<00:07,  2.47it/s] 94%|█████████▍| 271/289 [01:49<00:07,  2.49it/s] 94%|█████████▍| 272/289 [01:49<00:06,  2.49it/s] 94%|█████████▍| 273/289 [01:49<00:06,  2.49it/s] 95%|█████████▍| 274/289 [01:50<00:06,  2.49it/s] 95%|█████████▌| 275/289 [01:50<00:05,  2.49it/s] 96%|█████████▌| 276/289 [01:51<00:05,  2.49it/s] 96%|█████████▌| 277/289 [01:51<00:04,  2.49it/s] 96%|█████████▌| 278/289 [01:51<00:04,  2.50it/s] 97%|█████████▋| 279/289 [01:52<00:04,  2.49it/s] 97%|█████████▋| 280/289 [01:52<00:03,  2.50it/s] 97%|█████████▋| 281/289 [01:53<00:03,  2.50it/s] 98%|█████████▊| 282/289 [01:53<00:02,  2.47it/s] 98%|█████████▊| 283/289 [01:53<00:02,  2.47it/s] 98%|█████████▊| 284/289 [01:54<00:02,  2.48it/s] 99%|█████████▊| 285/289 [01:54<00:01,  2.49it/s] 99%|█████████▉| 286/289 [01:55<00:01,  2.50it/s] 99%|█████████▉| 287/289 [01:55<00:00,  2.50it/s]100%|█████████▉| 288/289 [01:55<00:00,  2.49it/s]100%|█████████▉| 288/289 [01:56<00:00,  2.48it/s]
[11/28 20:04:28 TiTok-Gen]: Data (t): 0.2465, 40.83/s/gpu Batch (t): 1.5675 LR: 0.000071 Step: 7050 Total Loss: 0.4365 Diff Loss: 0.4365 
[11/28 20:05:52 TiTok-Gen]: Data (t): 0.2521, 38.69/s/gpu Batch (t): 1.6542 LR: 0.000071 Step: 7100 Total Loss: 0.4358 Diff Loss: 0.4358 
[11/28 20:07:16 TiTok-Gen]: Data (t): 0.3649, 40.71/s/gpu Batch (t): 1.5722 LR: 0.000072 Step: 7150 Total Loss: 0.4359 Diff Loss: 0.4359 
[11/28 20:08:40 TiTok-Gen]: Data (t): 0.2465, 37.68/s/gpu Batch (t): 1.6984 LR: 0.000072 Step: 7200 Total Loss: 0.4359 Diff Loss: 0.4359 
[11/28 20:10:03 TiTok-Gen]: Data (t): 0.2621, 36.66/s/gpu Batch (t): 1.7457 LR: 0.000073 Step: 7250 Total Loss: 0.4360 Diff Loss: 0.4360 
[11/28 20:11:27 TiTok-Gen]: Data (t): 0.2532, 33.92/s/gpu Batch (t): 1.8867 LR: 0.000073 Step: 7300 Total Loss: 0.4354 Diff Loss: 0.4354 
[11/28 20:12:51 TiTok-Gen]: Data (t): 0.2488, 40.29/s/gpu Batch (t): 1.5884 LR: 0.000073 Step: 7350 Total Loss: 0.4362 Diff Loss: 0.4362 
[11/28 20:14:15 TiTok-Gen]: Data (t): 0.2511, 40.16/s/gpu Batch (t): 1.5938 LR: 0.000074 Step: 7400 Total Loss: 0.4360 Diff Loss: 0.4360 
[11/28 20:15:39 TiTok-Gen]: Data (t): 0.2517, 38.63/s/gpu Batch (t): 1.6568 LR: 0.000075 Step: 7450 Total Loss: 0.4354 Diff Loss: 0.4354 
[11/28 20:17:02 TiTok-Gen]: Data (t): 0.2531, 34.63/s/gpu Batch (t): 1.8480 LR: 0.000075 Step: 7500 Total Loss: 0.4342 Diff Loss: 0.4342 
[11/28 20:18:26 TiTok-Gen]: Data (t): 0.2547, 37.74/s/gpu Batch (t): 1.6958 LR: 0.000076 Step: 7550 Total Loss: 0.4348 Diff Loss: 0.4348 
[11/28 20:19:49 TiTok-Gen]: Data (t): 0.2513, 39.06/s/gpu Batch (t): 1.6385 LR: 0.000076 Step: 7600 Total Loss: 0.4352 Diff Loss: 0.4352 
[11/28 20:20:42 TiTok-Gen]: Epoch 12/1597 started.
[11/28 20:21:32 TiTok-Gen]: Data (t): 0.2521, 39.76/s/gpu Batch (t): 1.6098 LR: 0.000077 Step: 7650 Total Loss: 0.4348 Diff Loss: 0.4348 
[11/28 20:22:56 TiTok-Gen]: Data (t): 0.2594, 37.07/s/gpu Batch (t): 1.7264 LR: 0.000077 Step: 7700 Total Loss: 0.4341 Diff Loss: 0.4341 
[11/28 20:24:21 TiTok-Gen]: Data (t): 0.2521, 41.11/s/gpu Batch (t): 1.5568 LR: 0.000077 Step: 7750 Total Loss: 0.4334 Diff Loss: 0.4334 
[11/28 20:25:44 TiTok-Gen]: Data (t): 0.2534, 40.01/s/gpu Batch (t): 1.5998 LR: 0.000078 Step: 7800 Total Loss: 0.4340 Diff Loss: 0.4340 
[11/28 20:27:08 TiTok-Gen]: Data (t): 0.2511, 40.46/s/gpu Batch (t): 1.5820 LR: 0.000079 Step: 7850 Total Loss: 0.4329 Diff Loss: 0.4329 
[11/28 20:28:32 TiTok-Gen]: Data (t): 0.2503, 39.69/s/gpu Batch (t): 1.6126 LR: 0.000079 Step: 7900 Total Loss: 0.4328 Diff Loss: 0.4328 
[11/28 20:29:55 TiTok-Gen]: Data (t): 0.2561, 39.33/s/gpu Batch (t): 1.6271 LR: 0.000080 Step: 7950 Total Loss: 0.4338 Diff Loss: 0.4338 
[11/28 20:31:19 TiTok-Gen]: Data (t): 0.2497, 38.58/s/gpu Batch (t): 1.6588 LR: 0.000080 Step: 8000 Total Loss: 0.4329 Diff Loss: 0.4329 
[11/28 20:31:20 TiTok-Gen]: Generating images...
  0%|          | 0/289 [00:00<?, ?it/s]  0%|          | 1/289 [00:00<01:48,  2.66it/s]  1%|          | 2/289 [00:00<01:47,  2.67it/s]  1%|          | 3/289 [00:01<01:48,  2.63it/s]  1%|▏         | 4/289 [00:01<01:51,  2.55it/s]  2%|▏         | 5/289 [00:01<01:52,  2.52it/s]  2%|▏         | 6/289 [00:02<01:52,  2.51it/s]  2%|▏         | 7/289 [00:02<01:52,  2.50it/s]  3%|▎         | 8/289 [00:03<01:52,  2.49it/s]  3%|▎         | 9/289 [00:03<01:52,  2.49it/s]  3%|▎         | 10/289 [00:03<01:51,  2.50it/s]  4%|▍         | 11/289 [00:04<01:50,  2.51it/s]  4%|▍         | 12/289 [00:04<01:50,  2.52it/s]  4%|▍         | 13/289 [00:05<01:49,  2.53it/s]  5%|▍         | 14/289 [00:05<01:48,  2.54it/s]  5%|▌         | 15/289 [00:05<01:48,  2.54it/s]  6%|▌         | 16/289 [00:06<01:47,  2.53it/s]  6%|▌         | 17/289 [00:06<01:47,  2.52it/s]  6%|▌         | 18/289 [00:07<01:47,  2.52it/s]  7%|▋         | 19/289 [00:07<01:47,  2.51it/s]  7%|▋         | 20/289 [00:07<01:47,  2.50it/s]  7%|▋         | 21/289 [00:08<01:46,  2.51it/s]  8%|▊         | 22/289 [00:08<01:45,  2.52it/s]  8%|▊         | 23/289 [00:09<01:45,  2.52it/s]  8%|▊         | 24/289 [00:09<01:44,  2.53it/s]  9%|▊         | 25/289 [00:09<01:44,  2.53it/s]  9%|▉         | 26/289 [00:10<01:44,  2.52it/s]  9%|▉         | 27/289 [00:10<01:43,  2.53it/s] 10%|▉         | 28/289 [00:11<01:43,  2.52it/s] 10%|█         | 29/289 [00:11<01:43,  2.51it/s] 10%|█         | 30/289 [00:11<01:43,  2.51it/s] 11%|█         | 31/289 [00:12<01:42,  2.53it/s] 11%|█         | 32/289 [00:12<01:42,  2.51it/s] 11%|█▏        | 33/289 [00:13<01:42,  2.50it/s] 12%|█▏        | 34/289 [00:13<01:41,  2.52it/s] 12%|█▏        | 35/289 [00:13<01:40,  2.53it/s] 12%|█▏        | 36/289 [00:14<01:39,  2.53it/s] 13%|█▎        | 37/289 [00:14<01:38,  2.55it/s] 13%|█▎        | 38/289 [00:15<01:38,  2.55it/s] 13%|█▎        | 39/289 [00:15<01:39,  2.52it/s] 14%|█▍        | 40/289 [00:15<01:39,  2.51it/s] 14%|█▍        | 41/289 [00:16<01:38,  2.51it/s] 15%|█▍        | 42/289 [00:16<01:41,  2.44it/s] 15%|█▍        | 43/289 [00:17<01:40,  2.44it/s] 15%|█▌        | 44/289 [00:17<01:41,  2.42it/s] 16%|█▌        | 45/289 [00:17<01:40,  2.44it/s] 16%|█▌        | 46/289 [00:18<01:40,  2.41it/s] 16%|█▋        | 47/289 [00:18<01:41,  2.38it/s] 17%|█▋        | 48/289 [00:19<01:40,  2.41it/s] 17%|█▋        | 49/289 [00:19<01:37,  2.45it/s] 17%|█▋        | 50/289 [00:19<01:36,  2.48it/s] 18%|█▊        | 51/289 [00:20<01:35,  2.50it/s] 18%|█▊        | 52/289 [00:20<01:34,  2.51it/s] 18%|█▊        | 53/289 [00:21<01:33,  2.52it/s] 19%|█▊        | 54/289 [00:21<01:33,  2.53it/s] 19%|█▉        | 55/289 [00:21<01:32,  2.53it/s] 19%|█▉        | 56/289 [00:22<01:31,  2.54it/s] 20%|█▉        | 57/289 [00:22<01:31,  2.54it/s] 20%|██        | 58/289 [00:23<01:31,  2.54it/s] 20%|██        | 59/289 [00:23<01:30,  2.54it/s] 21%|██        | 60/289 [00:23<01:29,  2.55it/s] 21%|██        | 61/289 [00:24<01:29,  2.55it/s] 21%|██▏       | 62/289 [00:24<01:28,  2.55it/s] 22%|██▏       | 63/289 [00:25<01:28,  2.55it/s] 22%|██▏       | 64/289 [00:25<01:27,  2.56it/s] 22%|██▏       | 65/289 [00:25<01:27,  2.56it/s] 23%|██▎       | 66/289 [00:26<01:27,  2.56it/s] 23%|██▎       | 67/289 [00:26<01:26,  2.55it/s] 24%|██▎       | 68/289 [00:27<01:26,  2.55it/s] 24%|██▍       | 69/289 [00:27<01:26,  2.55it/s] 24%|██▍       | 70/289 [00:27<01:25,  2.55it/s] 25%|██▍       | 71/289 [00:28<01:25,  2.55it/s] 25%|██▍       | 72/289 [00:28<01:25,  2.54it/s] 25%|██▌       | 73/289 [00:28<01:24,  2.55it/s] 26%|██▌       | 74/289 [00:29<01:24,  2.55it/s] 26%|██▌       | 75/289 [00:29<01:23,  2.56it/s] 26%|██▋       | 76/289 [00:30<01:23,  2.55it/s] 27%|██▋       | 77/289 [00:30<01:23,  2.55it/s] 27%|██▋       | 78/289 [00:30<01:23,  2.53it/s] 27%|██▋       | 79/289 [00:31<01:22,  2.54it/s] 28%|██▊       | 80/289 [00:31<01:22,  2.54it/s] 28%|██▊       | 81/289 [00:32<01:21,  2.54it/s] 28%|██▊       | 82/289 [00:32<01:21,  2.55it/s] 29%|██▊       | 83/289 [00:32<01:20,  2.54it/s] 29%|██▉       | 84/289 [00:33<01:20,  2.55it/s] 29%|██▉       | 85/289 [00:33<01:19,  2.55it/s] 30%|██▉       | 86/289 [00:34<01:19,  2.55it/s] 30%|███       | 87/289 [00:34<01:19,  2.55it/s] 30%|███       | 88/289 [00:34<01:18,  2.55it/s] 31%|███       | 89/289 [00:35<01:18,  2.55it/s] 31%|███       | 90/289 [00:35<01:17,  2.55it/s] 31%|███▏      | 91/289 [00:36<01:17,  2.54it/s] 32%|███▏      | 92/289 [00:36<01:16,  2.57it/s] 32%|███▏      | 93/289 [00:36<01:15,  2.60it/s] 33%|███▎      | 94/289 [00:37<01:14,  2.61it/s] 33%|███▎      | 95/289 [00:37<01:15,  2.56it/s] 33%|███▎      | 96/289 [00:38<01:20,  2.40it/s] 34%|███▎      | 97/289 [00:38<01:20,  2.40it/s] 34%|███▍      | 98/289 [00:38<01:18,  2.43it/s] 34%|███▍      | 99/289 [00:39<01:17,  2.44it/s] 35%|███▍      | 100/289 [00:39<01:18,  2.39it/s] 35%|███▍      | 101/289 [00:40<01:19,  2.38it/s] 35%|███▌      | 102/289 [00:40<01:18,  2.37it/s] 36%|███▌      | 103/289 [00:41<01:18,  2.38it/s] 36%|███▌      | 104/289 [00:41<01:16,  2.42it/s] 36%|███▋      | 105/289 [00:41<01:17,  2.37it/s] 37%|███▋      | 106/289 [00:42<01:21,  2.25it/s] 37%|███▋      | 107/289 [00:42<01:20,  2.27it/s] 37%|███▋      | 108/289 [00:43<01:18,  2.30it/s] 38%|███▊      | 109/289 [00:43<01:17,  2.31it/s] 38%|███▊      | 110/289 [00:44<01:15,  2.36it/s] 38%|███▊      | 111/289 [00:44<01:14,  2.39it/s] 39%|███▉      | 112/289 [00:44<01:13,  2.41it/s] 39%|███▉      | 113/289 [00:45<01:12,  2.43it/s] 39%|███▉      | 114/289 [00:45<01:13,  2.37it/s] 40%|███▉      | 115/289 [00:46<01:14,  2.34it/s] 40%|████      | 116/289 [00:46<01:13,  2.35it/s] 40%|████      | 117/289 [00:46<01:13,  2.34it/s] 41%|████      | 118/289 [00:47<01:15,  2.26it/s] 41%|████      | 119/289 [00:47<01:13,  2.31it/s] 42%|████▏     | 120/289 [00:48<01:11,  2.35it/s] 42%|████▏     | 121/289 [00:48<01:10,  2.38it/s] 42%|████▏     | 122/289 [00:49<01:10,  2.36it/s] 43%|████▎     | 123/289 [00:49<01:10,  2.37it/s] 43%|████▎     | 124/289 [00:49<01:08,  2.40it/s] 43%|████▎     | 125/289 [00:50<01:07,  2.42it/s] 44%|████▎     | 126/289 [00:50<01:07,  2.42it/s] 44%|████▍     | 127/289 [00:51<01:07,  2.40it/s] 44%|████▍     | 128/289 [00:51<01:06,  2.41it/s] 45%|████▍     | 129/289 [00:52<01:05,  2.44it/s] 45%|████▍     | 130/289 [00:52<01:06,  2.40it/s] 45%|████▌     | 131/289 [00:52<01:05,  2.42it/s] 46%|████▌     | 132/289 [00:53<01:06,  2.35it/s] 46%|████▌     | 133/289 [00:53<01:05,  2.39it/s] 46%|████▋     | 134/289 [00:54<01:04,  2.42it/s] 47%|████▋     | 135/289 [00:54<01:04,  2.41it/s] 47%|████▋     | 136/289 [00:54<01:05,  2.35it/s] 47%|████▋     | 137/289 [00:55<01:04,  2.37it/s] 48%|████▊     | 138/289 [00:55<01:02,  2.40it/s] 48%|████▊     | 139/289 [00:56<01:01,  2.43it/s] 48%|████▊     | 140/289 [00:56<01:01,  2.44it/s] 49%|████▉     | 141/289 [00:56<00:59,  2.47it/s] 49%|████▉     | 142/289 [00:57<00:58,  2.50it/s] 49%|████▉     | 143/289 [00:57<00:58,  2.50it/s] 50%|████▉     | 144/289 [00:58<00:57,  2.52it/s] 50%|█████     | 145/289 [00:58<00:56,  2.54it/s] 51%|█████     | 146/289 [00:58<00:56,  2.54it/s] 51%|█████     | 147/289 [00:59<00:55,  2.55it/s] 51%|█████     | 148/289 [00:59<00:55,  2.55it/s] 52%|█████▏    | 149/289 [01:00<00:54,  2.56it/s] 52%|█████▏    | 150/289 [01:00<00:54,  2.56it/s] 52%|█████▏    | 151/289 [01:00<00:53,  2.56it/s] 53%|█████▎    | 152/289 [01:01<00:53,  2.56it/s] 53%|█████▎    | 153/289 [01:01<00:53,  2.56it/s] 53%|█████▎    | 154/289 [01:02<00:52,  2.56it/s] 54%|█████▎    | 155/289 [01:02<00:52,  2.56it/s] 54%|█████▍    | 156/289 [01:02<00:52,  2.56it/s] 54%|█████▍    | 157/289 [01:03<00:51,  2.56it/s] 55%|█████▍    | 158/289 [01:03<00:51,  2.56it/s] 55%|█████▌    | 159/289 [01:04<00:50,  2.55it/s] 55%|█████▌    | 160/289 [01:04<00:50,  2.55it/s] 56%|█████▌    | 161/289 [01:04<00:50,  2.56it/s] 56%|█████▌    | 162/289 [01:05<00:49,  2.56it/s] 56%|█████▋    | 163/289 [01:05<00:49,  2.56it/s] 57%|█████▋    | 164/289 [01:05<00:48,  2.56it/s] 57%|█████▋    | 165/289 [01:06<00:48,  2.56it/s] 57%|█████▋    | 166/289 [01:06<00:48,  2.56it/s] 58%|█████▊    | 167/289 [01:07<00:47,  2.55it/s] 58%|█████▊    | 168/289 [01:07<00:47,  2.55it/s] 58%|█████▊    | 169/289 [01:07<00:47,  2.55it/s] 59%|█████▉    | 170/289 [01:08<00:46,  2.55it/s] 59%|█████▉    | 171/289 [01:08<00:46,  2.55it/s] 60%|█████▉    | 172/289 [01:09<00:45,  2.55it/s] 60%|█████▉    | 173/289 [01:09<00:45,  2.55it/s] 60%|██████    | 174/289 [01:09<00:45,  2.55it/s] 61%|██████    | 175/289 [01:10<00:44,  2.56it/s] 61%|██████    | 176/289 [01:10<00:44,  2.56it/s] 61%|██████    | 177/289 [01:11<00:43,  2.57it/s] 62%|██████▏   | 178/289 [01:11<00:43,  2.57it/s] 62%|██████▏   | 179/289 [01:11<00:43,  2.56it/s] 62%|██████▏   | 180/289 [01:12<00:42,  2.55it/s] 63%|██████▎   | 181/289 [01:12<00:42,  2.55it/s] 63%|██████▎   | 182/289 [01:13<00:41,  2.55it/s] 63%|██████▎   | 183/289 [01:13<00:41,  2.55it/s] 64%|██████▎   | 184/289 [01:13<00:41,  2.54it/s] 64%|██████▍   | 185/289 [01:14<00:41,  2.53it/s] 64%|██████▍   | 186/289 [01:14<00:40,  2.54it/s] 65%|██████▍   | 187/289 [01:14<00:40,  2.54it/s] 65%|██████▌   | 188/289 [01:15<00:39,  2.54it/s] 65%|██████▌   | 189/289 [01:15<00:39,  2.54it/s] 66%|██████▌   | 190/289 [01:16<00:39,  2.52it/s] 66%|██████▌   | 191/289 [01:16<00:38,  2.52it/s] 66%|██████▋   | 192/289 [01:16<00:38,  2.53it/s] 67%|██████▋   | 193/289 [01:17<00:37,  2.53it/s] 67%|██████▋   | 194/289 [01:17<00:37,  2.54it/s] 67%|██████▋   | 195/289 [01:18<00:37,  2.52it/s] 68%|██████▊   | 196/289 [01:18<00:37,  2.51it/s] 68%|██████▊   | 197/289 [01:18<00:36,  2.51it/s] 69%|██████▊   | 198/289 [01:19<00:36,  2.51it/s] 69%|██████▉   | 199/289 [01:19<00:35,  2.52it/s] 69%|██████▉   | 200/289 [01:20<00:35,  2.52it/s] 70%|██████▉   | 201/289 [01:20<00:34,  2.53it/s] 70%|██████▉   | 202/289 [01:20<00:34,  2.53it/s] 70%|███████   | 203/289 [01:21<00:33,  2.53it/s] 71%|███████   | 204/289 [01:21<00:34,  2.50it/s] 71%|███████   | 205/289 [01:22<00:34,  2.46it/s] 71%|███████▏  | 206/289 [01:22<00:33,  2.47it/s] 72%|███████▏  | 207/289 [01:22<00:32,  2.49it/s] 72%|███████▏  | 208/289 [01:23<00:32,  2.51it/s] 72%|███████▏  | 209/289 [01:23<00:32,  2.50it/s] 73%|███████▎  | 210/289 [01:24<00:31,  2.50it/s] 73%|███████▎  | 211/289 [01:24<00:31,  2.51it/s] 73%|███████▎  | 212/289 [01:24<00:30,  2.52it/s] 74%|███████▎  | 213/289 [01:25<00:30,  2.52it/s] 74%|███████▍  | 214/289 [01:25<00:29,  2.51it/s] 74%|███████▍  | 215/289 [01:26<00:29,  2.50it/s] 75%|███████▍  | 216/289 [01:26<00:29,  2.51it/s] 75%|███████▌  | 217/289 [01:26<00:28,  2.52it/s] 75%|███████▌  | 218/289 [01:27<00:28,  2.52it/s] 76%|███████▌  | 219/289 [01:27<00:27,  2.52it/s] 76%|███████▌  | 220/289 [01:28<00:27,  2.52it/s] 76%|███████▋  | 221/289 [01:28<00:26,  2.53it/s] 77%|███████▋  | 222/289 [01:28<00:26,  2.53it/s] 77%|███████▋  | 223/289 [01:29<00:26,  2.51it/s] 78%|███████▊  | 224/289 [01:29<00:25,  2.51it/s] 78%|███████▊  | 225/289 [01:30<00:25,  2.52it/s] 78%|███████▊  | 226/289 [01:30<00:25,  2.52it/s] 79%|███████▊  | 227/289 [01:30<00:24,  2.51it/s] 79%|███████▉  | 228/289 [01:31<00:24,  2.52it/s] 79%|███████▉  | 229/289 [01:31<00:23,  2.52it/s] 80%|███████▉  | 230/289 [01:32<00:23,  2.53it/s] 80%|███████▉  | 231/289 [01:32<00:22,  2.54it/s] 80%|████████  | 232/289 [01:32<00:22,  2.54it/s] 81%|████████  | 233/289 [01:33<00:22,  2.54it/s] 81%|████████  | 234/289 [01:33<00:21,  2.53it/s] 81%|████████▏ | 235/289 [01:34<00:21,  2.54it/s] 82%|████████▏ | 236/289 [01:34<00:20,  2.53it/s] 82%|████████▏ | 237/289 [01:34<00:20,  2.53it/s] 82%|████████▏ | 238/289 [01:35<00:20,  2.53it/s] 83%|████████▎ | 239/289 [01:35<00:19,  2.53it/s] 83%|████████▎ | 240/289 [01:36<00:19,  2.53it/s] 83%|████████▎ | 241/289 [01:36<00:18,  2.54it/s] 84%|████████▎ | 242/289 [01:36<00:18,  2.54it/s] 84%|████████▍ | 243/289 [01:37<00:18,  2.54it/s] 84%|████████▍ | 244/289 [01:37<00:17,  2.53it/s] 85%|████████▍ | 245/289 [01:38<00:17,  2.53it/s] 85%|████████▌ | 246/289 [01:38<00:16,  2.54it/s] 85%|████████▌ | 247/289 [01:38<00:16,  2.53it/s] 86%|████████▌ | 248/289 [01:39<00:16,  2.53it/s] 86%|████████▌ | 249/289 [01:39<00:15,  2.53it/s] 87%|████████▋ | 250/289 [01:39<00:15,  2.53it/s] 87%|████████▋ | 251/289 [01:40<00:15,  2.53it/s] 87%|████████▋ | 252/289 [01:40<00:14,  2.53it/s] 88%|████████▊ | 253/289 [01:41<00:14,  2.53it/s] 88%|████████▊ | 254/289 [01:41<00:13,  2.53it/s] 88%|████████▊ | 255/289 [01:41<00:13,  2.53it/s] 89%|████████▊ | 256/289 [01:42<00:13,  2.53it/s] 89%|████████▉ | 257/289 [01:42<00:12,  2.53it/s] 89%|████████▉ | 258/289 [01:43<00:12,  2.53it/s] 90%|████████▉ | 259/289 [01:43<00:11,  2.52it/s] 90%|████████▉ | 260/289 [01:43<00:11,  2.52it/s] 90%|█████████ | 261/289 [01:44<00:11,  2.52it/s] 91%|█████████ | 262/289 [01:44<00:10,  2.53it/s] 91%|█████████ | 263/289 [01:45<00:10,  2.53it/s] 91%|█████████▏| 264/289 [01:45<00:09,  2.53it/s] 92%|█████████▏| 265/289 [01:45<00:09,  2.53it/s] 92%|█████████▏| 266/289 [01:46<00:09,  2.53it/s] 92%|█████████▏| 267/289 [01:46<00:08,  2.52it/s] 93%|█████████▎| 268/289 [01:47<00:08,  2.51it/s] 93%|█████████▎| 269/289 [01:47<00:07,  2.51it/s] 93%|█████████▎| 270/289 [01:47<00:07,  2.53it/s] 94%|█████████▍| 271/289 [01:48<00:07,  2.54it/s] 94%|█████████▍| 272/289 [01:48<00:06,  2.54it/s] 94%|█████████▍| 273/289 [01:49<00:06,  2.54it/s] 95%|█████████▍| 274/289 [01:49<00:05,  2.54it/s] 95%|█████████▌| 275/289 [01:49<00:05,  2.56it/s] 96%|█████████▌| 276/289 [01:50<00:05,  2.57it/s] 96%|█████████▌| 277/289 [01:50<00:04,  2.58it/s] 96%|█████████▌| 278/289 [01:51<00:04,  2.58it/s] 97%|█████████▋| 279/289 [01:51<00:03,  2.57it/s] 97%|█████████▋| 280/289 [01:51<00:03,  2.58it/s] 97%|█████████▋| 281/289 [01:52<00:03,  2.59it/s] 98%|█████████▊| 282/289 [01:52<00:02,  2.59it/s] 98%|█████████▊| 283/289 [01:52<00:02,  2.60it/s] 98%|█████████▊| 284/289 [01:53<00:01,  2.60it/s] 99%|█████████▊| 285/289 [01:53<00:01,  2.56it/s] 99%|█████████▉| 286/289 [01:54<00:01,  2.44it/s] 99%|█████████▉| 287/289 [01:54<00:00,  2.44it/s]100%|█████████▉| 288/289 [01:55<00:00,  2.44it/s]100%|█████████▉| 288/289 [01:55<00:00,  2.50it/s]
[11/28 20:34:40 TiTok-Gen]: Data (t): 0.4332, 35.63/s/gpu Batch (t): 1.7962 LR: 0.000081 Step: 8050 Total Loss: 0.4335 Diff Loss: 0.4335 
[11/28 20:36:03 TiTok-Gen]: Data (t): 0.4233, 37.76/s/gpu Batch (t): 1.6951 LR: 0.000081 Step: 8100 Total Loss: 0.4323 Diff Loss: 0.4323 
[11/28 20:37:27 TiTok-Gen]: Data (t): 0.4276, 34.84/s/gpu Batch (t): 1.8372 LR: 0.000082 Step: 8150 Total Loss: 0.4340 Diff Loss: 0.4340 
[11/28 20:38:52 TiTok-Gen]: Data (t): 0.5171, 39.60/s/gpu Batch (t): 1.6163 LR: 0.000082 Step: 8200 Total Loss: 0.4326 Diff Loss: 0.4326 
[11/28 20:40:16 TiTok-Gen]: Data (t): 0.4442, 38.45/s/gpu Batch (t): 1.6643 LR: 0.000082 Step: 8250 Total Loss: 0.4322 Diff Loss: 0.4322 
[11/28 20:40:45 TiTok-Gen]: Epoch 13/1597 started.
[11/28 20:41:57 TiTok-Gen]: Data (t): 0.2538, 36.81/s/gpu Batch (t): 1.7387 LR: 0.000083 Step: 8300 Total Loss: 0.4325 Diff Loss: 0.4325 
[11/28 20:43:19 TiTok-Gen]: Data (t): 0.2470, 37.58/s/gpu Batch (t): 1.7030 LR: 0.000083 Step: 8350 Total Loss: 0.4319 Diff Loss: 0.4319 
[11/28 20:44:43 TiTok-Gen]: Data (t): 0.2479, 39.13/s/gpu Batch (t): 1.6354 LR: 0.000084 Step: 8400 Total Loss: 0.4314 Diff Loss: 0.4314 
[11/28 20:46:06 TiTok-Gen]: Data (t): 0.2482, 41.12/s/gpu Batch (t): 1.5564 LR: 0.000085 Step: 8450 Total Loss: 0.4321 Diff Loss: 0.4321 
[11/28 20:47:29 TiTok-Gen]: Data (t): 0.2458, 37.70/s/gpu Batch (t): 1.6975 LR: 0.000085 Step: 8500 Total Loss: 0.4310 Diff Loss: 0.4310 
[11/28 20:48:52 TiTok-Gen]: Data (t): 0.2489, 40.21/s/gpu Batch (t): 1.5915 LR: 0.000086 Step: 8550 Total Loss: 0.4320 Diff Loss: 0.4320 
[11/28 20:50:15 TiTok-Gen]: Data (t): 0.2906, 40.42/s/gpu Batch (t): 1.5835 LR: 0.000086 Step: 8600 Total Loss: 0.4305 Diff Loss: 0.4305 
[11/28 20:51:39 TiTok-Gen]: Data (t): 0.2501, 38.10/s/gpu Batch (t): 1.6797 LR: 0.000087 Step: 8650 Total Loss: 0.4314 Diff Loss: 0.4314 
[11/28 20:53:04 TiTok-Gen]: Data (t): 0.2472, 37.07/s/gpu Batch (t): 1.7263 LR: 0.000087 Step: 8700 Total Loss: 0.4313 Diff Loss: 0.4313 
[11/28 20:54:27 TiTok-Gen]: Data (t): 0.2489, 38.76/s/gpu Batch (t): 1.6512 LR: 0.000087 Step: 8750 Total Loss: 0.4312 Diff Loss: 0.4312 
[11/28 20:55:51 TiTok-Gen]: Data (t): 0.3088, 36.37/s/gpu Batch (t): 1.7598 LR: 0.000088 Step: 8800 Total Loss: 0.4308 Diff Loss: 0.4308 
[11/28 20:57:15 TiTok-Gen]: Data (t): 0.2463, 36.08/s/gpu Batch (t): 1.7738 LR: 0.000089 Step: 8850 Total Loss: 0.4301 Diff Loss: 0.4301 
[11/28 20:58:37 TiTok-Gen]: Data (t): 0.2449, 38.74/s/gpu Batch (t): 1.6520 LR: 0.000089 Step: 8900 Total Loss: 0.4306 Diff Loss: 0.4306 
[11/28 20:58:43 TiTok-Gen]: Epoch 14/1597 started.
[11/28 21:00:19 TiTok-Gen]: Data (t): 0.2448, 36.54/s/gpu Batch (t): 1.7513 LR: 0.000090 Step: 8950 Total Loss: 0.4310 Diff Loss: 0.4310 
[11/28 21:01:42 TiTok-Gen]: Data (t): 0.2493, 32.31/s/gpu Batch (t): 1.9808 LR: 0.000090 Step: 9000 Total Loss: 0.4298 Diff Loss: 0.4298 
[11/28 21:01:42 TiTok-Gen]: Generating images...
  0%|          | 0/289 [00:00<?, ?it/s]  0%|          | 1/289 [00:00<01:47,  2.68it/s]  1%|          | 2/289 [00:00<01:48,  2.64it/s]  1%|          | 3/289 [00:01<01:49,  2.62it/s]  1%|▏         | 4/289 [00:01<01:48,  2.62it/s]  2%|▏         | 5/289 [00:01<01:48,  2.62it/s]  2%|▏         | 6/289 [00:02<01:47,  2.63it/s]  2%|▏         | 7/289 [00:02<01:47,  2.62it/s]  3%|▎         | 8/289 [00:03<01:47,  2.62it/s]  3%|▎         | 9/289 [00:03<01:46,  2.62it/s]  3%|▎         | 10/289 [00:03<01:46,  2.62it/s]  4%|▍         | 11/289 [00:04<01:45,  2.63it/s]  4%|▍         | 12/289 [00:04<01:45,  2.62it/s]  4%|▍         | 13/289 [00:04<01:45,  2.62it/s]  5%|▍         | 14/289 [00:05<01:44,  2.62it/s]  5%|▌         | 15/289 [00:05<01:44,  2.62it/s]  6%|▌         | 16/289 [00:06<01:44,  2.62it/s]  6%|▌         | 17/289 [00:06<01:43,  2.62it/s]  6%|▌         | 18/289 [00:06<01:43,  2.62it/s]  7%|▋         | 19/289 [00:07<01:43,  2.62it/s]  7%|▋         | 20/289 [00:07<01:42,  2.62it/s]  7%|▋         | 21/289 [00:08<01:42,  2.62it/s]  8%|▊         | 22/289 [00:08<01:42,  2.62it/s]  8%|▊         | 23/289 [00:08<01:41,  2.62it/s]  8%|▊         | 24/289 [00:09<01:41,  2.62it/s]  9%|▊         | 25/289 [00:09<01:40,  2.63it/s]  9%|▉         | 26/289 [00:09<01:40,  2.62it/s]  9%|▉         | 27/289 [00:10<01:39,  2.62it/s] 10%|▉         | 28/289 [00:10<01:39,  2.63it/s] 10%|█         | 29/289 [00:11<01:38,  2.63it/s] 10%|█         | 30/289 [00:11<01:38,  2.63it/s] 11%|█         | 31/289 [00:11<01:38,  2.63it/s] 11%|█         | 32/289 [00:12<01:37,  2.63it/s] 11%|█▏        | 33/289 [00:12<01:37,  2.63it/s] 12%|█▏        | 34/289 [00:12<01:36,  2.63it/s] 12%|█▏        | 35/289 [00:13<01:36,  2.63it/s] 12%|█▏        | 36/289 [00:13<01:36,  2.63it/s] 13%|█▎        | 37/289 [00:14<01:35,  2.63it/s] 13%|█▎        | 38/289 [00:14<01:35,  2.63it/s] 13%|█▎        | 39/289 [00:14<01:35,  2.62it/s] 14%|█▍        | 40/289 [00:15<01:35,  2.60it/s] 14%|█▍        | 41/289 [00:15<01:34,  2.61it/s] 15%|█▍        | 42/289 [00:16<01:34,  2.62it/s] 15%|█▍        | 43/289 [00:16<01:33,  2.62it/s] 15%|█▌        | 44/289 [00:16<01:33,  2.62it/s] 16%|█▌        | 45/289 [00:17<01:33,  2.62it/s] 16%|█▌        | 46/289 [00:17<01:32,  2.62it/s] 16%|█▋        | 47/289 [00:17<01:32,  2.62it/s] 17%|█▋        | 48/289 [00:18<01:31,  2.63it/s] 17%|█▋        | 49/289 [00:18<01:31,  2.62it/s] 17%|█▋        | 50/289 [00:19<01:31,  2.63it/s] 18%|█▊        | 51/289 [00:19<01:30,  2.63it/s] 18%|█▊        | 52/289 [00:19<01:30,  2.63it/s] 18%|█▊        | 53/289 [00:20<01:29,  2.63it/s] 19%|█▊        | 54/289 [00:20<01:29,  2.63it/s] 19%|█▉        | 55/289 [00:20<01:29,  2.63it/s] 19%|█▉        | 56/289 [00:21<01:28,  2.63it/s] 20%|█▉        | 57/289 [00:21<01:28,  2.63it/s] 20%|██        | 58/289 [00:22<01:27,  2.63it/s] 20%|██        | 59/289 [00:22<01:27,  2.64it/s] 21%|██        | 60/289 [00:22<01:26,  2.64it/s] 21%|██        | 61/289 [00:23<01:26,  2.64it/s] 21%|██▏       | 62/289 [00:23<01:26,  2.63it/s] 22%|██▏       | 63/289 [00:23<01:25,  2.64it/s] 22%|██▏       | 64/289 [00:24<01:25,  2.63it/s] 22%|██▏       | 65/289 [00:24<01:25,  2.63it/s] 23%|██▎       | 66/289 [00:25<01:24,  2.63it/s] 23%|██▎       | 67/289 [00:25<01:24,  2.63it/s] 24%|██▎       | 68/289 [00:25<01:24,  2.62it/s] 24%|██▍       | 69/289 [00:26<01:23,  2.62it/s] 24%|██▍       | 70/289 [00:26<01:23,  2.63it/s] 25%|██▍       | 71/289 [00:27<01:23,  2.61it/s] 25%|██▍       | 72/289 [00:27<01:22,  2.62it/s] 25%|██▌       | 73/289 [00:27<01:22,  2.62it/s] 26%|██▌       | 74/289 [00:28<01:21,  2.62it/s] 26%|██▌       | 75/289 [00:28<01:21,  2.63it/s] 26%|██▋       | 76/289 [00:28<01:21,  2.62it/s] 27%|██▋       | 77/289 [00:29<01:20,  2.63it/s] 27%|██▋       | 78/289 [00:29<01:20,  2.62it/s] 27%|██▋       | 79/289 [00:30<01:19,  2.63it/s] 28%|██▊       | 80/289 [00:30<01:19,  2.63it/s] 28%|██▊       | 81/289 [00:30<01:19,  2.63it/s] 28%|██▊       | 82/289 [00:31<01:18,  2.63it/s] 29%|██▊       | 83/289 [00:31<01:18,  2.63it/s] 29%|██▉       | 84/289 [00:31<01:18,  2.63it/s] 29%|██▉       | 85/289 [00:32<01:17,  2.63it/s] 30%|██▉       | 86/289 [00:32<01:17,  2.63it/s] 30%|███       | 87/289 [00:33<01:16,  2.63it/s] 30%|███       | 88/289 [00:33<01:16,  2.63it/s] 31%|███       | 89/289 [00:33<01:15,  2.64it/s] 31%|███       | 90/289 [00:34<01:15,  2.64it/s] 31%|███▏      | 91/289 [00:34<01:15,  2.63it/s] 32%|███▏      | 92/289 [00:35<01:14,  2.63it/s] 32%|███▏      | 93/289 [00:35<01:14,  2.64it/s] 33%|███▎      | 94/289 [00:35<01:14,  2.63it/s] 33%|███▎      | 95/289 [00:36<01:13,  2.63it/s] 33%|███▎      | 96/289 [00:36<01:13,  2.64it/s] 34%|███▎      | 97/289 [00:36<01:12,  2.63it/s] 34%|███▍      | 98/289 [00:37<01:12,  2.63it/s] 34%|███▍      | 99/289 [00:37<01:12,  2.64it/s] 35%|███▍      | 100/289 [00:38<01:11,  2.64it/s] 35%|███▍      | 101/289 [00:38<01:11,  2.64it/s] 35%|███▌      | 102/289 [00:38<01:10,  2.64it/s] 36%|███▌      | 103/289 [00:39<01:10,  2.64it/s] 36%|███▌      | 104/289 [00:39<01:10,  2.64it/s] 36%|███▋      | 105/289 [00:39<01:09,  2.64it/s] 37%|███▋      | 106/289 [00:40<01:09,  2.63it/s] 37%|███▋      | 107/289 [00:40<01:09,  2.63it/s] 37%|███▋      | 108/289 [00:41<01:08,  2.63it/s] 38%|███▊      | 109/289 [00:41<01:08,  2.63it/s] 38%|███▊      | 110/289 [00:41<01:07,  2.63it/s] 38%|███▊      | 111/289 [00:42<01:07,  2.63it/s] 39%|███▉      | 112/289 [00:42<01:07,  2.63it/s] 39%|███▉      | 113/289 [00:43<01:06,  2.64it/s] 39%|███▉      | 114/289 [00:43<01:06,  2.64it/s] 40%|███▉      | 115/289 [00:43<01:06,  2.62it/s] 40%|████      | 116/289 [00:44<01:05,  2.63it/s] 40%|████      | 117/289 [00:44<01:05,  2.63it/s] 41%|████      | 118/289 [00:44<01:05,  2.61it/s] 41%|████      | 119/289 [00:45<01:04,  2.62it/s] 42%|████▏     | 120/289 [00:45<01:04,  2.62it/s] 42%|████▏     | 121/289 [00:46<01:03,  2.63it/s] 42%|████▏     | 122/289 [00:46<01:03,  2.63it/s] 43%|████▎     | 123/289 [00:46<01:03,  2.63it/s] 43%|████▎     | 124/289 [00:47<01:02,  2.63it/s] 43%|████▎     | 125/289 [00:47<01:02,  2.63it/s] 44%|████▎     | 126/289 [00:47<01:02,  2.63it/s] 44%|████▍     | 127/289 [00:48<01:01,  2.63it/s] 44%|████▍     | 128/289 [00:48<01:01,  2.63it/s] 45%|████▍     | 129/289 [00:49<01:00,  2.64it/s] 45%|████▍     | 130/289 [00:49<01:00,  2.63it/s] 45%|████▌     | 131/289 [00:49<01:00,  2.63it/s] 46%|████▌     | 132/289 [00:50<00:59,  2.63it/s] 46%|████▌     | 133/289 [00:50<00:59,  2.63it/s] 46%|████▋     | 134/289 [00:50<00:58,  2.63it/s] 47%|████▋     | 135/289 [00:51<00:58,  2.63it/s] 47%|████▋     | 136/289 [00:51<00:58,  2.64it/s] 47%|████▋     | 137/289 [00:52<00:57,  2.64it/s] 48%|████▊     | 138/289 [00:52<00:57,  2.63it/s] 48%|████▊     | 139/289 [00:52<00:56,  2.63it/s] 48%|████▊     | 140/289 [00:53<00:56,  2.63it/s] 49%|████▉     | 141/289 [00:53<00:56,  2.63it/s] 49%|████▉     | 142/289 [00:54<00:55,  2.63it/s] 49%|████▉     | 143/289 [00:54<00:55,  2.63it/s] 50%|████▉     | 144/289 [00:54<00:55,  2.63it/s] 50%|█████     | 145/289 [00:55<00:54,  2.63it/s] 51%|█████     | 146/289 [00:55<00:54,  2.63it/s] 51%|█████     | 147/289 [00:55<00:54,  2.63it/s] 51%|█████     | 148/289 [00:56<00:53,  2.63it/s] 52%|█████▏    | 149/289 [00:56<00:53,  2.63it/s] 52%|█████▏    | 150/289 [00:57<00:52,  2.63it/s] 52%|█████▏    | 151/289 [00:57<00:52,  2.63it/s] 53%|█████▎    | 152/289 [00:57<00:52,  2.63it/s] 53%|█████▎    | 153/289 [00:58<00:51,  2.63it/s] 53%|█████▎    | 154/289 [00:58<00:51,  2.63it/s] 54%|█████▎    | 155/289 [00:58<00:50,  2.63it/s] 54%|█████▍    | 156/289 [00:59<00:50,  2.63it/s] 54%|█████▍    | 157/289 [00:59<00:50,  2.64it/s] 55%|█████▍    | 158/289 [01:00<00:49,  2.63it/s] 55%|█████▌    | 159/289 [01:00<00:49,  2.63it/s] 55%|█████▌    | 160/289 [01:00<00:48,  2.63it/s] 56%|█████▌    | 161/289 [01:01<00:48,  2.63it/s] 56%|█████▌    | 162/289 [01:01<00:48,  2.63it/s] 56%|█████▋    | 163/289 [01:02<00:47,  2.63it/s] 57%|█████▋    | 164/289 [01:02<00:47,  2.64it/s] 57%|█████▋    | 165/289 [01:02<00:47,  2.64it/s] 57%|█████▋    | 166/289 [01:03<00:46,  2.64it/s] 58%|█████▊    | 167/289 [01:03<00:46,  2.64it/s] 58%|█████▊    | 168/289 [01:03<00:45,  2.63it/s] 58%|█████▊    | 169/289 [01:04<00:45,  2.64it/s] 59%|█████▉    | 170/289 [01:04<00:45,  2.64it/s] 59%|█████▉    | 171/289 [01:05<00:44,  2.64it/s] 60%|█████▉    | 172/289 [01:05<00:44,  2.64it/s] 60%|█████▉    | 173/289 [01:05<00:44,  2.63it/s] 60%|██████    | 174/289 [01:06<00:43,  2.63it/s] 61%|██████    | 175/289 [01:06<00:43,  2.63it/s] 61%|██████    | 176/289 [01:06<00:42,  2.64it/s] 61%|██████    | 177/289 [01:07<00:42,  2.64it/s] 62%|██████▏   | 178/289 [01:07<00:42,  2.64it/s] 62%|██████▏   | 179/289 [01:08<00:41,  2.64it/s] 62%|██████▏   | 180/289 [01:08<00:41,  2.64it/s] 63%|██████▎   | 181/289 [01:08<00:40,  2.64it/s] 63%|██████▎   | 182/289 [01:09<00:40,  2.64it/s] 63%|██████▎   | 183/289 [01:09<00:40,  2.62it/s] 64%|██████▎   | 184/289 [01:09<00:39,  2.63it/s] 64%|██████▍   | 185/289 [01:10<00:39,  2.63it/s] 64%|██████▍   | 186/289 [01:10<00:39,  2.63it/s] 65%|██████▍   | 187/289 [01:11<00:38,  2.63it/s] 65%|██████▌   | 188/289 [01:11<00:38,  2.63it/s] 65%|██████▌   | 189/289 [01:11<00:38,  2.62it/s] 66%|██████▌   | 190/289 [01:12<00:37,  2.62it/s] 66%|██████▌   | 191/289 [01:12<00:37,  2.63it/s] 66%|██████▋   | 192/289 [01:13<00:36,  2.63it/s] 67%|██████▋   | 193/289 [01:13<00:36,  2.63it/s] 67%|██████▋   | 194/289 [01:13<00:36,  2.63it/s] 67%|██████▋   | 195/289 [01:14<00:35,  2.63it/s] 68%|██████▊   | 196/289 [01:14<00:35,  2.63it/s] 68%|██████▊   | 197/289 [01:14<00:34,  2.63it/s] 69%|██████▊   | 198/289 [01:15<00:34,  2.64it/s] 69%|██████▉   | 199/289 [01:15<00:34,  2.63it/s] 69%|██████▉   | 200/289 [01:16<00:33,  2.63it/s] 70%|██████▉   | 201/289 [01:16<00:33,  2.63it/s] 70%|██████▉   | 202/289 [01:16<00:33,  2.63it/s] 70%|███████   | 203/289 [01:17<00:32,  2.63it/s] 71%|███████   | 204/289 [01:17<00:32,  2.63it/s] 71%|███████   | 205/289 [01:17<00:31,  2.63it/s] 71%|███████▏  | 206/289 [01:18<00:31,  2.63it/s] 72%|███████▏  | 207/289 [01:18<00:31,  2.63it/s] 72%|███████▏  | 208/289 [01:19<00:30,  2.63it/s] 72%|███████▏  | 209/289 [01:19<00:30,  2.63it/s] 73%|███████▎  | 210/289 [01:19<00:30,  2.63it/s] 73%|███████▎  | 211/289 [01:20<00:29,  2.63it/s] 73%|███████▎  | 212/289 [01:20<00:29,  2.63it/s] 74%|███████▎  | 213/289 [01:21<00:28,  2.63it/s] 74%|███████▍  | 214/289 [01:21<00:28,  2.63it/s] 74%|███████▍  | 215/289 [01:21<00:28,  2.63it/s] 75%|███████▍  | 216/289 [01:22<00:27,  2.63it/s] 75%|███████▌  | 217/289 [01:22<00:27,  2.64it/s] 75%|███████▌  | 218/289 [01:22<00:26,  2.64it/s] 76%|███████▌  | 219/289 [01:23<00:26,  2.64it/s] 76%|███████▌  | 220/289 [01:23<00:26,  2.64it/s] 76%|███████▋  | 221/289 [01:24<00:25,  2.64it/s] 77%|███████▋  | 222/289 [01:24<00:25,  2.63it/s] 77%|███████▋  | 223/289 [01:24<00:25,  2.62it/s] 78%|███████▊  | 224/289 [01:25<00:24,  2.60it/s] 78%|███████▊  | 225/289 [01:25<00:24,  2.61it/s] 78%|███████▊  | 226/289 [01:25<00:24,  2.61it/s] 79%|███████▊  | 227/289 [01:26<00:23,  2.62it/s] 79%|███████▉  | 228/289 [01:26<00:23,  2.62it/s] 79%|███████▉  | 229/289 [01:27<00:22,  2.62it/s] 80%|███████▉  | 230/289 [01:27<00:22,  2.63it/s] 80%|███████▉  | 231/289 [01:27<00:22,  2.63it/s] 80%|████████  | 232/289 [01:28<00:21,  2.62it/s] 81%|████████  | 233/289 [01:28<00:21,  2.62it/s] 81%|████████  | 234/289 [01:29<00:21,  2.61it/s] 81%|████████▏ | 235/289 [01:29<00:20,  2.61it/s] 82%|████████▏ | 236/289 [01:29<00:20,  2.60it/s] 82%|████████▏ | 237/289 [01:30<00:20,  2.60it/s] 82%|████████▏ | 238/289 [01:30<00:19,  2.60it/s] 83%|████████▎ | 239/289 [01:30<00:19,  2.60it/s] 83%|████████▎ | 240/289 [01:31<00:18,  2.60it/s] 83%|████████▎ | 241/289 [01:31<00:18,  2.61it/s] 84%|████████▎ | 242/289 [01:32<00:17,  2.62it/s] 84%|████████▍ | 243/289 [01:32<00:17,  2.62it/s] 84%|████████▍ | 244/289 [01:32<00:17,  2.62it/s] 85%|████████▍ | 245/289 [01:33<00:16,  2.62it/s] 85%|████████▌ | 246/289 [01:33<00:16,  2.62it/s] 85%|████████▌ | 247/289 [01:33<00:16,  2.62it/s] 86%|████████▌ | 248/289 [01:34<00:15,  2.62it/s] 86%|████████▌ | 249/289 [01:34<00:15,  2.62it/s] 87%|████████▋ | 250/289 [01:35<00:14,  2.62it/s] 87%|████████▋ | 251/289 [01:35<00:14,  2.62it/s] 87%|████████▋ | 252/289 [01:35<00:14,  2.62it/s] 88%|████████▊ | 253/289 [01:36<00:13,  2.62it/s] 88%|████████▊ | 254/289 [01:36<00:13,  2.62it/s] 88%|████████▊ | 255/289 [01:37<00:13,  2.60it/s] 89%|████████▊ | 256/289 [01:37<00:12,  2.61it/s] 89%|████████▉ | 257/289 [01:37<00:12,  2.61it/s] 89%|████████▉ | 258/289 [01:38<00:11,  2.62it/s] 90%|████████▉ | 259/289 [01:38<00:11,  2.61it/s] 90%|████████▉ | 260/289 [01:38<00:11,  2.61it/s] 90%|█████████ | 261/289 [01:39<00:10,  2.62it/s] 91%|█████████ | 262/289 [01:39<00:10,  2.64it/s] 91%|█████████ | 263/289 [01:40<00:09,  2.64it/s] 91%|█████████▏| 264/289 [01:40<00:09,  2.64it/s] 92%|█████████▏| 265/289 [01:40<00:09,  2.63it/s] 92%|█████████▏| 266/289 [01:41<00:08,  2.62it/s] 92%|█████████▏| 267/289 [01:41<00:08,  2.60it/s] 93%|█████████▎| 268/289 [01:42<00:08,  2.59it/s] 93%|█████████▎| 269/289 [01:42<00:07,  2.61it/s] 93%|█████████▎| 270/289 [01:42<00:07,  2.62it/s] 94%|█████████▍| 271/289 [01:43<00:06,  2.63it/s] 94%|█████████▍| 272/289 [01:43<00:06,  2.64it/s] 94%|█████████▍| 273/289 [01:43<00:06,  2.62it/s] 95%|█████████▍| 274/289 [01:44<00:05,  2.61it/s] 95%|█████████▌| 275/289 [01:44<00:05,  2.58it/s] 96%|█████████▌| 276/289 [01:45<00:05,  2.55it/s] 96%|█████████▌| 277/289 [01:45<00:04,  2.54it/s] 96%|█████████▌| 278/289 [01:45<00:04,  2.56it/s] 97%|█████████▋| 279/289 [01:46<00:03,  2.58it/s] 97%|█████████▋| 280/289 [01:46<00:03,  2.56it/s] 97%|█████████▋| 281/289 [01:47<00:03,  2.59it/s] 98%|█████████▊| 282/289 [01:47<00:02,  2.61it/s] 98%|█████████▊| 283/289 [01:47<00:02,  2.61it/s] 98%|█████████▊| 284/289 [01:48<00:01,  2.62it/s] 99%|█████████▊| 285/289 [01:48<00:01,  2.63it/s] 99%|█████████▉| 286/289 [01:48<00:01,  2.64it/s] 99%|█████████▉| 287/289 [01:49<00:00,  2.64it/s]100%|█████████▉| 288/289 [01:49<00:00,  2.62it/s]100%|█████████▉| 288/289 [01:50<00:00,  2.62it/s]
[11/28 21:04:57 TiTok-Gen]: Data (t): 0.2639, 38.13/s/gpu Batch (t): 1.6786 LR: 0.000091 Step: 9050 Total Loss: 0.4302 Diff Loss: 0.4302 
[11/28 21:06:21 TiTok-Gen]: Data (t): 0.2465, 37.97/s/gpu Batch (t): 1.6854 LR: 0.000091 Step: 9100 Total Loss: 0.4287 Diff Loss: 0.4287 
[11/28 21:07:43 TiTok-Gen]: Data (t): 0.2453, 39.77/s/gpu Batch (t): 1.6093 LR: 0.000092 Step: 9150 Total Loss: 0.4308 Diff Loss: 0.4308 
[11/28 21:09:07 TiTok-Gen]: Data (t): 0.3197, 40.11/s/gpu Batch (t): 1.5957 LR: 0.000092 Step: 9200 Total Loss: 0.4296 Diff Loss: 0.4296 
[11/28 21:10:30 TiTok-Gen]: Data (t): 0.2507, 36.80/s/gpu Batch (t): 1.7393 LR: 0.000093 Step: 9250 Total Loss: 0.4287 Diff Loss: 0.4287 
[11/28 21:11:53 TiTok-Gen]: Data (t): 0.2475, 38.66/s/gpu Batch (t): 1.6553 LR: 0.000093 Step: 9300 Total Loss: 0.4301 Diff Loss: 0.4301 
[11/28 21:13:16 TiTok-Gen]: Data (t): 0.2861, 40.58/s/gpu Batch (t): 1.5773 LR: 0.000094 Step: 9350 Total Loss: 0.4295 Diff Loss: 0.4295 
[11/28 21:14:39 TiTok-Gen]: Data (t): 0.2609, 41.23/s/gpu Batch (t): 1.5524 LR: 0.000094 Step: 9400 Total Loss: 0.4289 Diff Loss: 0.4289 
[11/28 21:16:02 TiTok-Gen]: Data (t): 0.2489, 40.96/s/gpu Batch (t): 1.5627 LR: 0.000094 Step: 9450 Total Loss: 0.4297 Diff Loss: 0.4297 
[11/28 21:17:25 TiTok-Gen]: Data (t): 0.2455, 40.24/s/gpu Batch (t): 1.5905 LR: 0.000095 Step: 9500 Total Loss: 0.4297 Diff Loss: 0.4297 
[11/28 21:18:30 TiTok-Gen]: Epoch 15/1597 started.
[11/28 21:19:06 TiTok-Gen]: Data (t): 0.2446, 40.75/s/gpu Batch (t): 1.5707 LR: 0.000096 Step: 9550 Total Loss: 0.4280 Diff Loss: 0.4280 
[11/28 21:20:29 TiTok-Gen]: Data (t): 0.4495, 37.26/s/gpu Batch (t): 1.7177 LR: 0.000096 Step: 9600 Total Loss: 0.4282 Diff Loss: 0.4282 
[11/28 21:21:53 TiTok-Gen]: Data (t): 0.4180, 40.52/s/gpu Batch (t): 1.5796 LR: 0.000097 Step: 9650 Total Loss: 0.4287 Diff Loss: 0.4287 
[11/28 21:23:16 TiTok-Gen]: Data (t): 0.4540, 40.67/s/gpu Batch (t): 1.5736 LR: 0.000097 Step: 9700 Total Loss: 0.4283 Diff Loss: 0.4283 
[11/28 21:24:39 TiTok-Gen]: Data (t): 0.4915, 40.09/s/gpu Batch (t): 1.5963 LR: 0.000097 Step: 9750 Total Loss: 0.4281 Diff Loss: 0.4281 
[11/28 21:26:02 TiTok-Gen]: Data (t): 0.4359, 36.56/s/gpu Batch (t): 1.7506 LR: 0.000098 Step: 9800 Total Loss: 0.4273 Diff Loss: 0.4273 
[11/28 21:27:25 TiTok-Gen]: Data (t): 0.4613, 40.92/s/gpu Batch (t): 1.5641 LR: 0.000099 Step: 9850 Total Loss: 0.4282 Diff Loss: 0.4282 
[11/28 21:28:48 TiTok-Gen]: Data (t): 0.4240, 38.37/s/gpu Batch (t): 1.6681 LR: 0.000099 Step: 9900 Total Loss: 0.4277 Diff Loss: 0.4277 
[11/28 21:30:10 TiTok-Gen]: Data (t): 0.4481, 36.91/s/gpu Batch (t): 1.7340 LR: 0.000100 Step: 9950 Total Loss: 0.4287 Diff Loss: 0.4287 
[11/28 21:31:34 TiTok-Gen]: Data (t): 0.4555, 37.65/s/gpu Batch (t): 1.6997 LR: 0.000100 Step: 10000 Total Loss: 0.4275 Diff Loss: 0.4275 
Model weights saved in checkpoints/generator/mar_quadtree_fixtree_newtokenizer_posinstruction/checkpoint-10000/unwrapped_model/pytorch_model.bin
[11/28 21:31:38 TiTok-Gen]: Saved state to checkpoints/generator/mar_quadtree_fixtree_newtokenizer_posinstruction/checkpoint-10000
Model weights saved in checkpoints/generator/mar_quadtree_fixtree_newtokenizer_posinstruction/checkpoint-10000/ema_model/pytorch_model.bin
[11/28 21:32:07 TiTok-Gen]: Generating images...
  0%|          | 0/289 [00:00<?, ?it/s]  0%|          | 1/289 [00:00<01:47,  2.68it/s]  1%|          | 2/289 [00:00<01:48,  2.64it/s]  1%|          | 3/289 [00:01<01:49,  2.62it/s]  1%|▏         | 4/289 [00:01<01:48,  2.62it/s]  2%|▏         | 5/289 [00:01<01:48,  2.62it/s]  2%|▏         | 6/289 [00:02<01:47,  2.62it/s]  2%|▏         | 7/289 [00:02<01:47,  2.62it/s]  3%|▎         | 8/289 [00:03<01:46,  2.63it/s]  3%|▎         | 9/289 [00:03<01:46,  2.63it/s]  3%|▎         | 10/289 [00:03<01:46,  2.62it/s]  4%|▍         | 11/289 [00:04<01:45,  2.62it/s]  4%|▍         | 12/289 [00:04<01:45,  2.63it/s]  4%|▍         | 13/289 [00:04<01:45,  2.63it/s]  5%|▍         | 14/289 [00:05<01:44,  2.63it/s]  5%|▌         | 15/289 [00:05<01:44,  2.63it/s]  6%|▌         | 16/289 [00:06<01:43,  2.63it/s]  6%|▌         | 17/289 [00:06<01:43,  2.63it/s]  6%|▌         | 18/289 [00:06<01:43,  2.63it/s]  7%|▋         | 19/289 [00:07<01:42,  2.63it/s]  7%|▋         | 20/289 [00:07<01:42,  2.63it/s]  7%|▋         | 21/289 [00:07<01:41,  2.63it/s]  8%|▊         | 22/289 [00:08<01:41,  2.63it/s]  8%|▊         | 23/289 [00:08<01:41,  2.63it/s]  8%|▊         | 24/289 [00:09<01:40,  2.62it/s]  9%|▊         | 25/289 [00:09<01:40,  2.62it/s]  9%|▉         | 26/289 [00:09<01:40,  2.63it/s]  9%|▉         | 27/289 [00:10<01:39,  2.63it/s] 10%|▉         | 28/289 [00:10<01:39,  2.62it/s] 10%|█         | 29/289 [00:11<01:39,  2.62it/s] 10%|█         | 30/289 [00:11<01:38,  2.62it/s] 11%|█         | 31/289 [00:11<01:38,  2.62it/s] 11%|█         | 32/289 [00:12<01:37,  2.62it/s] 11%|█▏        | 33/289 [00:12<01:37,  2.63it/s] 12%|█▏        | 34/289 [00:12<01:37,  2.63it/s] 12%|█▏        | 35/289 [00:13<01:36,  2.63it/s] 12%|█▏        | 36/289 [00:13<01:36,  2.63it/s] 13%|█▎        | 37/289 [00:14<01:35,  2.63it/s] 13%|█▎        | 38/289 [00:14<01:35,  2.63it/s] 13%|█▎        | 39/289 [00:14<01:35,  2.63it/s] 14%|█▍        | 40/289 [00:15<01:34,  2.63it/s] 14%|█▍        | 41/289 [00:15<01:34,  2.63it/s] 15%|█▍        | 42/289 [00:15<01:33,  2.63it/s] 15%|█▍        | 43/289 [00:16<01:33,  2.63it/s] 15%|█▌        | 44/289 [00:16<01:33,  2.62it/s] 16%|█▌        | 45/289 [00:17<01:33,  2.60it/s] 16%|█▌        | 46/289 [00:17<01:32,  2.62it/s] 16%|█▋        | 47/289 [00:17<01:32,  2.62it/s] 17%|█▋        | 48/289 [00:18<01:31,  2.62it/s] 17%|█▋        | 49/289 [00:18<01:31,  2.62it/s] 17%|█▋        | 50/289 [00:19<01:31,  2.62it/s] 18%|█▊        | 51/289 [00:19<01:30,  2.62it/s] 18%|█▊        | 52/289 [00:19<01:30,  2.62it/s] 18%|█▊        | 53/289 [00:20<01:29,  2.63it/s] 19%|█▊        | 54/289 [00:20<01:29,  2.63it/s] 19%|█▉        | 55/289 [00:20<01:29,  2.63it/s] 19%|█▉        | 56/289 [00:21<01:28,  2.63it/s] 20%|█▉        | 57/289 [00:21<01:28,  2.63it/s] 20%|██        | 58/289 [00:22<01:27,  2.64it/s] 20%|██        | 59/289 [00:22<01:27,  2.63it/s] 21%|██        | 60/289 [00:22<01:26,  2.64it/s] 21%|██        | 61/289 [00:23<01:26,  2.63it/s] 21%|██▏       | 62/289 [00:23<01:26,  2.64it/s] 22%|██▏       | 63/289 [00:23<01:25,  2.64it/s] 22%|██▏       | 64/289 [00:24<01:25,  2.63it/s] 22%|██▏       | 65/289 [00:24<01:25,  2.63it/s] 23%|██▎       | 66/289 [00:25<01:24,  2.63it/s] 23%|██▎       | 67/289 [00:25<01:24,  2.63it/s] 24%|██▎       | 68/289 [00:25<01:24,  2.63it/s] 24%|██▍       | 69/289 [00:26<01:23,  2.63it/s] 24%|██▍       | 70/289 [00:26<01:23,  2.63it/s] 25%|██▍       | 71/289 [00:27<01:22,  2.63it/s] 25%|██▍       | 72/289 [00:27<01:22,  2.63it/s] 25%|██▌       | 73/289 [00:27<01:22,  2.63it/s] 26%|██▌       | 74/289 [00:28<01:21,  2.63it/s] 26%|██▌       | 75/289 [00:28<01:21,  2.62it/s] 26%|██▋       | 76/289 [00:28<01:21,  2.63it/s] 27%|██▋       | 77/289 [00:29<01:20,  2.63it/s] 27%|██▋       | 78/289 [00:29<01:20,  2.61it/s] 27%|██▋       | 79/289 [00:30<01:20,  2.62it/s] 28%|██▊       | 80/289 [00:30<01:19,  2.63it/s] 28%|██▊       | 81/289 [00:30<01:19,  2.62it/s] 28%|██▊       | 82/289 [00:31<01:18,  2.63it/s] 29%|██▊       | 83/289 [00:31<01:18,  2.62it/s] 29%|██▉       | 84/289 [00:31<01:18,  2.62it/s] 29%|██▉       | 85/289 [00:32<01:17,  2.63it/s] 30%|██▉       | 86/289 [00:32<01:17,  2.63it/s] 30%|███       | 87/289 [00:33<01:16,  2.63it/s] 30%|███       | 88/289 [00:33<01:16,  2.63it/s] 31%|███       | 89/289 [00:33<01:16,  2.63it/s] 31%|███       | 90/289 [00:34<01:15,  2.63it/s] 31%|███▏      | 91/289 [00:34<01:15,  2.63it/s] 32%|███▏      | 92/289 [00:35<01:14,  2.63it/s] 32%|███▏      | 93/289 [00:35<01:14,  2.63it/s] 33%|███▎      | 94/289 [00:35<01:14,  2.63it/s] 33%|███▎      | 95/289 [00:36<01:13,  2.63it/s] 33%|███▎      | 96/289 [00:36<01:13,  2.63it/s] 34%|███▎      | 97/289 [00:36<01:12,  2.63it/s] 34%|███▍      | 98/289 [00:37<01:12,  2.63it/s] 34%|███▍      | 99/289 [00:37<01:12,  2.63it/s] 35%|███▍      | 100/289 [00:38<01:11,  2.63it/s] 35%|███▍      | 101/289 [00:38<01:11,  2.63it/s] 35%|███▌      | 102/289 [00:38<01:11,  2.63it/s] 36%|███▌      | 103/289 [00:39<01:10,  2.63it/s] 36%|███▌      | 104/289 [00:39<01:10,  2.63it/s] 36%|███▋      | 105/289 [00:39<01:09,  2.63it/s] 37%|███▋      | 106/289 [00:40<01:09,  2.63it/s] 37%|███▋      | 107/289 [00:40<01:09,  2.63it/s] 37%|███▋      | 108/289 [00:41<01:08,  2.63it/s] 38%|███▊      | 109/289 [00:41<01:08,  2.63it/s] 38%|███▊      | 110/289 [00:41<01:08,  2.63it/s] 38%|███▊      | 111/289 [00:42<01:07,  2.63it/s] 39%|███▉      | 112/289 [00:42<01:07,  2.63it/s] 39%|███▉      | 113/289 [00:42<01:06,  2.63it/s] 39%|███▉      | 114/289 [00:43<01:06,  2.63it/s] 40%|███▉      | 115/289 [00:43<01:06,  2.63it/s] 40%|████      | 116/289 [00:44<01:05,  2.63it/s] 40%|████      | 117/289 [00:44<01:05,  2.63it/s] 41%|████      | 118/289 [00:44<01:04,  2.63it/s] 41%|████      | 119/289 [00:45<01:04,  2.63it/s] 42%|████▏     | 120/289 [00:45<01:04,  2.63it/s] 42%|████▏     | 121/289 [00:46<01:03,  2.63it/s] 42%|████▏     | 122/289 [00:46<01:03,  2.63it/s] 43%|████▎     | 123/289 [00:46<01:03,  2.63it/s] 43%|████▎     | 124/289 [00:47<01:02,  2.62it/s] 43%|████▎     | 125/289 [00:47<01:02,  2.62it/s] 44%|████▎     | 126/289 [00:47<01:02,  2.63it/s] 44%|████▍     | 127/289 [00:48<01:02,  2.60it/s] 44%|████▍     | 128/289 [00:48<01:01,  2.62it/s] 45%|████▍     | 129/289 [00:49<01:01,  2.62it/s] 45%|████▍     | 130/289 [00:49<01:00,  2.63it/s] 45%|████▌     | 131/289 [00:49<01:00,  2.63it/s] 46%|████▌     | 132/289 [00:50<00:59,  2.63it/s] 46%|████▌     | 133/289 [00:50<00:59,  2.63it/s] 46%|████▋     | 134/289 [00:50<00:58,  2.63it/s] 47%|████▋     | 135/289 [00:51<00:58,  2.64it/s] 47%|████▋     | 136/289 [00:51<00:58,  2.63it/s] 47%|████▋     | 137/289 [00:52<00:57,  2.63it/s] 48%|████▊     | 138/289 [00:52<00:57,  2.63it/s] 48%|████▊     | 139/289 [00:52<00:57,  2.63it/s] 48%|████▊     | 140/289 [00:53<00:56,  2.63it/s] 49%|████▉     | 141/289 [00:53<00:56,  2.63it/s] 49%|████▉     | 142/289 [00:54<00:55,  2.63it/s] 49%|████▉     | 143/289 [00:54<00:55,  2.63it/s] 50%|████▉     | 144/289 [00:54<00:55,  2.63it/s] 50%|█████     | 145/289 [00:55<00:54,  2.63it/s] 51%|█████     | 146/289 [00:55<00:54,  2.64it/s] 51%|█████     | 147/289 [00:55<00:53,  2.64it/s] 51%|█████     | 148/289 [00:56<00:53,  2.63it/s] 52%|█████▏    | 149/289 [00:56<00:53,  2.63it/s] 52%|█████▏    | 150/289 [00:57<00:52,  2.64it/s] 52%|█████▏    | 151/289 [00:57<00:52,  2.63it/s] 53%|█████▎    | 152/289 [00:57<00:52,  2.63it/s] 53%|█████▎    | 153/289 [00:58<00:51,  2.63it/s] 53%|█████▎    | 154/289 [00:58<00:51,  2.63it/s] 54%|█████▎    | 155/289 [00:58<00:50,  2.63it/s] 54%|█████▍    | 156/289 [00:59<00:50,  2.63it/s] 54%|█████▍    | 157/289 [00:59<00:50,  2.63it/s] 55%|█████▍    | 158/289 [01:00<00:49,  2.63it/s] 55%|█████▌    | 159/289 [01:00<00:49,  2.63it/s] 55%|█████▌    | 160/289 [01:00<00:49,  2.63it/s] 56%|█████▌    | 161/289 [01:01<00:48,  2.63it/s] 56%|█████▌    | 162/289 [01:01<00:48,  2.63it/s] 56%|█████▋    | 163/289 [01:02<00:47,  2.63it/s] 57%|█████▋    | 164/289 [01:02<00:47,  2.63it/s] 57%|█████▋    | 165/289 [01:02<00:47,  2.63it/s] 57%|█████▋    | 166/289 [01:03<00:46,  2.63it/s] 58%|█████▊    | 167/289 [01:03<00:46,  2.63it/s] 58%|█████▊    | 168/289 [01:03<00:45,  2.64it/s] 58%|█████▊    | 169/289 [01:04<00:45,  2.63it/s] 59%|█████▉    | 170/289 [01:04<00:45,  2.64it/s] 59%|█████▉    | 171/289 [01:05<00:44,  2.63it/s] 60%|█████▉    | 172/289 [01:05<00:44,  2.63it/s] 60%|█████▉    | 173/289 [01:05<00:44,  2.63it/s] 60%|██████    | 174/289 [01:06<00:43,  2.63it/s] 61%|██████    | 175/289 [01:06<00:43,  2.63it/s] 61%|██████    | 176/289 [01:06<00:42,  2.63it/s] 61%|██████    | 177/289 [01:07<00:42,  2.63it/s] 62%|██████▏   | 178/289 [01:07<00:42,  2.63it/s] 62%|██████▏   | 179/289 [01:08<00:41,  2.63it/s] 62%|██████▏   | 180/289 [01:08<00:41,  2.63it/s] 63%|██████▎   | 181/289 [01:08<00:41,  2.63it/s] 63%|██████▎   | 182/289 [01:09<00:40,  2.63it/s] 63%|██████▎   | 183/289 [01:09<00:40,  2.63it/s] 64%|██████▎   | 184/289 [01:09<00:39,  2.63it/s] 64%|██████▍   | 185/289 [01:10<00:39,  2.63it/s] 64%|██████▍   | 186/289 [01:10<00:39,  2.63it/s] 65%|██████▍   | 187/289 [01:11<00:38,  2.63it/s] 65%|██████▌   | 188/289 [01:11<00:38,  2.63it/s] 65%|██████▌   | 189/289 [01:11<00:38,  2.62it/s] 66%|██████▌   | 190/289 [01:12<00:37,  2.63it/s] 66%|██████▌   | 191/289 [01:12<00:37,  2.63it/s] 66%|██████▋   | 192/289 [01:13<00:36,  2.64it/s] 67%|██████▋   | 193/289 [01:13<00:36,  2.64it/s] 67%|██████▋   | 194/289 [01:13<00:36,  2.61it/s] 67%|██████▋   | 195/289 [01:14<00:35,  2.62it/s] 68%|██████▊   | 196/289 [01:14<00:35,  2.63it/s] 68%|██████▊   | 197/289 [01:14<00:34,  2.63it/s] 69%|██████▊   | 198/289 [01:15<00:34,  2.63it/s] 69%|██████▉   | 199/289 [01:15<00:34,  2.62it/s] 69%|██████▉   | 200/289 [01:16<00:33,  2.63it/s] 70%|██████▉   | 201/289 [01:16<00:33,  2.63it/s] 70%|██████▉   | 202/289 [01:16<00:33,  2.63it/s] 70%|███████   | 203/289 [01:17<00:32,  2.63it/s] 71%|███████   | 204/289 [01:17<00:32,  2.63it/s] 71%|███████   | 205/289 [01:17<00:31,  2.63it/s] 71%|███████▏  | 206/289 [01:18<00:31,  2.63it/s] 72%|███████▏  | 207/289 [01:18<00:31,  2.63it/s] 72%|███████▏  | 208/289 [01:19<00:30,  2.64it/s] 72%|███████▏  | 209/289 [01:19<00:30,  2.63it/s] 73%|███████▎  | 210/289 [01:19<00:30,  2.63it/s] 73%|███████▎  | 211/289 [01:20<00:29,  2.63it/s] 73%|███████▎  | 212/289 [01:20<00:29,  2.63it/s] 74%|███████▎  | 213/289 [01:21<00:28,  2.63it/s] 74%|███████▍  | 214/289 [01:21<00:28,  2.63it/s] 74%|███████▍  | 215/289 [01:21<00:28,  2.63it/s] 75%|███████▍  | 216/289 [01:22<00:27,  2.64it/s] 75%|███████▌  | 217/289 [01:22<00:27,  2.64it/s] 75%|███████▌  | 218/289 [01:22<00:26,  2.63it/s] 76%|███████▌  | 219/289 [01:23<00:26,  2.63it/s] 76%|███████▌  | 220/289 [01:23<00:26,  2.64it/s] 76%|███████▋  | 221/289 [01:24<00:25,  2.63it/s] 77%|███████▋  | 222/289 [01:24<00:25,  2.64it/s] 77%|███████▋  | 223/289 [01:24<00:25,  2.63it/s] 78%|███████▊  | 224/289 [01:25<00:24,  2.64it/s] 78%|███████▊  | 225/289 [01:25<00:24,  2.64it/s] 78%|███████▊  | 226/289 [01:25<00:23,  2.64it/s] 79%|███████▊  | 227/289 [01:26<00:23,  2.63it/s] 79%|███████▉  | 228/289 [01:26<00:23,  2.63it/s] 79%|███████▉  | 229/289 [01:27<00:22,  2.63it/s] 80%|███████▉  | 230/289 [01:27<00:22,  2.63it/s] 80%|███████▉  | 231/289 [01:27<00:22,  2.64it/s] 80%|████████  | 232/289 [01:28<00:21,  2.63it/s] 81%|████████  | 233/289 [01:28<00:21,  2.63it/s] 81%|████████  | 234/289 [01:28<00:20,  2.64it/s] 81%|████████▏ | 235/289 [01:29<00:20,  2.63it/s] 82%|████████▏ | 236/289 [01:29<00:20,  2.63it/s] 82%|████████▏ | 237/289 [01:30<00:19,  2.63it/s] 82%|████████▏ | 238/289 [01:30<00:19,  2.64it/s] 83%|████████▎ | 239/289 [01:30<00:18,  2.63it/s] 83%|████████▎ | 240/289 [01:31<00:18,  2.64it/s] 83%|████████▎ | 241/289 [01:31<00:18,  2.63it/s] 84%|████████▎ | 242/289 [01:32<00:17,  2.63it/s] 84%|████████▍ | 243/289 [01:32<00:17,  2.63it/s] 84%|████████▍ | 244/289 [01:32<00:17,  2.64it/s] 85%|████████▍ | 245/289 [01:33<00:16,  2.64it/s] 85%|████████▌ | 246/289 [01:33<00:16,  2.63it/s] 85%|████████▌ | 247/289 [01:33<00:15,  2.63it/s] 86%|████████▌ | 248/289 [01:34<00:15,  2.64it/s] 86%|████████▌ | 249/289 [01:34<00:15,  2.64it/s] 87%|████████▋ | 250/289 [01:35<00:14,  2.63it/s] 87%|████████▋ | 251/289 [01:35<00:14,  2.63it/s] 87%|████████▋ | 252/289 [01:35<00:14,  2.63it/s] 88%|████████▊ | 253/289 [01:36<00:13,  2.64it/s] 88%|████████▊ | 254/289 [01:36<00:13,  2.64it/s] 88%|████████▊ | 255/289 [01:36<00:12,  2.63it/s] 89%|████████▊ | 256/289 [01:37<00:12,  2.63it/s] 89%|████████▉ | 257/289 [01:37<00:12,  2.63it/s] 89%|████████▉ | 258/289 [01:38<00:11,  2.63it/s] 90%|████████▉ | 259/289 [01:38<00:11,  2.62it/s] 90%|████████▉ | 260/289 [01:38<00:11,  2.62it/s] 90%|█████████ | 261/289 [01:39<00:10,  2.63it/s] 91%|█████████ | 262/289 [01:39<00:10,  2.63it/s] 91%|█████████ | 263/289 [01:39<00:09,  2.63it/s] 91%|█████████▏| 264/289 [01:40<00:09,  2.61it/s] 92%|█████████▏| 265/289 [01:40<00:09,  2.62it/s] 92%|█████████▏| 266/289 [01:41<00:08,  2.63it/s] 92%|█████████▏| 267/289 [01:41<00:08,  2.63it/s] 93%|█████████▎| 268/289 [01:41<00:07,  2.63it/s] 93%|█████████▎| 269/289 [01:42<00:07,  2.63it/s] 93%|█████████▎| 270/289 [01:42<00:07,  2.63it/s] 94%|█████████▍| 271/289 [01:43<00:06,  2.63it/s] 94%|█████████▍| 272/289 [01:43<00:06,  2.63it/s] 94%|█████████▍| 273/289 [01:43<00:06,  2.63it/s] 95%|█████████▍| 274/289 [01:44<00:05,  2.63it/s] 95%|█████████▌| 275/289 [01:44<00:05,  2.63it/s] 96%|█████████▌| 276/289 [01:44<00:04,  2.63it/s] 96%|█████████▌| 277/289 [01:45<00:04,  2.63it/s] 96%|█████████▌| 278/289 [01:45<00:04,  2.63it/s] 97%|█████████▋| 279/289 [01:46<00:03,  2.63it/s] 97%|█████████▋| 280/289 [01:46<00:03,  2.63it/s] 97%|█████████▋| 281/289 [01:46<00:03,  2.63it/s] 98%|█████████▊| 282/289 [01:47<00:02,  2.63it/s] 98%|█████████▊| 283/289 [01:47<00:02,  2.63it/s] 98%|█████████▊| 284/289 [01:47<00:01,  2.63it/s] 99%|█████████▊| 285/289 [01:48<00:01,  2.63it/s] 99%|█████████▉| 286/289 [01:48<00:01,  2.63it/s] 99%|█████████▉| 287/289 [01:49<00:00,  2.63it/s]100%|█████████▉| 288/289 [01:49<00:00,  2.63it/s]100%|█████████▉| 288/289 [01:49<00:00,  2.62it/s]
[11/28 21:35:21 TiTok-Gen]: Data (t): 0.2548, 40.38/s/gpu Batch (t): 1.5848 LR: 0.000100 Step: 10050 Total Loss: 0.4276 Diff Loss: 0.4276 
[11/28 21:36:44 TiTok-Gen]: Data (t): 0.2492, 36.38/s/gpu Batch (t): 1.7594 LR: 0.000100 Step: 10100 Total Loss: 0.4275 Diff Loss: 0.4275 
[11/28 21:38:06 TiTok-Gen]: Data (t): 0.2469, 37.51/s/gpu Batch (t): 1.7061 LR: 0.000100 Step: 10150 Total Loss: 0.4265 Diff Loss: 0.4265 
[11/28 21:38:49 TiTok-Gen]: Epoch 16/1597 started.
[11/28 21:39:47 TiTok-Gen]: Data (t): 0.2779, 37.36/s/gpu Batch (t): 1.7132 LR: 0.000100 Step: 10200 Total Loss: 0.4272 Diff Loss: 0.4272 
[11/28 21:41:10 TiTok-Gen]: Data (t): 0.4195, 37.27/s/gpu Batch (t): 1.7171 LR: 0.000100 Step: 10250 Total Loss: 0.4272 Diff Loss: 0.4272 
[11/28 21:42:34 TiTok-Gen]: Data (t): 0.4287, 40.08/s/gpu Batch (t): 1.5966 LR: 0.000100 Step: 10300 Total Loss: 0.4264 Diff Loss: 0.4264 
[11/28 21:43:57 TiTok-Gen]: Data (t): 0.4573, 39.77/s/gpu Batch (t): 1.6091 LR: 0.000100 Step: 10350 Total Loss: 0.4275 Diff Loss: 0.4275 
[11/28 21:45:20 TiTok-Gen]: Data (t): 0.4471, 40.00/s/gpu Batch (t): 1.6000 LR: 0.000100 Step: 10400 Total Loss: 0.4268 Diff Loss: 0.4268 
[11/28 21:46:44 TiTok-Gen]: Data (t): 0.4393, 36.70/s/gpu Batch (t): 1.7436 LR: 0.000100 Step: 10450 Total Loss: 0.4273 Diff Loss: 0.4273 
[11/28 21:48:08 TiTok-Gen]: Data (t): 0.4502, 39.82/s/gpu Batch (t): 1.6072 LR: 0.000100 Step: 10500 Total Loss: 0.4271 Diff Loss: 0.4271 
[11/28 21:49:31 TiTok-Gen]: Data (t): 0.4216, 37.07/s/gpu Batch (t): 1.7263 LR: 0.000100 Step: 10550 Total Loss: 0.4269 Diff Loss: 0.4269 
[11/28 21:50:54 TiTok-Gen]: Data (t): 0.4176, 37.99/s/gpu Batch (t): 1.6846 LR: 0.000100 Step: 10600 Total Loss: 0.4261 Diff Loss: 0.4261 
[11/28 21:52:17 TiTok-Gen]: Data (t): 0.4519, 39.72/s/gpu Batch (t): 1.6112 LR: 0.000100 Step: 10650 Total Loss: 0.4272 Diff Loss: 0.4272 
[11/28 21:53:40 TiTok-Gen]: Data (t): 0.4568, 40.02/s/gpu Batch (t): 1.5993 LR: 0.000100 Step: 10700 Total Loss: 0.4260 Diff Loss: 0.4260 
[11/28 21:55:04 TiTok-Gen]: Data (t): 0.5208, 34.88/s/gpu Batch (t): 1.8348 LR: 0.000100 Step: 10750 Total Loss: 0.4268 Diff Loss: 0.4268 
[11/28 21:56:28 TiTok-Gen]: Data (t): 0.4374, 37.20/s/gpu Batch (t): 1.7205 LR: 0.000100 Step: 10800 Total Loss: 0.4256 Diff Loss: 0.4256 
[11/28 21:56:48 TiTok-Gen]: Epoch 17/1597 started.
[11/28 21:58:09 TiTok-Gen]: Data (t): 0.2710, 42.13/s/gpu Batch (t): 1.5191 LR: 0.000100 Step: 10850 Total Loss: 0.4247 Diff Loss: 0.4247 
[11/28 21:59:32 TiTok-Gen]: Data (t): 0.2485, 41.54/s/gpu Batch (t): 1.5409 LR: 0.000100 Step: 10900 Total Loss: 0.4250 Diff Loss: 0.4250 
[11/28 22:00:53 TiTok-Gen]: Data (t): 0.2505, 39.82/s/gpu Batch (t): 1.6073 LR: 0.000100 Step: 10950 Total Loss: 0.4249 Diff Loss: 0.4249 
[11/28 22:02:15 TiTok-Gen]: Data (t): 0.2500, 29.85/s/gpu Batch (t): 2.1441 LR: 0.000100 Step: 11000 Total Loss: 0.4256 Diff Loss: 0.4256 
[11/28 22:02:16 TiTok-Gen]: Generating images...
  0%|          | 0/289 [00:00<?, ?it/s]  0%|          | 1/289 [00:00<01:47,  2.68it/s]  1%|          | 2/289 [00:00<01:48,  2.64it/s]  1%|          | 3/289 [00:01<01:48,  2.63it/s]  1%|▏         | 4/289 [00:01<01:48,  2.62it/s]  2%|▏         | 5/289 [00:01<01:48,  2.62it/s]  2%|▏         | 6/289 [00:02<01:47,  2.62it/s]  2%|▏         | 7/289 [00:02<01:47,  2.61it/s]  3%|▎         | 8/289 [00:03<01:47,  2.62it/s]  3%|▎         | 9/289 [00:03<01:46,  2.62it/s]  3%|▎         | 10/289 [00:03<01:46,  2.62it/s]  4%|▍         | 11/289 [00:04<01:46,  2.62it/s]  4%|▍         | 12/289 [00:04<01:45,  2.62it/s]  4%|▍         | 13/289 [00:04<01:45,  2.62it/s]  5%|▍         | 14/289 [00:05<01:44,  2.62it/s]  5%|▌         | 15/289 [00:05<01:44,  2.62it/s]  6%|▌         | 16/289 [00:06<01:44,  2.62it/s]  6%|▌         | 17/289 [00:06<01:43,  2.62it/s]  6%|▌         | 18/289 [00:06<01:43,  2.62it/s]  7%|▋         | 19/289 [00:07<01:42,  2.62it/s]  7%|▋         | 20/289 [00:07<01:42,  2.62it/s]  7%|▋         | 21/289 [00:08<01:42,  2.62it/s]  8%|▊         | 22/289 [00:08<01:41,  2.62it/s]  8%|▊         | 23/289 [00:08<01:41,  2.62it/s]  8%|▊         | 24/289 [00:09<01:40,  2.63it/s]  9%|▊         | 25/289 [00:09<01:40,  2.63it/s]  9%|▉         | 26/289 [00:09<01:40,  2.62it/s]  9%|▉         | 27/289 [00:10<01:39,  2.62it/s] 10%|▉         | 28/289 [00:10<01:39,  2.63it/s] 10%|█         | 29/289 [00:11<01:38,  2.63it/s] 10%|█         | 30/289 [00:11<01:38,  2.63it/s] 11%|█         | 31/289 [00:11<01:38,  2.63it/s] 11%|█         | 32/289 [00:12<01:37,  2.63it/s] 11%|█▏        | 33/289 [00:12<01:37,  2.63it/s] 12%|█▏        | 34/289 [00:12<01:36,  2.63it/s] 12%|█▏        | 35/289 [00:13<01:36,  2.63it/s] 12%|█▏        | 36/289 [00:13<01:36,  2.63it/s] 13%|█▎        | 37/289 [00:14<01:35,  2.63it/s] 13%|█▎        | 38/289 [00:14<01:35,  2.63it/s] 13%|█▎        | 39/289 [00:14<01:34,  2.63it/s] 14%|█▍        | 40/289 [00:15<01:34,  2.64it/s] 14%|█▍        | 41/289 [00:15<01:34,  2.63it/s] 15%|█▍        | 42/289 [00:15<01:33,  2.63it/s] 15%|█▍        | 43/289 [00:16<01:33,  2.63it/s] 15%|█▌        | 44/289 [00:16<01:33,  2.63it/s] 16%|█▌        | 45/289 [00:17<01:32,  2.63it/s] 16%|█▌        | 46/289 [00:17<01:32,  2.63it/s] 16%|█▋        | 47/289 [00:17<01:31,  2.63it/s] 17%|█▋        | 48/289 [00:18<01:31,  2.63it/s] 17%|█▋        | 49/289 [00:18<01:31,  2.63it/s] 17%|█▋        | 50/289 [00:19<01:30,  2.63it/s] 18%|█▊        | 51/289 [00:19<01:30,  2.63it/s] 18%|█▊        | 52/289 [00:19<01:30,  2.63it/s] 18%|█▊        | 53/289 [00:20<01:29,  2.63it/s] 19%|█▊        | 54/289 [00:20<01:29,  2.63it/s] 19%|█▉        | 55/289 [00:20<01:29,  2.63it/s] 19%|█▉        | 56/289 [00:21<01:28,  2.62it/s] 20%|█▉        | 57/289 [00:21<01:28,  2.62it/s] 20%|██        | 58/289 [00:22<01:27,  2.63it/s] 20%|██        | 59/289 [00:22<01:27,  2.62it/s] 21%|██        | 60/289 [00:22<01:27,  2.62it/s] 21%|██        | 61/289 [00:23<01:26,  2.62it/s] 21%|██▏       | 62/289 [00:23<01:26,  2.63it/s] 22%|██▏       | 63/289 [00:23<01:25,  2.63it/s] 22%|██▏       | 64/289 [00:24<01:25,  2.63it/s] 22%|██▏       | 65/289 [00:24<01:24,  2.64it/s] 23%|██▎       | 66/289 [00:25<01:24,  2.63it/s] 23%|██▎       | 67/289 [00:25<01:24,  2.63it/s] 24%|██▎       | 68/289 [00:25<01:23,  2.63it/s] 24%|██▍       | 69/289 [00:26<01:23,  2.64it/s] 24%|██▍       | 70/289 [00:26<01:23,  2.64it/s] 25%|██▍       | 71/289 [00:27<01:22,  2.64it/s] 25%|██▍       | 72/289 [00:27<01:22,  2.63it/s] 25%|██▌       | 73/289 [00:27<01:22,  2.63it/s] 26%|██▌       | 74/289 [00:28<01:21,  2.63it/s] 26%|██▌       | 75/289 [00:28<01:21,  2.63it/s] 26%|██▋       | 76/289 [00:28<01:20,  2.63it/s] 27%|██▋       | 77/289 [00:29<01:20,  2.63it/s] 27%|██▋       | 78/289 [00:29<01:20,  2.63it/s] 27%|██▋       | 79/289 [00:30<01:19,  2.64it/s] 28%|██▊       | 80/289 [00:30<01:19,  2.64it/s] 28%|██▊       | 81/289 [00:30<01:18,  2.64it/s] 28%|██▊       | 82/289 [00:31<01:18,  2.64it/s] 29%|██▊       | 83/289 [00:31<01:18,  2.64it/s] 29%|██▉       | 84/289 [00:31<01:17,  2.64it/s] 29%|██▉       | 85/289 [00:32<01:17,  2.64it/s] 30%|██▉       | 86/289 [00:32<01:16,  2.64it/s] 30%|███       | 87/289 [00:33<01:16,  2.63it/s] 30%|███       | 88/289 [00:33<01:16,  2.64it/s] 31%|███       | 89/289 [00:33<01:15,  2.64it/s] 31%|███       | 90/289 [00:34<01:15,  2.64it/s] 31%|███▏      | 91/289 [00:34<01:14,  2.64it/s] 32%|███▏      | 92/289 [00:34<01:14,  2.64it/s] 32%|███▏      | 93/289 [00:35<01:14,  2.64it/s] 33%|███▎      | 94/289 [00:35<01:13,  2.64it/s] 33%|███▎      | 95/289 [00:36<01:13,  2.64it/s] 33%|███▎      | 96/289 [00:36<01:13,  2.64it/s] 34%|███▎      | 97/289 [00:36<01:12,  2.64it/s] 34%|███▍      | 98/289 [00:37<01:12,  2.64it/s] 34%|███▍      | 99/289 [00:37<01:12,  2.64it/s] 35%|███▍      | 100/289 [00:38<01:11,  2.64it/s] 35%|███▍      | 101/289 [00:38<01:11,  2.64it/s] 35%|███▌      | 102/289 [00:38<01:11,  2.63it/s] 36%|███▌      | 103/289 [00:39<01:10,  2.63it/s] 36%|███▌      | 104/289 [00:39<01:10,  2.63it/s] 36%|███▋      | 105/289 [00:39<01:09,  2.63it/s] 37%|███▋      | 106/289 [00:40<01:09,  2.63it/s] 37%|███▋      | 107/289 [00:40<01:09,  2.63it/s] 37%|███▋      | 108/289 [00:41<01:08,  2.63it/s] 38%|███▊      | 109/289 [00:41<01:08,  2.64it/s] 38%|███▊      | 110/289 [00:41<01:07,  2.64it/s] 38%|███▊      | 111/289 [00:42<01:07,  2.64it/s] 39%|███▉      | 112/289 [00:42<01:07,  2.64it/s] 39%|███▉      | 113/289 [00:42<01:06,  2.64it/s] 39%|███▉      | 114/289 [00:43<01:06,  2.64it/s] 40%|███▉      | 115/289 [00:43<01:06,  2.64it/s] 40%|████      | 116/289 [00:44<01:05,  2.64it/s] 40%|████      | 117/289 [00:44<01:05,  2.63it/s] 41%|████      | 118/289 [00:44<01:05,  2.63it/s] 41%|████      | 119/289 [00:45<01:04,  2.63it/s] 42%|████▏     | 120/289 [00:45<01:04,  2.63it/s] 42%|████▏     | 121/289 [00:45<01:03,  2.63it/s] 42%|████▏     | 122/289 [00:46<01:03,  2.63it/s] 43%|████▎     | 123/289 [00:46<01:03,  2.63it/s] 43%|████▎     | 124/289 [00:47<01:02,  2.63it/s] 43%|████▎     | 125/289 [00:47<01:02,  2.63it/s] 44%|████▎     | 126/289 [00:47<01:01,  2.63it/s] 44%|████▍     | 127/289 [00:48<01:01,  2.63it/s] 44%|████▍     | 128/289 [00:48<01:01,  2.63it/s] 45%|████▍     | 129/289 [00:49<01:00,  2.63it/s] 45%|████▍     | 130/289 [00:49<01:00,  2.63it/s] 45%|████▌     | 131/289 [00:49<01:00,  2.63it/s] 46%|████▌     | 132/289 [00:50<00:59,  2.63it/s] 46%|████▌     | 133/289 [00:50<00:59,  2.63it/s] 46%|████▋     | 134/289 [00:50<00:58,  2.63it/s] 47%|████▋     | 135/289 [00:51<00:58,  2.62it/s] 47%|████▋     | 136/289 [00:51<00:58,  2.63it/s] 47%|████▋     | 137/289 [00:52<00:58,  2.62it/s] 48%|████▊     | 138/289 [00:52<00:57,  2.61it/s] 48%|████▊     | 139/289 [00:52<00:57,  2.61it/s] 48%|████▊     | 140/289 [00:53<00:56,  2.62it/s] 49%|████▉     | 141/289 [00:53<00:56,  2.62it/s] 49%|████▉     | 142/289 [00:53<00:56,  2.62it/s] 49%|████▉     | 143/289 [00:54<00:55,  2.63it/s] 50%|████▉     | 144/289 [00:54<00:55,  2.63it/s] 50%|█████     | 145/289 [00:55<00:54,  2.63it/s] 51%|█████     | 146/289 [00:55<00:54,  2.64it/s] 51%|█████     | 147/289 [00:55<00:53,  2.63it/s] 51%|█████     | 148/289 [00:56<00:53,  2.63it/s] 52%|█████▏    | 149/289 [00:56<00:53,  2.64it/s] 52%|█████▏    | 150/289 [00:57<00:52,  2.64it/s] 52%|█████▏    | 151/289 [00:57<00:52,  2.64it/s] 53%|█████▎    | 152/289 [00:57<00:52,  2.63it/s] 53%|█████▎    | 153/289 [00:58<00:51,  2.63it/s] 53%|█████▎    | 154/289 [00:58<00:51,  2.64it/s] 54%|█████▎    | 155/289 [00:58<00:50,  2.64it/s] 54%|█████▍    | 156/289 [00:59<00:50,  2.64it/s] 54%|█████▍    | 157/289 [00:59<00:50,  2.64it/s] 55%|█████▍    | 158/289 [01:00<00:49,  2.64it/s] 55%|█████▌    | 159/289 [01:00<00:49,  2.64it/s] 55%|█████▌    | 160/289 [01:00<00:48,  2.64it/s] 56%|█████▌    | 161/289 [01:01<00:48,  2.64it/s] 56%|█████▌    | 162/289 [01:01<00:48,  2.64it/s] 56%|█████▋    | 163/289 [01:01<00:47,  2.63it/s] 57%|█████▋    | 164/289 [01:02<00:47,  2.63it/s] 57%|█████▋    | 165/289 [01:02<00:47,  2.63it/s] 57%|█████▋    | 166/289 [01:03<00:46,  2.63it/s] 58%|█████▊    | 167/289 [01:03<00:46,  2.63it/s] 58%|█████▊    | 168/289 [01:03<00:45,  2.63it/s] 58%|█████▊    | 169/289 [01:04<00:45,  2.63it/s] 59%|█████▉    | 170/289 [01:04<00:45,  2.64it/s] 59%|█████▉    | 171/289 [01:04<00:44,  2.64it/s] 60%|█████▉    | 172/289 [01:05<00:44,  2.64it/s] 60%|█████▉    | 173/289 [01:05<00:44,  2.63it/s] 60%|██████    | 174/289 [01:06<00:43,  2.64it/s] 61%|██████    | 175/289 [01:06<00:43,  2.63it/s] 61%|██████    | 176/289 [01:06<00:42,  2.64it/s] 61%|██████    | 177/289 [01:07<00:42,  2.63it/s] 62%|██████▏   | 178/289 [01:07<00:42,  2.62it/s] 62%|██████▏   | 179/289 [01:08<00:41,  2.63it/s] 62%|██████▏   | 180/289 [01:08<00:41,  2.63it/s] 63%|██████▎   | 181/289 [01:08<00:41,  2.63it/s] 63%|██████▎   | 182/289 [01:09<00:40,  2.64it/s] 63%|██████▎   | 183/289 [01:09<00:40,  2.62it/s] 64%|██████▎   | 184/289 [01:09<00:40,  2.62it/s] 64%|██████▍   | 185/289 [01:10<00:39,  2.63it/s] 64%|██████▍   | 186/289 [01:10<00:39,  2.63it/s] 65%|██████▍   | 187/289 [01:11<00:38,  2.63it/s] 65%|██████▌   | 188/289 [01:11<00:38,  2.63it/s] 65%|██████▌   | 189/289 [01:11<00:37,  2.63it/s] 66%|██████▌   | 190/289 [01:12<00:37,  2.63it/s] 66%|██████▌   | 191/289 [01:12<00:37,  2.63it/s] 66%|██████▋   | 192/289 [01:12<00:36,  2.64it/s] 67%|██████▋   | 193/289 [01:13<00:36,  2.63it/s] 67%|██████▋   | 194/289 [01:13<00:36,  2.63it/s] 67%|██████▋   | 195/289 [01:14<00:35,  2.63it/s] 68%|██████▊   | 196/289 [01:14<00:35,  2.63it/s] 68%|██████▊   | 197/289 [01:14<00:34,  2.63it/s] 69%|██████▊   | 198/289 [01:15<00:34,  2.63it/s] 69%|██████▉   | 199/289 [01:15<00:34,  2.63it/s] 69%|██████▉   | 200/289 [01:16<00:33,  2.63it/s] 70%|██████▉   | 201/289 [01:16<00:33,  2.63it/s] 70%|██████▉   | 202/289 [01:16<00:33,  2.63it/s] 70%|███████   | 203/289 [01:17<00:32,  2.63it/s] 71%|███████   | 204/289 [01:17<00:32,  2.63it/s] 71%|███████   | 205/289 [01:17<00:31,  2.63it/s] 71%|███████▏  | 206/289 [01:18<00:31,  2.63it/s] 72%|███████▏  | 207/289 [01:18<00:31,  2.63it/s] 72%|███████▏  | 208/289 [01:19<00:30,  2.63it/s] 72%|███████▏  | 209/289 [01:19<00:30,  2.63it/s] 73%|███████▎  | 210/289 [01:19<00:30,  2.63it/s] 73%|███████▎  | 211/289 [01:20<00:29,  2.63it/s] 73%|███████▎  | 212/289 [01:20<00:29,  2.63it/s] 74%|███████▎  | 213/289 [01:20<00:28,  2.63it/s] 74%|███████▍  | 214/289 [01:21<00:28,  2.63it/s] 74%|███████▍  | 215/289 [01:21<00:28,  2.63it/s] 75%|███████▍  | 216/289 [01:22<00:27,  2.63it/s] 75%|███████▌  | 217/289 [01:22<00:27,  2.63it/s] 75%|███████▌  | 218/289 [01:22<00:26,  2.63it/s] 76%|███████▌  | 219/289 [01:23<00:26,  2.63it/s] 76%|███████▌  | 220/289 [01:23<00:26,  2.63it/s] 76%|███████▋  | 221/289 [01:23<00:25,  2.64it/s] 77%|███████▋  | 222/289 [01:24<00:25,  2.64it/s] 77%|███████▋  | 223/289 [01:24<00:25,  2.64it/s] 78%|███████▊  | 224/289 [01:25<00:24,  2.63it/s] 78%|███████▊  | 225/289 [01:25<00:24,  2.63it/s] 78%|███████▊  | 226/289 [01:25<00:23,  2.64it/s] 79%|███████▊  | 227/289 [01:26<00:23,  2.64it/s] 79%|███████▉  | 228/289 [01:26<00:23,  2.64it/s] 79%|███████▉  | 229/289 [01:27<00:22,  2.63it/s] 80%|███████▉  | 230/289 [01:27<00:22,  2.64it/s] 80%|███████▉  | 231/289 [01:27<00:21,  2.64it/s] 80%|████████  | 232/289 [01:28<00:21,  2.64it/s] 81%|████████  | 233/289 [01:28<00:21,  2.64it/s] 81%|████████  | 234/289 [01:28<00:20,  2.63it/s] 81%|████████▏ | 235/289 [01:29<00:20,  2.63it/s] 82%|████████▏ | 236/289 [01:29<00:20,  2.63it/s] 82%|████████▏ | 237/289 [01:30<00:19,  2.63it/s] 82%|████████▏ | 238/289 [01:30<00:19,  2.63it/s] 83%|████████▎ | 239/289 [01:30<00:18,  2.63it/s] 83%|████████▎ | 240/289 [01:31<00:18,  2.63it/s] 83%|████████▎ | 241/289 [01:31<00:18,  2.64it/s] 84%|████████▎ | 242/289 [01:31<00:17,  2.64it/s] 84%|████████▍ | 243/289 [01:32<00:17,  2.64it/s] 84%|████████▍ | 244/289 [01:32<00:17,  2.64it/s] 85%|████████▍ | 245/289 [01:33<00:16,  2.64it/s] 85%|████████▌ | 246/289 [01:33<00:16,  2.64it/s] 85%|████████▌ | 247/289 [01:33<00:15,  2.64it/s] 86%|████████▌ | 248/289 [01:34<00:15,  2.64it/s] 86%|████████▌ | 249/289 [01:34<00:15,  2.64it/s] 87%|████████▋ | 250/289 [01:34<00:14,  2.64it/s] 87%|████████▋ | 251/289 [01:35<00:14,  2.64it/s] 87%|████████▋ | 252/289 [01:35<00:14,  2.64it/s] 88%|████████▊ | 253/289 [01:36<00:13,  2.64it/s] 88%|████████▊ | 254/289 [01:36<00:13,  2.63it/s] 88%|████████▊ | 255/289 [01:36<00:12,  2.63it/s] 89%|████████▊ | 256/289 [01:37<00:12,  2.63it/s] 89%|████████▉ | 257/289 [01:37<00:12,  2.63it/s] 89%|████████▉ | 258/289 [01:38<00:11,  2.63it/s] 90%|████████▉ | 259/289 [01:38<00:11,  2.61it/s] 90%|████████▉ | 260/289 [01:38<00:11,  2.62it/s] 90%|█████████ | 261/289 [01:39<00:10,  2.62it/s] 91%|█████████ | 262/289 [01:39<00:10,  2.63it/s] 91%|█████████ | 263/289 [01:39<00:09,  2.63it/s] 91%|█████████▏| 264/289 [01:40<00:09,  2.63it/s] 92%|█████████▏| 265/289 [01:40<00:09,  2.63it/s] 92%|█████████▏| 266/289 [01:41<00:08,  2.63it/s] 92%|█████████▏| 267/289 [01:41<00:08,  2.63it/s] 93%|█████████▎| 268/289 [01:41<00:07,  2.64it/s] 93%|█████████▎| 269/289 [01:42<00:07,  2.64it/s] 93%|█████████▎| 270/289 [01:42<00:07,  2.63it/s] 94%|█████████▍| 271/289 [01:42<00:06,  2.63it/s] 94%|█████████▍| 272/289 [01:43<00:06,  2.63it/s] 94%|█████████▍| 273/289 [01:43<00:06,  2.64it/s] 95%|█████████▍| 274/289 [01:44<00:05,  2.64it/s] 95%|█████████▌| 275/289 [01:44<00:05,  2.63it/s] 96%|█████████▌| 276/289 [01:44<00:04,  2.63it/s] 96%|█████████▌| 277/289 [01:45<00:04,  2.63it/s] 96%|█████████▌| 278/289 [01:45<00:04,  2.63it/s] 97%|█████████▋| 279/289 [01:46<00:03,  2.63it/s] 97%|█████████▋| 280/289 [01:46<00:03,  2.63it/s] 97%|█████████▋| 281/289 [01:46<00:03,  2.64it/s] 98%|█████████▊| 282/289 [01:47<00:02,  2.64it/s] 98%|█████████▊| 283/289 [01:47<00:02,  2.63it/s] 98%|█████████▊| 284/289 [01:47<00:01,  2.64it/s] 99%|█████████▊| 285/289 [01:48<00:01,  2.63it/s] 99%|█████████▉| 286/289 [01:48<00:01,  2.63it/s] 99%|█████████▉| 287/289 [01:49<00:00,  2.63it/s]100%|█████████▉| 288/289 [01:49<00:00,  2.63it/s]100%|█████████▉| 288/289 [01:49<00:00,  2.62it/s]
[11/28 22:05:29 TiTok-Gen]: Data (t): 0.2474, 41.61/s/gpu Batch (t): 1.5383 LR: 0.000100 Step: 11050 Total Loss: 0.4251 Diff Loss: 0.4251 
[11/28 22:06:51 TiTok-Gen]: Data (t): 0.2495, 40.64/s/gpu Batch (t): 1.5750 LR: 0.000100 Step: 11100 Total Loss: 0.4262 Diff Loss: 0.4262 
[11/28 22:08:13 TiTok-Gen]: Data (t): 0.2479, 39.75/s/gpu Batch (t): 1.6101 LR: 0.000100 Step: 11150 Total Loss: 0.4248 Diff Loss: 0.4248 
[11/28 22:09:34 TiTok-Gen]: Data (t): 0.3313, 40.08/s/gpu Batch (t): 1.5967 LR: 0.000100 Step: 11200 Total Loss: 0.4258 Diff Loss: 0.4258 
[11/28 22:10:57 TiTok-Gen]: Data (t): 0.2488, 38.54/s/gpu Batch (t): 1.6607 LR: 0.000100 Step: 11250 Total Loss: 0.4252 Diff Loss: 0.4252 
[11/28 22:12:18 TiTok-Gen]: Data (t): 0.3215, 39.10/s/gpu Batch (t): 1.6369 LR: 0.000100 Step: 11300 Total Loss: 0.4242 Diff Loss: 0.4242 
[11/28 22:13:41 TiTok-Gen]: Data (t): 0.2577, 36.25/s/gpu Batch (t): 1.7653 LR: 0.000100 Step: 11350 Total Loss: 0.4245 Diff Loss: 0.4245 
[11/28 22:15:03 TiTok-Gen]: Data (t): 0.2477, 38.29/s/gpu Batch (t): 1.6713 LR: 0.000100 Step: 11400 Total Loss: 0.4237 Diff Loss: 0.4237 
[11/28 22:16:21 TiTok-Gen]: Epoch 18/1597 started.
[11/28 22:16:43 TiTok-Gen]: Data (t): 0.2665, 40.64/s/gpu Batch (t): 1.5748 LR: 0.000100 Step: 11450 Total Loss: 0.4244 Diff Loss: 0.4244 
[11/28 22:18:06 TiTok-Gen]: Data (t): 0.2528, 39.21/s/gpu Batch (t): 1.6322 LR: 0.000100 Step: 11500 Total Loss: 0.4244 Diff Loss: 0.4244 
[11/28 22:19:28 TiTok-Gen]: Data (t): 0.3219, 39.72/s/gpu Batch (t): 1.6112 LR: 0.000100 Step: 11550 Total Loss: 0.4246 Diff Loss: 0.4246 
[11/28 22:20:49 TiTok-Gen]: Data (t): 0.2484, 39.68/s/gpu Batch (t): 1.6131 LR: 0.000100 Step: 11600 Total Loss: 0.4254 Diff Loss: 0.4254 
[11/28 22:22:11 TiTok-Gen]: Data (t): 0.2543, 41.59/s/gpu Batch (t): 1.5389 LR: 0.000100 Step: 11650 Total Loss: 0.4248 Diff Loss: 0.4248 
[11/28 22:23:32 TiTok-Gen]: Data (t): 0.2517, 37.65/s/gpu Batch (t): 1.6997 LR: 0.000100 Step: 11700 Total Loss: 0.4241 Diff Loss: 0.4241 
[11/28 22:24:54 TiTok-Gen]: Data (t): 0.2506, 39.24/s/gpu Batch (t): 1.6310 LR: 0.000100 Step: 11750 Total Loss: 0.4246 Diff Loss: 0.4246 
[11/28 22:26:16 TiTok-Gen]: Data (t): 0.2472, 38.08/s/gpu Batch (t): 1.6808 LR: 0.000100 Step: 11800 Total Loss: 0.4248 Diff Loss: 0.4248 
[11/28 22:27:38 TiTok-Gen]: Data (t): 0.2831, 40.85/s/gpu Batch (t): 1.5668 LR: 0.000100 Step: 11850 Total Loss: 0.4246 Diff Loss: 0.4246 
[11/28 22:28:59 TiTok-Gen]: Data (t): 0.2501, 39.56/s/gpu Batch (t): 1.6177 LR: 0.000100 Step: 11900 Total Loss: 0.4224 Diff Loss: 0.4224 
[11/28 22:30:21 TiTok-Gen]: Data (t): 0.2531, 39.92/s/gpu Batch (t): 1.6033 LR: 0.000100 Step: 11950 Total Loss: 0.4234 Diff Loss: 0.4234 
[11/28 22:31:43 TiTok-Gen]: Data (t): 0.2463, 31.96/s/gpu Batch (t): 2.0023 LR: 0.000100 Step: 12000 Total Loss: 0.4239 Diff Loss: 0.4239 
[11/28 22:31:44 TiTok-Gen]: Generating images...
  0%|          | 0/289 [00:00<?, ?it/s]  0%|          | 1/289 [00:00<01:47,  2.67it/s]  1%|          | 2/289 [00:00<01:48,  2.63it/s]  1%|          | 3/289 [00:01<01:49,  2.62it/s]  1%|▏         | 4/289 [00:01<01:49,  2.61it/s]  2%|▏         | 5/289 [00:01<01:48,  2.61it/s]  2%|▏         | 6/289 [00:02<01:48,  2.61it/s]  2%|▏         | 7/289 [00:02<01:48,  2.61it/s]  3%|▎         | 8/289 [00:03<01:47,  2.61it/s]  3%|▎         | 9/289 [00:03<01:47,  2.61it/s]  3%|▎         | 10/289 [00:03<01:46,  2.61it/s]  4%|▍         | 11/289 [00:04<01:46,  2.61it/s]  4%|▍         | 12/289 [00:04<01:46,  2.61it/s]  4%|▍         | 13/289 [00:04<01:45,  2.61it/s]  5%|▍         | 14/289 [00:05<01:45,  2.61it/s]  5%|▌         | 15/289 [00:05<01:45,  2.61it/s]  6%|▌         | 16/289 [00:06<01:44,  2.61it/s]  6%|▌         | 17/289 [00:06<01:44,  2.61it/s]  6%|▌         | 18/289 [00:06<01:43,  2.61it/s]  7%|▋         | 19/289 [00:07<01:43,  2.61it/s]  7%|▋         | 20/289 [00:07<01:42,  2.61it/s]  7%|▋         | 21/289 [00:08<01:42,  2.61it/s]  8%|▊         | 22/289 [00:08<01:42,  2.61it/s]  8%|▊         | 23/289 [00:08<01:42,  2.61it/s]  8%|▊         | 24/289 [00:09<01:41,  2.60it/s]  9%|▊         | 25/289 [00:09<01:41,  2.60it/s]  9%|▉         | 26/289 [00:09<01:40,  2.61it/s]  9%|▉         | 27/289 [00:10<01:40,  2.60it/s] 10%|▉         | 28/289 [00:10<01:40,  2.61it/s] 10%|█         | 29/289 [00:11<01:39,  2.61it/s] 10%|█         | 30/289 [00:11<01:39,  2.61it/s] 11%|█         | 31/289 [00:11<01:38,  2.61it/s] 11%|█         | 32/289 [00:12<01:38,  2.61it/s] 11%|█▏        | 33/289 [00:12<01:38,  2.61it/s] 12%|█▏        | 34/289 [00:13<01:37,  2.61it/s] 12%|█▏        | 35/289 [00:13<01:37,  2.61it/s] 12%|█▏        | 36/289 [00:13<01:36,  2.61it/s] 13%|█▎        | 37/289 [00:14<01:36,  2.61it/s] 13%|█▎        | 38/289 [00:14<01:36,  2.61it/s] 13%|█▎        | 39/289 [00:14<01:35,  2.61it/s] 14%|█▍        | 40/289 [00:15<01:35,  2.61it/s] 14%|█▍        | 41/289 [00:15<01:34,  2.61it/s] 15%|█▍        | 42/289 [00:16<01:34,  2.61it/s] 15%|█▍        | 43/289 [00:16<01:34,  2.61it/s] 15%|█▌        | 44/289 [00:16<01:33,  2.61it/s] 16%|█▌        | 45/289 [00:17<01:33,  2.61it/s] 16%|█▌        | 46/289 [00:17<01:33,  2.61it/s] 16%|█▋        | 47/289 [00:18<01:32,  2.61it/s] 17%|█▋        | 48/289 [00:18<01:32,  2.61it/s] 17%|█▋        | 49/289 [00:18<01:31,  2.61it/s] 17%|█▋        | 50/289 [00:19<01:31,  2.61it/s] 18%|█▊        | 51/289 [00:19<01:31,  2.61it/s] 18%|█▊        | 52/289 [00:19<01:30,  2.61it/s] 18%|█▊        | 53/289 [00:20<01:30,  2.61it/s] 19%|█▊        | 54/289 [00:20<01:29,  2.62it/s] 19%|█▉        | 55/289 [00:21<01:29,  2.62it/s] 19%|█▉        | 56/289 [00:21<01:29,  2.62it/s] 20%|█▉        | 57/289 [00:21<01:28,  2.61it/s] 20%|██        | 58/289 [00:22<01:28,  2.61it/s] 20%|██        | 59/289 [00:22<01:28,  2.61it/s] 21%|██        | 60/289 [00:22<01:27,  2.61it/s] 21%|██        | 61/289 [00:23<01:27,  2.61it/s] 21%|██▏       | 62/289 [00:23<01:26,  2.61it/s] 22%|██▏       | 63/289 [00:24<01:26,  2.61it/s] 22%|██▏       | 64/289 [00:24<01:25,  2.62it/s] 22%|██▏       | 65/289 [00:24<01:25,  2.61it/s] 23%|██▎       | 66/289 [00:25<01:25,  2.62it/s] 23%|██▎       | 67/289 [00:25<01:24,  2.62it/s] 24%|██▎       | 68/289 [00:26<01:24,  2.61it/s] 24%|██▍       | 69/289 [00:26<01:24,  2.62it/s] 24%|██▍       | 70/289 [00:26<01:23,  2.62it/s] 25%|██▍       | 71/289 [00:27<01:23,  2.62it/s] 25%|██▍       | 72/289 [00:27<01:22,  2.62it/s] 25%|██▌       | 73/289 [00:27<01:22,  2.62it/s] 26%|██▌       | 74/289 [00:28<01:22,  2.62it/s] 26%|██▌       | 75/289 [00:28<01:21,  2.62it/s] 26%|██▋       | 76/289 [00:29<01:21,  2.62it/s] 27%|██▋       | 77/289 [00:29<01:21,  2.61it/s] 27%|██▋       | 78/289 [00:29<01:20,  2.61it/s] 27%|██▋       | 79/289 [00:30<01:20,  2.61it/s] 28%|██▊       | 80/289 [00:30<01:20,  2.59it/s] 28%|██▊       | 81/289 [00:31<01:20,  2.60it/s] 28%|██▊       | 82/289 [00:31<01:19,  2.60it/s] 29%|██▊       | 83/289 [00:31<01:19,  2.61it/s] 29%|██▉       | 84/289 [00:32<01:18,  2.61it/s] 29%|██▉       | 85/289 [00:32<01:18,  2.61it/s] 30%|██▉       | 86/289 [00:32<01:17,  2.61it/s] 30%|███       | 87/289 [00:33<01:17,  2.60it/s] 30%|███       | 88/289 [00:33<01:17,  2.61it/s] 31%|███       | 89/289 [00:34<01:16,  2.61it/s] 31%|███       | 90/289 [00:34<01:16,  2.61it/s] 31%|███▏      | 91/289 [00:34<01:15,  2.61it/s] 32%|███▏      | 92/289 [00:35<01:15,  2.61it/s] 32%|███▏      | 93/289 [00:35<01:15,  2.61it/s] 33%|███▎      | 94/289 [00:35<01:14,  2.61it/s] 33%|███▎      | 95/289 [00:36<01:14,  2.61it/s] 33%|███▎      | 96/289 [00:36<01:13,  2.61it/s] 34%|███▎      | 97/289 [00:37<01:13,  2.61it/s] 34%|███▍      | 98/289 [00:37<01:13,  2.61it/s] 34%|███▍      | 99/289 [00:37<01:12,  2.61it/s] 35%|███▍      | 100/289 [00:38<01:12,  2.61it/s] 35%|███▍      | 101/289 [00:38<01:11,  2.61it/s] 35%|███▌      | 102/289 [00:39<01:11,  2.61it/s] 36%|███▌      | 103/289 [00:39<01:11,  2.61it/s] 36%|███▌      | 104/289 [00:39<01:10,  2.61it/s] 36%|███▋      | 105/289 [00:40<01:10,  2.61it/s] 37%|███▋      | 106/289 [00:40<01:09,  2.62it/s] 37%|███▋      | 107/289 [00:40<01:09,  2.61it/s] 37%|███▋      | 108/289 [00:41<01:09,  2.62it/s] 38%|███▊      | 109/289 [00:41<01:08,  2.62it/s] 38%|███▊      | 110/289 [00:42<01:08,  2.62it/s] 38%|███▊      | 111/289 [00:42<01:08,  2.62it/s] 39%|███▉      | 112/289 [00:42<01:07,  2.61it/s] 39%|███▉      | 113/289 [00:43<01:07,  2.61it/s] 39%|███▉      | 114/289 [00:43<01:06,  2.62it/s] 40%|███▉      | 115/289 [00:44<01:06,  2.62it/s] 40%|████      | 116/289 [00:44<01:06,  2.62it/s] 40%|████      | 117/289 [00:44<01:05,  2.61it/s] 41%|████      | 118/289 [00:45<01:05,  2.61it/s] 41%|████      | 119/289 [00:45<01:04,  2.62it/s] 42%|████▏     | 120/289 [00:45<01:04,  2.62it/s] 42%|████▏     | 121/289 [00:46<01:04,  2.62it/s] 42%|████▏     | 122/289 [00:46<01:03,  2.61it/s] 43%|████▎     | 123/289 [00:47<01:03,  2.61it/s] 43%|████▎     | 124/289 [00:47<01:03,  2.62it/s] 43%|████▎     | 125/289 [00:47<01:02,  2.62it/s] 44%|████▎     | 126/289 [00:48<01:02,  2.62it/s] 44%|████▍     | 127/289 [00:48<01:01,  2.62it/s] 44%|████▍     | 128/289 [00:49<01:01,  2.62it/s] 45%|████▍     | 129/289 [00:49<01:01,  2.62it/s] 45%|████▍     | 130/289 [00:49<01:00,  2.62it/s] 45%|████▌     | 131/289 [00:50<01:00,  2.62it/s] 46%|████▌     | 132/289 [00:50<00:59,  2.62it/s] 46%|████▌     | 133/289 [00:50<00:59,  2.62it/s] 46%|████▋     | 134/289 [00:51<00:59,  2.62it/s] 47%|████▋     | 135/289 [00:51<00:58,  2.62it/s] 47%|████▋     | 136/289 [00:52<00:58,  2.62it/s] 47%|████▋     | 137/289 [00:52<00:58,  2.62it/s] 48%|████▊     | 138/289 [00:52<00:57,  2.62it/s] 48%|████▊     | 139/289 [00:53<00:57,  2.62it/s] 48%|████▊     | 140/289 [00:53<00:56,  2.62it/s] 49%|████▉     | 141/289 [00:53<00:56,  2.60it/s] 49%|████▉     | 142/289 [00:54<00:56,  2.61it/s] 49%|████▉     | 143/289 [00:54<00:55,  2.61it/s] 50%|████▉     | 144/289 [00:55<00:55,  2.62it/s] 50%|█████     | 145/289 [00:55<00:55,  2.62it/s] 51%|█████     | 146/289 [00:55<00:55,  2.60it/s] 51%|█████     | 147/289 [00:56<00:54,  2.60it/s] 51%|█████     | 148/289 [00:56<00:54,  2.61it/s] 52%|█████▏    | 149/289 [00:57<00:53,  2.61it/s] 52%|█████▏    | 150/289 [00:57<00:53,  2.61it/s] 52%|█████▏    | 151/289 [00:57<00:53,  2.60it/s] 53%|█████▎    | 152/289 [00:58<00:52,  2.60it/s] 53%|█████▎    | 153/289 [00:58<00:52,  2.61it/s] 53%|█████▎    | 154/289 [00:58<00:51,  2.61it/s] 54%|█████▎    | 155/289 [00:59<00:51,  2.61it/s] 54%|█████▍    | 156/289 [00:59<00:50,  2.61it/s] 54%|█████▍    | 157/289 [01:00<00:50,  2.61it/s] 55%|█████▍    | 158/289 [01:00<00:50,  2.62it/s] 55%|█████▌    | 159/289 [01:00<00:49,  2.62it/s] 55%|█████▌    | 160/289 [01:01<00:49,  2.62it/s] 56%|█████▌    | 161/289 [01:01<00:48,  2.62it/s] 56%|█████▌    | 162/289 [01:02<00:48,  2.62it/s] 56%|█████▋    | 163/289 [01:02<00:48,  2.62it/s] 57%|█████▋    | 164/289 [01:02<00:47,  2.62it/s] 57%|█████▋    | 165/289 [01:03<00:47,  2.62it/s] 57%|█████▋    | 166/289 [01:03<00:47,  2.62it/s] 58%|█████▊    | 167/289 [01:03<00:46,  2.62it/s] 58%|█████▊    | 168/289 [01:04<00:46,  2.62it/s] 58%|█████▊    | 169/289 [01:04<00:45,  2.62it/s] 59%|█████▉    | 170/289 [01:05<00:45,  2.62it/s] 59%|█████▉    | 171/289 [01:05<00:45,  2.61it/s] 60%|█████▉    | 172/289 [01:05<00:44,  2.61it/s] 60%|█████▉    | 173/289 [01:06<00:44,  2.62it/s] 60%|██████    | 174/289 [01:06<00:43,  2.62it/s] 61%|██████    | 175/289 [01:06<00:43,  2.62it/s] 61%|██████    | 176/289 [01:07<00:43,  2.62it/s] 61%|██████    | 177/289 [01:07<00:42,  2.62it/s] 62%|██████▏   | 178/289 [01:08<00:42,  2.62it/s] 62%|██████▏   | 179/289 [01:08<00:41,  2.62it/s] 62%|██████▏   | 180/289 [01:08<00:41,  2.62it/s] 63%|██████▎   | 181/289 [01:09<00:41,  2.61it/s] 63%|██████▎   | 182/289 [01:09<00:40,  2.61it/s] 63%|██████▎   | 183/289 [01:10<00:40,  2.61it/s] 64%|██████▎   | 184/289 [01:10<00:40,  2.62it/s] 64%|██████▍   | 185/289 [01:10<00:39,  2.62it/s] 64%|██████▍   | 186/289 [01:11<00:39,  2.61it/s] 65%|██████▍   | 187/289 [01:11<00:39,  2.61it/s] 65%|██████▌   | 188/289 [01:11<00:38,  2.62it/s] 65%|██████▌   | 189/289 [01:12<00:38,  2.61it/s] 66%|██████▌   | 190/289 [01:12<00:37,  2.62it/s] 66%|██████▌   | 191/289 [01:13<00:37,  2.61it/s] 66%|██████▋   | 192/289 [01:13<00:37,  2.62it/s] 67%|██████▋   | 193/289 [01:13<00:36,  2.62it/s] 67%|██████▋   | 194/289 [01:14<00:36,  2.62it/s] 67%|██████▋   | 195/289 [01:14<00:35,  2.62it/s] 68%|██████▊   | 196/289 [01:15<00:35,  2.61it/s] 68%|██████▊   | 197/289 [01:15<00:35,  2.62it/s] 69%|██████▊   | 198/289 [01:15<00:34,  2.62it/s] 69%|██████▉   | 199/289 [01:16<00:34,  2.62it/s] 69%|██████▉   | 200/289 [01:16<00:33,  2.62it/s] 70%|██████▉   | 201/289 [01:16<00:33,  2.62it/s] 70%|██████▉   | 202/289 [01:17<00:33,  2.62it/s] 70%|███████   | 203/289 [01:17<00:32,  2.62it/s] 71%|███████   | 204/289 [01:18<00:32,  2.62it/s] 71%|███████   | 205/289 [01:18<00:32,  2.62it/s] 71%|███████▏  | 206/289 [01:18<00:31,  2.62it/s] 72%|███████▏  | 207/289 [01:19<00:31,  2.62it/s] 72%|███████▏  | 208/289 [01:19<00:30,  2.62it/s] 72%|███████▏  | 209/289 [01:19<00:30,  2.62it/s] 73%|███████▎  | 210/289 [01:20<00:30,  2.62it/s] 73%|███████▎  | 211/289 [01:20<00:29,  2.61it/s] 73%|███████▎  | 212/289 [01:21<00:29,  2.62it/s] 74%|███████▎  | 213/289 [01:21<00:29,  2.62it/s] 74%|███████▍  | 214/289 [01:21<00:28,  2.62it/s] 74%|███████▍  | 215/289 [01:22<00:28,  2.62it/s] 75%|███████▍  | 216/289 [01:22<00:28,  2.60it/s] 75%|███████▌  | 217/289 [01:23<00:27,  2.60it/s] 75%|███████▌  | 218/289 [01:23<00:27,  2.60it/s] 76%|███████▌  | 219/289 [01:23<00:26,  2.60it/s] 76%|███████▌  | 220/289 [01:24<00:26,  2.60it/s] 76%|███████▋  | 221/289 [01:24<00:26,  2.58it/s] 77%|███████▋  | 222/289 [01:24<00:25,  2.59it/s] 77%|███████▋  | 223/289 [01:25<00:25,  2.60it/s] 78%|███████▊  | 224/289 [01:25<00:24,  2.60it/s] 78%|███████▊  | 225/289 [01:26<00:24,  2.60it/s] 78%|███████▊  | 226/289 [01:26<00:24,  2.61it/s] 79%|███████▊  | 227/289 [01:26<00:23,  2.61it/s] 79%|███████▉  | 228/289 [01:27<00:23,  2.61it/s] 79%|███████▉  | 229/289 [01:27<00:22,  2.61it/s] 80%|███████▉  | 230/289 [01:28<00:22,  2.61it/s] 80%|███████▉  | 231/289 [01:28<00:22,  2.61it/s] 80%|████████  | 232/289 [01:28<00:21,  2.60it/s] 81%|████████  | 233/289 [01:29<00:21,  2.61it/s] 81%|████████  | 234/289 [01:29<00:21,  2.61it/s] 81%|████████▏ | 235/289 [01:29<00:20,  2.61it/s] 82%|████████▏ | 236/289 [01:30<00:20,  2.61it/s] 82%|████████▏ | 237/289 [01:30<00:19,  2.61it/s] 82%|████████▏ | 238/289 [01:31<00:19,  2.61it/s] 83%|████████▎ | 239/289 [01:31<00:19,  2.61it/s] 83%|████████▎ | 240/289 [01:31<00:18,  2.61it/s] 83%|████████▎ | 241/289 [01:32<00:18,  2.61it/s] 84%|████████▎ | 242/289 [01:32<00:17,  2.61it/s] 84%|████████▍ | 243/289 [01:33<00:17,  2.61it/s] 84%|████████▍ | 244/289 [01:33<00:17,  2.61it/s] 85%|████████▍ | 245/289 [01:33<00:16,  2.62it/s] 85%|████████▌ | 246/289 [01:34<00:16,  2.62it/s] 85%|████████▌ | 247/289 [01:34<00:16,  2.61it/s] 86%|████████▌ | 248/289 [01:34<00:15,  2.61it/s] 86%|████████▌ | 249/289 [01:35<00:15,  2.61it/s] 87%|████████▋ | 250/289 [01:35<00:14,  2.62it/s] 87%|████████▋ | 251/289 [01:36<00:14,  2.62it/s] 87%|████████▋ | 252/289 [01:36<00:14,  2.62it/s] 88%|████████▊ | 253/289 [01:36<00:13,  2.62it/s] 88%|████████▊ | 254/289 [01:37<00:13,  2.62it/s] 88%|████████▊ | 255/289 [01:37<00:12,  2.62it/s] 89%|████████▊ | 256/289 [01:37<00:12,  2.62it/s] 89%|████████▉ | 257/289 [01:38<00:12,  2.62it/s] 89%|████████▉ | 258/289 [01:38<00:11,  2.62it/s] 90%|████████▉ | 259/289 [01:39<00:11,  2.62it/s] 90%|████████▉ | 260/289 [01:39<00:11,  2.62it/s] 90%|█████████ | 261/289 [01:39<00:10,  2.62it/s] 91%|█████████ | 262/289 [01:40<00:10,  2.62it/s] 91%|█████████ | 263/289 [01:40<00:09,  2.62it/s] 91%|█████████▏| 264/289 [01:41<00:09,  2.62it/s] 92%|█████████▏| 265/289 [01:41<00:09,  2.62it/s] 92%|█████████▏| 266/289 [01:41<00:08,  2.62it/s] 92%|█████████▏| 267/289 [01:42<00:08,  2.61it/s] 93%|█████████▎| 268/289 [01:42<00:08,  2.61it/s] 93%|█████████▎| 269/289 [01:42<00:07,  2.61it/s] 93%|█████████▎| 270/289 [01:43<00:07,  2.61it/s] 94%|█████████▍| 271/289 [01:43<00:06,  2.62it/s] 94%|█████████▍| 272/289 [01:44<00:06,  2.61it/s] 94%|█████████▍| 273/289 [01:44<00:06,  2.61it/s] 95%|█████████▍| 274/289 [01:44<00:05,  2.62it/s] 95%|█████████▌| 275/289 [01:45<00:05,  2.62it/s] 96%|█████████▌| 276/289 [01:45<00:04,  2.62it/s] 96%|█████████▌| 277/289 [01:46<00:04,  2.62it/s] 96%|█████████▌| 278/289 [01:46<00:04,  2.62it/s] 97%|█████████▋| 279/289 [01:46<00:03,  2.62it/s] 97%|█████████▋| 280/289 [01:47<00:03,  2.62it/s] 97%|█████████▋| 281/289 [01:47<00:03,  2.62it/s] 98%|█████████▊| 282/289 [01:47<00:02,  2.62it/s] 98%|█████████▊| 283/289 [01:48<00:02,  2.62it/s] 98%|█████████▊| 284/289 [01:48<00:01,  2.62it/s] 99%|█████████▊| 285/289 [01:49<00:01,  2.62it/s] 99%|█████████▉| 286/289 [01:49<00:01,  2.62it/s] 99%|█████████▉| 287/289 [01:49<00:00,  2.62it/s]100%|█████████▉| 288/289 [01:50<00:00,  2.62it/s]100%|█████████▉| 288/289 [01:50<00:00,  2.60it/s]
[11/28 22:34:57 TiTok-Gen]: Data (t): 0.4603, 40.95/s/gpu Batch (t): 1.5630 LR: 0.000100 Step: 12050 Total Loss: 0.4236 Diff Loss: 0.4236 
[11/28 22:35:52 TiTok-Gen]: Epoch 19/1597 started.
[11/28 22:36:35 TiTok-Gen]: Data (t): 0.2472, 40.81/s/gpu Batch (t): 1.5682 LR: 0.000100 Step: 12100 Total Loss: 0.4235 Diff Loss: 0.4235 
[11/28 22:37:58 TiTok-Gen]: Data (t): 0.2558, 36.80/s/gpu Batch (t): 1.7393 LR: 0.000100 Step: 12150 Total Loss: 0.4219 Diff Loss: 0.4219 
[11/28 22:39:20 TiTok-Gen]: Data (t): 0.2495, 37.58/s/gpu Batch (t): 1.7031 LR: 0.000100 Step: 12200 Total Loss: 0.4222 Diff Loss: 0.4222 
[11/28 22:40:42 TiTok-Gen]: Data (t): 0.2504, 40.60/s/gpu Batch (t): 1.5765 LR: 0.000100 Step: 12250 Total Loss: 0.4233 Diff Loss: 0.4233 
[11/28 22:42:03 TiTok-Gen]: Data (t): 0.2482, 40.22/s/gpu Batch (t): 1.5912 LR: 0.000100 Step: 12300 Total Loss: 0.4225 Diff Loss: 0.4225 
[11/28 22:43:25 TiTok-Gen]: Data (t): 0.3239, 40.54/s/gpu Batch (t): 1.5787 LR: 0.000100 Step: 12350 Total Loss: 0.4230 Diff Loss: 0.4230 
[11/28 22:44:47 TiTok-Gen]: Data (t): 0.2477, 40.54/s/gpu Batch (t): 1.5788 LR: 0.000100 Step: 12400 Total Loss: 0.4241 Diff Loss: 0.4241 
[11/28 22:46:09 TiTok-Gen]: Data (t): 0.2553, 40.91/s/gpu Batch (t): 1.5644 LR: 0.000100 Step: 12450 Total Loss: 0.4236 Diff Loss: 0.4236 
[11/28 22:47:31 TiTok-Gen]: Data (t): 0.2531, 40.17/s/gpu Batch (t): 1.5931 LR: 0.000100 Step: 12500 Total Loss: 0.4229 Diff Loss: 0.4229 
[11/28 22:48:53 TiTok-Gen]: Data (t): 0.2476, 40.12/s/gpu Batch (t): 1.5952 LR: 0.000100 Step: 12550 Total Loss: 0.4230 Diff Loss: 0.4230 
[11/28 22:50:15 TiTok-Gen]: Data (t): 0.2471, 38.87/s/gpu Batch (t): 1.6465 LR: 0.000100 Step: 12600 Total Loss: 0.4227 Diff Loss: 0.4227 
[11/28 22:51:37 TiTok-Gen]: Data (t): 0.2481, 40.54/s/gpu Batch (t): 1.5788 LR: 0.000100 Step: 12650 Total Loss: 0.4228 Diff Loss: 0.4228 
[11/28 22:52:58 TiTok-Gen]: Data (t): 0.2473, 39.63/s/gpu Batch (t): 1.6150 LR: 0.000100 Step: 12700 Total Loss: 0.4238 Diff Loss: 0.4238 
[11/28 22:53:30 TiTok-Gen]: Epoch 20/1597 started.
[11/28 22:54:38 TiTok-Gen]: Data (t): 0.2472, 37.43/s/gpu Batch (t): 1.7099 LR: 0.000100 Step: 12750 Total Loss: 0.4219 Diff Loss: 0.4219 
[11/28 22:55:59 TiTok-Gen]: Data (t): 0.2569, 40.03/s/gpu Batch (t): 1.5988 LR: 0.000100 Step: 12800 Total Loss: 0.4209 Diff Loss: 0.4209 
[11/28 22:57:22 TiTok-Gen]: Data (t): 0.2490, 40.70/s/gpu Batch (t): 1.5726 LR: 0.000100 Step: 12850 Total Loss: 0.4225 Diff Loss: 0.4225 
[11/28 22:58:44 TiTok-Gen]: Data (t): 0.2479, 40.34/s/gpu Batch (t): 1.5866 LR: 0.000100 Step: 12900 Total Loss: 0.4214 Diff Loss: 0.4214 
[11/28 23:00:06 TiTok-Gen]: Data (t): 0.2461, 40.16/s/gpu Batch (t): 1.5934 LR: 0.000100 Step: 12950 Total Loss: 0.4212 Diff Loss: 0.4212 
[11/28 23:01:28 TiTok-Gen]: Data (t): 0.2473, 33.18/s/gpu Batch (t): 1.9289 LR: 0.000100 Step: 13000 Total Loss: 0.4219 Diff Loss: 0.4219 
[11/28 23:01:29 TiTok-Gen]: Generating images...
  0%|          | 0/289 [00:00<?, ?it/s]  0%|          | 1/289 [00:00<01:47,  2.67it/s]  1%|          | 2/289 [00:00<01:48,  2.65it/s]  1%|          | 3/289 [00:01<01:48,  2.63it/s]  1%|▏         | 4/289 [00:01<01:48,  2.62it/s]  2%|▏         | 5/289 [00:01<01:48,  2.61it/s]  2%|▏         | 6/289 [00:02<01:48,  2.61it/s]  2%|▏         | 7/289 [00:02<01:47,  2.62it/s]  3%|▎         | 8/289 [00:03<01:47,  2.62it/s]  3%|▎         | 9/289 [00:03<01:46,  2.62it/s]  3%|▎         | 10/289 [00:03<01:46,  2.63it/s]  4%|▍         | 11/289 [00:04<01:45,  2.62it/s]  4%|▍         | 12/289 [00:04<01:45,  2.63it/s]  4%|▍         | 13/289 [00:04<01:45,  2.62it/s]  5%|▍         | 14/289 [00:05<01:44,  2.62it/s]  5%|▌         | 15/289 [00:05<01:45,  2.61it/s]  6%|▌         | 16/289 [00:06<01:44,  2.62it/s]  6%|▌         | 17/289 [00:06<01:44,  2.61it/s]  6%|▌         | 18/289 [00:06<01:43,  2.62it/s]  7%|▋         | 19/289 [00:07<01:43,  2.62it/s]  7%|▋         | 20/289 [00:07<01:42,  2.62it/s]  7%|▋         | 21/289 [00:08<01:42,  2.62it/s]  8%|▊         | 22/289 [00:08<01:41,  2.62it/s]  8%|▊         | 23/289 [00:08<01:41,  2.63it/s]  8%|▊         | 24/289 [00:09<01:41,  2.61it/s]  9%|▊         | 25/289 [00:09<01:40,  2.61it/s]  9%|▉         | 26/289 [00:09<01:40,  2.62it/s]  9%|▉         | 27/289 [00:10<01:39,  2.62it/s] 10%|▉         | 28/289 [00:10<01:39,  2.63it/s] 10%|█         | 29/289 [00:11<01:38,  2.63it/s] 10%|█         | 30/289 [00:11<01:38,  2.62it/s] 11%|█         | 31/289 [00:11<01:38,  2.61it/s] 11%|█         | 32/289 [00:12<01:38,  2.62it/s] 11%|█▏        | 33/289 [00:12<01:37,  2.61it/s] 12%|█▏        | 34/289 [00:12<01:37,  2.61it/s] 12%|█▏        | 35/289 [00:13<01:36,  2.62it/s] 12%|█▏        | 36/289 [00:13<01:36,  2.63it/s] 13%|█▎        | 37/289 [00:14<01:35,  2.63it/s] 13%|█▎        | 38/289 [00:14<01:35,  2.63it/s] 13%|█▎        | 39/289 [00:14<01:34,  2.63it/s] 14%|█▍        | 40/289 [00:15<01:34,  2.63it/s] 14%|█▍        | 41/289 [00:15<01:34,  2.64it/s] 15%|█▍        | 42/289 [00:16<01:33,  2.64it/s] 15%|█▍        | 43/289 [00:16<01:33,  2.64it/s] 15%|█▌        | 44/289 [00:16<01:32,  2.64it/s] 16%|█▌        | 45/289 [00:17<01:32,  2.63it/s] 16%|█▌        | 46/289 [00:17<01:32,  2.63it/s] 16%|█▋        | 47/289 [00:17<01:31,  2.64it/s] 17%|█▋        | 48/289 [00:18<01:31,  2.64it/s] 17%|█▋        | 49/289 [00:18<01:31,  2.63it/s] 17%|█▋        | 50/289 [00:19<01:30,  2.63it/s] 18%|█▊        | 51/289 [00:19<01:30,  2.63it/s] 18%|█▊        | 52/289 [00:19<01:30,  2.63it/s] 18%|█▊        | 53/289 [00:20<01:29,  2.63it/s] 19%|█▊        | 54/289 [00:20<01:29,  2.62it/s] 19%|█▉        | 55/289 [00:20<01:29,  2.63it/s] 19%|█▉        | 56/289 [00:21<01:29,  2.61it/s] 20%|█▉        | 57/289 [00:21<01:28,  2.62it/s] 20%|██        | 58/289 [00:22<01:28,  2.62it/s] 20%|██        | 59/289 [00:22<01:27,  2.63it/s] 21%|██        | 60/289 [00:22<01:27,  2.62it/s] 21%|██        | 61/289 [00:23<01:26,  2.63it/s] 21%|██▏       | 62/289 [00:23<01:26,  2.63it/s] 22%|██▏       | 63/289 [00:24<01:26,  2.61it/s] 22%|██▏       | 64/289 [00:24<01:25,  2.62it/s] 22%|██▏       | 65/289 [00:24<01:25,  2.63it/s] 23%|██▎       | 66/289 [00:25<01:24,  2.63it/s] 23%|██▎       | 67/289 [00:25<01:24,  2.63it/s] 24%|██▎       | 68/289 [00:25<01:23,  2.63it/s] 24%|██▍       | 69/289 [00:26<01:23,  2.63it/s] 24%|██▍       | 70/289 [00:26<01:23,  2.64it/s] 25%|██▍       | 71/289 [00:27<01:22,  2.64it/s] 25%|██▍       | 72/289 [00:27<01:22,  2.64it/s] 25%|██▌       | 73/289 [00:27<01:21,  2.64it/s] 26%|██▌       | 74/289 [00:28<01:21,  2.63it/s] 26%|██▌       | 75/289 [00:28<01:21,  2.63it/s] 26%|██▋       | 76/289 [00:28<01:20,  2.63it/s] 27%|██▋       | 77/289 [00:29<01:20,  2.63it/s] 27%|██▋       | 78/289 [00:29<01:20,  2.63it/s] 27%|██▋       | 79/289 [00:30<01:19,  2.64it/s] 28%|██▊       | 80/289 [00:30<01:19,  2.64it/s] 28%|██▊       | 81/289 [00:30<01:18,  2.64it/s] 28%|██▊       | 82/289 [00:31<01:18,  2.64it/s] 29%|██▊       | 83/289 [00:31<01:18,  2.64it/s] 29%|██▉       | 84/289 [00:31<01:17,  2.64it/s] 29%|██▉       | 85/289 [00:32<01:17,  2.63it/s] 30%|██▉       | 86/289 [00:32<01:17,  2.63it/s] 30%|███       | 87/289 [00:33<01:16,  2.63it/s] 30%|███       | 88/289 [00:33<01:16,  2.63it/s] 31%|███       | 89/289 [00:33<01:15,  2.64it/s] 31%|███       | 90/289 [00:34<01:15,  2.63it/s] 31%|███▏      | 91/289 [00:34<01:15,  2.62it/s] 32%|███▏      | 92/289 [00:35<01:15,  2.63it/s] 32%|███▏      | 93/289 [00:35<01:14,  2.62it/s] 33%|███▎      | 94/289 [00:35<01:15,  2.57it/s] 33%|███▎      | 95/289 [00:36<01:15,  2.57it/s] 33%|███▎      | 96/289 [00:36<01:14,  2.59it/s] 34%|███▎      | 97/289 [00:36<01:13,  2.60it/s] 34%|███▍      | 98/289 [00:37<01:13,  2.61it/s] 34%|███▍      | 99/289 [00:37<01:12,  2.61it/s] 35%|███▍      | 100/289 [00:38<01:12,  2.59it/s] 35%|███▍      | 101/289 [00:38<01:12,  2.61it/s] 35%|███▌      | 102/289 [00:38<01:11,  2.61it/s] 36%|███▌      | 103/289 [00:39<01:11,  2.59it/s] 36%|███▌      | 104/289 [00:39<01:10,  2.61it/s] 36%|███▋      | 105/289 [00:40<01:10,  2.61it/s] 37%|███▋      | 106/289 [00:40<01:10,  2.61it/s] 37%|███▋      | 107/289 [00:40<01:09,  2.62it/s] 37%|███▋      | 108/289 [00:41<01:08,  2.62it/s] 38%|███▊      | 109/289 [00:41<01:08,  2.62it/s] 38%|███▊      | 110/289 [00:41<01:08,  2.63it/s] 38%|███▊      | 111/289 [00:42<01:07,  2.63it/s] 39%|███▉      | 112/289 [00:42<01:07,  2.64it/s] 39%|███▉      | 113/289 [00:43<01:06,  2.64it/s] 39%|███▉      | 114/289 [00:43<01:06,  2.64it/s] 40%|███▉      | 115/289 [00:43<01:05,  2.64it/s] 40%|████      | 116/289 [00:44<01:05,  2.64it/s] 40%|████      | 117/289 [00:44<01:05,  2.64it/s] 41%|████      | 118/289 [00:44<01:04,  2.64it/s] 41%|████      | 119/289 [00:45<01:04,  2.64it/s] 42%|████▏     | 120/289 [00:45<01:03,  2.64it/s] 42%|████▏     | 121/289 [00:46<01:03,  2.64it/s] 42%|████▏     | 122/289 [00:46<01:03,  2.64it/s] 43%|████▎     | 123/289 [00:46<01:02,  2.64it/s] 43%|████▎     | 124/289 [00:47<01:02,  2.65it/s] 43%|████▎     | 125/289 [00:47<01:01,  2.65it/s] 44%|████▎     | 126/289 [00:47<01:01,  2.65it/s] 44%|████▍     | 127/289 [00:48<01:01,  2.65it/s] 44%|████▍     | 128/289 [00:48<01:00,  2.65it/s] 45%|████▍     | 129/289 [00:49<01:00,  2.65it/s] 45%|████▍     | 130/289 [00:49<01:00,  2.65it/s] 45%|████▌     | 131/289 [00:49<00:59,  2.65it/s] 46%|████▌     | 132/289 [00:50<00:59,  2.65it/s] 46%|████▌     | 133/289 [00:50<00:58,  2.65it/s] 46%|████▋     | 134/289 [00:51<00:58,  2.65it/s] 47%|████▋     | 135/289 [00:51<00:58,  2.64it/s] 47%|████▋     | 136/289 [00:51<00:57,  2.64it/s] 47%|████▋     | 137/289 [00:52<00:57,  2.65it/s] 48%|████▊     | 138/289 [00:52<00:57,  2.65it/s] 48%|████▊     | 139/289 [00:52<00:56,  2.64it/s] 48%|████▊     | 140/289 [00:53<00:56,  2.65it/s] 49%|████▉     | 141/289 [00:53<00:55,  2.65it/s] 49%|████▉     | 142/289 [00:54<00:55,  2.63it/s] 49%|████▉     | 143/289 [00:54<00:55,  2.63it/s] 50%|████▉     | 144/289 [00:54<00:55,  2.64it/s] 50%|█████     | 145/289 [00:55<00:54,  2.64it/s] 51%|█████     | 146/289 [00:55<00:54,  2.64it/s] 51%|█████     | 147/289 [00:55<00:53,  2.64it/s] 51%|█████     | 148/289 [00:56<00:53,  2.63it/s] 52%|█████▏    | 149/289 [00:56<00:53,  2.63it/s] 52%|█████▏    | 150/289 [00:57<00:52,  2.64it/s] 52%|█████▏    | 151/289 [00:57<00:52,  2.64it/s] 53%|█████▎    | 152/289 [00:57<00:52,  2.62it/s] 53%|█████▎    | 153/289 [00:58<00:51,  2.63it/s] 53%|█████▎    | 154/289 [00:58<00:51,  2.63it/s] 54%|█████▎    | 155/289 [00:58<00:50,  2.64it/s] 54%|█████▍    | 156/289 [00:59<00:50,  2.64it/s] 54%|█████▍    | 157/289 [00:59<00:50,  2.64it/s] 55%|█████▍    | 158/289 [01:00<00:49,  2.64it/s] 55%|█████▌    | 159/289 [01:00<00:49,  2.64it/s] 55%|█████▌    | 160/289 [01:00<00:48,  2.65it/s] 56%|█████▌    | 161/289 [01:01<00:48,  2.65it/s] 56%|█████▌    | 162/289 [01:01<00:48,  2.64it/s] 56%|█████▋    | 163/289 [01:02<00:47,  2.64it/s] 57%|█████▋    | 164/289 [01:02<00:47,  2.64it/s] 57%|█████▋    | 165/289 [01:02<00:46,  2.64it/s] 57%|█████▋    | 166/289 [01:03<00:46,  2.64it/s] 58%|█████▊    | 167/289 [01:03<00:46,  2.64it/s] 58%|█████▊    | 168/289 [01:03<00:45,  2.64it/s] 58%|█████▊    | 169/289 [01:04<00:45,  2.64it/s] 59%|█████▉    | 170/289 [01:04<00:45,  2.64it/s] 59%|█████▉    | 171/289 [01:05<00:44,  2.64it/s] 60%|█████▉    | 172/289 [01:05<00:44,  2.64it/s] 60%|█████▉    | 173/289 [01:05<00:43,  2.64it/s] 60%|██████    | 174/289 [01:06<00:43,  2.64it/s] 61%|██████    | 175/289 [01:06<00:43,  2.64it/s] 61%|██████    | 176/289 [01:06<00:42,  2.64it/s] 61%|██████    | 177/289 [01:07<00:42,  2.64it/s] 62%|██████▏   | 178/289 [01:07<00:42,  2.64it/s] 62%|██████▏   | 179/289 [01:08<00:41,  2.64it/s] 62%|██████▏   | 180/289 [01:08<00:41,  2.64it/s] 63%|██████▎   | 181/289 [01:08<00:40,  2.64it/s] 63%|██████▎   | 182/289 [01:09<00:40,  2.62it/s] 63%|██████▎   | 183/289 [01:09<00:40,  2.63it/s] 64%|██████▎   | 184/289 [01:09<00:39,  2.64it/s] 64%|██████▍   | 185/289 [01:10<00:39,  2.64it/s] 64%|██████▍   | 186/289 [01:10<00:39,  2.64it/s] 65%|██████▍   | 187/289 [01:11<00:38,  2.64it/s] 65%|██████▌   | 188/289 [01:11<00:38,  2.64it/s] 65%|██████▌   | 189/289 [01:11<00:37,  2.64it/s] 66%|██████▌   | 190/289 [01:12<00:37,  2.64it/s] 66%|██████▌   | 191/289 [01:12<00:37,  2.64it/s] 66%|██████▋   | 192/289 [01:12<00:36,  2.64it/s] 67%|██████▋   | 193/289 [01:13<00:36,  2.64it/s] 67%|██████▋   | 194/289 [01:13<00:35,  2.64it/s] 67%|██████▋   | 195/289 [01:14<00:35,  2.64it/s] 68%|██████▊   | 196/289 [01:14<00:35,  2.64it/s] 68%|██████▊   | 197/289 [01:14<00:34,  2.64it/s] 69%|██████▊   | 198/289 [01:15<00:34,  2.64it/s] 69%|██████▉   | 199/289 [01:15<00:34,  2.63it/s] 69%|██████▉   | 200/289 [01:16<00:33,  2.63it/s] 70%|██████▉   | 201/289 [01:16<00:33,  2.63it/s] 70%|██████▉   | 202/289 [01:16<00:33,  2.64it/s] 70%|███████   | 203/289 [01:17<00:32,  2.64it/s] 71%|███████   | 204/289 [01:17<00:32,  2.64it/s] 71%|███████   | 205/289 [01:17<00:31,  2.64it/s] 71%|███████▏  | 206/289 [01:18<00:31,  2.64it/s] 72%|███████▏  | 207/289 [01:18<00:31,  2.64it/s] 72%|███████▏  | 208/289 [01:19<00:30,  2.64it/s] 72%|███████▏  | 209/289 [01:19<00:30,  2.64it/s] 73%|███████▎  | 210/289 [01:19<00:29,  2.64it/s] 73%|███████▎  | 211/289 [01:20<00:29,  2.64it/s] 73%|███████▎  | 212/289 [01:20<00:29,  2.64it/s] 74%|███████▎  | 213/289 [01:20<00:28,  2.64it/s] 74%|███████▍  | 214/289 [01:21<00:28,  2.64it/s] 74%|███████▍  | 215/289 [01:21<00:28,  2.64it/s] 75%|███████▍  | 216/289 [01:22<00:27,  2.64it/s] 75%|███████▌  | 217/289 [01:22<00:27,  2.64it/s] 75%|███████▌  | 218/289 [01:22<00:26,  2.64it/s] 76%|███████▌  | 219/289 [01:23<00:26,  2.64it/s] 76%|███████▌  | 220/289 [01:23<00:26,  2.65it/s] 76%|███████▋  | 221/289 [01:23<00:26,  2.61it/s] 77%|███████▋  | 222/289 [01:24<00:25,  2.62it/s] 77%|███████▋  | 223/289 [01:24<00:25,  2.63it/s] 78%|███████▊  | 224/289 [01:25<00:24,  2.63it/s] 78%|███████▊  | 225/289 [01:25<00:24,  2.63it/s] 78%|███████▊  | 226/289 [01:25<00:24,  2.61it/s] 79%|███████▊  | 227/289 [01:26<00:23,  2.62it/s] 79%|███████▉  | 228/289 [01:26<00:23,  2.63it/s] 79%|███████▉  | 229/289 [01:27<00:22,  2.63it/s] 80%|███████▉  | 230/289 [01:27<00:22,  2.63it/s] 80%|███████▉  | 231/289 [01:27<00:22,  2.63it/s] 80%|████████  | 232/289 [01:28<00:21,  2.63it/s] 81%|████████  | 233/289 [01:28<00:21,  2.64it/s] 81%|████████  | 234/289 [01:28<00:20,  2.64it/s] 81%|████████▏ | 235/289 [01:29<00:20,  2.64it/s] 82%|████████▏ | 236/289 [01:29<00:20,  2.64it/s] 82%|████████▏ | 237/289 [01:30<00:19,  2.63it/s] 82%|████████▏ | 238/289 [01:30<00:19,  2.63it/s] 83%|████████▎ | 239/289 [01:30<00:18,  2.64it/s] 83%|████████▎ | 240/289 [01:31<00:18,  2.64it/s] 83%|████████▎ | 241/289 [01:31<00:18,  2.64it/s] 84%|████████▎ | 242/289 [01:31<00:17,  2.64it/s] 84%|████████▍ | 243/289 [01:32<00:17,  2.64it/s] 84%|████████▍ | 244/289 [01:32<00:17,  2.64it/s] 85%|████████▍ | 245/289 [01:33<00:16,  2.64it/s] 85%|████████▌ | 246/289 [01:33<00:16,  2.64it/s] 85%|████████▌ | 247/289 [01:33<00:15,  2.64it/s] 86%|████████▌ | 248/289 [01:34<00:15,  2.64it/s] 86%|████████▌ | 249/289 [01:34<00:15,  2.63it/s] 87%|████████▋ | 250/289 [01:34<00:14,  2.63it/s] 87%|████████▋ | 251/289 [01:35<00:14,  2.64it/s] 87%|████████▋ | 252/289 [01:35<00:14,  2.63it/s] 88%|████████▊ | 253/289 [01:36<00:13,  2.63it/s] 88%|████████▊ | 254/289 [01:36<00:13,  2.64it/s] 88%|████████▊ | 255/289 [01:36<00:12,  2.64it/s] 89%|████████▊ | 256/289 [01:37<00:12,  2.64it/s] 89%|████████▉ | 257/289 [01:37<00:12,  2.63it/s] 89%|████████▉ | 258/289 [01:38<00:11,  2.63it/s] 90%|████████▉ | 259/289 [01:38<00:11,  2.63it/s] 90%|████████▉ | 260/289 [01:38<00:11,  2.63it/s] 90%|█████████ | 261/289 [01:39<00:10,  2.61it/s] 91%|█████████ | 262/289 [01:39<00:10,  2.62it/s] 91%|█████████ | 263/289 [01:39<00:10,  2.59it/s] 91%|█████████▏| 264/289 [01:40<00:09,  2.60it/s] 92%|█████████▏| 265/289 [01:40<00:09,  2.61it/s] 92%|█████████▏| 266/289 [01:41<00:08,  2.62it/s] 92%|█████████▏| 267/289 [01:41<00:08,  2.62it/s] 93%|█████████▎| 268/289 [01:41<00:07,  2.63it/s] 93%|█████████▎| 269/289 [01:42<00:07,  2.63it/s] 93%|█████████▎| 270/289 [01:42<00:07,  2.64it/s] 94%|█████████▍| 271/289 [01:42<00:06,  2.64it/s] 94%|█████████▍| 272/289 [01:43<00:06,  2.64it/s] 94%|█████████▍| 273/289 [01:43<00:06,  2.64it/s] 95%|█████████▍| 274/289 [01:44<00:05,  2.65it/s] 95%|█████████▌| 275/289 [01:44<00:05,  2.65it/s] 96%|█████████▌| 276/289 [01:44<00:04,  2.65it/s] 96%|█████████▌| 277/289 [01:45<00:04,  2.64it/s] 96%|█████████▌| 278/289 [01:45<00:04,  2.65it/s] 97%|█████████▋| 279/289 [01:46<00:03,  2.65it/s] 97%|█████████▋| 280/289 [01:46<00:03,  2.65it/s] 97%|█████████▋| 281/289 [01:46<00:03,  2.65it/s] 98%|█████████▊| 282/289 [01:47<00:02,  2.64it/s] 98%|█████████▊| 283/289 [01:47<00:02,  2.64it/s] 98%|█████████▊| 284/289 [01:47<00:01,  2.65it/s] 99%|█████████▊| 285/289 [01:48<00:01,  2.65it/s] 99%|█████████▉| 286/289 [01:48<00:01,  2.65it/s] 99%|█████████▉| 287/289 [01:49<00:00,  2.65it/s]100%|█████████▉| 288/289 [01:49<00:00,  2.65it/s]100%|█████████▉| 288/289 [01:49<00:00,  2.62it/s]
[11/28 23:04:42 TiTok-Gen]: Data (t): 0.2464, 37.11/s/gpu Batch (t): 1.7244 LR: 0.000100 Step: 13050 Total Loss: 0.4211 Diff Loss: 0.4211 
[11/28 23:06:04 TiTok-Gen]: Data (t): 0.2506, 40.47/s/gpu Batch (t): 1.5814 LR: 0.000100 Step: 13100 Total Loss: 0.4220 Diff Loss: 0.4220 
[11/28 23:07:25 TiTok-Gen]: Data (t): 0.2468, 40.03/s/gpu Batch (t): 1.5987 LR: 0.000100 Step: 13150 Total Loss: 0.4214 Diff Loss: 0.4214 
[11/28 23:08:47 TiTok-Gen]: Data (t): 0.3192, 40.07/s/gpu Batch (t): 1.5972 LR: 0.000100 Step: 13200 Total Loss: 0.4224 Diff Loss: 0.4224 
[11/28 23:10:09 TiTok-Gen]: Data (t): 0.2511, 40.66/s/gpu Batch (t): 1.5740 LR: 0.000100 Step: 13250 Total Loss: 0.4218 Diff Loss: 0.4218 
[11/28 23:11:31 TiTok-Gen]: Data (t): 0.2482, 36.31/s/gpu Batch (t): 1.7628 LR: 0.000100 Step: 13300 Total Loss: 0.4222 Diff Loss: 0.4222 
[11/28 23:12:52 TiTok-Gen]: Data (t): 0.2455, 41.88/s/gpu Batch (t): 1.5282 LR: 0.000100 Step: 13350 Total Loss: 0.4216 Diff Loss: 0.4216 
[11/28 23:13:02 TiTok-Gen]: Epoch 21/1597 started.
[11/28 23:14:33 TiTok-Gen]: Data (t): 0.2466, 39.67/s/gpu Batch (t): 1.6131 LR: 0.000100 Step: 13400 Total Loss: 0.4223 Diff Loss: 0.4223 
[11/28 23:15:54 TiTok-Gen]: Data (t): 0.3215, 40.47/s/gpu Batch (t): 1.5813 LR: 0.000100 Step: 13450 Total Loss: 0.4213 Diff Loss: 0.4213 
[11/28 23:17:16 TiTok-Gen]: Data (t): 0.2484, 37.17/s/gpu Batch (t): 1.7220 LR: 0.000100 Step: 13500 Total Loss: 0.4211 Diff Loss: 0.4211 
[11/28 23:18:37 TiTok-Gen]: Data (t): 0.2469, 37.65/s/gpu Batch (t): 1.6998 LR: 0.000100 Step: 13550 Total Loss: 0.4212 Diff Loss: 0.4212 
[11/28 23:19:59 TiTok-Gen]: Data (t): 0.2479, 39.89/s/gpu Batch (t): 1.6043 LR: 0.000100 Step: 13600 Total Loss: 0.4210 Diff Loss: 0.4210 
[11/28 23:21:21 TiTok-Gen]: Data (t): 0.2509, 39.40/s/gpu Batch (t): 1.6243 LR: 0.000100 Step: 13650 Total Loss: 0.4208 Diff Loss: 0.4208 
[11/28 23:22:43 TiTok-Gen]: Data (t): 0.2508, 40.21/s/gpu Batch (t): 1.5915 LR: 0.000100 Step: 13700 Total Loss: 0.4212 Diff Loss: 0.4212 
[11/28 23:24:05 TiTok-Gen]: Data (t): 0.2466, 40.21/s/gpu Batch (t): 1.5916 LR: 0.000100 Step: 13750 Total Loss: 0.4210 Diff Loss: 0.4210 
[11/28 23:25:27 TiTok-Gen]: Data (t): 0.2476, 40.47/s/gpu Batch (t): 1.5815 LR: 0.000100 Step: 13800 Total Loss: 0.4208 Diff Loss: 0.4208 
[11/28 23:26:49 TiTok-Gen]: Data (t): 0.2496, 40.55/s/gpu Batch (t): 1.5784 LR: 0.000100 Step: 13850 Total Loss: 0.4215 Diff Loss: 0.4215 
[11/28 23:28:11 TiTok-Gen]: Data (t): 0.2500, 40.12/s/gpu Batch (t): 1.5951 LR: 0.000100 Step: 13900 Total Loss: 0.4200 Diff Loss: 0.4200 
[11/28 23:29:33 TiTok-Gen]: Data (t): 0.2529, 41.26/s/gpu Batch (t): 1.5512 LR: 0.000100 Step: 13950 Total Loss: 0.4206 Diff Loss: 0.4206 
[11/28 23:30:41 TiTok-Gen]: Epoch 22/1597 started.
[11/28 23:31:14 TiTok-Gen]: Data (t): 0.2444, 31.04/s/gpu Batch (t): 2.0616 LR: 0.000100 Step: 14000 Total Loss: 0.4188 Diff Loss: 0.4188 
[11/28 23:31:15 TiTok-Gen]: Generating images...
  0%|          | 0/289 [00:00<?, ?it/s]  0%|          | 1/289 [00:00<01:49,  2.64it/s]  1%|          | 2/289 [00:00<01:49,  2.61it/s]  1%|          | 3/289 [00:01<01:50,  2.60it/s]  1%|▏         | 4/289 [00:01<01:49,  2.60it/s]  2%|▏         | 5/289 [00:01<01:49,  2.60it/s]  2%|▏         | 6/289 [00:02<01:48,  2.60it/s]  2%|▏         | 7/289 [00:02<01:48,  2.60it/s]  3%|▎         | 8/289 [00:03<01:48,  2.60it/s]  3%|▎         | 9/289 [00:03<01:47,  2.60it/s]  3%|▎         | 10/289 [00:03<01:47,  2.59it/s]  4%|▍         | 11/289 [00:04<01:47,  2.59it/s]  4%|▍         | 12/289 [00:04<01:46,  2.59it/s]  4%|▍         | 13/289 [00:05<01:46,  2.59it/s]  5%|▍         | 14/289 [00:05<01:46,  2.59it/s]  5%|▌         | 15/289 [00:05<01:45,  2.60it/s]  6%|▌         | 16/289 [00:06<01:44,  2.60it/s]  6%|▌         | 17/289 [00:06<01:44,  2.60it/s]  6%|▌         | 18/289 [00:06<01:44,  2.59it/s]  7%|▋         | 19/289 [00:07<01:44,  2.59it/s]  7%|▋         | 20/289 [00:07<01:43,  2.60it/s]  7%|▋         | 21/289 [00:08<01:43,  2.60it/s]  8%|▊         | 22/289 [00:08<01:42,  2.60it/s]  8%|▊         | 23/289 [00:08<01:42,  2.60it/s]  8%|▊         | 24/289 [00:09<01:41,  2.60it/s]  9%|▊         | 25/289 [00:09<01:41,  2.60it/s]  9%|▉         | 26/289 [00:10<01:40,  2.61it/s]  9%|▉         | 27/289 [00:10<01:40,  2.61it/s] 10%|▉         | 28/289 [00:10<01:40,  2.61it/s] 10%|█         | 29/289 [00:11<01:39,  2.61it/s] 10%|█         | 30/289 [00:11<01:39,  2.60it/s] 11%|█         | 31/289 [00:11<01:40,  2.58it/s] 11%|█         | 32/289 [00:12<01:39,  2.59it/s] 11%|█▏        | 33/289 [00:12<01:38,  2.59it/s] 12%|█▏        | 34/289 [00:13<01:38,  2.59it/s] 12%|█▏        | 35/289 [00:13<01:37,  2.60it/s] 12%|█▏        | 36/289 [00:13<01:37,  2.59it/s] 13%|█▎        | 37/289 [00:14<01:37,  2.60it/s] 13%|█▎        | 38/289 [00:14<01:36,  2.59it/s] 13%|█▎        | 39/289 [00:15<01:36,  2.60it/s] 14%|█▍        | 40/289 [00:15<01:35,  2.60it/s] 14%|█▍        | 41/289 [00:15<01:35,  2.61it/s] 15%|█▍        | 42/289 [00:16<01:34,  2.61it/s] 15%|█▍        | 43/289 [00:16<01:34,  2.61it/s] 15%|█▌        | 44/289 [00:16<01:33,  2.61it/s] 16%|█▌        | 45/289 [00:17<01:33,  2.61it/s] 16%|█▌        | 46/289 [00:17<01:33,  2.61it/s] 16%|█▋        | 47/289 [00:18<01:32,  2.61it/s] 17%|█▋        | 48/289 [00:18<01:32,  2.61it/s] 17%|█▋        | 49/289 [00:18<01:32,  2.61it/s] 17%|█▋        | 50/289 [00:19<01:31,  2.61it/s] 18%|█▊        | 51/289 [00:19<01:31,  2.61it/s] 18%|█▊        | 52/289 [00:19<01:30,  2.61it/s] 18%|█▊        | 53/289 [00:20<01:30,  2.61it/s] 19%|█▊        | 54/289 [00:20<01:29,  2.61it/s] 19%|█▉        | 55/289 [00:21<01:29,  2.60it/s] 19%|█▉        | 56/289 [00:21<01:28,  2.63it/s] 20%|█▉        | 57/289 [00:21<01:28,  2.62it/s] 20%|██        | 58/289 [00:22<01:27,  2.64it/s] 20%|██        | 59/289 [00:22<01:26,  2.66it/s] 21%|██        | 60/289 [00:23<01:26,  2.66it/s] 21%|██        | 61/289 [00:23<01:25,  2.65it/s] 21%|██▏       | 62/289 [00:23<01:25,  2.64it/s] 22%|██▏       | 63/289 [00:24<01:25,  2.64it/s] 22%|██▏       | 64/289 [00:24<01:25,  2.64it/s] 22%|██▏       | 65/289 [00:24<01:24,  2.64it/s] 23%|██▎       | 66/289 [00:25<01:24,  2.64it/s] 23%|██▎       | 67/289 [00:25<01:24,  2.64it/s] 24%|██▎       | 68/289 [00:26<01:23,  2.63it/s] 24%|██▍       | 69/289 [00:26<01:23,  2.64it/s] 24%|██▍       | 70/289 [00:26<01:22,  2.64it/s] 25%|██▍       | 71/289 [00:27<01:22,  2.64it/s] 25%|██▍       | 72/289 [00:27<01:22,  2.64it/s] 25%|██▌       | 73/289 [00:27<01:21,  2.64it/s] 26%|██▌       | 74/289 [00:28<01:21,  2.64it/s] 26%|██▌       | 75/289 [00:28<01:20,  2.64it/s] 26%|██▋       | 76/289 [00:29<01:20,  2.65it/s] 27%|██▋       | 77/289 [00:29<01:20,  2.64it/s] 27%|██▋       | 78/289 [00:29<01:19,  2.65it/s] 27%|██▋       | 79/289 [00:30<01:19,  2.65it/s] 28%|██▊       | 80/289 [00:30<01:18,  2.65it/s] 28%|██▊       | 81/289 [00:30<01:18,  2.65it/s] 28%|██▊       | 82/289 [00:31<01:18,  2.65it/s] 29%|██▊       | 83/289 [00:31<01:17,  2.65it/s] 29%|██▉       | 84/289 [00:32<01:17,  2.65it/s] 29%|██▉       | 85/289 [00:32<01:17,  2.65it/s] 30%|██▉       | 86/289 [00:32<01:16,  2.65it/s] 30%|███       | 87/289 [00:33<01:16,  2.65it/s] 30%|███       | 88/289 [00:33<01:15,  2.65it/s] 31%|███       | 89/289 [00:33<01:15,  2.65it/s] 31%|███       | 90/289 [00:34<01:15,  2.65it/s] 31%|███▏      | 91/289 [00:34<01:14,  2.65it/s] 32%|███▏      | 92/289 [00:35<01:14,  2.65it/s] 32%|███▏      | 93/289 [00:35<01:14,  2.65it/s] 33%|███▎      | 94/289 [00:35<01:13,  2.65it/s] 33%|███▎      | 95/289 [00:36<01:13,  2.64it/s] 33%|███▎      | 96/289 [00:36<01:13,  2.64it/s] 34%|███▎      | 97/289 [00:37<01:12,  2.64it/s] 34%|███▍      | 98/289 [00:37<01:12,  2.62it/s] 34%|███▍      | 99/289 [00:37<01:12,  2.63it/s] 35%|███▍      | 100/289 [00:38<01:11,  2.64it/s] 35%|███▍      | 101/289 [00:38<01:11,  2.64it/s] 35%|███▌      | 102/289 [00:38<01:10,  2.64it/s] 36%|███▌      | 103/289 [00:39<01:10,  2.64it/s] 36%|███▌      | 104/289 [00:39<01:10,  2.64it/s] 36%|███▋      | 105/289 [00:40<01:09,  2.64it/s] 37%|███▋      | 106/289 [00:40<01:09,  2.65it/s] 37%|███▋      | 107/289 [00:40<01:08,  2.64it/s] 37%|███▋      | 108/289 [00:41<01:08,  2.64it/s] 38%|███▊      | 109/289 [00:41<01:08,  2.64it/s] 38%|███▊      | 110/289 [00:41<01:07,  2.64it/s] 38%|███▊      | 111/289 [00:42<01:07,  2.64it/s] 39%|███▉      | 112/289 [00:42<01:06,  2.64it/s] 39%|███▉      | 113/289 [00:43<01:06,  2.64it/s] 39%|███▉      | 114/289 [00:43<01:06,  2.64it/s] 40%|███▉      | 115/289 [00:43<01:05,  2.64it/s] 40%|████      | 116/289 [00:44<01:05,  2.64it/s] 40%|████      | 117/289 [00:44<01:05,  2.64it/s] 41%|████      | 118/289 [00:44<01:04,  2.65it/s] 41%|████      | 119/289 [00:45<01:04,  2.64it/s] 42%|████▏     | 120/289 [00:45<01:03,  2.65it/s] 42%|████▏     | 121/289 [00:46<01:03,  2.65it/s] 42%|████▏     | 122/289 [00:46<01:02,  2.65it/s] 43%|████▎     | 123/289 [00:46<01:02,  2.65it/s] 43%|████▎     | 124/289 [00:47<01:02,  2.65it/s] 43%|████▎     | 125/289 [00:47<01:01,  2.65it/s] 44%|████▎     | 126/289 [00:47<01:01,  2.65it/s] 44%|████▍     | 127/289 [00:48<01:01,  2.65it/s] 44%|████▍     | 128/289 [00:48<01:00,  2.65it/s] 45%|████▍     | 129/289 [00:49<01:00,  2.65it/s] 45%|████▍     | 130/289 [00:49<01:00,  2.65it/s] 45%|████▌     | 131/289 [00:49<00:59,  2.65it/s] 46%|████▌     | 132/289 [00:50<00:59,  2.65it/s] 46%|████▌     | 133/289 [00:50<00:58,  2.65it/s] 46%|████▋     | 134/289 [00:51<00:58,  2.65it/s] 47%|████▋     | 135/289 [00:51<00:58,  2.65it/s] 47%|████▋     | 136/289 [00:51<00:58,  2.63it/s] 47%|████▋     | 137/289 [00:52<00:57,  2.63it/s] 48%|████▊     | 138/289 [00:52<00:57,  2.63it/s] 48%|████▊     | 139/289 [00:52<00:56,  2.64it/s] 48%|████▊     | 140/289 [00:53<00:56,  2.64it/s] 49%|████▉     | 141/289 [00:53<00:56,  2.64it/s] 49%|████▉     | 142/289 [00:54<00:55,  2.65it/s] 49%|████▉     | 143/289 [00:54<00:55,  2.64it/s] 50%|████▉     | 144/289 [00:54<00:54,  2.65it/s] 50%|█████     | 145/289 [00:55<00:54,  2.65it/s] 51%|█████     | 146/289 [00:55<00:53,  2.65it/s] 51%|█████     | 147/289 [00:55<00:53,  2.65it/s] 51%|█████     | 148/289 [00:56<00:53,  2.65it/s] 52%|█████▏    | 149/289 [00:56<00:52,  2.65it/s] 52%|█████▏    | 150/289 [00:57<00:52,  2.65it/s] 52%|█████▏    | 151/289 [00:57<00:52,  2.65it/s] 53%|█████▎    | 152/289 [00:57<00:51,  2.65it/s] 53%|█████▎    | 153/289 [00:58<00:51,  2.65it/s] 53%|█████▎    | 154/289 [00:58<00:50,  2.65it/s] 54%|█████▎    | 155/289 [00:58<00:50,  2.65it/s] 54%|█████▍    | 156/289 [00:59<00:50,  2.64it/s] 54%|█████▍    | 157/289 [00:59<00:49,  2.64it/s] 55%|█████▍    | 158/289 [01:00<00:49,  2.65it/s] 55%|█████▌    | 159/289 [01:00<00:49,  2.65it/s] 55%|█████▌    | 160/289 [01:00<00:48,  2.65it/s] 56%|█████▌    | 161/289 [01:01<00:48,  2.63it/s] 56%|█████▌    | 162/289 [01:01<00:48,  2.64it/s] 56%|█████▋    | 163/289 [01:01<00:47,  2.64it/s] 57%|█████▋    | 164/289 [01:02<00:47,  2.65it/s] 57%|█████▋    | 165/289 [01:02<00:46,  2.65it/s] 57%|█████▋    | 166/289 [01:03<00:46,  2.65it/s] 58%|█████▊    | 167/289 [01:03<00:46,  2.65it/s] 58%|█████▊    | 168/289 [01:03<00:45,  2.65it/s] 58%|█████▊    | 169/289 [01:04<00:45,  2.65it/s] 59%|█████▉    | 170/289 [01:04<00:44,  2.65it/s] 59%|█████▉    | 171/289 [01:05<00:44,  2.64it/s] 60%|█████▉    | 172/289 [01:05<00:44,  2.64it/s] 60%|█████▉    | 173/289 [01:05<00:43,  2.65it/s] 60%|██████    | 174/289 [01:06<00:43,  2.65it/s] 61%|██████    | 175/289 [01:06<00:43,  2.65it/s] 61%|██████    | 176/289 [01:06<00:42,  2.65it/s] 61%|██████    | 177/289 [01:07<00:42,  2.64it/s] 62%|██████▏   | 178/289 [01:07<00:41,  2.65it/s] 62%|██████▏   | 179/289 [01:08<00:41,  2.65it/s] 62%|██████▏   | 180/289 [01:08<00:41,  2.65it/s] 63%|██████▎   | 181/289 [01:08<00:40,  2.65it/s] 63%|██████▎   | 182/289 [01:09<00:40,  2.65it/s] 63%|██████▎   | 183/289 [01:09<00:40,  2.64it/s] 64%|██████▎   | 184/289 [01:09<00:39,  2.65it/s] 64%|██████▍   | 185/289 [01:10<00:39,  2.64it/s] 64%|██████▍   | 186/289 [01:10<00:38,  2.64it/s] 65%|██████▍   | 187/289 [01:11<00:38,  2.64it/s] 65%|██████▌   | 188/289 [01:11<00:38,  2.64it/s] 65%|██████▌   | 189/289 [01:11<00:37,  2.65it/s] 66%|██████▌   | 190/289 [01:12<00:37,  2.65it/s] 66%|██████▌   | 191/289 [01:12<00:37,  2.64it/s] 66%|██████▋   | 192/289 [01:12<00:36,  2.65it/s] 67%|██████▋   | 193/289 [01:13<00:36,  2.65it/s] 67%|██████▋   | 194/289 [01:13<00:35,  2.65it/s] 67%|██████▋   | 195/289 [01:14<00:35,  2.65it/s] 68%|██████▊   | 196/289 [01:14<00:35,  2.65it/s] 68%|██████▊   | 197/289 [01:14<00:34,  2.65it/s] 69%|██████▊   | 198/289 [01:15<00:34,  2.65it/s] 69%|██████▉   | 199/289 [01:15<00:33,  2.65it/s] 69%|██████▉   | 200/289 [01:15<00:33,  2.65it/s] 70%|██████▉   | 201/289 [01:16<00:33,  2.65it/s] 70%|██████▉   | 202/289 [01:16<00:32,  2.65it/s] 70%|███████   | 203/289 [01:17<00:32,  2.65it/s] 71%|███████   | 204/289 [01:17<00:32,  2.65it/s] 71%|███████   | 205/289 [01:17<00:31,  2.65it/s] 71%|███████▏  | 206/289 [01:18<00:31,  2.64it/s] 72%|███████▏  | 207/289 [01:18<00:31,  2.64it/s] 72%|███████▏  | 208/289 [01:18<00:30,  2.65it/s] 72%|███████▏  | 209/289 [01:19<00:30,  2.65it/s] 73%|███████▎  | 210/289 [01:19<00:29,  2.65it/s] 73%|███████▎  | 211/289 [01:20<00:29,  2.64it/s] 73%|███████▎  | 212/289 [01:20<00:29,  2.65it/s] 74%|███████▎  | 213/289 [01:20<00:28,  2.65it/s] 74%|███████▍  | 214/289 [01:21<00:28,  2.65it/s] 74%|███████▍  | 215/289 [01:21<00:27,  2.65it/s] 75%|███████▍  | 216/289 [01:22<00:27,  2.65it/s] 75%|███████▌  | 217/289 [01:22<00:27,  2.65it/s] 75%|███████▌  | 218/289 [01:22<00:26,  2.65it/s] 76%|███████▌  | 219/289 [01:23<00:26,  2.65it/s] 76%|███████▌  | 220/289 [01:23<00:26,  2.65it/s] 76%|███████▋  | 221/289 [01:23<00:25,  2.65it/s] 77%|███████▋  | 222/289 [01:24<00:25,  2.65it/s] 77%|███████▋  | 223/289 [01:24<00:24,  2.65it/s] 78%|███████▊  | 224/289 [01:25<00:24,  2.65it/s] 78%|███████▊  | 225/289 [01:25<00:24,  2.65it/s] 78%|███████▊  | 226/289 [01:25<00:23,  2.65it/s] 79%|███████▊  | 227/289 [01:26<00:23,  2.65it/s] 79%|███████▉  | 228/289 [01:26<00:23,  2.65it/s] 79%|███████▉  | 229/289 [01:26<00:22,  2.65it/s] 80%|███████▉  | 230/289 [01:27<00:22,  2.65it/s] 80%|███████▉  | 231/289 [01:27<00:21,  2.64it/s] 80%|████████  | 232/289 [01:28<00:21,  2.64it/s] 81%|████████  | 233/289 [01:28<00:21,  2.64it/s] 81%|████████  | 234/289 [01:28<00:20,  2.64it/s] 81%|████████▏ | 235/289 [01:29<00:20,  2.64it/s] 82%|████████▏ | 236/289 [01:29<00:20,  2.63it/s] 82%|████████▏ | 237/289 [01:29<00:19,  2.63it/s] 82%|████████▏ | 238/289 [01:30<00:19,  2.64it/s] 83%|████████▎ | 239/289 [01:30<00:18,  2.64it/s] 83%|████████▎ | 240/289 [01:31<00:18,  2.64it/s] 83%|████████▎ | 241/289 [01:31<00:18,  2.64it/s] 84%|████████▎ | 242/289 [01:31<00:17,  2.64it/s] 84%|████████▍ | 243/289 [01:32<00:17,  2.64it/s] 84%|████████▍ | 244/289 [01:32<00:17,  2.65it/s] 85%|████████▍ | 245/289 [01:32<00:16,  2.65it/s] 85%|████████▌ | 246/289 [01:33<00:16,  2.65it/s] 85%|████████▌ | 247/289 [01:33<00:15,  2.64it/s] 86%|████████▌ | 248/289 [01:34<00:15,  2.64it/s] 86%|████████▌ | 249/289 [01:34<00:15,  2.64it/s] 87%|████████▋ | 250/289 [01:34<00:14,  2.64it/s] 87%|████████▋ | 251/289 [01:35<00:14,  2.64it/s] 87%|████████▋ | 252/289 [01:35<00:14,  2.64it/s] 88%|████████▊ | 253/289 [01:35<00:13,  2.64it/s] 88%|████████▊ | 254/289 [01:36<00:13,  2.64it/s] 88%|████████▊ | 255/289 [01:36<00:12,  2.64it/s] 89%|████████▊ | 256/289 [01:37<00:12,  2.65it/s] 89%|████████▉ | 257/289 [01:37<00:12,  2.65it/s] 89%|████████▉ | 258/289 [01:37<00:11,  2.65it/s] 90%|████████▉ | 259/289 [01:38<00:11,  2.65it/s] 90%|████████▉ | 260/289 [01:38<00:10,  2.65it/s] 90%|█████████ | 261/289 [01:39<00:10,  2.65it/s] 91%|█████████ | 262/289 [01:39<00:10,  2.64it/s] 91%|█████████ | 263/289 [01:39<00:09,  2.64it/s] 91%|█████████▏| 264/289 [01:40<00:09,  2.65it/s] 92%|█████████▏| 265/289 [01:40<00:09,  2.65it/s] 92%|█████████▏| 266/289 [01:40<00:08,  2.65it/s] 92%|█████████▏| 267/289 [01:41<00:08,  2.64it/s] 93%|█████████▎| 268/289 [01:41<00:07,  2.65it/s] 93%|█████████▎| 269/289 [01:42<00:07,  2.65it/s] 93%|█████████▎| 270/289 [01:42<00:07,  2.65it/s] 94%|█████████▍| 271/289 [01:42<00:06,  2.65it/s] 94%|█████████▍| 272/289 [01:43<00:06,  2.65it/s] 94%|█████████▍| 273/289 [01:43<00:06,  2.65it/s] 95%|█████████▍| 274/289 [01:43<00:05,  2.65it/s] 95%|█████████▌| 275/289 [01:44<00:05,  2.65it/s] 96%|█████████▌| 276/289 [01:44<00:04,  2.64it/s] 96%|█████████▌| 277/289 [01:45<00:04,  2.64it/s] 96%|█████████▌| 278/289 [01:45<00:04,  2.64it/s] 97%|█████████▋| 279/289 [01:45<00:03,  2.65it/s] 97%|█████████▋| 280/289 [01:46<00:03,  2.65it/s] 97%|█████████▋| 281/289 [01:46<00:03,  2.65it/s] 98%|█████████▊| 282/289 [01:46<00:02,  2.64it/s] 98%|█████████▊| 283/289 [01:47<00:02,  2.64it/s] 98%|█████████▊| 284/289 [01:47<00:01,  2.65it/s] 99%|█████████▊| 285/289 [01:48<00:01,  2.65it/s] 99%|█████████▉| 286/289 [01:48<00:01,  2.65it/s] 99%|█████████▉| 287/289 [01:48<00:00,  2.65it/s]100%|█████████▉| 288/289 [01:49<00:00,  2.65it/s]100%|█████████▉| 288/289 [01:49<00:00,  2.63it/s]
[11/28 23:34:28 TiTok-Gen]: Data (t): 0.4826, 36.96/s/gpu Batch (t): 1.7317 LR: 0.000100 Step: 14050 Total Loss: 0.4211 Diff Loss: 0.4211 
[11/28 23:35:50 TiTok-Gen]: Data (t): 0.2655, 37.03/s/gpu Batch (t): 1.7282 LR: 0.000100 Step: 14100 Total Loss: 0.4209 Diff Loss: 0.4209 
[11/28 23:37:12 TiTok-Gen]: Data (t): 0.4802, 40.60/s/gpu Batch (t): 1.5763 LR: 0.000100 Step: 14150 Total Loss: 0.4204 Diff Loss: 0.4204 
[11/28 23:38:34 TiTok-Gen]: Data (t): 0.4517, 40.35/s/gpu Batch (t): 1.5863 LR: 0.000100 Step: 14200 Total Loss: 0.4213 Diff Loss: 0.4213 
[11/28 23:39:56 TiTok-Gen]: Data (t): 0.2471, 37.73/s/gpu Batch (t): 1.6965 LR: 0.000100 Step: 14250 Total Loss: 0.4208 Diff Loss: 0.4208 
[11/28 23:41:17 TiTok-Gen]: Data (t): 0.4242, 39.35/s/gpu Batch (t): 1.6265 LR: 0.000100 Step: 14300 Total Loss: 0.4191 Diff Loss: 0.4191 
[11/28 23:42:41 TiTok-Gen]: Data (t): 0.4200, 37.19/s/gpu Batch (t): 1.7207 LR: 0.000100 Step: 14350 Total Loss: 0.4201 Diff Loss: 0.4201 
[11/28 23:44:30 TiTok-Gen]: Data (t): 0.2480, 36.84/s/gpu Batch (t): 1.7373 LR: 0.000100 Step: 14400 Total Loss: 0.4204 Diff Loss: 0.4204 
[11/28 23:45:51 TiTok-Gen]: Data (t): 0.4289, 40.08/s/gpu Batch (t): 1.5966 LR: 0.000100 Step: 14450 Total Loss: 0.4213 Diff Loss: 0.4213 
[11/28 23:47:12 TiTok-Gen]: Data (t): 0.4592, 40.47/s/gpu Batch (t): 1.5815 LR: 0.000100 Step: 14500 Total Loss: 0.4218 Diff Loss: 0.4218 
[11/28 23:48:34 TiTok-Gen]: Data (t): 0.2470, 38.20/s/gpu Batch (t): 1.6752 LR: 0.000100 Step: 14550 Total Loss: 0.4206 Diff Loss: 0.4206 
[11/28 23:49:56 TiTok-Gen]: Data (t): 0.4391, 36.30/s/gpu Batch (t): 1.7630 LR: 0.000100 Step: 14600 Total Loss: 0.4196 Diff Loss: 0.4196 
[11/28 23:50:41 TiTok-Gen]: Epoch 23/1597 started.
[11/28 23:51:35 TiTok-Gen]: Data (t): 0.4612, 37.51/s/gpu Batch (t): 1.7062 LR: 0.000100 Step: 14650 Total Loss: 0.4204 Diff Loss: 0.4204 
[11/28 23:52:57 TiTok-Gen]: Data (t): 0.4341, 39.07/s/gpu Batch (t): 1.6380 LR: 0.000100 Step: 14700 Total Loss: 0.4186 Diff Loss: 0.4186 
[11/28 23:54:19 TiTok-Gen]: Data (t): 0.4487, 41.41/s/gpu Batch (t): 1.5457 LR: 0.000100 Step: 14750 Total Loss: 0.4188 Diff Loss: 0.4188 
[11/28 23:55:41 TiTok-Gen]: Data (t): 0.4223, 37.24/s/gpu Batch (t): 1.7187 LR: 0.000100 Step: 14800 Total Loss: 0.4195 Diff Loss: 0.4195 
[11/28 23:57:03 TiTok-Gen]: Data (t): 0.4518, 36.59/s/gpu Batch (t): 1.7490 LR: 0.000100 Step: 14850 Total Loss: 0.4197 Diff Loss: 0.4197 
[11/28 23:58:24 TiTok-Gen]: Data (t): 0.4818, 36.00/s/gpu Batch (t): 1.7776 LR: 0.000100 Step: 14900 Total Loss: 0.4187 Diff Loss: 0.4187 
[11/28 23:59:46 TiTok-Gen]: Data (t): 0.4187, 39.12/s/gpu Batch (t): 1.6361 LR: 0.000100 Step: 14950 Total Loss: 0.4202 Diff Loss: 0.4202 
[11/29 00:01:08 TiTok-Gen]: Data (t): 0.4224, 34.66/s/gpu Batch (t): 1.8467 LR: 0.000100 Step: 15000 Total Loss: 0.4187 Diff Loss: 0.4187 
[11/29 00:01:09 TiTok-Gen]: Generating images...
  0%|          | 0/289 [00:00<?, ?it/s]  0%|          | 1/289 [00:00<01:48,  2.66it/s]  1%|          | 2/289 [00:00<01:49,  2.63it/s]  1%|          | 3/289 [00:01<01:49,  2.62it/s]  1%|▏         | 4/289 [00:01<01:49,  2.61it/s]  2%|▏         | 5/289 [00:01<01:48,  2.61it/s]  2%|▏         | 6/289 [00:02<01:48,  2.61it/s]  2%|▏         | 7/289 [00:02<01:48,  2.61it/s]  3%|▎         | 8/289 [00:03<01:47,  2.61it/s]  3%|▎         | 9/289 [00:03<01:47,  2.61it/s]  3%|▎         | 10/289 [00:03<01:47,  2.60it/s]  4%|▍         | 11/289 [00:04<01:46,  2.60it/s]  4%|▍         | 12/289 [00:04<01:46,  2.60it/s]  4%|▍         | 13/289 [00:04<01:46,  2.60it/s]  5%|▍         | 14/289 [00:05<01:45,  2.60it/s]  5%|▌         | 15/289 [00:05<01:45,  2.60it/s]  6%|▌         | 16/289 [00:06<01:44,  2.60it/s]  6%|▌         | 17/289 [00:06<01:44,  2.60it/s]  6%|▌         | 18/289 [00:06<01:44,  2.60it/s]  7%|▋         | 19/289 [00:07<01:43,  2.60it/s]  7%|▋         | 20/289 [00:07<01:43,  2.60it/s]  7%|▋         | 21/289 [00:08<01:42,  2.61it/s]  8%|▊         | 22/289 [00:08<01:42,  2.61it/s]  8%|▊         | 23/289 [00:08<01:41,  2.61it/s]  8%|▊         | 24/289 [00:09<01:41,  2.61it/s]  9%|▊         | 25/289 [00:09<01:41,  2.61it/s]  9%|▉         | 26/289 [00:09<01:40,  2.62it/s]  9%|▉         | 27/289 [00:10<01:40,  2.61it/s] 10%|▉         | 28/289 [00:10<01:39,  2.61it/s] 10%|█         | 29/289 [00:11<01:39,  2.61it/s] 10%|█         | 30/289 [00:11<01:40,  2.58it/s] 11%|█         | 31/289 [00:11<01:39,  2.59it/s] 11%|█         | 32/289 [00:12<01:38,  2.60it/s] 11%|█▏        | 33/289 [00:12<01:38,  2.60it/s] 12%|█▏        | 34/289 [00:13<01:37,  2.60it/s] 12%|█▏        | 35/289 [00:13<01:37,  2.60it/s] 12%|█▏        | 36/289 [00:13<01:37,  2.61it/s] 13%|█▎        | 37/289 [00:14<01:36,  2.61it/s] 13%|█▎        | 38/289 [00:14<01:36,  2.61it/s] 13%|█▎        | 39/289 [00:14<01:35,  2.61it/s] 14%|█▍        | 40/289 [00:15<01:35,  2.62it/s] 14%|█▍        | 41/289 [00:15<01:34,  2.62it/s] 15%|█▍        | 42/289 [00:16<01:34,  2.62it/s] 15%|█▍        | 43/289 [00:16<01:34,  2.62it/s] 15%|█▌        | 44/289 [00:16<01:33,  2.62it/s] 16%|█▌        | 45/289 [00:17<01:33,  2.62it/s] 16%|█▌        | 46/289 [00:17<01:33,  2.60it/s] 16%|█▋        | 47/289 [00:18<01:34,  2.57it/s] 17%|█▋        | 48/289 [00:18<01:34,  2.56it/s] 17%|█▋        | 49/289 [00:18<01:33,  2.58it/s] 17%|█▋        | 50/289 [00:19<01:32,  2.59it/s] 18%|█▊        | 51/289 [00:19<01:31,  2.60it/s] 18%|█▊        | 52/289 [00:19<01:30,  2.61it/s] 18%|█▊        | 53/289 [00:20<01:30,  2.60it/s] 19%|█▊        | 54/289 [00:20<01:30,  2.60it/s] 19%|█▉        | 55/289 [00:21<01:30,  2.58it/s] 19%|█▉        | 56/289 [00:21<01:29,  2.59it/s] 20%|█▉        | 57/289 [00:21<01:29,  2.60it/s] 20%|██        | 58/289 [00:22<01:28,  2.60it/s] 20%|██        | 59/289 [00:22<01:28,  2.60it/s] 21%|██        | 60/289 [00:23<01:27,  2.60it/s] 21%|██        | 61/289 [00:23<01:27,  2.60it/s] 21%|██▏       | 62/289 [00:23<01:27,  2.61it/s] 22%|██▏       | 63/289 [00:24<01:26,  2.61it/s] 22%|██▏       | 64/289 [00:24<01:26,  2.61it/s] 22%|██▏       | 65/289 [00:24<01:25,  2.61it/s] 23%|██▎       | 66/289 [00:25<01:25,  2.61it/s] 23%|██▎       | 67/289 [00:25<01:24,  2.61it/s] 24%|██▎       | 68/289 [00:26<01:24,  2.61it/s] 24%|██▍       | 69/289 [00:26<01:24,  2.62it/s] 24%|██▍       | 70/289 [00:26<01:23,  2.62it/s] 25%|██▍       | 71/289 [00:27<01:23,  2.62it/s] 25%|██▍       | 72/289 [00:27<01:22,  2.62it/s] 25%|██▌       | 73/289 [00:28<01:22,  2.61it/s] 26%|██▌       | 74/289 [00:28<01:22,  2.61it/s] 26%|██▌       | 75/289 [00:28<01:21,  2.61it/s] 26%|██▋       | 76/289 [00:29<01:21,  2.61it/s] 27%|██▋       | 77/289 [00:29<01:21,  2.61it/s] 27%|██▋       | 78/289 [00:29<01:20,  2.61it/s] 27%|██▋       | 79/289 [00:30<01:20,  2.61it/s] 28%|██▊       | 80/289 [00:30<01:19,  2.62it/s] 28%|██▊       | 81/289 [00:31<01:19,  2.62it/s] 28%|██▊       | 82/289 [00:31<01:19,  2.62it/s] 29%|██▊       | 83/289 [00:31<01:18,  2.62it/s] 29%|██▉       | 84/289 [00:32<01:18,  2.62it/s] 29%|██▉       | 85/289 [00:32<01:17,  2.62it/s] 30%|██▉       | 86/289 [00:32<01:17,  2.62it/s] 30%|███       | 87/289 [00:33<01:17,  2.62it/s] 30%|███       | 88/289 [00:33<01:16,  2.62it/s] 31%|███       | 89/289 [00:34<01:16,  2.61it/s] 31%|███       | 90/289 [00:34<01:16,  2.61it/s] 31%|███▏      | 91/289 [00:34<01:15,  2.62it/s] 32%|███▏      | 92/289 [00:35<01:15,  2.59it/s] 32%|███▏      | 93/289 [00:35<01:15,  2.60it/s] 33%|███▎      | 94/289 [00:36<01:14,  2.61it/s] 33%|███▎      | 95/289 [00:36<01:14,  2.62it/s] 33%|███▎      | 96/289 [00:36<01:13,  2.62it/s] 34%|███▎      | 97/289 [00:37<01:13,  2.62it/s] 34%|███▍      | 98/289 [00:37<01:12,  2.62it/s] 34%|███▍      | 99/289 [00:37<01:12,  2.61it/s] 35%|███▍      | 100/289 [00:38<01:12,  2.61it/s] 35%|███▍      | 101/289 [00:38<01:11,  2.62it/s] 35%|███▌      | 102/289 [00:39<01:11,  2.61it/s] 36%|███▌      | 103/289 [00:39<01:11,  2.61it/s] 36%|███▌      | 104/289 [00:39<01:10,  2.61it/s] 36%|███▋      | 105/289 [00:40<01:10,  2.62it/s] 37%|███▋      | 106/289 [00:40<01:09,  2.62it/s] 37%|███▋      | 107/289 [00:41<01:09,  2.62it/s] 37%|███▋      | 108/289 [00:41<01:09,  2.61it/s] 38%|███▊      | 109/289 [00:41<01:08,  2.61it/s] 38%|███▊      | 110/289 [00:42<01:08,  2.61it/s] 38%|███▊      | 111/289 [00:42<01:08,  2.61it/s] 39%|███▉      | 112/289 [00:42<01:07,  2.62it/s] 39%|███▉      | 113/289 [00:43<01:07,  2.61it/s] 39%|███▉      | 114/289 [00:43<01:06,  2.61it/s] 40%|███▉      | 115/289 [00:44<01:06,  2.61it/s] 40%|████      | 116/289 [00:44<01:06,  2.61it/s] 40%|████      | 117/289 [00:44<01:05,  2.61it/s] 41%|████      | 118/289 [00:45<01:05,  2.62it/s] 41%|████      | 119/289 [00:45<01:04,  2.62it/s] 42%|████▏     | 120/289 [00:45<01:04,  2.62it/s] 42%|████▏     | 121/289 [00:46<01:04,  2.62it/s] 42%|████▏     | 122/289 [00:46<01:03,  2.62it/s] 43%|████▎     | 123/289 [00:47<01:03,  2.62it/s] 43%|████▎     | 124/289 [00:47<01:02,  2.62it/s] 43%|████▎     | 125/289 [00:47<01:02,  2.62it/s] 44%|████▎     | 126/289 [00:48<01:02,  2.62it/s] 44%|████▍     | 127/289 [00:48<01:01,  2.62it/s] 44%|████▍     | 128/289 [00:49<01:01,  2.62it/s] 45%|████▍     | 129/289 [00:49<01:01,  2.62it/s] 45%|████▍     | 130/289 [00:49<01:00,  2.62it/s] 45%|████▌     | 131/289 [00:50<01:00,  2.62it/s] 46%|████▌     | 132/289 [00:50<00:59,  2.62it/s] 46%|████▌     | 133/289 [00:50<00:59,  2.62it/s] 46%|████▋     | 134/289 [00:51<00:59,  2.62it/s] 47%|████▋     | 135/289 [00:51<00:58,  2.62it/s] 47%|████▋     | 136/289 [00:52<00:58,  2.62it/s] 47%|████▋     | 137/289 [00:52<00:57,  2.62it/s] 48%|████▊     | 138/289 [00:52<00:57,  2.62it/s] 48%|████▊     | 139/289 [00:53<00:57,  2.62it/s] 48%|████▊     | 140/289 [00:53<00:56,  2.62it/s] 49%|████▉     | 141/289 [00:54<00:56,  2.62it/s] 49%|████▉     | 142/289 [00:54<00:56,  2.62it/s] 49%|████▉     | 143/289 [00:54<00:55,  2.62it/s] 50%|████▉     | 144/289 [00:55<00:55,  2.62it/s] 50%|█████     | 145/289 [00:55<00:55,  2.62it/s] 51%|█████     | 146/289 [00:55<00:54,  2.62it/s] 51%|█████     | 147/289 [00:56<00:54,  2.61it/s] 51%|█████     | 148/289 [00:56<00:53,  2.61it/s] 52%|█████▏    | 149/289 [00:57<00:53,  2.62it/s] 52%|█████▏    | 150/289 [00:57<00:53,  2.62it/s] 52%|█████▏    | 151/289 [00:57<00:53,  2.59it/s] 53%|█████▎    | 152/289 [00:58<00:52,  2.60it/s] 53%|█████▎    | 153/289 [00:58<00:52,  2.60it/s] 53%|█████▎    | 154/289 [00:58<00:51,  2.61it/s] 54%|█████▎    | 155/289 [00:59<00:51,  2.61it/s] 54%|█████▍    | 156/289 [00:59<00:50,  2.62it/s] 54%|█████▍    | 157/289 [01:00<00:50,  2.61it/s] 55%|█████▍    | 158/289 [01:00<00:50,  2.62it/s] 55%|█████▌    | 159/289 [01:00<00:49,  2.62it/s] 55%|█████▌    | 160/289 [01:01<00:49,  2.62it/s] 56%|█████▌    | 161/289 [01:01<00:49,  2.61it/s] 56%|█████▌    | 162/289 [01:02<00:48,  2.61it/s] 56%|█████▋    | 163/289 [01:02<00:48,  2.62it/s] 57%|█████▋    | 164/289 [01:02<00:47,  2.62it/s] 57%|█████▋    | 165/289 [01:03<00:47,  2.61it/s] 57%|█████▋    | 166/289 [01:03<00:47,  2.61it/s] 58%|█████▊    | 167/289 [01:03<00:46,  2.62it/s] 58%|█████▊    | 168/289 [01:04<00:46,  2.62it/s] 58%|█████▊    | 169/289 [01:04<00:45,  2.62it/s] 59%|█████▉    | 170/289 [01:05<00:45,  2.62it/s] 59%|█████▉    | 171/289 [01:05<00:45,  2.62it/s] 60%|█████▉    | 172/289 [01:05<00:44,  2.62it/s] 60%|█████▉    | 173/289 [01:06<00:44,  2.62it/s] 60%|██████    | 174/289 [01:06<00:44,  2.61it/s] 61%|██████    | 175/289 [01:07<00:43,  2.61it/s] 61%|██████    | 176/289 [01:07<00:43,  2.61it/s] 61%|██████    | 177/289 [01:07<00:42,  2.61it/s] 62%|██████▏   | 178/289 [01:08<00:42,  2.62it/s] 62%|██████▏   | 179/289 [01:08<00:42,  2.61it/s] 62%|██████▏   | 180/289 [01:08<00:41,  2.62it/s] 63%|██████▎   | 181/289 [01:09<00:41,  2.61it/s] 63%|██████▎   | 182/289 [01:09<00:40,  2.62it/s] 63%|██████▎   | 183/289 [01:10<00:40,  2.62it/s] 64%|██████▎   | 184/289 [01:10<00:40,  2.62it/s] 64%|██████▍   | 185/289 [01:10<00:39,  2.62it/s] 64%|██████▍   | 186/289 [01:11<00:39,  2.62it/s] 65%|██████▍   | 187/289 [01:11<00:38,  2.62it/s] 65%|██████▌   | 188/289 [01:11<00:38,  2.62it/s] 65%|██████▌   | 189/289 [01:12<00:38,  2.62it/s] 66%|██████▌   | 190/289 [01:12<00:37,  2.62it/s] 66%|██████▌   | 191/289 [01:13<00:37,  2.62it/s] 66%|██████▋   | 192/289 [01:13<00:36,  2.62it/s] 67%|██████▋   | 193/289 [01:13<00:36,  2.62it/s] 67%|██████▋   | 194/289 [01:14<00:36,  2.62it/s] 67%|██████▋   | 195/289 [01:14<00:35,  2.62it/s] 68%|██████▊   | 196/289 [01:15<00:35,  2.62it/s] 68%|██████▊   | 197/289 [01:15<00:35,  2.62it/s] 69%|██████▊   | 198/289 [01:15<00:34,  2.62it/s] 69%|██████▉   | 199/289 [01:16<00:34,  2.62it/s] 69%|██████▉   | 200/289 [01:16<00:33,  2.62it/s] 70%|██████▉   | 201/289 [01:16<00:33,  2.62it/s] 70%|██████▉   | 202/289 [01:17<00:33,  2.62it/s] 70%|███████   | 203/289 [01:17<00:32,  2.62it/s] 71%|███████   | 204/289 [01:18<00:32,  2.62it/s] 71%|███████   | 205/289 [01:18<00:32,  2.62it/s] 71%|███████▏  | 206/289 [01:18<00:31,  2.62it/s] 72%|███████▏  | 207/289 [01:19<00:31,  2.62it/s] 72%|███████▏  | 208/289 [01:19<00:30,  2.62it/s] 72%|███████▏  | 209/289 [01:19<00:30,  2.62it/s] 73%|███████▎  | 210/289 [01:20<00:30,  2.62it/s] 73%|███████▎  | 211/289 [01:20<00:29,  2.62it/s] 73%|███████▎  | 212/289 [01:21<00:29,  2.62it/s] 74%|███████▎  | 213/289 [01:21<00:29,  2.62it/s] 74%|███████▍  | 214/289 [01:21<00:28,  2.62it/s] 74%|███████▍  | 215/289 [01:22<00:28,  2.62it/s] 75%|███████▍  | 216/289 [01:22<00:27,  2.62it/s] 75%|███████▌  | 217/289 [01:23<00:27,  2.62it/s] 75%|███████▌  | 218/289 [01:23<00:27,  2.62it/s] 76%|███████▌  | 219/289 [01:23<00:26,  2.61it/s] 76%|███████▌  | 220/289 [01:24<00:26,  2.61it/s] 76%|███████▋  | 221/289 [01:24<00:25,  2.62it/s] 77%|███████▋  | 222/289 [01:24<00:25,  2.62it/s] 77%|███████▋  | 223/289 [01:25<00:25,  2.62it/s] 78%|███████▊  | 224/289 [01:25<00:24,  2.62it/s] 78%|███████▊  | 225/289 [01:26<00:24,  2.60it/s] 78%|███████▊  | 226/289 [01:26<00:24,  2.61it/s] 79%|███████▊  | 227/289 [01:26<00:23,  2.61it/s] 79%|███████▉  | 228/289 [01:27<00:23,  2.62it/s] 79%|███████▉  | 229/289 [01:27<00:22,  2.62it/s] 80%|███████▉  | 230/289 [01:28<00:22,  2.62it/s] 80%|███████▉  | 231/289 [01:28<00:22,  2.62it/s] 80%|████████  | 232/289 [01:28<00:21,  2.62it/s] 81%|████████  | 233/289 [01:29<00:21,  2.62it/s] 81%|████████  | 234/289 [01:29<00:21,  2.62it/s] 81%|████████▏ | 235/289 [01:29<00:20,  2.62it/s] 82%|████████▏ | 236/289 [01:30<00:20,  2.61it/s] 82%|████████▏ | 237/289 [01:30<00:19,  2.61it/s] 82%|████████▏ | 238/289 [01:31<00:19,  2.62it/s] 83%|████████▎ | 239/289 [01:31<00:19,  2.62it/s] 83%|████████▎ | 240/289 [01:31<00:18,  2.62it/s] 83%|████████▎ | 241/289 [01:32<00:18,  2.61it/s] 84%|████████▎ | 242/289 [01:32<00:18,  2.61it/s] 84%|████████▍ | 243/289 [01:32<00:17,  2.61it/s] 84%|████████▍ | 244/289 [01:33<00:17,  2.61it/s] 85%|████████▍ | 245/289 [01:33<00:16,  2.61it/s] 85%|████████▌ | 246/289 [01:34<00:16,  2.61it/s] 85%|████████▌ | 247/289 [01:34<00:16,  2.61it/s] 86%|████████▌ | 248/289 [01:34<00:15,  2.61it/s] 86%|████████▌ | 249/289 [01:35<00:15,  2.61it/s] 87%|████████▋ | 250/289 [01:35<00:14,  2.62it/s] 87%|████████▋ | 251/289 [01:36<00:14,  2.61it/s] 87%|████████▋ | 252/289 [01:36<00:14,  2.61it/s] 88%|████████▊ | 253/289 [01:36<00:13,  2.61it/s] 88%|████████▊ | 254/289 [01:37<00:13,  2.62it/s] 88%|████████▊ | 255/289 [01:37<00:12,  2.62it/s] 89%|████████▊ | 256/289 [01:37<00:12,  2.62it/s] 89%|████████▉ | 257/289 [01:38<00:12,  2.62it/s] 89%|████████▉ | 258/289 [01:38<00:11,  2.62it/s] 90%|████████▉ | 259/289 [01:39<00:11,  2.62it/s] 90%|████████▉ | 260/289 [01:39<00:11,  2.62it/s] 90%|█████████ | 261/289 [01:39<00:10,  2.61it/s] 91%|█████████ | 262/289 [01:40<00:10,  2.62it/s] 91%|█████████ | 263/289 [01:40<00:09,  2.62it/s] 91%|█████████▏| 264/289 [01:41<00:09,  2.62it/s] 92%|█████████▏| 265/289 [01:41<00:09,  2.62it/s] 92%|█████████▏| 266/289 [01:41<00:08,  2.62it/s] 92%|█████████▏| 267/289 [01:42<00:08,  2.62it/s] 93%|█████████▎| 268/289 [01:42<00:08,  2.61it/s] 93%|█████████▎| 269/289 [01:42<00:07,  2.62it/s] 93%|█████████▎| 270/289 [01:43<00:07,  2.62it/s] 94%|█████████▍| 271/289 [01:43<00:06,  2.61it/s] 94%|█████████▍| 272/289 [01:44<00:06,  2.62it/s] 94%|█████████▍| 273/289 [01:44<00:06,  2.62it/s] 95%|█████████▍| 274/289 [01:44<00:05,  2.62it/s] 95%|█████████▌| 275/289 [01:45<00:05,  2.62it/s] 96%|█████████▌| 276/289 [01:45<00:04,  2.62it/s] 96%|█████████▌| 277/289 [01:45<00:04,  2.62it/s] 96%|█████████▌| 278/289 [01:46<00:04,  2.62it/s] 97%|█████████▋| 279/289 [01:46<00:03,  2.62it/s] 97%|█████████▋| 280/289 [01:47<00:03,  2.62it/s] 97%|█████████▋| 281/289 [01:47<00:03,  2.61it/s] 98%|█████████▊| 282/289 [01:47<00:02,  2.62it/s] 98%|█████████▊| 283/289 [01:48<00:02,  2.62it/s] 98%|█████████▊| 284/289 [01:48<00:01,  2.62it/s] 99%|█████████▊| 285/289 [01:49<00:01,  2.62it/s] 99%|█████████▉| 286/289 [01:49<00:01,  2.62it/s] 99%|█████████▉| 287/289 [01:49<00:00,  2.62it/s]100%|█████████▉| 288/289 [01:50<00:00,  2.62it/s]100%|█████████▉| 288/289 [01:50<00:00,  2.60it/s]
[11/29 00:04:24 TiTok-Gen]: Data (t): 0.4796, 39.78/s/gpu Batch (t): 1.6087 LR: 0.000100 Step: 15050 Total Loss: 0.4204 Diff Loss: 0.4204 
[11/29 00:05:45 TiTok-Gen]: Data (t): 0.4884, 40.26/s/gpu Batch (t): 1.5897 LR: 0.000100 Step: 15100 Total Loss: 0.4188 Diff Loss: 0.4188 
[11/29 00:07:07 TiTok-Gen]: Data (t): 0.4517, 38.29/s/gpu Batch (t): 1.6714 LR: 0.000100 Step: 15150 Total Loss: 0.4190 Diff Loss: 0.4190 
[11/29 00:08:30 TiTok-Gen]: Data (t): 0.4397, 40.30/s/gpu Batch (t): 1.5879 LR: 0.000100 Step: 15200 Total Loss: 0.4200 Diff Loss: 0.4200 
[11/29 00:09:51 TiTok-Gen]: Data (t): 0.4586, 40.22/s/gpu Batch (t): 1.5914 LR: 0.000100 Step: 15250 Total Loss: 0.4200 Diff Loss: 0.4200 
[11/29 00:10:13 TiTok-Gen]: Epoch 24/1597 started.
[11/29 00:11:31 TiTok-Gen]: Data (t): 0.2480, 40.97/s/gpu Batch (t): 1.5622 LR: 0.000100 Step: 15300 Total Loss: 0.4185 Diff Loss: 0.4185 
[11/29 00:12:54 TiTok-Gen]: Data (t): 0.2477, 40.13/s/gpu Batch (t): 1.5947 LR: 0.000100 Step: 15350 Total Loss: 0.4200 Diff Loss: 0.4200 
[11/29 00:14:16 TiTok-Gen]: Data (t): 0.2486, 40.42/s/gpu Batch (t): 1.5833 LR: 0.000100 Step: 15400 Total Loss: 0.4194 Diff Loss: 0.4194 
[11/29 00:15:38 TiTok-Gen]: Data (t): 0.2500, 37.59/s/gpu Batch (t): 1.7027 LR: 0.000100 Step: 15450 Total Loss: 0.4192 Diff Loss: 0.4192 
[11/29 00:17:00 TiTok-Gen]: Data (t): 0.2504, 40.73/s/gpu Batch (t): 1.5712 LR: 0.000100 Step: 15500 Total Loss: 0.4194 Diff Loss: 0.4194 
[11/29 00:18:22 TiTok-Gen]: Data (t): 0.2818, 39.45/s/gpu Batch (t): 1.6222 LR: 0.000100 Step: 15550 Total Loss: 0.4195 Diff Loss: 0.4195 
[11/29 00:19:45 TiTok-Gen]: Data (t): 0.2464, 36.35/s/gpu Batch (t): 1.7607 LR: 0.000100 Step: 15600 Total Loss: 0.4191 Diff Loss: 0.4191 
[11/29 00:21:07 TiTok-Gen]: Data (t): 0.2623, 34.69/s/gpu Batch (t): 1.8451 LR: 0.000100 Step: 15650 Total Loss: 0.4185 Diff Loss: 0.4185 
[11/29 00:22:29 TiTok-Gen]: Data (t): 0.2470, 36.23/s/gpu Batch (t): 1.7663 LR: 0.000100 Step: 15700 Total Loss: 0.4184 Diff Loss: 0.4184 
[11/29 00:23:51 TiTok-Gen]: Data (t): 0.2468, 40.28/s/gpu Batch (t): 1.5890 LR: 0.000100 Step: 15750 Total Loss: 0.4192 Diff Loss: 0.4192 
[11/29 00:25:13 TiTok-Gen]: Data (t): 0.2485, 36.26/s/gpu Batch (t): 1.7652 LR: 0.000100 Step: 15800 Total Loss: 0.4188 Diff Loss: 0.4188 
[11/29 00:26:36 TiTok-Gen]: Data (t): 0.2491, 37.67/s/gpu Batch (t): 1.6988 LR: 0.000100 Step: 15850 Total Loss: 0.4189 Diff Loss: 0.4189 
[11/29 00:27:57 TiTok-Gen]: Data (t): 0.2451, 42.12/s/gpu Batch (t): 1.5195 LR: 0.000100 Step: 15900 Total Loss: 0.4199 Diff Loss: 0.4199 
[11/29 00:27:57 TiTok-Gen]: Epoch 25/1597 started.
[11/29 00:29:38 TiTok-Gen]: Data (t): 0.4364, 40.28/s/gpu Batch (t): 1.5890 LR: 0.000100 Step: 15950 Total Loss: 0.4182 Diff Loss: 0.4182 
[11/29 00:31:01 TiTok-Gen]: Data (t): 0.4637, 34.57/s/gpu Batch (t): 1.8512 LR: 0.000100 Step: 16000 Total Loss: 0.4175 Diff Loss: 0.4175 
[11/29 00:31:02 TiTok-Gen]: Generating images...
  0%|          | 0/289 [00:00<?, ?it/s]  0%|          | 1/289 [00:00<01:49,  2.63it/s]  1%|          | 2/289 [00:00<01:50,  2.59it/s]  1%|          | 3/289 [00:01<01:51,  2.57it/s]  1%|▏         | 4/289 [00:01<01:51,  2.56it/s]  2%|▏         | 5/289 [00:01<01:50,  2.56it/s]  2%|▏         | 6/289 [00:02<01:50,  2.56it/s]  2%|▏         | 7/289 [00:02<01:49,  2.57it/s]  3%|▎         | 8/289 [00:03<01:49,  2.57it/s]  3%|▎         | 9/289 [00:03<01:49,  2.57it/s]  3%|▎         | 10/289 [00:03<01:49,  2.55it/s]  4%|▍         | 11/289 [00:04<01:48,  2.56it/s]  4%|▍         | 12/289 [00:04<01:48,  2.56it/s]  4%|▍         | 13/289 [00:05<01:47,  2.56it/s]  5%|▍         | 14/289 [00:05<01:47,  2.56it/s]  5%|▌         | 15/289 [00:05<01:46,  2.56it/s]  6%|▌         | 16/289 [00:06<01:46,  2.57it/s]  6%|▌         | 17/289 [00:06<01:45,  2.57it/s]  6%|▌         | 18/289 [00:07<01:45,  2.57it/s]  7%|▋         | 19/289 [00:07<01:44,  2.58it/s]  7%|▋         | 20/289 [00:07<01:44,  2.58it/s]  7%|▋         | 21/289 [00:08<01:45,  2.55it/s]  8%|▊         | 22/289 [00:08<01:44,  2.56it/s]  8%|▊         | 23/289 [00:08<01:43,  2.57it/s]  8%|▊         | 24/289 [00:09<01:43,  2.57it/s]  9%|▊         | 25/289 [00:09<01:42,  2.57it/s]  9%|▉         | 26/289 [00:10<01:42,  2.57it/s]  9%|▉         | 27/289 [00:10<01:42,  2.57it/s] 10%|▉         | 28/289 [00:10<01:41,  2.58it/s] 10%|█         | 29/289 [00:11<01:40,  2.58it/s] 10%|█         | 30/289 [00:11<01:40,  2.58it/s] 11%|█         | 31/289 [00:12<01:40,  2.58it/s] 11%|█         | 32/289 [00:12<01:39,  2.58it/s] 11%|█▏        | 33/289 [00:12<01:39,  2.58it/s] 12%|█▏        | 34/289 [00:13<01:38,  2.58it/s] 12%|█▏        | 35/289 [00:13<01:38,  2.58it/s] 12%|█▏        | 36/289 [00:14<01:38,  2.56it/s] 13%|█▎        | 37/289 [00:14<01:38,  2.56it/s] 13%|█▎        | 38/289 [00:14<01:37,  2.57it/s] 13%|█▎        | 39/289 [00:15<01:37,  2.56it/s] 14%|█▍        | 40/289 [00:15<01:36,  2.57it/s] 14%|█▍        | 41/289 [00:15<01:36,  2.58it/s] 15%|█▍        | 42/289 [00:16<01:35,  2.58it/s] 15%|█▍        | 43/289 [00:16<01:35,  2.58it/s] 15%|█▌        | 44/289 [00:17<01:34,  2.58it/s] 16%|█▌        | 45/289 [00:17<01:34,  2.58it/s] 16%|█▌        | 46/289 [00:17<01:34,  2.58it/s] 16%|█▋        | 47/289 [00:18<01:33,  2.58it/s] 17%|█▋        | 48/289 [00:18<01:33,  2.58it/s] 17%|█▋        | 49/289 [00:19<01:32,  2.58it/s] 17%|█▋        | 50/289 [00:19<01:32,  2.58it/s] 18%|█▊        | 51/289 [00:19<01:32,  2.59it/s] 18%|█▊        | 52/289 [00:20<01:31,  2.59it/s] 18%|█▊        | 53/289 [00:20<01:31,  2.59it/s] 19%|█▊        | 54/289 [00:20<01:30,  2.59it/s] 19%|█▉        | 55/289 [00:21<01:30,  2.59it/s] 19%|█▉        | 56/289 [00:21<01:30,  2.58it/s] 20%|█▉        | 57/289 [00:22<01:29,  2.58it/s] 20%|██        | 58/289 [00:22<01:29,  2.59it/s] 20%|██        | 59/289 [00:22<01:28,  2.59it/s] 21%|██        | 60/289 [00:23<01:28,  2.59it/s] 21%|██        | 61/289 [00:23<01:28,  2.59it/s] 21%|██▏       | 62/289 [00:24<01:27,  2.59it/s] 22%|██▏       | 63/289 [00:24<01:27,  2.59it/s] 22%|██▏       | 64/289 [00:24<01:26,  2.59it/s] 22%|██▏       | 65/289 [00:25<01:26,  2.58it/s] 23%|██▎       | 66/289 [00:25<01:26,  2.58it/s] 23%|██▎       | 67/289 [00:26<01:26,  2.57it/s] 24%|██▎       | 68/289 [00:26<01:25,  2.57it/s] 24%|██▍       | 69/289 [00:26<01:25,  2.58it/s] 24%|██▍       | 70/289 [00:27<01:24,  2.58it/s] 25%|██▍       | 71/289 [00:27<01:24,  2.58it/s] 25%|██▍       | 72/289 [00:27<01:24,  2.58it/s] 25%|██▌       | 73/289 [00:28<01:23,  2.58it/s] 26%|██▌       | 74/289 [00:28<01:23,  2.58it/s] 26%|██▌       | 75/289 [00:29<01:22,  2.58it/s] 26%|██▋       | 76/289 [00:29<01:22,  2.58it/s] 27%|██▋       | 77/289 [00:29<01:22,  2.58it/s] 27%|██▋       | 78/289 [00:30<01:21,  2.58it/s] 27%|██▋       | 79/289 [00:30<01:21,  2.58it/s] 28%|██▊       | 80/289 [00:31<01:20,  2.58it/s] 28%|██▊       | 81/289 [00:31<01:20,  2.59it/s] 28%|██▊       | 82/289 [00:31<01:19,  2.59it/s] 29%|██▊       | 83/289 [00:32<01:19,  2.59it/s] 29%|██▉       | 84/289 [00:32<01:19,  2.59it/s] 29%|██▉       | 85/289 [00:32<01:18,  2.59it/s] 30%|██▉       | 86/289 [00:33<01:18,  2.59it/s] 30%|███       | 87/289 [00:33<01:18,  2.59it/s] 30%|███       | 88/289 [00:34<01:17,  2.59it/s] 31%|███       | 89/289 [00:34<01:17,  2.59it/s] 31%|███       | 90/289 [00:34<01:16,  2.59it/s] 31%|███▏      | 91/289 [00:35<01:16,  2.59it/s] 32%|███▏      | 92/289 [00:35<01:16,  2.59it/s] 32%|███▏      | 93/289 [00:36<01:15,  2.59it/s] 33%|███▎      | 94/289 [00:36<01:15,  2.59it/s] 33%|███▎      | 95/289 [00:36<01:14,  2.59it/s] 33%|███▎      | 96/289 [00:37<01:14,  2.59it/s] 34%|███▎      | 97/289 [00:37<01:14,  2.59it/s] 34%|███▍      | 98/289 [00:37<01:13,  2.59it/s] 34%|███▍      | 99/289 [00:38<01:13,  2.59it/s] 35%|███▍      | 100/289 [00:38<01:12,  2.59it/s] 35%|███▍      | 101/289 [00:39<01:12,  2.59it/s] 35%|███▌      | 102/289 [00:39<01:12,  2.59it/s] 36%|███▌      | 103/289 [00:39<01:12,  2.58it/s] 36%|███▌      | 104/289 [00:40<01:11,  2.59it/s] 36%|███▋      | 105/289 [00:40<01:11,  2.59it/s] 37%|███▋      | 106/289 [00:41<01:11,  2.57it/s] 37%|███▋      | 107/289 [00:41<01:10,  2.58it/s] 37%|███▋      | 108/289 [00:41<01:10,  2.58it/s] 38%|███▊      | 109/289 [00:42<01:09,  2.59it/s] 38%|███▊      | 110/289 [00:42<01:09,  2.59it/s] 38%|███▊      | 111/289 [00:43<01:08,  2.59it/s] 39%|███▉      | 112/289 [00:43<01:08,  2.58it/s] 39%|███▉      | 113/289 [00:43<01:08,  2.59it/s] 39%|███▉      | 114/289 [00:44<01:07,  2.59it/s] 40%|███▉      | 115/289 [00:44<01:07,  2.59it/s] 40%|████      | 116/289 [00:44<01:06,  2.59it/s] 40%|████      | 117/289 [00:45<01:06,  2.59it/s] 41%|████      | 118/289 [00:45<01:06,  2.59it/s] 41%|████      | 119/289 [00:46<01:05,  2.59it/s] 42%|████▏     | 120/289 [00:46<01:05,  2.59it/s] 42%|████▏     | 121/289 [00:46<01:04,  2.59it/s] 42%|████▏     | 122/289 [00:47<01:04,  2.59it/s] 43%|████▎     | 123/289 [00:47<01:04,  2.58it/s] 43%|████▎     | 124/289 [00:48<01:03,  2.59it/s] 43%|████▎     | 125/289 [00:48<01:03,  2.59it/s] 44%|████▎     | 126/289 [00:48<01:02,  2.59it/s] 44%|████▍     | 127/289 [00:49<01:02,  2.59it/s] 44%|████▍     | 128/289 [00:49<01:02,  2.59it/s] 45%|████▍     | 129/289 [00:49<01:01,  2.60it/s] 45%|████▍     | 130/289 [00:50<01:01,  2.60it/s] 45%|████▌     | 131/289 [00:50<01:00,  2.60it/s] 46%|████▌     | 132/289 [00:51<01:00,  2.59it/s] 46%|████▌     | 133/289 [00:51<01:00,  2.59it/s] 46%|████▋     | 134/289 [00:51<00:59,  2.60it/s] 47%|████▋     | 135/289 [00:52<00:59,  2.59it/s] 47%|████▋     | 136/289 [00:52<00:59,  2.59it/s] 47%|████▋     | 137/289 [00:53<00:58,  2.59it/s] 48%|████▊     | 138/289 [00:53<00:58,  2.59it/s] 48%|████▊     | 139/289 [00:53<00:57,  2.59it/s] 48%|████▊     | 140/289 [00:54<00:57,  2.59it/s] 49%|████▉     | 141/289 [00:54<00:57,  2.59it/s] 49%|████▉     | 142/289 [00:54<00:56,  2.59it/s] 49%|████▉     | 143/289 [00:55<00:56,  2.59it/s] 50%|████▉     | 144/289 [00:55<00:55,  2.59it/s] 50%|█████     | 145/289 [00:56<00:55,  2.59it/s] 51%|█████     | 146/289 [00:56<00:55,  2.59it/s] 51%|█████     | 147/289 [00:56<00:54,  2.59it/s] 51%|█████     | 148/289 [00:57<00:54,  2.60it/s] 52%|█████▏    | 149/289 [00:57<00:53,  2.60it/s] 52%|█████▏    | 150/289 [00:58<00:53,  2.59it/s] 52%|█████▏    | 151/289 [00:58<00:53,  2.59it/s] 53%|█████▎    | 152/289 [00:58<00:52,  2.60it/s] 53%|█████▎    | 153/289 [00:59<00:52,  2.60it/s] 53%|█████▎    | 154/289 [00:59<00:52,  2.59it/s] 54%|█████▎    | 155/289 [00:59<00:51,  2.60it/s] 54%|█████▍    | 156/289 [01:00<00:51,  2.59it/s] 54%|█████▍    | 157/289 [01:00<00:50,  2.59it/s] 55%|█████▍    | 158/289 [01:01<00:50,  2.59it/s] 55%|█████▌    | 159/289 [01:01<00:50,  2.59it/s] 55%|█████▌    | 160/289 [01:01<00:49,  2.59it/s] 56%|█████▌    | 161/289 [01:02<00:49,  2.60it/s] 56%|█████▌    | 162/289 [01:02<00:48,  2.59it/s] 56%|█████▋    | 163/289 [01:03<00:48,  2.58it/s] 57%|█████▋    | 164/289 [01:03<00:48,  2.58it/s] 57%|█████▋    | 165/289 [01:03<00:47,  2.59it/s] 57%|█████▋    | 166/289 [01:04<00:47,  2.59it/s] 58%|█████▊    | 167/289 [01:04<00:47,  2.59it/s] 58%|█████▊    | 168/289 [01:05<00:47,  2.57it/s] 58%|█████▊    | 169/289 [01:05<00:46,  2.58it/s] 59%|█████▉    | 170/289 [01:05<00:46,  2.58it/s] 59%|█████▉    | 171/289 [01:06<00:45,  2.58it/s] 60%|█████▉    | 172/289 [01:06<00:45,  2.59it/s] 60%|█████▉    | 173/289 [01:06<00:44,  2.58it/s] 60%|██████    | 174/289 [01:07<00:44,  2.59it/s] 61%|██████    | 175/289 [01:07<00:44,  2.59it/s] 61%|██████    | 176/289 [01:08<00:43,  2.59it/s] 61%|██████    | 177/289 [01:08<00:43,  2.59it/s] 62%|██████▏   | 178/289 [01:08<00:42,  2.58it/s] 62%|██████▏   | 179/289 [01:09<00:42,  2.59it/s] 62%|██████▏   | 180/289 [01:09<00:42,  2.59it/s] 63%|██████▎   | 181/289 [01:10<00:41,  2.59it/s] 63%|██████▎   | 182/289 [01:10<00:41,  2.58it/s] 63%|██████▎   | 183/289 [01:10<00:41,  2.58it/s] 64%|██████▎   | 184/289 [01:11<00:40,  2.59it/s] 64%|██████▍   | 185/289 [01:11<00:40,  2.59it/s] 64%|██████▍   | 186/289 [01:11<00:39,  2.59it/s] 65%|██████▍   | 187/289 [01:12<00:39,  2.59it/s] 65%|██████▌   | 188/289 [01:12<00:39,  2.59it/s] 65%|██████▌   | 189/289 [01:13<00:38,  2.59it/s] 66%|██████▌   | 190/289 [01:13<00:38,  2.59it/s] 66%|██████▌   | 191/289 [01:13<00:37,  2.59it/s] 66%|██████▋   | 192/289 [01:14<00:37,  2.59it/s] 67%|██████▋   | 193/289 [01:14<00:37,  2.58it/s] 67%|██████▋   | 194/289 [01:15<00:36,  2.59it/s] 67%|██████▋   | 195/289 [01:15<00:36,  2.59it/s] 68%|██████▊   | 196/289 [01:15<00:35,  2.59it/s] 68%|██████▊   | 197/289 [01:16<00:35,  2.59it/s] 69%|██████▊   | 198/289 [01:16<00:35,  2.59it/s] 69%|██████▉   | 199/289 [01:16<00:34,  2.59it/s] 69%|██████▉   | 200/289 [01:17<00:34,  2.60it/s] 70%|██████▉   | 201/289 [01:17<00:33,  2.60it/s] 70%|██████▉   | 202/289 [01:18<00:33,  2.60it/s] 70%|███████   | 203/289 [01:18<00:33,  2.59it/s] 71%|███████   | 204/289 [01:18<00:32,  2.59it/s] 71%|███████   | 205/289 [01:19<00:32,  2.59it/s] 71%|███████▏  | 206/289 [01:19<00:31,  2.59it/s] 72%|███████▏  | 207/289 [01:20<00:31,  2.59it/s] 72%|███████▏  | 208/289 [01:20<00:31,  2.59it/s] 72%|███████▏  | 209/289 [01:20<00:30,  2.59it/s] 73%|███████▎  | 210/289 [01:21<00:30,  2.59it/s] 73%|███████▎  | 211/289 [01:21<00:30,  2.59it/s] 73%|███████▎  | 212/289 [01:22<00:29,  2.59it/s] 74%|███████▎  | 213/289 [01:22<00:29,  2.59it/s] 74%|███████▍  | 214/289 [01:22<00:28,  2.59it/s] 74%|███████▍  | 215/289 [01:23<00:28,  2.59it/s] 75%|███████▍  | 216/289 [01:23<00:28,  2.60it/s] 75%|███████▌  | 217/289 [01:23<00:27,  2.60it/s] 75%|███████▌  | 218/289 [01:24<00:27,  2.59it/s] 76%|███████▌  | 219/289 [01:24<00:26,  2.59it/s] 76%|███████▌  | 220/289 [01:25<00:26,  2.59it/s] 76%|███████▋  | 221/289 [01:25<00:26,  2.59it/s] 77%|███████▋  | 222/289 [01:25<00:25,  2.60it/s] 77%|███████▋  | 223/289 [01:26<00:25,  2.59it/s] 78%|███████▊  | 224/289 [01:26<00:25,  2.60it/s] 78%|███████▊  | 225/289 [01:27<00:24,  2.60it/s] 78%|███████▊  | 226/289 [01:27<00:24,  2.60it/s] 79%|███████▊  | 227/289 [01:27<00:23,  2.60it/s] 79%|███████▉  | 228/289 [01:28<00:23,  2.59it/s] 79%|███████▉  | 229/289 [01:28<00:23,  2.59it/s] 80%|███████▉  | 230/289 [01:28<00:22,  2.59it/s] 80%|███████▉  | 231/289 [01:29<00:22,  2.59it/s] 80%|████████  | 232/289 [01:29<00:21,  2.59it/s] 81%|████████  | 233/289 [01:30<00:21,  2.59it/s] 81%|████████  | 234/289 [01:30<00:21,  2.59it/s] 81%|████████▏ | 235/289 [01:30<00:20,  2.59it/s] 82%|████████▏ | 236/289 [01:31<00:20,  2.60it/s] 82%|████████▏ | 237/289 [01:31<00:20,  2.59it/s] 82%|████████▏ | 238/289 [01:32<00:19,  2.58it/s] 83%|████████▎ | 239/289 [01:32<00:19,  2.59it/s] 83%|████████▎ | 240/289 [01:32<00:18,  2.59it/s] 83%|████████▎ | 241/289 [01:33<00:18,  2.59it/s] 84%|████████▎ | 242/289 [01:33<00:18,  2.59it/s] 84%|████████▍ | 243/289 [01:33<00:17,  2.57it/s] 84%|████████▍ | 244/289 [01:34<00:17,  2.58it/s] 85%|████████▍ | 245/289 [01:34<00:17,  2.59it/s] 85%|████████▌ | 246/289 [01:35<00:16,  2.59it/s] 85%|████████▌ | 247/289 [01:35<00:16,  2.59it/s] 86%|████████▌ | 248/289 [01:35<00:15,  2.59it/s] 86%|████████▌ | 249/289 [01:36<00:15,  2.59it/s] 87%|████████▋ | 250/289 [01:36<00:15,  2.59it/s] 87%|████████▋ | 251/289 [01:37<00:14,  2.60it/s] 87%|████████▋ | 252/289 [01:37<00:14,  2.59it/s] 88%|████████▊ | 253/289 [01:37<00:13,  2.59it/s] 88%|████████▊ | 254/289 [01:38<00:13,  2.59it/s] 88%|████████▊ | 255/289 [01:38<00:13,  2.59it/s] 89%|████████▊ | 256/289 [01:38<00:12,  2.59it/s] 89%|████████▉ | 257/289 [01:39<00:12,  2.60it/s] 89%|████████▉ | 258/289 [01:39<00:11,  2.60it/s] 90%|████████▉ | 259/289 [01:40<00:11,  2.59it/s] 90%|████████▉ | 260/289 [01:40<00:11,  2.59it/s] 90%|█████████ | 261/289 [01:40<00:10,  2.59it/s] 91%|█████████ | 262/289 [01:41<00:10,  2.59it/s] 91%|█████████ | 263/289 [01:41<00:10,  2.60it/s] 91%|█████████▏| 264/289 [01:42<00:09,  2.60it/s] 92%|█████████▏| 265/289 [01:42<00:09,  2.59it/s] 92%|█████████▏| 266/289 [01:42<00:08,  2.59it/s] 92%|█████████▏| 267/289 [01:43<00:08,  2.59it/s] 93%|█████████▎| 268/289 [01:43<00:08,  2.59it/s] 93%|█████████▎| 269/289 [01:43<00:07,  2.59it/s] 93%|█████████▎| 270/289 [01:44<00:07,  2.59it/s] 94%|█████████▍| 271/289 [01:44<00:06,  2.59it/s] 94%|█████████▍| 272/289 [01:45<00:06,  2.59it/s] 94%|█████████▍| 273/289 [01:45<00:06,  2.59it/s] 95%|█████████▍| 274/289 [01:45<00:05,  2.59it/s] 95%|█████████▌| 275/289 [01:46<00:05,  2.59it/s] 96%|█████████▌| 276/289 [01:46<00:05,  2.59it/s] 96%|█████████▌| 277/289 [01:47<00:04,  2.60it/s] 96%|█████████▌| 278/289 [01:47<00:04,  2.60it/s] 97%|█████████▋| 279/289 [01:47<00:03,  2.60it/s] 97%|█████████▋| 280/289 [01:48<00:03,  2.60it/s] 97%|█████████▋| 281/289 [01:48<00:03,  2.60it/s] 98%|█████████▊| 282/289 [01:49<00:02,  2.60it/s] 98%|█████████▊| 283/289 [01:49<00:02,  2.60it/s] 98%|█████████▊| 284/289 [01:49<00:01,  2.60it/s] 99%|█████████▊| 285/289 [01:50<00:01,  2.59it/s] 99%|█████████▉| 286/289 [01:50<00:01,  2.59it/s] 99%|█████████▉| 287/289 [01:50<00:00,  2.60it/s]100%|█████████▉| 288/289 [01:51<00:00,  2.60it/s]100%|█████████▉| 288/289 [01:51<00:00,  2.58it/s]
[11/29 00:34:17 TiTok-Gen]: Data (t): 0.4655, 37.77/s/gpu Batch (t): 1.6946 LR: 0.000100 Step: 16050 Total Loss: 0.4184 Diff Loss: 0.4184 
[11/29 00:35:40 TiTok-Gen]: Data (t): 0.4625, 40.49/s/gpu Batch (t): 1.5806 LR: 0.000100 Step: 16100 Total Loss: 0.4187 Diff Loss: 0.4187 
[11/29 00:37:02 TiTok-Gen]: Data (t): 0.4578, 36.93/s/gpu Batch (t): 1.7332 LR: 0.000100 Step: 16150 Total Loss: 0.4181 Diff Loss: 0.4181 
[11/29 00:38:25 TiTok-Gen]: Data (t): 0.4222, 40.43/s/gpu Batch (t): 1.5829 LR: 0.000100 Step: 16200 Total Loss: 0.4178 Diff Loss: 0.4178 
[11/29 00:39:48 TiTok-Gen]: Data (t): 0.4397, 39.87/s/gpu Batch (t): 1.6051 LR: 0.000100 Step: 16250 Total Loss: 0.4190 Diff Loss: 0.4190 
[11/29 00:41:11 TiTok-Gen]: Data (t): 0.4212, 40.01/s/gpu Batch (t): 1.5997 LR: 0.000100 Step: 16300 Total Loss: 0.4197 Diff Loss: 0.4197 
[11/29 00:42:33 TiTok-Gen]: Data (t): 0.5029, 39.26/s/gpu Batch (t): 1.6303 LR: 0.000100 Step: 16350 Total Loss: 0.4181 Diff Loss: 0.4181 
[11/29 00:43:56 TiTok-Gen]: Data (t): 0.4684, 36.69/s/gpu Batch (t): 1.7445 LR: 0.000100 Step: 16400 Total Loss: 0.4192 Diff Loss: 0.4192 
[11/29 00:45:19 TiTok-Gen]: Data (t): 0.4258, 37.32/s/gpu Batch (t): 1.7150 LR: 0.000100 Step: 16450 Total Loss: 0.4191 Diff Loss: 0.4191 
[11/29 00:46:41 TiTok-Gen]: Data (t): 0.4318, 37.75/s/gpu Batch (t): 1.6954 LR: 0.000100 Step: 16500 Total Loss: 0.4181 Diff Loss: 0.4181 
[11/29 00:47:41 TiTok-Gen]: Epoch 26/1597 started.
[11/29 00:48:23 TiTok-Gen]: Data (t): 0.4563, 37.64/s/gpu Batch (t): 1.7004 LR: 0.000100 Step: 16550 Total Loss: 0.4182 Diff Loss: 0.4182 
[11/29 00:49:46 TiTok-Gen]: Data (t): 0.2534, 41.07/s/gpu Batch (t): 1.5582 LR: 0.000100 Step: 16600 Total Loss: 0.4177 Diff Loss: 0.4177 
[11/29 00:51:09 TiTok-Gen]: Data (t): 0.3324, 35.95/s/gpu Batch (t): 1.7803 LR: 0.000100 Step: 16650 Total Loss: 0.4178 Diff Loss: 0.4178 
[11/29 00:52:32 TiTok-Gen]: Data (t): 0.2491, 39.68/s/gpu Batch (t): 1.6128 LR: 0.000100 Step: 16700 Total Loss: 0.4179 Diff Loss: 0.4179 
[11/29 00:53:54 TiTok-Gen]: Data (t): 0.2509, 39.09/s/gpu Batch (t): 1.6371 LR: 0.000100 Step: 16750 Total Loss: 0.4177 Diff Loss: 0.4177 
[11/29 00:55:17 TiTok-Gen]: Data (t): 0.2552, 39.86/s/gpu Batch (t): 1.6056 LR: 0.000100 Step: 16800 Total Loss: 0.4182 Diff Loss: 0.4182 
[11/29 00:56:40 TiTok-Gen]: Data (t): 0.2568, 39.70/s/gpu Batch (t): 1.6119 LR: 0.000100 Step: 16850 Total Loss: 0.4179 Diff Loss: 0.4179 
[11/29 00:58:03 TiTok-Gen]: Data (t): 0.2588, 40.06/s/gpu Batch (t): 1.5977 LR: 0.000100 Step: 16900 Total Loss: 0.4175 Diff Loss: 0.4175 
[11/29 00:59:25 TiTok-Gen]: Data (t): 0.3227, 41.19/s/gpu Batch (t): 1.5537 LR: 0.000100 Step: 16950 Total Loss: 0.4180 Diff Loss: 0.4180 
[11/29 01:00:48 TiTok-Gen]: Data (t): 0.2507, 36.90/s/gpu Batch (t): 1.7343 LR: 0.000100 Step: 17000 Total Loss: 0.4186 Diff Loss: 0.4186 
[11/29 01:00:49 TiTok-Gen]: Generating images...
  0%|          | 0/289 [00:00<?, ?it/s]  0%|          | 1/289 [00:00<01:48,  2.66it/s]  1%|          | 2/289 [00:00<01:49,  2.63it/s]  1%|          | 3/289 [00:01<01:49,  2.62it/s]  1%|▏         | 4/289 [00:01<01:49,  2.61it/s]  2%|▏         | 5/289 [00:01<01:48,  2.61it/s]  2%|▏         | 6/289 [00:02<01:48,  2.60it/s]  2%|▏         | 7/289 [00:02<01:48,  2.60it/s]  3%|▎         | 8/289 [00:03<01:47,  2.60it/s]  3%|▎         | 9/289 [00:03<01:47,  2.60it/s]  3%|▎         | 10/289 [00:03<01:47,  2.60it/s]  4%|▍         | 11/289 [00:04<01:47,  2.60it/s]  4%|▍         | 12/289 [00:04<01:46,  2.60it/s]  4%|▍         | 13/289 [00:04<01:46,  2.60it/s]  5%|▍         | 14/289 [00:05<01:45,  2.59it/s]  5%|▌         | 15/289 [00:05<01:45,  2.59it/s]  6%|▌         | 16/289 [00:06<01:45,  2.59it/s]  6%|▌         | 17/289 [00:06<01:44,  2.59it/s]  6%|▌         | 18/289 [00:06<01:44,  2.59it/s]  7%|▋         | 19/289 [00:07<01:44,  2.60it/s]  7%|▋         | 20/289 [00:07<01:43,  2.60it/s]  7%|▋         | 21/289 [00:08<01:43,  2.60it/s]  8%|▊         | 22/289 [00:08<01:42,  2.60it/s]  8%|▊         | 23/289 [00:08<01:42,  2.59it/s]  8%|▊         | 24/289 [00:09<01:42,  2.59it/s]  9%|▊         | 25/289 [00:09<01:41,  2.60it/s]  9%|▉         | 26/289 [00:09<01:41,  2.60it/s]  9%|▉         | 27/289 [00:10<01:40,  2.60it/s] 10%|▉         | 28/289 [00:10<01:40,  2.60it/s] 10%|█         | 29/289 [00:11<01:39,  2.61it/s] 10%|█         | 30/289 [00:11<01:39,  2.61it/s] 11%|█         | 31/289 [00:11<01:38,  2.61it/s] 11%|█         | 32/289 [00:12<01:38,  2.61it/s] 11%|█▏        | 33/289 [00:12<01:38,  2.61it/s] 12%|█▏        | 34/289 [00:13<01:37,  2.61it/s] 12%|█▏        | 35/289 [00:13<01:37,  2.61it/s] 12%|█▏        | 36/289 [00:13<01:37,  2.60it/s] 13%|█▎        | 37/289 [00:14<01:36,  2.61it/s] 13%|█▎        | 38/289 [00:14<01:36,  2.61it/s] 13%|█▎        | 39/289 [00:14<01:35,  2.61it/s] 14%|█▍        | 40/289 [00:15<01:35,  2.61it/s] 14%|█▍        | 41/289 [00:15<01:35,  2.61it/s] 15%|█▍        | 42/289 [00:16<01:34,  2.61it/s] 15%|█▍        | 43/289 [00:16<01:34,  2.61it/s] 15%|█▌        | 44/289 [00:16<01:34,  2.60it/s] 16%|█▌        | 45/289 [00:17<01:33,  2.60it/s] 16%|█▌        | 46/289 [00:17<01:33,  2.61it/s] 16%|█▋        | 47/289 [00:18<01:33,  2.59it/s] 17%|█▋        | 48/289 [00:18<01:33,  2.59it/s] 17%|█▋        | 49/289 [00:18<01:32,  2.59it/s] 17%|█▋        | 50/289 [00:19<01:32,  2.60it/s] 18%|█▊        | 51/289 [00:19<01:32,  2.59it/s] 18%|█▊        | 52/289 [00:19<01:31,  2.59it/s] 18%|█▊        | 53/289 [00:20<01:30,  2.60it/s] 19%|█▊        | 54/289 [00:20<01:30,  2.60it/s] 19%|█▉        | 55/289 [00:21<01:29,  2.60it/s] 19%|█▉        | 56/289 [00:21<01:29,  2.60it/s] 20%|█▉        | 57/289 [00:21<01:29,  2.60it/s] 20%|██        | 58/289 [00:22<01:28,  2.60it/s] 20%|██        | 59/289 [00:22<01:28,  2.60it/s] 21%|██        | 60/289 [00:23<01:27,  2.61it/s] 21%|██        | 61/289 [00:23<01:27,  2.61it/s] 21%|██▏       | 62/289 [00:23<01:27,  2.61it/s] 22%|██▏       | 63/289 [00:24<01:26,  2.61it/s] 22%|██▏       | 64/289 [00:24<01:26,  2.61it/s] 22%|██▏       | 65/289 [00:24<01:25,  2.61it/s] 23%|██▎       | 66/289 [00:25<01:25,  2.61it/s] 23%|██▎       | 67/289 [00:25<01:25,  2.61it/s] 24%|██▎       | 68/289 [00:26<01:24,  2.60it/s] 24%|██▍       | 69/289 [00:26<01:24,  2.61it/s] 24%|██▍       | 70/289 [00:26<01:23,  2.61it/s] 25%|██▍       | 71/289 [00:27<01:23,  2.61it/s] 25%|██▍       | 72/289 [00:27<01:23,  2.61it/s] 25%|██▌       | 73/289 [00:28<01:22,  2.61it/s] 26%|██▌       | 74/289 [00:28<01:22,  2.61it/s] 26%|██▌       | 75/289 [00:28<01:22,  2.61it/s] 26%|██▋       | 76/289 [00:29<01:21,  2.61it/s] 27%|██▋       | 77/289 [00:29<01:21,  2.61it/s] 27%|██▋       | 78/289 [00:29<01:20,  2.61it/s] 27%|██▋       | 79/289 [00:30<01:20,  2.61it/s] 28%|██▊       | 80/289 [00:30<01:20,  2.61it/s] 28%|██▊       | 81/289 [00:31<01:19,  2.61it/s] 28%|██▊       | 82/289 [00:31<01:19,  2.61it/s] 29%|██▊       | 83/289 [00:31<01:18,  2.61it/s] 29%|██▉       | 84/289 [00:32<01:18,  2.61it/s] 29%|██▉       | 85/289 [00:32<01:18,  2.61it/s] 30%|██▉       | 86/289 [00:33<01:17,  2.61it/s] 30%|███       | 87/289 [00:33<01:17,  2.61it/s] 30%|███       | 88/289 [00:33<01:17,  2.60it/s] 31%|███       | 89/289 [00:34<01:16,  2.60it/s] 31%|███       | 90/289 [00:34<01:16,  2.60it/s] 31%|███▏      | 91/289 [00:34<01:16,  2.58it/s] 32%|███▏      | 92/289 [00:35<01:16,  2.59it/s] 32%|███▏      | 93/289 [00:35<01:15,  2.60it/s] 33%|███▎      | 94/289 [00:36<01:15,  2.60it/s] 33%|███▎      | 95/289 [00:36<01:14,  2.60it/s] 33%|███▎      | 96/289 [00:36<01:14,  2.61it/s] 34%|███▎      | 97/289 [00:37<01:13,  2.61it/s] 34%|███▍      | 98/289 [00:37<01:13,  2.60it/s] 34%|███▍      | 99/289 [00:38<01:12,  2.60it/s] 35%|███▍      | 100/289 [00:38<01:12,  2.60it/s] 35%|███▍      | 101/289 [00:38<01:12,  2.60it/s] 35%|███▌      | 102/289 [00:39<01:11,  2.60it/s] 36%|███▌      | 103/289 [00:39<01:11,  2.61it/s] 36%|███▌      | 104/289 [00:39<01:10,  2.61it/s] 36%|███▋      | 105/289 [00:40<01:10,  2.60it/s] 37%|███▋      | 106/289 [00:40<01:10,  2.61it/s] 37%|███▋      | 107/289 [00:41<01:09,  2.61it/s] 37%|███▋      | 108/289 [00:41<01:09,  2.61it/s] 38%|███▊      | 109/289 [00:41<01:09,  2.60it/s] 38%|███▊      | 110/289 [00:42<01:08,  2.60it/s] 38%|███▊      | 111/289 [00:42<01:08,  2.61it/s] 39%|███▉      | 112/289 [00:43<01:07,  2.61it/s] 39%|███▉      | 113/289 [00:43<01:07,  2.61it/s] 39%|███▉      | 114/289 [00:43<01:07,  2.61it/s] 40%|███▉      | 115/289 [00:44<01:06,  2.61it/s] 40%|████      | 116/289 [00:44<01:06,  2.61it/s] 40%|████      | 117/289 [00:44<01:05,  2.61it/s] 41%|████      | 118/289 [00:45<01:05,  2.61it/s] 41%|████      | 119/289 [00:45<01:05,  2.61it/s] 42%|████▏     | 120/289 [00:46<01:04,  2.61it/s] 42%|████▏     | 121/289 [00:46<01:04,  2.61it/s] 42%|████▏     | 122/289 [00:46<01:03,  2.61it/s] 43%|████▎     | 123/289 [00:47<01:03,  2.61it/s] 43%|████▎     | 124/289 [00:47<01:03,  2.61it/s] 43%|████▎     | 125/289 [00:47<01:02,  2.61it/s] 44%|████▎     | 126/289 [00:48<01:02,  2.61it/s] 44%|████▍     | 127/289 [00:48<01:02,  2.61it/s] 44%|████▍     | 128/289 [00:49<01:01,  2.61it/s] 45%|████▍     | 129/289 [00:49<01:01,  2.61it/s] 45%|████▍     | 130/289 [00:49<01:00,  2.61it/s] 45%|████▌     | 131/289 [00:50<01:00,  2.61it/s] 46%|████▌     | 132/289 [00:50<01:00,  2.61it/s] 46%|████▌     | 133/289 [00:51<00:59,  2.61it/s] 46%|████▋     | 134/289 [00:51<00:59,  2.61it/s] 47%|████▋     | 135/289 [00:51<00:58,  2.61it/s] 47%|████▋     | 136/289 [00:52<00:58,  2.61it/s] 47%|████▋     | 137/289 [00:52<00:58,  2.61it/s] 48%|████▊     | 138/289 [00:52<00:57,  2.61it/s] 48%|████▊     | 139/289 [00:53<00:57,  2.61it/s] 48%|████▊     | 140/289 [00:53<00:57,  2.61it/s] 49%|████▉     | 141/289 [00:54<00:56,  2.61it/s] 49%|████▉     | 142/289 [00:54<00:56,  2.61it/s] 49%|████▉     | 143/289 [00:54<00:55,  2.61it/s] 50%|████▉     | 144/289 [00:55<00:55,  2.61it/s] 50%|█████     | 145/289 [00:55<00:55,  2.61it/s] 51%|█████     | 146/289 [00:56<00:54,  2.61it/s] 51%|█████     | 147/289 [00:56<00:54,  2.61it/s] 51%|█████     | 148/289 [00:56<00:53,  2.61it/s] 52%|█████▏    | 149/289 [00:57<00:54,  2.59it/s] 52%|█████▏    | 150/289 [00:57<00:53,  2.60it/s] 52%|█████▏    | 151/289 [00:57<00:53,  2.60it/s] 53%|█████▎    | 152/289 [00:58<00:52,  2.61it/s] 53%|█████▎    | 153/289 [00:58<00:52,  2.61it/s] 53%|█████▎    | 154/289 [00:59<00:51,  2.60it/s] 54%|█████▎    | 155/289 [00:59<00:51,  2.60it/s] 54%|█████▍    | 156/289 [00:59<00:51,  2.61it/s] 54%|█████▍    | 157/289 [01:00<00:50,  2.61it/s] 55%|█████▍    | 158/289 [01:00<00:50,  2.61it/s] 55%|█████▌    | 159/289 [01:01<00:49,  2.61it/s] 55%|█████▌    | 160/289 [01:01<00:49,  2.61it/s] 56%|█████▌    | 161/289 [01:01<00:48,  2.61it/s] 56%|█████▌    | 162/289 [01:02<00:48,  2.61it/s] 56%|█████▋    | 163/289 [01:02<00:48,  2.61it/s] 57%|█████▋    | 164/289 [01:02<00:47,  2.61it/s] 57%|█████▋    | 165/289 [01:03<00:47,  2.60it/s] 57%|█████▋    | 166/289 [01:03<00:47,  2.60it/s] 58%|█████▊    | 167/289 [01:04<00:46,  2.61it/s] 58%|█████▊    | 168/289 [01:04<00:46,  2.61it/s] 58%|█████▊    | 169/289 [01:04<00:46,  2.61it/s] 59%|█████▉    | 170/289 [01:05<00:45,  2.61it/s] 59%|█████▉    | 171/289 [01:05<00:45,  2.60it/s] 60%|█████▉    | 172/289 [01:06<00:44,  2.61it/s] 60%|█████▉    | 173/289 [01:06<00:44,  2.61it/s] 60%|██████    | 174/289 [01:06<00:44,  2.61it/s] 61%|██████    | 175/289 [01:07<00:43,  2.61it/s] 61%|██████    | 176/289 [01:07<00:43,  2.61it/s] 61%|██████    | 177/289 [01:07<00:42,  2.61it/s] 62%|██████▏   | 178/289 [01:08<00:42,  2.61it/s] 62%|██████▏   | 179/289 [01:08<00:42,  2.62it/s] 62%|██████▏   | 180/289 [01:09<00:41,  2.61it/s] 63%|██████▎   | 181/289 [01:09<00:41,  2.61it/s] 63%|██████▎   | 182/289 [01:09<00:40,  2.61it/s] 63%|██████▎   | 183/289 [01:10<00:40,  2.61it/s] 64%|██████▎   | 184/289 [01:10<00:40,  2.61it/s] 64%|██████▍   | 185/289 [01:10<00:39,  2.61it/s] 64%|██████▍   | 186/289 [01:11<00:39,  2.61it/s] 65%|██████▍   | 187/289 [01:11<00:39,  2.61it/s] 65%|██████▌   | 188/289 [01:12<00:38,  2.61it/s] 65%|██████▌   | 189/289 [01:12<00:38,  2.61it/s] 66%|██████▌   | 190/289 [01:12<00:38,  2.60it/s] 66%|██████▌   | 191/289 [01:13<00:37,  2.60it/s] 66%|██████▋   | 192/289 [01:13<00:37,  2.60it/s] 67%|██████▋   | 193/289 [01:14<00:36,  2.60it/s] 67%|██████▋   | 194/289 [01:14<00:36,  2.59it/s] 67%|██████▋   | 195/289 [01:14<00:36,  2.60it/s] 68%|██████▊   | 196/289 [01:15<00:35,  2.60it/s] 68%|██████▊   | 197/289 [01:15<00:35,  2.60it/s] 69%|██████▊   | 198/289 [01:15<00:34,  2.61it/s] 69%|██████▉   | 199/289 [01:16<00:34,  2.61it/s] 69%|██████▉   | 200/289 [01:16<00:34,  2.60it/s] 70%|██████▉   | 201/289 [01:17<00:33,  2.61it/s] 70%|██████▉   | 202/289 [01:17<00:33,  2.61it/s] 70%|███████   | 203/289 [01:17<00:32,  2.61it/s] 71%|███████   | 204/289 [01:18<00:32,  2.61it/s] 71%|███████   | 205/289 [01:18<00:32,  2.60it/s] 71%|███████▏  | 206/289 [01:19<00:31,  2.61it/s] 72%|███████▏  | 207/289 [01:19<00:31,  2.61it/s] 72%|███████▏  | 208/289 [01:19<00:31,  2.61it/s] 72%|███████▏  | 209/289 [01:20<00:30,  2.61it/s] 73%|███████▎  | 210/289 [01:20<00:30,  2.61it/s] 73%|███████▎  | 211/289 [01:20<00:29,  2.61it/s] 73%|███████▎  | 212/289 [01:21<00:29,  2.61it/s] 74%|███████▎  | 213/289 [01:21<00:29,  2.62it/s] 74%|███████▍  | 214/289 [01:22<00:28,  2.62it/s] 74%|███████▍  | 215/289 [01:22<00:28,  2.61it/s] 75%|███████▍  | 216/289 [01:22<00:27,  2.62it/s] 75%|███████▌  | 217/289 [01:23<00:27,  2.62it/s] 75%|███████▌  | 218/289 [01:23<00:27,  2.61it/s] 76%|███████▌  | 219/289 [01:24<00:26,  2.62it/s] 76%|███████▌  | 220/289 [01:24<00:26,  2.61it/s] 76%|███████▋  | 221/289 [01:24<00:26,  2.61it/s] 77%|███████▋  | 222/289 [01:25<00:25,  2.61it/s] 77%|███████▋  | 223/289 [01:25<00:25,  2.61it/s] 78%|███████▊  | 224/289 [01:25<00:24,  2.62it/s] 78%|███████▊  | 225/289 [01:26<00:24,  2.61it/s] 78%|███████▊  | 226/289 [01:26<00:24,  2.61it/s] 79%|███████▊  | 227/289 [01:27<00:23,  2.61it/s] 79%|███████▉  | 228/289 [01:27<00:23,  2.61it/s] 79%|███████▉  | 229/289 [01:27<00:22,  2.61it/s] 80%|███████▉  | 230/289 [01:28<00:22,  2.61it/s] 80%|███████▉  | 231/289 [01:28<00:22,  2.61it/s] 80%|████████  | 232/289 [01:29<00:21,  2.61it/s] 81%|████████  | 233/289 [01:29<00:21,  2.61it/s] 81%|████████  | 234/289 [01:29<00:21,  2.61it/s] 81%|████████▏ | 235/289 [01:30<00:20,  2.61it/s] 82%|████████▏ | 236/289 [01:30<00:20,  2.61it/s] 82%|████████▏ | 237/289 [01:30<00:19,  2.61it/s] 82%|████████▏ | 238/289 [01:31<00:19,  2.61it/s] 83%|████████▎ | 239/289 [01:31<00:19,  2.61it/s] 83%|████████▎ | 240/289 [01:32<00:18,  2.62it/s] 83%|████████▎ | 241/289 [01:32<00:18,  2.61it/s] 84%|████████▎ | 242/289 [01:32<00:18,  2.61it/s] 84%|████████▍ | 243/289 [01:33<00:17,  2.61it/s] 84%|████████▍ | 244/289 [01:33<00:17,  2.61it/s] 85%|████████▍ | 245/289 [01:33<00:16,  2.61it/s] 85%|████████▌ | 246/289 [01:34<00:16,  2.60it/s] 85%|████████▌ | 247/289 [01:34<00:16,  2.60it/s] 86%|████████▌ | 248/289 [01:35<00:15,  2.61it/s] 86%|████████▌ | 249/289 [01:35<00:15,  2.61it/s] 87%|████████▋ | 250/289 [01:35<00:14,  2.61it/s] 87%|████████▋ | 251/289 [01:36<00:14,  2.61it/s] 87%|████████▋ | 252/289 [01:36<00:14,  2.60it/s] 88%|████████▊ | 253/289 [01:37<00:13,  2.60it/s] 88%|████████▊ | 254/289 [01:37<00:13,  2.60it/s] 88%|████████▊ | 255/289 [01:37<00:13,  2.61it/s] 89%|████████▊ | 256/289 [01:38<00:12,  2.61it/s] 89%|████████▉ | 257/289 [01:38<00:12,  2.61it/s] 89%|████████▉ | 258/289 [01:38<00:11,  2.61it/s] 90%|████████▉ | 259/289 [01:39<00:11,  2.61it/s] 90%|████████▉ | 260/289 [01:39<00:11,  2.62it/s] 90%|█████████ | 261/289 [01:40<00:10,  2.62it/s] 91%|█████████ | 262/289 [01:40<00:10,  2.62it/s] 91%|█████████ | 263/289 [01:40<00:09,  2.61it/s] 91%|█████████▏| 264/289 [01:41<00:09,  2.61it/s] 92%|█████████▏| 265/289 [01:41<00:09,  2.61it/s] 92%|█████████▏| 266/289 [01:42<00:08,  2.61it/s] 92%|█████████▏| 267/289 [01:42<00:08,  2.61it/s] 93%|█████████▎| 268/289 [01:42<00:08,  2.61it/s] 93%|█████████▎| 269/289 [01:43<00:07,  2.61it/s] 93%|█████████▎| 270/289 [01:43<00:07,  2.61it/s] 94%|█████████▍| 271/289 [01:43<00:06,  2.61it/s] 94%|█████████▍| 272/289 [01:44<00:06,  2.61it/s] 94%|█████████▍| 273/289 [01:44<00:06,  2.61it/s] 95%|█████████▍| 274/289 [01:45<00:05,  2.61it/s] 95%|█████████▌| 275/289 [01:45<00:05,  2.61it/s] 96%|█████████▌| 276/289 [01:45<00:04,  2.61it/s] 96%|█████████▌| 277/289 [01:46<00:04,  2.61it/s] 96%|█████████▌| 278/289 [01:46<00:04,  2.60it/s] 97%|█████████▋| 279/289 [01:47<00:03,  2.60it/s] 97%|█████████▋| 280/289 [01:47<00:03,  2.61it/s] 97%|█████████▋| 281/289 [01:47<00:03,  2.61it/s] 98%|█████████▊| 282/289 [01:48<00:02,  2.61it/s] 98%|█████████▊| 283/289 [01:48<00:02,  2.61it/s] 98%|█████████▊| 284/289 [01:48<00:01,  2.61it/s] 99%|█████████▊| 285/289 [01:49<00:01,  2.61it/s] 99%|█████████▉| 286/289 [01:49<00:01,  2.61it/s] 99%|█████████▉| 287/289 [01:50<00:00,  2.61it/s]100%|█████████▉| 288/289 [01:50<00:00,  2.61it/s]100%|█████████▉| 288/289 [01:50<00:00,  2.60it/s]
[11/29 01:04:03 TiTok-Gen]: Data (t): 0.2479, 40.06/s/gpu Batch (t): 1.5977 LR: 0.000100 Step: 17050 Total Loss: 0.4175 Diff Loss: 0.4175 
[11/29 01:05:25 TiTok-Gen]: Data (t): 0.2473, 40.28/s/gpu Batch (t): 1.5890 LR: 0.000100 Step: 17100 Total Loss: 0.4187 Diff Loss: 0.4187 
[11/29 01:06:48 TiTok-Gen]: Data (t): 0.2483, 41.26/s/gpu Batch (t): 1.5512 LR: 0.000100 Step: 17150 Total Loss: 0.4177 Diff Loss: 0.4177 
[11/29 01:07:24 TiTok-Gen]: Epoch 27/1597 started.
[11/29 01:08:28 TiTok-Gen]: Data (t): 0.2499, 37.04/s/gpu Batch (t): 1.7276 LR: 0.000100 Step: 17200 Total Loss: 0.4175 Diff Loss: 0.4175 
[11/29 01:09:51 TiTok-Gen]: Data (t): 0.2499, 40.16/s/gpu Batch (t): 1.5937 LR: 0.000100 Step: 17250 Total Loss: 0.4163 Diff Loss: 0.4163 
[11/29 01:11:14 TiTok-Gen]: Data (t): 0.2505, 35.86/s/gpu Batch (t): 1.7850 LR: 0.000100 Step: 17300 Total Loss: 0.4180 Diff Loss: 0.4180 
[11/29 01:12:38 TiTok-Gen]: Data (t): 0.2699, 39.95/s/gpu Batch (t): 1.6021 LR: 0.000100 Step: 17350 Total Loss: 0.4167 Diff Loss: 0.4167 
[11/29 01:14:01 TiTok-Gen]: Data (t): 0.2510, 41.29/s/gpu Batch (t): 1.5500 LR: 0.000100 Step: 17400 Total Loss: 0.4171 Diff Loss: 0.4171 
[11/29 01:15:24 TiTok-Gen]: Data (t): 0.2510, 40.57/s/gpu Batch (t): 1.5775 LR: 0.000100 Step: 17450 Total Loss: 0.4171 Diff Loss: 0.4171 
[11/29 01:16:46 TiTok-Gen]: Data (t): 0.2524, 37.82/s/gpu Batch (t): 1.6923 LR: 0.000100 Step: 17500 Total Loss: 0.4184 Diff Loss: 0.4184 
[11/29 01:18:09 TiTok-Gen]: Data (t): 0.2700, 41.00/s/gpu Batch (t): 1.5611 LR: 0.000100 Step: 17550 Total Loss: 0.4181 Diff Loss: 0.4181 
[11/29 01:19:32 TiTok-Gen]: Data (t): 0.2471, 37.11/s/gpu Batch (t): 1.7247 LR: 0.000100 Step: 17600 Total Loss: 0.4164 Diff Loss: 0.4164 
[11/29 01:20:54 TiTok-Gen]: Data (t): 0.2479, 36.75/s/gpu Batch (t): 1.7417 LR: 0.000100 Step: 17650 Total Loss: 0.4163 Diff Loss: 0.4163 
[11/29 01:22:17 TiTok-Gen]: Data (t): 0.2494, 40.89/s/gpu Batch (t): 1.5650 LR: 0.000100 Step: 17700 Total Loss: 0.4164 Diff Loss: 0.4164 
[11/29 01:23:39 TiTok-Gen]: Data (t): 0.2494, 41.15/s/gpu Batch (t): 1.5554 LR: 0.000100 Step: 17750 Total Loss: 0.4168 Diff Loss: 0.4168 
[11/29 01:25:02 TiTok-Gen]: Data (t): 0.2486, 39.93/s/gpu Batch (t): 1.6029 LR: 0.000100 Step: 17800 Total Loss: 0.4173 Diff Loss: 0.4173 
[11/29 01:25:15 TiTok-Gen]: Epoch 28/1597 started.
[11/29 01:26:43 TiTok-Gen]: Data (t): 0.4450, 39.71/s/gpu Batch (t): 1.6116 LR: 0.000100 Step: 17850 Total Loss: 0.4167 Diff Loss: 0.4167 
[11/29 01:28:06 TiTok-Gen]: Data (t): 0.2486, 36.49/s/gpu Batch (t): 1.7539 LR: 0.000100 Step: 17900 Total Loss: 0.4171 Diff Loss: 0.4171 
[11/29 01:29:29 TiTok-Gen]: Data (t): 0.4299, 37.87/s/gpu Batch (t): 1.6899 LR: 0.000100 Step: 17950 Total Loss: 0.4169 Diff Loss: 0.4169 
[11/29 01:30:51 TiTok-Gen]: Data (t): 0.4247, 37.73/s/gpu Batch (t): 1.6963 LR: 0.000100 Step: 18000 Total Loss: 0.4167 Diff Loss: 0.4167 
[11/29 01:30:52 TiTok-Gen]: Generating images...
  0%|          | 0/289 [00:00<?, ?it/s]  0%|          | 1/289 [00:00<01:46,  2.70it/s]  1%|          | 2/289 [00:00<01:47,  2.66it/s]  1%|          | 3/289 [00:01<01:48,  2.64it/s]  1%|▏         | 4/289 [00:01<01:48,  2.63it/s]  2%|▏         | 5/289 [00:01<01:48,  2.62it/s]  2%|▏         | 6/289 [00:02<01:48,  2.62it/s]  2%|▏         | 7/289 [00:02<01:47,  2.62it/s]  3%|▎         | 8/289 [00:03<01:47,  2.62it/s]  3%|▎         | 9/289 [00:03<01:46,  2.62it/s]  3%|▎         | 10/289 [00:03<01:46,  2.62it/s]  4%|▍         | 11/289 [00:04<01:46,  2.62it/s]  4%|▍         | 12/289 [00:04<01:45,  2.62it/s]  4%|▍         | 13/289 [00:04<01:45,  2.62it/s]  5%|▍         | 14/289 [00:05<01:44,  2.62it/s]  5%|▌         | 15/289 [00:05<01:44,  2.62it/s]  6%|▌         | 16/289 [00:06<01:43,  2.63it/s]  6%|▌         | 17/289 [00:06<01:43,  2.62it/s]  6%|▌         | 18/289 [00:06<01:43,  2.63it/s]  7%|▋         | 19/289 [00:07<01:42,  2.62it/s]  7%|▋         | 20/289 [00:07<01:42,  2.62it/s]  7%|▋         | 21/289 [00:08<01:42,  2.62it/s]  8%|▊         | 22/289 [00:08<01:41,  2.62it/s]  8%|▊         | 23/289 [00:08<01:41,  2.62it/s]  8%|▊         | 24/289 [00:09<01:40,  2.63it/s]  9%|▊         | 25/289 [00:09<01:40,  2.63it/s]  9%|▉         | 26/289 [00:09<01:39,  2.63it/s]  9%|▉         | 27/289 [00:10<01:39,  2.63it/s] 10%|▉         | 28/289 [00:10<01:39,  2.63it/s] 10%|█         | 29/289 [00:11<01:38,  2.63it/s] 10%|█         | 30/289 [00:11<01:38,  2.63it/s] 11%|█         | 31/289 [00:11<01:38,  2.63it/s] 11%|█         | 32/289 [00:12<01:37,  2.63it/s] 11%|█▏        | 33/289 [00:12<01:37,  2.63it/s] 12%|█▏        | 34/289 [00:12<01:36,  2.63it/s] 12%|█▏        | 35/289 [00:13<01:36,  2.63it/s] 12%|█▏        | 36/289 [00:13<01:36,  2.63it/s] 13%|█▎        | 37/289 [00:14<01:35,  2.63it/s] 13%|█▎        | 38/289 [00:14<01:35,  2.63it/s] 13%|█▎        | 39/289 [00:14<01:35,  2.63it/s] 14%|█▍        | 40/289 [00:15<01:35,  2.62it/s] 14%|█▍        | 41/289 [00:15<01:34,  2.62it/s] 15%|█▍        | 42/289 [00:15<01:34,  2.62it/s] 15%|█▍        | 43/289 [00:16<01:34,  2.60it/s] 15%|█▌        | 44/289 [00:16<01:33,  2.61it/s] 16%|█▌        | 45/289 [00:17<01:33,  2.62it/s] 16%|█▌        | 46/289 [00:17<01:32,  2.62it/s] 16%|█▋        | 47/289 [00:17<01:32,  2.62it/s] 17%|█▋        | 48/289 [00:18<01:31,  2.63it/s] 17%|█▋        | 49/289 [00:18<01:31,  2.62it/s] 17%|█▋        | 50/289 [00:19<01:31,  2.62it/s] 18%|█▊        | 51/289 [00:19<01:30,  2.63it/s] 18%|█▊        | 52/289 [00:19<01:30,  2.63it/s] 18%|█▊        | 53/289 [00:20<01:29,  2.63it/s] 19%|█▊        | 54/289 [00:20<01:29,  2.63it/s] 19%|█▉        | 55/289 [00:20<01:29,  2.63it/s] 19%|█▉        | 56/289 [00:21<01:28,  2.63it/s] 20%|█▉        | 57/289 [00:21<01:28,  2.63it/s] 20%|██        | 58/289 [00:22<01:27,  2.63it/s] 20%|██        | 59/289 [00:22<01:27,  2.64it/s] 21%|██        | 60/289 [00:22<01:26,  2.63it/s] 21%|██        | 61/289 [00:23<01:26,  2.63it/s] 21%|██▏       | 62/289 [00:23<01:26,  2.64it/s] 22%|██▏       | 63/289 [00:23<01:25,  2.63it/s] 22%|██▏       | 64/289 [00:24<01:25,  2.64it/s] 22%|██▏       | 65/289 [00:24<01:24,  2.64it/s] 23%|██▎       | 66/289 [00:25<01:24,  2.64it/s] 23%|██▎       | 67/289 [00:25<01:24,  2.64it/s] 24%|██▎       | 68/289 [00:25<01:23,  2.64it/s] 24%|██▍       | 69/289 [00:26<01:23,  2.63it/s] 24%|██▍       | 70/289 [00:26<01:23,  2.63it/s] 25%|██▍       | 71/289 [00:27<01:22,  2.64it/s] 25%|██▍       | 72/289 [00:27<01:22,  2.63it/s] 25%|██▌       | 73/289 [00:27<01:22,  2.63it/s] 26%|██▌       | 74/289 [00:28<01:21,  2.63it/s] 26%|██▌       | 75/289 [00:28<01:21,  2.63it/s] 26%|██▋       | 76/289 [00:28<01:20,  2.63it/s] 27%|██▋       | 77/289 [00:29<01:20,  2.63it/s] 27%|██▋       | 78/289 [00:29<01:20,  2.63it/s] 27%|██▋       | 79/289 [00:30<01:19,  2.63it/s] 28%|██▊       | 80/289 [00:30<01:19,  2.63it/s] 28%|██▊       | 81/289 [00:30<01:18,  2.63it/s] 28%|██▊       | 82/289 [00:31<01:18,  2.62it/s] 29%|██▊       | 83/289 [00:31<01:18,  2.62it/s] 29%|██▉       | 84/289 [00:31<01:18,  2.63it/s] 29%|██▉       | 85/289 [00:32<01:18,  2.61it/s] 30%|██▉       | 86/289 [00:32<01:17,  2.61it/s] 30%|███       | 87/289 [00:33<01:17,  2.62it/s] 30%|███       | 88/289 [00:33<01:16,  2.63it/s] 31%|███       | 89/289 [00:33<01:16,  2.63it/s] 31%|███       | 90/289 [00:34<01:15,  2.63it/s] 31%|███▏      | 91/289 [00:34<01:15,  2.63it/s] 32%|███▏      | 92/289 [00:35<01:14,  2.63it/s] 32%|███▏      | 93/289 [00:35<01:14,  2.63it/s] 33%|███▎      | 94/289 [00:35<01:14,  2.63it/s] 33%|███▎      | 95/289 [00:36<01:13,  2.63it/s] 33%|███▎      | 96/289 [00:36<01:13,  2.63it/s] 34%|███▎      | 97/289 [00:36<01:12,  2.63it/s] 34%|███▍      | 98/289 [00:37<01:12,  2.63it/s] 34%|███▍      | 99/289 [00:37<01:12,  2.63it/s] 35%|███▍      | 100/289 [00:38<01:11,  2.63it/s] 35%|███▍      | 101/289 [00:38<01:11,  2.63it/s] 35%|███▌      | 102/289 [00:38<01:11,  2.63it/s] 36%|███▌      | 103/289 [00:39<01:10,  2.63it/s] 36%|███▌      | 104/289 [00:39<01:10,  2.63it/s] 36%|███▋      | 105/289 [00:39<01:09,  2.63it/s] 37%|███▋      | 106/289 [00:40<01:09,  2.63it/s] 37%|███▋      | 107/289 [00:40<01:09,  2.63it/s] 37%|███▋      | 108/289 [00:41<01:08,  2.63it/s] 38%|███▊      | 109/289 [00:41<01:08,  2.63it/s] 38%|███▊      | 110/289 [00:41<01:08,  2.63it/s] 38%|███▊      | 111/289 [00:42<01:07,  2.63it/s] 39%|███▉      | 112/289 [00:42<01:07,  2.63it/s] 39%|███▉      | 113/289 [00:42<01:06,  2.63it/s] 39%|███▉      | 114/289 [00:43<01:06,  2.63it/s] 40%|███▉      | 115/289 [00:43<01:06,  2.63it/s] 40%|████      | 116/289 [00:44<01:05,  2.64it/s] 40%|████      | 117/289 [00:44<01:05,  2.63it/s] 41%|████      | 118/289 [00:44<01:04,  2.63it/s] 41%|████      | 119/289 [00:45<01:04,  2.63it/s] 42%|████▏     | 120/289 [00:45<01:04,  2.63it/s] 42%|████▏     | 121/289 [00:46<01:03,  2.63it/s] 42%|████▏     | 122/289 [00:46<01:03,  2.63it/s] 43%|████▎     | 123/289 [00:46<01:03,  2.63it/s] 43%|████▎     | 124/289 [00:47<01:02,  2.64it/s] 43%|████▎     | 125/289 [00:47<01:02,  2.64it/s] 44%|████▎     | 126/289 [00:47<01:01,  2.64it/s] 44%|████▍     | 127/289 [00:48<01:01,  2.64it/s] 44%|████▍     | 128/289 [00:48<01:01,  2.64it/s] 45%|████▍     | 129/289 [00:49<01:00,  2.64it/s] 45%|████▍     | 130/289 [00:49<01:00,  2.64it/s] 45%|████▌     | 131/289 [00:49<00:59,  2.64it/s] 46%|████▌     | 132/289 [00:50<00:59,  2.64it/s] 46%|████▌     | 133/289 [00:50<00:59,  2.64it/s] 46%|████▋     | 134/289 [00:50<00:58,  2.64it/s] 47%|████▋     | 135/289 [00:51<00:58,  2.64it/s] 47%|████▋     | 136/289 [00:51<00:57,  2.64it/s] 47%|████▋     | 137/289 [00:52<00:57,  2.64it/s] 48%|████▊     | 138/289 [00:52<00:57,  2.64it/s] 48%|████▊     | 139/289 [00:52<00:56,  2.64it/s] 48%|████▊     | 140/289 [00:53<00:56,  2.64it/s] 49%|████▉     | 141/289 [00:53<00:56,  2.64it/s] 49%|████▉     | 142/289 [00:53<00:55,  2.64it/s] 49%|████▉     | 143/289 [00:54<00:55,  2.64it/s] 50%|████▉     | 144/289 [00:54<00:54,  2.64it/s] 50%|█████     | 145/289 [00:55<00:54,  2.64it/s] 51%|█████     | 146/289 [00:55<00:54,  2.63it/s] 51%|█████     | 147/289 [00:55<00:53,  2.63it/s] 51%|█████     | 148/289 [00:56<00:53,  2.63it/s] 52%|█████▏    | 149/289 [00:56<00:53,  2.63it/s] 52%|█████▏    | 150/289 [00:57<00:52,  2.64it/s] 52%|█████▏    | 151/289 [00:57<00:52,  2.64it/s] 53%|█████▎    | 152/289 [00:57<00:52,  2.62it/s] 53%|█████▎    | 153/289 [00:58<00:51,  2.62it/s] 53%|█████▎    | 154/289 [00:58<00:51,  2.63it/s] 54%|█████▎    | 155/289 [00:58<00:50,  2.63it/s] 54%|█████▍    | 156/289 [00:59<00:50,  2.63it/s] 54%|█████▍    | 157/289 [00:59<00:50,  2.63it/s] 55%|█████▍    | 158/289 [01:00<00:49,  2.63it/s] 55%|█████▌    | 159/289 [01:00<00:49,  2.64it/s] 55%|█████▌    | 160/289 [01:00<00:48,  2.64it/s] 56%|█████▌    | 161/289 [01:01<00:48,  2.64it/s] 56%|█████▌    | 162/289 [01:01<00:48,  2.63it/s] 56%|█████▋    | 163/289 [01:01<00:47,  2.63it/s] 57%|█████▋    | 164/289 [01:02<00:47,  2.63it/s] 57%|█████▋    | 165/289 [01:02<00:47,  2.63it/s] 57%|█████▋    | 166/289 [01:03<00:46,  2.63it/s] 58%|█████▊    | 167/289 [01:03<00:46,  2.63it/s] 58%|█████▊    | 168/289 [01:03<00:45,  2.63it/s] 58%|█████▊    | 169/289 [01:04<00:45,  2.63it/s] 59%|█████▉    | 170/289 [01:04<00:45,  2.63it/s] 59%|█████▉    | 171/289 [01:05<00:44,  2.63it/s] 60%|█████▉    | 172/289 [01:05<00:44,  2.63it/s] 60%|█████▉    | 173/289 [01:05<00:44,  2.63it/s] 60%|██████    | 174/289 [01:06<00:43,  2.64it/s] 61%|██████    | 175/289 [01:06<00:43,  2.64it/s] 61%|██████    | 176/289 [01:06<00:42,  2.64it/s] 61%|██████    | 177/289 [01:07<00:42,  2.63it/s] 62%|██████▏   | 178/289 [01:07<00:42,  2.63it/s] 62%|██████▏   | 179/289 [01:08<00:41,  2.63it/s] 62%|██████▏   | 180/289 [01:08<00:41,  2.63it/s] 63%|██████▎   | 181/289 [01:08<00:40,  2.64it/s] 63%|██████▎   | 182/289 [01:09<00:40,  2.64it/s] 63%|██████▎   | 183/289 [01:09<00:40,  2.64it/s] 64%|██████▎   | 184/289 [01:09<00:39,  2.64it/s] 64%|██████▍   | 185/289 [01:10<00:39,  2.64it/s] 64%|██████▍   | 186/289 [01:10<00:39,  2.64it/s] 65%|██████▍   | 187/289 [01:11<00:38,  2.64it/s] 65%|██████▌   | 188/289 [01:11<00:38,  2.64it/s] 65%|██████▌   | 189/289 [01:11<00:37,  2.64it/s] 66%|██████▌   | 190/289 [01:12<00:37,  2.64it/s] 66%|██████▌   | 191/289 [01:12<00:37,  2.64it/s] 66%|██████▋   | 192/289 [01:12<00:36,  2.64it/s] 67%|██████▋   | 193/289 [01:13<00:36,  2.64it/s] 67%|██████▋   | 194/289 [01:13<00:35,  2.64it/s] 67%|██████▋   | 195/289 [01:14<00:35,  2.64it/s] 68%|██████▊   | 196/289 [01:14<00:35,  2.64it/s] 68%|██████▊   | 197/289 [01:14<00:34,  2.64it/s] 69%|██████▊   | 198/289 [01:15<00:34,  2.64it/s] 69%|██████▉   | 199/289 [01:15<00:34,  2.63it/s] 69%|██████▉   | 200/289 [01:15<00:33,  2.64it/s] 70%|██████▉   | 201/289 [01:16<00:33,  2.64it/s] 70%|██████▉   | 202/289 [01:16<00:33,  2.64it/s] 70%|███████   | 203/289 [01:17<00:32,  2.64it/s] 71%|███████   | 204/289 [01:17<00:32,  2.64it/s] 71%|███████   | 205/289 [01:17<00:31,  2.64it/s] 71%|███████▏  | 206/289 [01:18<00:31,  2.64it/s] 72%|███████▏  | 207/289 [01:18<00:31,  2.64it/s] 72%|███████▏  | 208/289 [01:19<00:30,  2.64it/s] 72%|███████▏  | 209/289 [01:19<00:30,  2.64it/s] 73%|███████▎  | 210/289 [01:19<00:29,  2.64it/s] 73%|███████▎  | 211/289 [01:20<00:29,  2.64it/s] 73%|███████▎  | 212/289 [01:20<00:29,  2.64it/s] 74%|███████▎  | 213/289 [01:20<00:28,  2.64it/s] 74%|███████▍  | 214/289 [01:21<00:28,  2.64it/s] 74%|███████▍  | 215/289 [01:21<00:28,  2.64it/s] 75%|███████▍  | 216/289 [01:22<00:27,  2.64it/s] 75%|███████▌  | 217/289 [01:22<00:27,  2.64it/s] 75%|███████▌  | 218/289 [01:22<00:26,  2.64it/s] 76%|███████▌  | 219/289 [01:23<00:26,  2.64it/s] 76%|███████▌  | 220/289 [01:23<00:26,  2.64it/s] 76%|███████▋  | 221/289 [01:23<00:25,  2.64it/s] 77%|███████▋  | 222/289 [01:24<00:25,  2.63it/s] 77%|███████▋  | 223/289 [01:24<00:25,  2.63it/s] 78%|███████▊  | 224/289 [01:25<00:24,  2.63it/s] 78%|███████▊  | 225/289 [01:25<00:24,  2.64it/s] 78%|███████▊  | 226/289 [01:25<00:23,  2.64it/s] 79%|███████▊  | 227/289 [01:26<00:23,  2.62it/s] 79%|███████▉  | 228/289 [01:26<00:23,  2.62it/s] 79%|███████▉  | 229/289 [01:26<00:22,  2.63it/s] 80%|███████▉  | 230/289 [01:27<00:22,  2.63it/s] 80%|███████▉  | 231/289 [01:27<00:22,  2.63it/s] 80%|████████  | 232/289 [01:28<00:21,  2.64it/s] 81%|████████  | 233/289 [01:28<00:21,  2.64it/s] 81%|████████  | 234/289 [01:28<00:20,  2.64it/s] 81%|████████▏ | 235/289 [01:29<00:20,  2.64it/s] 82%|████████▏ | 236/289 [01:29<00:20,  2.64it/s] 82%|████████▏ | 237/289 [01:30<00:19,  2.64it/s] 82%|████████▏ | 238/289 [01:30<00:19,  2.63it/s] 83%|████████▎ | 239/289 [01:30<00:18,  2.63it/s] 83%|████████▎ | 240/289 [01:31<00:18,  2.63it/s] 83%|████████▎ | 241/289 [01:31<00:18,  2.63it/s] 84%|████████▎ | 242/289 [01:31<00:17,  2.64it/s] 84%|████████▍ | 243/289 [01:32<00:17,  2.63it/s] 84%|████████▍ | 244/289 [01:32<00:17,  2.63it/s] 85%|████████▍ | 245/289 [01:33<00:16,  2.64it/s] 85%|████████▌ | 246/289 [01:33<00:16,  2.64it/s] 85%|████████▌ | 247/289 [01:33<00:15,  2.64it/s] 86%|████████▌ | 248/289 [01:34<00:15,  2.64it/s] 86%|████████▌ | 249/289 [01:34<00:15,  2.64it/s] 87%|████████▋ | 250/289 [01:34<00:14,  2.64it/s] 87%|████████▋ | 251/289 [01:35<00:14,  2.64it/s] 87%|████████▋ | 252/289 [01:35<00:14,  2.64it/s] 88%|████████▊ | 253/289 [01:36<00:13,  2.63it/s] 88%|████████▊ | 254/289 [01:36<00:13,  2.63it/s] 88%|████████▊ | 255/289 [01:36<00:12,  2.63it/s] 89%|████████▊ | 256/289 [01:37<00:12,  2.64it/s] 89%|████████▉ | 257/289 [01:37<00:12,  2.64it/s] 89%|████████▉ | 258/289 [01:38<00:11,  2.63it/s] 90%|████████▉ | 259/289 [01:38<00:11,  2.64it/s] 90%|████████▉ | 260/289 [01:38<00:11,  2.64it/s] 90%|█████████ | 261/289 [01:39<00:10,  2.61it/s] 91%|█████████ | 262/289 [01:39<00:10,  2.62it/s] 91%|█████████ | 263/289 [01:39<00:09,  2.62it/s] 91%|█████████▏| 264/289 [01:40<00:09,  2.63it/s] 92%|█████████▏| 265/289 [01:40<00:09,  2.63it/s] 92%|█████████▏| 266/289 [01:41<00:08,  2.64it/s] 92%|█████████▏| 267/289 [01:41<00:08,  2.64it/s] 93%|█████████▎| 268/289 [01:41<00:07,  2.63it/s] 93%|█████████▎| 269/289 [01:42<00:07,  2.64it/s] 93%|█████████▎| 270/289 [01:42<00:07,  2.64it/s] 94%|█████████▍| 271/289 [01:42<00:06,  2.64it/s] 94%|█████████▍| 272/289 [01:43<00:06,  2.64it/s] 94%|█████████▍| 273/289 [01:43<00:06,  2.64it/s] 95%|█████████▍| 274/289 [01:44<00:05,  2.64it/s] 95%|█████████▌| 275/289 [01:44<00:05,  2.64it/s] 96%|█████████▌| 276/289 [01:44<00:04,  2.64it/s] 96%|█████████▌| 277/289 [01:45<00:04,  2.64it/s] 96%|█████████▌| 278/289 [01:45<00:04,  2.64it/s] 97%|█████████▋| 279/289 [01:45<00:03,  2.64it/s] 97%|█████████▋| 280/289 [01:46<00:03,  2.64it/s] 97%|█████████▋| 281/289 [01:46<00:03,  2.64it/s] 98%|█████████▊| 282/289 [01:47<00:02,  2.64it/s] 98%|█████████▊| 283/289 [01:47<00:02,  2.64it/s] 98%|█████████▊| 284/289 [01:47<00:01,  2.63it/s] 99%|█████████▊| 285/289 [01:48<00:01,  2.63it/s] 99%|█████████▉| 286/289 [01:48<00:01,  2.64it/s] 99%|█████████▉| 287/289 [01:49<00:00,  2.64it/s]100%|█████████▉| 288/289 [01:49<00:00,  2.64it/s]100%|█████████▉| 288/289 [01:49<00:00,  2.62it/s]
[11/29 01:34:05 TiTok-Gen]: Data (t): 0.4815, 39.81/s/gpu Batch (t): 1.6076 LR: 0.000100 Step: 18050 Total Loss: 0.4165 Diff Loss: 0.4165 
[11/29 01:35:29 TiTok-Gen]: Data (t): 0.4663, 36.85/s/gpu Batch (t): 1.7366 LR: 0.000100 Step: 18100 Total Loss: 0.4172 Diff Loss: 0.4172 
[11/29 01:36:53 TiTok-Gen]: Data (t): 0.4289, 36.98/s/gpu Batch (t): 1.7305 LR: 0.000100 Step: 18150 Total Loss: 0.4157 Diff Loss: 0.4157 
[11/29 01:38:15 TiTok-Gen]: Data (t): 0.5404, 39.03/s/gpu Batch (t): 1.6399 LR: 0.000100 Step: 18200 Total Loss: 0.4166 Diff Loss: 0.4166 
[11/29 01:39:38 TiTok-Gen]: Data (t): 0.4938, 40.19/s/gpu Batch (t): 1.5924 LR: 0.000100 Step: 18250 Total Loss: 0.4174 Diff Loss: 0.4174 
[11/29 01:41:00 TiTok-Gen]: Data (t): 0.5191, 36.63/s/gpu Batch (t): 1.7472 LR: 0.000100 Step: 18300 Total Loss: 0.4157 Diff Loss: 0.4157 
[11/29 01:42:23 TiTok-Gen]: Data (t): 0.4389, 40.44/s/gpu Batch (t): 1.5825 LR: 0.000100 Step: 18350 Total Loss: 0.4166 Diff Loss: 0.4166 
[11/29 01:43:46 TiTok-Gen]: Data (t): 0.4233, 38.27/s/gpu Batch (t): 1.6723 LR: 0.000100 Step: 18400 Total Loss: 0.4168 Diff Loss: 0.4168 
[11/29 01:44:58 TiTok-Gen]: Epoch 29/1597 started.
[11/29 01:45:26 TiTok-Gen]: Data (t): 0.4577, 40.57/s/gpu Batch (t): 1.5777 LR: 0.000100 Step: 18450 Total Loss: 0.4160 Diff Loss: 0.4160 
[11/29 01:46:50 TiTok-Gen]: Data (t): 0.4399, 39.29/s/gpu Batch (t): 1.6290 LR: 0.000100 Step: 18500 Total Loss: 0.4165 Diff Loss: 0.4165 
[11/29 01:48:13 TiTok-Gen]: Data (t): 0.4607, 36.83/s/gpu Batch (t): 1.7377 LR: 0.000100 Step: 18550 Total Loss: 0.4166 Diff Loss: 0.4166 
[11/29 01:49:36 TiTok-Gen]: Data (t): 0.4529, 36.97/s/gpu Batch (t): 1.7313 LR: 0.000100 Step: 18600 Total Loss: 0.4152 Diff Loss: 0.4152 
[11/29 01:50:59 TiTok-Gen]: Data (t): 0.4669, 37.03/s/gpu Batch (t): 1.7285 LR: 0.000100 Step: 18650 Total Loss: 0.4164 Diff Loss: 0.4164 
[11/29 01:52:22 TiTok-Gen]: Data (t): 0.4394, 38.21/s/gpu Batch (t): 1.6750 LR: 0.000100 Step: 18700 Total Loss: 0.4162 Diff Loss: 0.4162 
[11/29 01:53:45 TiTok-Gen]: Data (t): 0.4223, 37.13/s/gpu Batch (t): 1.7237 LR: 0.000100 Step: 18750 Total Loss: 0.4159 Diff Loss: 0.4159 
[11/29 01:55:08 TiTok-Gen]: Data (t): 0.4906, 39.68/s/gpu Batch (t): 1.6130 LR: 0.000100 Step: 18800 Total Loss: 0.4165 Diff Loss: 0.4165 
[11/29 01:56:31 TiTok-Gen]: Data (t): 0.4675, 40.31/s/gpu Batch (t): 1.5876 LR: 0.000100 Step: 18850 Total Loss: 0.4154 Diff Loss: 0.4154 
[11/29 01:57:54 TiTok-Gen]: Data (t): 0.4697, 39.26/s/gpu Batch (t): 1.6303 LR: 0.000100 Step: 18900 Total Loss: 0.4169 Diff Loss: 0.4169 
[11/29 01:59:17 TiTok-Gen]: Data (t): 0.4586, 40.59/s/gpu Batch (t): 1.5768 LR: 0.000100 Step: 18950 Total Loss: 0.4169 Diff Loss: 0.4169 
[11/29 02:00:40 TiTok-Gen]: Data (t): 0.4168, 37.25/s/gpu Batch (t): 1.7183 LR: 0.000100 Step: 19000 Total Loss: 0.4165 Diff Loss: 0.4165 
[11/29 02:00:41 TiTok-Gen]: Generating images...
  0%|          | 0/289 [00:00<?, ?it/s]  0%|          | 1/289 [00:00<01:47,  2.69it/s]  1%|          | 2/289 [00:00<01:48,  2.65it/s]  1%|          | 3/289 [00:01<01:49,  2.62it/s]  1%|▏         | 4/289 [00:01<01:48,  2.62it/s]  2%|▏         | 5/289 [00:01<01:48,  2.62it/s]  2%|▏         | 6/289 [00:02<01:47,  2.62it/s]  2%|▏         | 7/289 [00:02<01:47,  2.62it/s]  3%|▎         | 8/289 [00:03<01:47,  2.62it/s]  3%|▎         | 9/289 [00:03<01:46,  2.62it/s]  3%|▎         | 10/289 [00:03<01:46,  2.62it/s]  4%|▍         | 11/289 [00:04<01:46,  2.61it/s]  4%|▍         | 12/289 [00:04<01:46,  2.61it/s]  4%|▍         | 13/289 [00:04<01:45,  2.61it/s]  5%|▍         | 14/289 [00:05<01:45,  2.62it/s]  5%|▌         | 15/289 [00:05<01:44,  2.62it/s]  6%|▌         | 16/289 [00:06<01:44,  2.62it/s]  6%|▌         | 17/289 [00:06<01:43,  2.62it/s]  6%|▌         | 18/289 [00:06<01:43,  2.62it/s]  7%|▋         | 19/289 [00:07<01:42,  2.62it/s]  7%|▋         | 20/289 [00:07<01:42,  2.63it/s]  7%|▋         | 21/289 [00:08<01:41,  2.63it/s]  8%|▊         | 22/289 [00:08<01:41,  2.63it/s]  8%|▊         | 23/289 [00:08<01:41,  2.63it/s]  8%|▊         | 24/289 [00:09<01:40,  2.63it/s]  9%|▊         | 25/289 [00:09<01:40,  2.63it/s]  9%|▉         | 26/289 [00:09<01:40,  2.63it/s]  9%|▉         | 27/289 [00:10<01:39,  2.62it/s] 10%|▉         | 28/289 [00:10<01:40,  2.61it/s] 10%|█         | 29/289 [00:11<01:39,  2.62it/s] 10%|█         | 30/289 [00:11<01:38,  2.62it/s] 11%|█         | 31/289 [00:11<01:38,  2.61it/s] 11%|█         | 32/289 [00:12<01:38,  2.62it/s] 11%|█▏        | 33/289 [00:12<01:37,  2.62it/s] 12%|█▏        | 34/289 [00:12<01:37,  2.62it/s] 12%|█▏        | 35/289 [00:13<01:36,  2.62it/s] 12%|█▏        | 36/289 [00:13<01:36,  2.62it/s] 13%|█▎        | 37/289 [00:14<01:36,  2.62it/s] 13%|█▎        | 38/289 [00:14<01:35,  2.63it/s] 13%|█▎        | 39/289 [00:14<01:35,  2.63it/s] 14%|█▍        | 40/289 [00:15<01:34,  2.63it/s] 14%|█▍        | 41/289 [00:15<01:34,  2.63it/s] 15%|█▍        | 42/289 [00:16<01:34,  2.63it/s] 15%|█▍        | 43/289 [00:16<01:33,  2.63it/s] 15%|█▌        | 44/289 [00:16<01:33,  2.63it/s] 16%|█▌        | 45/289 [00:17<01:32,  2.63it/s] 16%|█▌        | 46/289 [00:17<01:32,  2.63it/s] 16%|█▋        | 47/289 [00:17<01:31,  2.63it/s] 17%|█▋        | 48/289 [00:18<01:31,  2.63it/s] 17%|█▋        | 49/289 [00:18<01:31,  2.63it/s] 17%|█▋        | 50/289 [00:19<01:30,  2.63it/s] 18%|█▊        | 51/289 [00:19<01:30,  2.64it/s] 18%|█▊        | 52/289 [00:19<01:30,  2.62it/s] 18%|█▊        | 53/289 [00:20<01:29,  2.63it/s] 19%|█▊        | 54/289 [00:20<01:30,  2.61it/s] 19%|█▉        | 55/289 [00:20<01:29,  2.62it/s] 19%|█▉        | 56/289 [00:21<01:28,  2.62it/s] 20%|█▉        | 57/289 [00:21<01:28,  2.62it/s] 20%|██        | 58/289 [00:22<01:28,  2.62it/s] 20%|██        | 59/289 [00:22<01:27,  2.62it/s] 21%|██        | 60/289 [00:22<01:27,  2.62it/s] 21%|██        | 61/289 [00:23<01:26,  2.62it/s] 21%|██▏       | 62/289 [00:23<01:26,  2.63it/s] 22%|██▏       | 63/289 [00:24<01:26,  2.63it/s] 22%|██▏       | 64/289 [00:24<01:25,  2.63it/s] 22%|██▏       | 65/289 [00:24<01:25,  2.63it/s] 23%|██▎       | 66/289 [00:25<01:24,  2.63it/s] 23%|██▎       | 67/289 [00:25<01:24,  2.63it/s] 24%|██▎       | 68/289 [00:25<01:24,  2.63it/s] 24%|██▍       | 69/289 [00:26<01:23,  2.63it/s] 24%|██▍       | 70/289 [00:26<01:23,  2.63it/s] 25%|██▍       | 71/289 [00:27<01:23,  2.62it/s] 25%|██▍       | 72/289 [00:27<01:22,  2.63it/s] 25%|██▌       | 73/289 [00:27<01:22,  2.62it/s] 26%|██▌       | 74/289 [00:28<01:22,  2.62it/s] 26%|██▌       | 75/289 [00:28<01:21,  2.62it/s] 26%|██▋       | 76/289 [00:28<01:21,  2.62it/s] 27%|██▋       | 77/289 [00:29<01:20,  2.63it/s] 27%|██▋       | 78/289 [00:29<01:20,  2.63it/s] 27%|██▋       | 79/289 [00:30<01:19,  2.63it/s] 28%|██▊       | 80/289 [00:30<01:19,  2.63it/s] 28%|██▊       | 81/289 [00:30<01:18,  2.63it/s] 28%|██▊       | 82/289 [00:31<01:18,  2.63it/s] 29%|██▊       | 83/289 [00:31<01:18,  2.63it/s] 29%|██▉       | 84/289 [00:32<01:17,  2.64it/s] 29%|██▉       | 85/289 [00:32<01:17,  2.63it/s] 30%|██▉       | 86/289 [00:32<01:17,  2.63it/s] 30%|███       | 87/289 [00:33<01:16,  2.63it/s] 30%|███       | 88/289 [00:33<01:16,  2.63it/s] 31%|███       | 89/289 [00:33<01:15,  2.63it/s] 31%|███       | 90/289 [00:34<01:15,  2.63it/s] 31%|███▏      | 91/289 [00:34<01:15,  2.62it/s] 32%|███▏      | 92/289 [00:35<01:15,  2.62it/s] 32%|███▏      | 93/289 [00:35<01:14,  2.63it/s] 33%|███▎      | 94/289 [00:35<01:14,  2.61it/s] 33%|███▎      | 95/289 [00:36<01:14,  2.61it/s] 33%|███▎      | 96/289 [00:36<01:13,  2.62it/s] 34%|███▎      | 97/289 [00:36<01:13,  2.62it/s] 34%|███▍      | 98/289 [00:37<01:12,  2.62it/s] 34%|███▍      | 99/289 [00:37<01:12,  2.63it/s] 35%|███▍      | 100/289 [00:38<01:12,  2.61it/s] 35%|███▍      | 101/289 [00:38<01:11,  2.62it/s] 35%|███▌      | 102/289 [00:38<01:11,  2.62it/s] 36%|███▌      | 103/289 [00:39<01:11,  2.62it/s] 36%|███▌      | 104/289 [00:39<01:10,  2.62it/s] 36%|███▋      | 105/289 [00:40<01:10,  2.62it/s] 37%|███▋      | 106/289 [00:40<01:09,  2.62it/s] 37%|███▋      | 107/289 [00:40<01:09,  2.63it/s] 37%|███▋      | 108/289 [00:41<01:08,  2.63it/s] 38%|███▊      | 109/289 [00:41<01:08,  2.63it/s] 38%|███▊      | 110/289 [00:41<01:08,  2.63it/s] 38%|███▊      | 111/289 [00:42<01:07,  2.62it/s] 39%|███▉      | 112/289 [00:42<01:07,  2.63it/s] 39%|███▉      | 113/289 [00:43<01:06,  2.63it/s] 39%|███▉      | 114/289 [00:43<01:06,  2.63it/s] 40%|███▉      | 115/289 [00:43<01:06,  2.63it/s] 40%|████      | 116/289 [00:44<01:05,  2.63it/s] 40%|████      | 117/289 [00:44<01:05,  2.63it/s] 41%|████      | 118/289 [00:44<01:04,  2.63it/s] 41%|████      | 119/289 [00:45<01:04,  2.63it/s] 42%|████▏     | 120/289 [00:45<01:04,  2.63it/s] 42%|████▏     | 121/289 [00:46<01:03,  2.63it/s] 42%|████▏     | 122/289 [00:46<01:03,  2.63it/s] 43%|████▎     | 123/289 [00:46<01:03,  2.63it/s] 43%|████▎     | 124/289 [00:47<01:02,  2.63it/s] 43%|████▎     | 125/289 [00:47<01:02,  2.63it/s] 44%|████▎     | 126/289 [00:47<01:01,  2.63it/s] 44%|████▍     | 127/289 [00:48<01:01,  2.63it/s] 44%|████▍     | 128/289 [00:48<01:01,  2.63it/s] 45%|████▍     | 129/289 [00:49<01:00,  2.63it/s] 45%|████▍     | 130/289 [00:49<01:00,  2.63it/s] 45%|████▌     | 131/289 [00:49<01:00,  2.63it/s] 46%|████▌     | 132/289 [00:50<00:59,  2.63it/s] 46%|████▌     | 133/289 [00:50<00:59,  2.63it/s] 46%|████▋     | 134/289 [00:51<00:58,  2.63it/s] 47%|████▋     | 135/289 [00:51<00:58,  2.63it/s] 47%|████▋     | 136/289 [00:51<00:58,  2.63it/s] 47%|████▋     | 137/289 [00:52<00:57,  2.64it/s] 48%|████▊     | 138/289 [00:52<00:57,  2.63it/s] 48%|████▊     | 139/289 [00:52<00:56,  2.63it/s] 48%|████▊     | 140/289 [00:53<00:56,  2.63it/s] 49%|████▉     | 141/289 [00:53<00:56,  2.63it/s] 49%|████▉     | 142/289 [00:54<00:55,  2.63it/s] 49%|████▉     | 143/289 [00:54<00:55,  2.63it/s] 50%|████▉     | 144/289 [00:54<00:55,  2.64it/s] 50%|█████     | 145/289 [00:55<00:54,  2.64it/s] 51%|█████     | 146/289 [00:55<00:54,  2.64it/s] 51%|█████     | 147/289 [00:55<00:53,  2.63it/s] 51%|█████     | 148/289 [00:56<00:53,  2.64it/s] 52%|█████▏    | 149/289 [00:56<00:53,  2.64it/s] 52%|█████▏    | 150/289 [00:57<00:52,  2.64it/s] 52%|█████▏    | 151/289 [00:57<00:52,  2.64it/s] 53%|█████▎    | 152/289 [00:57<00:52,  2.62it/s] 53%|█████▎    | 153/289 [00:58<00:51,  2.62it/s] 53%|█████▎    | 154/289 [00:58<00:51,  2.63it/s] 54%|█████▎    | 155/289 [00:59<00:50,  2.63it/s] 54%|█████▍    | 156/289 [00:59<00:50,  2.63it/s] 54%|█████▍    | 157/289 [00:59<00:50,  2.61it/s] 55%|█████▍    | 158/289 [01:00<00:49,  2.62it/s] 55%|█████▌    | 159/289 [01:00<00:49,  2.62it/s] 55%|█████▌    | 160/289 [01:00<00:49,  2.63it/s] 56%|█████▌    | 161/289 [01:01<00:48,  2.63it/s] 56%|█████▌    | 162/289 [01:01<00:48,  2.63it/s] 56%|█████▋    | 163/289 [01:02<00:47,  2.63it/s] 57%|█████▋    | 164/289 [01:02<00:47,  2.63it/s] 57%|█████▋    | 165/289 [01:02<00:47,  2.63it/s] 57%|█████▋    | 166/289 [01:03<00:46,  2.64it/s] 58%|█████▊    | 167/289 [01:03<00:46,  2.63it/s] 58%|█████▊    | 168/289 [01:03<00:45,  2.63it/s] 58%|█████▊    | 169/289 [01:04<00:45,  2.63it/s] 59%|█████▉    | 170/289 [01:04<00:45,  2.63it/s] 59%|█████▉    | 171/289 [01:05<00:44,  2.63it/s] 60%|█████▉    | 172/289 [01:05<00:44,  2.63it/s] 60%|█████▉    | 173/289 [01:05<00:44,  2.63it/s] 60%|██████    | 174/289 [01:06<00:43,  2.63it/s] 61%|██████    | 175/289 [01:06<00:43,  2.63it/s] 61%|██████    | 176/289 [01:06<00:42,  2.63it/s] 61%|██████    | 177/289 [01:07<00:42,  2.63it/s] 62%|██████▏   | 178/289 [01:07<00:42,  2.63it/s] 62%|██████▏   | 179/289 [01:08<00:41,  2.63it/s] 62%|██████▏   | 180/289 [01:08<00:41,  2.63it/s] 63%|██████▎   | 181/289 [01:08<00:41,  2.62it/s] 63%|██████▎   | 182/289 [01:09<00:40,  2.63it/s] 63%|██████▎   | 183/289 [01:09<00:40,  2.63it/s] 64%|██████▎   | 184/289 [01:10<00:39,  2.63it/s] 64%|██████▍   | 185/289 [01:10<00:39,  2.63it/s] 64%|██████▍   | 186/289 [01:10<00:39,  2.63it/s] 65%|██████▍   | 187/289 [01:11<00:38,  2.63it/s] 65%|██████▌   | 188/289 [01:11<00:38,  2.63it/s] 65%|██████▌   | 189/289 [01:11<00:37,  2.63it/s] 66%|██████▌   | 190/289 [01:12<00:37,  2.64it/s] 66%|██████▌   | 191/289 [01:12<00:37,  2.63it/s] 66%|██████▋   | 192/289 [01:13<00:36,  2.63it/s] 67%|██████▋   | 193/289 [01:13<00:36,  2.63it/s] 67%|██████▋   | 194/289 [01:13<00:36,  2.64it/s] 67%|██████▋   | 195/289 [01:14<00:35,  2.64it/s] 68%|██████▊   | 196/289 [01:14<00:35,  2.63it/s] 68%|██████▊   | 197/289 [01:14<00:34,  2.63it/s] 69%|██████▊   | 198/289 [01:15<00:34,  2.64it/s] 69%|██████▉   | 199/289 [01:15<00:34,  2.64it/s] 69%|██████▉   | 200/289 [01:16<00:33,  2.64it/s] 70%|██████▉   | 201/289 [01:16<00:33,  2.63it/s] 70%|██████▉   | 202/289 [01:16<00:33,  2.63it/s] 70%|███████   | 203/289 [01:17<00:32,  2.63it/s] 71%|███████   | 204/289 [01:17<00:32,  2.64it/s] 71%|███████   | 205/289 [01:18<00:31,  2.63it/s] 71%|███████▏  | 206/289 [01:18<00:31,  2.63it/s] 72%|███████▏  | 207/289 [01:18<00:31,  2.63it/s] 72%|███████▏  | 208/289 [01:19<00:30,  2.64it/s] 72%|███████▏  | 209/289 [01:19<00:30,  2.64it/s] 73%|███████▎  | 210/289 [01:19<00:29,  2.64it/s] 73%|███████▎  | 211/289 [01:20<00:29,  2.63it/s] 73%|███████▎  | 212/289 [01:20<00:29,  2.63it/s] 74%|███████▎  | 213/289 [01:21<00:28,  2.63it/s] 74%|███████▍  | 214/289 [01:21<00:28,  2.63it/s] 74%|███████▍  | 215/289 [01:21<00:28,  2.64it/s] 75%|███████▍  | 216/289 [01:22<00:27,  2.63it/s] 75%|███████▌  | 217/289 [01:22<00:27,  2.63it/s] 75%|███████▌  | 218/289 [01:22<00:26,  2.63it/s] 76%|███████▌  | 219/289 [01:23<00:26,  2.63it/s] 76%|███████▌  | 220/289 [01:23<00:26,  2.63it/s] 76%|███████▋  | 221/289 [01:24<00:25,  2.63it/s] 77%|███████▋  | 222/289 [01:24<00:25,  2.63it/s] 77%|███████▋  | 223/289 [01:24<00:25,  2.63it/s] 78%|███████▊  | 224/289 [01:25<00:24,  2.63it/s] 78%|███████▊  | 225/289 [01:25<00:24,  2.64it/s] 78%|███████▊  | 226/289 [01:25<00:24,  2.62it/s] 79%|███████▊  | 227/289 [01:26<00:23,  2.63it/s] 79%|███████▉  | 228/289 [01:26<00:23,  2.62it/s] 79%|███████▉  | 229/289 [01:27<00:22,  2.63it/s] 80%|███████▉  | 230/289 [01:27<00:22,  2.62it/s] 80%|███████▉  | 231/289 [01:27<00:22,  2.60it/s] 80%|████████  | 232/289 [01:28<00:21,  2.61it/s] 81%|████████  | 233/289 [01:28<00:21,  2.62it/s] 81%|████████  | 234/289 [01:29<00:20,  2.63it/s] 81%|████████▏ | 235/289 [01:29<00:20,  2.63it/s] 82%|████████▏ | 236/289 [01:29<00:20,  2.63it/s] 82%|████████▏ | 237/289 [01:30<00:19,  2.63it/s] 82%|████████▏ | 238/289 [01:30<00:19,  2.63it/s] 83%|████████▎ | 239/289 [01:30<00:18,  2.63it/s] 83%|████████▎ | 240/289 [01:31<00:18,  2.64it/s] 83%|████████▎ | 241/289 [01:31<00:18,  2.63it/s] 84%|████████▎ | 242/289 [01:32<00:17,  2.63it/s] 84%|████████▍ | 243/289 [01:32<00:17,  2.63it/s] 84%|████████▍ | 244/289 [01:32<00:17,  2.63it/s] 85%|████████▍ | 245/289 [01:33<00:16,  2.63it/s] 85%|████████▌ | 246/289 [01:33<00:16,  2.63it/s] 85%|████████▌ | 247/289 [01:33<00:15,  2.63it/s] 86%|████████▌ | 248/289 [01:34<00:15,  2.63it/s] 86%|████████▌ | 249/289 [01:34<00:15,  2.63it/s] 87%|████████▋ | 250/289 [01:35<00:14,  2.63it/s] 87%|████████▋ | 251/289 [01:35<00:14,  2.63it/s] 87%|████████▋ | 252/289 [01:35<00:14,  2.63it/s] 88%|████████▊ | 253/289 [01:36<00:13,  2.64it/s] 88%|████████▊ | 254/289 [01:36<00:13,  2.64it/s] 88%|████████▊ | 255/289 [01:37<00:12,  2.64it/s] 89%|████████▊ | 256/289 [01:37<00:12,  2.64it/s] 89%|████████▉ | 257/289 [01:37<00:12,  2.63it/s] 89%|████████▉ | 258/289 [01:38<00:11,  2.63it/s] 90%|████████▉ | 259/289 [01:38<00:11,  2.63it/s] 90%|████████▉ | 260/289 [01:38<00:11,  2.63it/s] 90%|█████████ | 261/289 [01:39<00:10,  2.63it/s] 91%|█████████ | 262/289 [01:39<00:10,  2.63it/s] 91%|█████████ | 263/289 [01:40<00:09,  2.63it/s] 91%|█████████▏| 264/289 [01:40<00:09,  2.64it/s] 92%|█████████▏| 265/289 [01:40<00:09,  2.63it/s] 92%|█████████▏| 266/289 [01:41<00:08,  2.63it/s] 92%|█████████▏| 267/289 [01:41<00:08,  2.63it/s] 93%|█████████▎| 268/289 [01:41<00:07,  2.63it/s] 93%|█████████▎| 269/289 [01:42<00:07,  2.64it/s] 93%|█████████▎| 270/289 [01:42<00:07,  2.64it/s] 94%|█████████▍| 271/289 [01:43<00:06,  2.64it/s] 94%|█████████▍| 272/289 [01:43<00:06,  2.63it/s] 94%|█████████▍| 273/289 [01:43<00:06,  2.64it/s] 95%|█████████▍| 274/289 [01:44<00:05,  2.64it/s] 95%|█████████▌| 275/289 [01:44<00:05,  2.64it/s] 96%|█████████▌| 276/289 [01:44<00:04,  2.64it/s] 96%|█████████▌| 277/289 [01:45<00:04,  2.63it/s] 96%|█████████▌| 278/289 [01:45<00:04,  2.64it/s] 97%|█████████▋| 279/289 [01:46<00:03,  2.63it/s] 97%|█████████▋| 280/289 [01:46<00:03,  2.64it/s] 97%|█████████▋| 281/289 [01:46<00:03,  2.64it/s] 98%|█████████▊| 282/289 [01:47<00:02,  2.64it/s] 98%|█████████▊| 283/289 [01:47<00:02,  2.64it/s] 98%|█████████▊| 284/289 [01:48<00:01,  2.64it/s] 99%|█████████▊| 285/289 [01:48<00:01,  2.64it/s] 99%|█████████▉| 286/289 [01:48<00:01,  2.64it/s] 99%|█████████▉| 287/289 [01:49<00:00,  2.64it/s]100%|█████████▉| 288/289 [01:49<00:00,  2.64it/s]100%|█████████▉| 288/289 [01:49<00:00,  2.62it/s]
[11/29 02:03:54 TiTok-Gen]: Data (t): 0.2876, 36.10/s/gpu Batch (t): 1.7726 LR: 0.000100 Step: 19050 Total Loss: 0.4163 Diff Loss: 0.4163 
[11/29 02:04:44 TiTok-Gen]: Epoch 30/1597 started.
[11/29 02:05:34 TiTok-Gen]: Data (t): 0.3256, 38.63/s/gpu Batch (t): 1.6569 LR: 0.000100 Step: 19100 Total Loss: 0.4160 Diff Loss: 0.4160 
[11/29 02:06:57 TiTok-Gen]: Data (t): 0.4374, 37.23/s/gpu Batch (t): 1.7189 LR: 0.000100 Step: 19150 Total Loss: 0.4165 Diff Loss: 0.4165 
[11/29 02:08:20 TiTok-Gen]: Data (t): 0.2465, 38.80/s/gpu Batch (t): 1.6496 LR: 0.000100 Step: 19200 Total Loss: 0.4141 Diff Loss: 0.4141 
[11/29 02:09:43 TiTok-Gen]: Data (t): 0.5140, 37.38/s/gpu Batch (t): 1.7124 LR: 0.000100 Step: 19250 Total Loss: 0.4161 Diff Loss: 0.4161 
[11/29 02:11:05 TiTok-Gen]: Data (t): 0.4189, 39.14/s/gpu Batch (t): 1.6353 LR: 0.000100 Step: 19300 Total Loss: 0.4162 Diff Loss: 0.4162 
[11/29 02:12:28 TiTok-Gen]: Data (t): 0.2474, 38.44/s/gpu Batch (t): 1.6650 LR: 0.000100 Step: 19350 Total Loss: 0.4148 Diff Loss: 0.4148 
[11/29 02:13:51 TiTok-Gen]: Data (t): 0.4379, 36.65/s/gpu Batch (t): 1.7461 LR: 0.000100 Step: 19400 Total Loss: 0.4149 Diff Loss: 0.4149 
[11/29 02:15:13 TiTok-Gen]: Data (t): 0.4877, 40.20/s/gpu Batch (t): 1.5921 LR: 0.000100 Step: 19450 Total Loss: 0.4155 Diff Loss: 0.4155 
[11/29 02:16:37 TiTok-Gen]: Data (t): 0.2471, 37.41/s/gpu Batch (t): 1.7110 LR: 0.000100 Step: 19500 Total Loss: 0.4164 Diff Loss: 0.4164 
[11/29 02:18:00 TiTok-Gen]: Data (t): 0.4259, 36.60/s/gpu Batch (t): 1.7488 LR: 0.000100 Step: 19550 Total Loss: 0.4164 Diff Loss: 0.4164 
[11/29 02:19:23 TiTok-Gen]: Data (t): 0.4350, 35.72/s/gpu Batch (t): 1.7915 LR: 0.000100 Step: 19600 Total Loss: 0.4152 Diff Loss: 0.4152 
[11/29 02:20:45 TiTok-Gen]: Data (t): 0.2527, 37.73/s/gpu Batch (t): 1.6962 LR: 0.000100 Step: 19650 Total Loss: 0.4155 Diff Loss: 0.4155 
[11/29 02:22:07 TiTok-Gen]: Data (t): 0.4138, 37.43/s/gpu Batch (t): 1.7099 LR: 0.000100 Step: 19700 Total Loss: 0.4153 Diff Loss: 0.4153 
[11/29 02:22:33 TiTok-Gen]: Epoch 31/1597 started.
[11/29 02:23:49 TiTok-Gen]: Data (t): 0.4225, 36.45/s/gpu Batch (t): 1.7558 LR: 0.000100 Step: 19750 Total Loss: 0.4146 Diff Loss: 0.4146 
[11/29 02:25:12 TiTok-Gen]: Data (t): 0.2497, 40.73/s/gpu Batch (t): 1.5712 LR: 0.000100 Step: 19800 Total Loss: 0.4165 Diff Loss: 0.4165 
[11/29 02:26:35 TiTok-Gen]: Data (t): 0.2492, 38.85/s/gpu Batch (t): 1.6473 LR: 0.000100 Step: 19850 Total Loss: 0.4145 Diff Loss: 0.4145 
[11/29 02:27:58 TiTok-Gen]: Data (t): 0.2528, 40.27/s/gpu Batch (t): 1.5892 LR: 0.000100 Step: 19900 Total Loss: 0.4156 Diff Loss: 0.4156 
[11/29 02:29:20 TiTok-Gen]: Data (t): 0.2466, 36.45/s/gpu Batch (t): 1.7557 LR: 0.000100 Step: 19950 Total Loss: 0.4155 Diff Loss: 0.4155 
[11/29 02:30:43 TiTok-Gen]: Data (t): 0.2491, 33.17/s/gpu Batch (t): 1.9293 LR: 0.000100 Step: 20000 Total Loss: 0.4151 Diff Loss: 0.4151 
Model weights saved in checkpoints/generator/mar_quadtree_fixtree_newtokenizer_posinstruction/checkpoint-20000/unwrapped_model/pytorch_model.bin
[11/29 02:30:46 TiTok-Gen]: Saved state to checkpoints/generator/mar_quadtree_fixtree_newtokenizer_posinstruction/checkpoint-20000
Model weights saved in checkpoints/generator/mar_quadtree_fixtree_newtokenizer_posinstruction/checkpoint-20000/ema_model/pytorch_model.bin
[11/29 02:31:08 TiTok-Gen]: Generating images...
  0%|          | 0/289 [00:00<?, ?it/s]  0%|          | 1/289 [00:00<01:48,  2.66it/s]  1%|          | 2/289 [00:00<01:49,  2.62it/s]  1%|          | 3/289 [00:01<01:49,  2.62it/s]  1%|▏         | 4/289 [00:01<01:48,  2.62it/s]  2%|▏         | 5/289 [00:01<01:48,  2.61it/s]  2%|▏         | 6/289 [00:02<01:48,  2.62it/s]  2%|▏         | 7/289 [00:02<01:47,  2.61it/s]  3%|▎         | 8/289 [00:03<01:47,  2.62it/s]  3%|▎         | 9/289 [00:03<01:46,  2.62it/s]  3%|▎         | 10/289 [00:03<01:46,  2.62it/s]  4%|▍         | 11/289 [00:04<01:46,  2.62it/s]  4%|▍         | 12/289 [00:04<01:45,  2.62it/s]  4%|▍         | 13/289 [00:04<01:45,  2.62it/s]  5%|▍         | 14/289 [00:05<01:44,  2.63it/s]  5%|▌         | 15/289 [00:05<01:44,  2.62it/s]  6%|▌         | 16/289 [00:06<01:44,  2.62it/s]  6%|▌         | 17/289 [00:06<01:43,  2.62it/s]  6%|▌         | 18/289 [00:06<01:43,  2.62it/s]  7%|▋         | 19/289 [00:07<01:43,  2.62it/s]  7%|▋         | 20/289 [00:07<01:42,  2.61it/s]  7%|▋         | 21/289 [00:08<01:42,  2.61it/s]  8%|▊         | 22/289 [00:08<01:42,  2.62it/s]  8%|▊         | 23/289 [00:08<01:41,  2.61it/s]  8%|▊         | 24/289 [00:09<01:41,  2.62it/s]  9%|▊         | 25/289 [00:09<01:40,  2.62it/s]  9%|▉         | 26/289 [00:09<01:40,  2.61it/s]  9%|▉         | 27/289 [00:10<01:40,  2.62it/s] 10%|▉         | 28/289 [00:10<01:39,  2.62it/s] 10%|█         | 29/289 [00:11<01:39,  2.62it/s] 10%|█         | 30/289 [00:11<01:38,  2.62it/s] 11%|█         | 31/289 [00:11<01:38,  2.63it/s] 11%|█         | 32/289 [00:12<01:37,  2.63it/s] 11%|█▏        | 33/289 [00:12<01:37,  2.63it/s] 12%|█▏        | 34/289 [00:12<01:37,  2.62it/s] 12%|█▏        | 35/289 [00:13<01:36,  2.63it/s] 12%|█▏        | 36/289 [00:13<01:36,  2.63it/s] 13%|█▎        | 37/289 [00:14<01:35,  2.63it/s] 13%|█▎        | 38/289 [00:14<01:35,  2.63it/s] 13%|█▎        | 39/289 [00:14<01:35,  2.63it/s] 14%|█▍        | 40/289 [00:15<01:34,  2.62it/s] 14%|█▍        | 41/289 [00:15<01:35,  2.60it/s] 15%|█▍        | 42/289 [00:16<01:34,  2.61it/s] 15%|█▍        | 43/289 [00:16<01:33,  2.62it/s] 15%|█▌        | 44/289 [00:16<01:33,  2.62it/s] 16%|█▌        | 45/289 [00:17<01:33,  2.61it/s] 16%|█▌        | 46/289 [00:17<01:32,  2.62it/s] 16%|█▋        | 47/289 [00:17<01:32,  2.62it/s] 17%|█▋        | 48/289 [00:18<01:31,  2.62it/s] 17%|█▋        | 49/289 [00:18<01:31,  2.63it/s] 17%|█▋        | 50/289 [00:19<01:30,  2.64it/s] 18%|█▊        | 51/289 [00:19<01:29,  2.65it/s] 18%|█▊        | 52/289 [00:19<01:29,  2.65it/s] 18%|█▊        | 53/289 [00:20<01:28,  2.66it/s] 19%|█▊        | 54/289 [00:20<01:28,  2.66it/s] 19%|█▉        | 55/289 [00:20<01:27,  2.66it/s] 19%|█▉        | 56/289 [00:21<01:27,  2.67it/s] 20%|█▉        | 57/289 [00:21<01:26,  2.67it/s] 20%|██        | 58/289 [00:22<01:26,  2.67it/s] 20%|██        | 59/289 [00:22<01:26,  2.67it/s] 21%|██        | 60/289 [00:22<01:25,  2.67it/s] 21%|██        | 61/289 [00:23<01:25,  2.67it/s] 21%|██▏       | 62/289 [00:23<01:24,  2.67it/s] 22%|██▏       | 63/289 [00:23<01:24,  2.67it/s] 22%|██▏       | 64/289 [00:24<01:24,  2.67it/s] 22%|██▏       | 65/289 [00:24<01:24,  2.65it/s] 23%|██▎       | 66/289 [00:25<01:24,  2.64it/s] 23%|██▎       | 67/289 [00:25<01:24,  2.64it/s] 24%|██▎       | 68/289 [00:25<01:23,  2.64it/s] 24%|██▍       | 69/289 [00:26<01:23,  2.64it/s] 24%|██▍       | 70/289 [00:26<01:23,  2.62it/s] 25%|██▍       | 71/289 [00:26<01:23,  2.63it/s] 25%|██▍       | 72/289 [00:27<01:23,  2.60it/s] 25%|██▌       | 73/289 [00:27<01:22,  2.61it/s] 26%|██▌       | 74/289 [00:28<01:22,  2.62it/s] 26%|██▌       | 75/289 [00:28<01:21,  2.62it/s] 26%|██▋       | 76/289 [00:28<01:21,  2.62it/s] 27%|██▋       | 77/289 [00:29<01:20,  2.63it/s] 27%|██▋       | 78/289 [00:29<01:20,  2.62it/s] 27%|██▋       | 79/289 [00:30<01:19,  2.63it/s] 28%|██▊       | 80/289 [00:30<01:19,  2.62it/s] 28%|██▊       | 81/289 [00:30<01:19,  2.62it/s] 28%|██▊       | 82/289 [00:31<01:18,  2.63it/s] 29%|██▊       | 83/289 [00:31<01:18,  2.63it/s] 29%|██▉       | 84/289 [00:31<01:18,  2.63it/s] 29%|██▉       | 85/289 [00:32<01:17,  2.63it/s] 30%|██▉       | 86/289 [00:32<01:17,  2.63it/s] 30%|███       | 87/289 [00:33<01:16,  2.63it/s] 30%|███       | 88/289 [00:33<01:16,  2.63it/s] 31%|███       | 89/289 [00:33<01:16,  2.63it/s] 31%|███       | 90/289 [00:34<01:15,  2.63it/s] 31%|███▏      | 91/289 [00:34<01:15,  2.64it/s] 32%|███▏      | 92/289 [00:34<01:14,  2.63it/s] 32%|███▏      | 93/289 [00:35<01:14,  2.64it/s] 33%|███▎      | 94/289 [00:35<01:14,  2.63it/s] 33%|███▎      | 95/289 [00:36<01:13,  2.63it/s] 33%|███▎      | 96/289 [00:36<01:13,  2.64it/s] 34%|███▎      | 97/289 [00:36<01:12,  2.63it/s] 34%|███▍      | 98/289 [00:37<01:12,  2.64it/s] 34%|███▍      | 99/289 [00:37<01:12,  2.64it/s] 35%|███▍      | 100/289 [00:38<01:11,  2.64it/s] 35%|███▍      | 101/289 [00:38<01:11,  2.64it/s] 35%|███▌      | 102/289 [00:38<01:10,  2.64it/s] 36%|███▌      | 103/289 [00:39<01:10,  2.64it/s] 36%|███▌      | 104/289 [00:39<01:10,  2.64it/s] 36%|███▋      | 105/289 [00:39<01:10,  2.63it/s] 37%|███▋      | 106/289 [00:40<01:09,  2.63it/s] 37%|███▋      | 107/289 [00:40<01:09,  2.62it/s] 37%|███▋      | 108/289 [00:41<01:08,  2.63it/s] 38%|███▊      | 109/289 [00:41<01:08,  2.63it/s] 38%|███▊      | 110/289 [00:41<01:08,  2.60it/s] 38%|███▊      | 111/289 [00:42<01:08,  2.61it/s] 39%|███▉      | 112/289 [00:42<01:07,  2.62it/s] 39%|███▉      | 113/289 [00:42<01:07,  2.62it/s] 39%|███▉      | 114/289 [00:43<01:06,  2.62it/s] 40%|███▉      | 115/289 [00:43<01:06,  2.63it/s] 40%|████      | 116/289 [00:44<01:05,  2.62it/s] 40%|████      | 117/289 [00:44<01:05,  2.63it/s] 41%|████      | 118/289 [00:44<01:05,  2.63it/s] 41%|████      | 119/289 [00:45<01:04,  2.63it/s] 42%|████▏     | 120/289 [00:45<01:04,  2.63it/s] 42%|████▏     | 121/289 [00:46<01:03,  2.63it/s] 42%|████▏     | 122/289 [00:46<01:03,  2.63it/s] 43%|████▎     | 123/289 [00:46<01:03,  2.63it/s] 43%|████▎     | 124/289 [00:47<01:02,  2.63it/s] 43%|████▎     | 125/289 [00:47<01:02,  2.63it/s] 44%|████▎     | 126/289 [00:47<01:01,  2.63it/s] 44%|████▍     | 127/289 [00:48<01:01,  2.63it/s] 44%|████▍     | 128/289 [00:48<01:01,  2.63it/s] 45%|████▍     | 129/289 [00:49<01:01,  2.62it/s] 45%|████▍     | 130/289 [00:49<01:00,  2.61it/s] 45%|████▌     | 131/289 [00:49<01:00,  2.60it/s] 46%|████▌     | 132/289 [00:50<01:00,  2.60it/s] 46%|████▌     | 133/289 [00:50<01:00,  2.60it/s] 46%|████▋     | 134/289 [00:50<00:59,  2.60it/s] 47%|████▋     | 135/289 [00:51<00:59,  2.60it/s] 47%|████▋     | 136/289 [00:51<00:58,  2.60it/s] 47%|████▋     | 137/289 [00:52<00:58,  2.60it/s] 48%|████▊     | 138/289 [00:52<00:58,  2.60it/s] 48%|████▊     | 139/289 [00:52<00:57,  2.60it/s] 48%|████▊     | 140/289 [00:53<00:57,  2.60it/s] 49%|████▉     | 141/289 [00:53<00:56,  2.60it/s] 49%|████▉     | 142/289 [00:54<00:56,  2.60it/s] 49%|████▉     | 143/289 [00:54<00:56,  2.60it/s] 50%|████▉     | 144/289 [00:54<00:55,  2.60it/s] 50%|█████     | 145/289 [00:55<00:55,  2.60it/s] 51%|█████     | 146/289 [00:55<00:54,  2.61it/s] 51%|█████     | 147/289 [00:55<00:54,  2.61it/s] 51%|█████     | 148/289 [00:56<00:54,  2.61it/s] 52%|█████▏    | 149/289 [00:56<00:53,  2.60it/s] 52%|█████▏    | 150/289 [00:57<00:53,  2.60it/s] 52%|█████▏    | 151/289 [00:57<00:52,  2.60it/s] 53%|█████▎    | 152/289 [00:57<00:52,  2.60it/s] 53%|█████▎    | 153/289 [00:58<00:52,  2.60it/s] 53%|█████▎    | 154/289 [00:58<00:51,  2.60it/s] 54%|█████▎    | 155/289 [00:59<00:51,  2.60it/s] 54%|█████▍    | 156/289 [00:59<00:51,  2.60it/s] 54%|█████▍    | 157/289 [00:59<00:50,  2.60it/s] 55%|█████▍    | 158/289 [01:00<00:50,  2.59it/s] 55%|█████▌    | 159/289 [01:00<00:50,  2.60it/s] 55%|█████▌    | 160/289 [01:00<00:49,  2.60it/s] 56%|█████▌    | 161/289 [01:01<00:49,  2.59it/s] 56%|█████▌    | 162/289 [01:01<00:48,  2.59it/s] 56%|█████▋    | 163/289 [01:02<00:48,  2.59it/s] 57%|█████▋    | 164/289 [01:02<00:48,  2.60it/s] 57%|█████▋    | 165/289 [01:02<00:48,  2.57it/s] 57%|█████▋    | 166/289 [01:03<00:47,  2.58it/s] 58%|█████▊    | 167/289 [01:03<00:47,  2.59it/s] 58%|█████▊    | 168/289 [01:04<00:46,  2.59it/s] 58%|█████▊    | 169/289 [01:04<00:46,  2.60it/s] 59%|█████▉    | 170/289 [01:04<00:45,  2.59it/s] 59%|█████▉    | 171/289 [01:05<00:45,  2.60it/s] 60%|█████▉    | 172/289 [01:05<00:45,  2.60it/s] 60%|█████▉    | 173/289 [01:05<00:44,  2.60it/s] 60%|██████    | 174/289 [01:06<00:44,  2.59it/s] 61%|██████    | 175/289 [01:06<00:43,  2.60it/s] 61%|██████    | 176/289 [01:07<00:43,  2.60it/s] 61%|██████    | 177/289 [01:07<00:43,  2.60it/s] 62%|██████▏   | 178/289 [01:07<00:42,  2.60it/s] 62%|██████▏   | 179/289 [01:08<00:42,  2.60it/s] 62%|██████▏   | 180/289 [01:08<00:41,  2.60it/s] 63%|██████▎   | 181/289 [01:09<00:41,  2.60it/s] 63%|██████▎   | 182/289 [01:09<00:41,  2.60it/s] 63%|██████▎   | 183/289 [01:09<00:40,  2.60it/s] 64%|██████▎   | 184/289 [01:10<00:40,  2.60it/s] 64%|██████▍   | 185/289 [01:10<00:39,  2.60it/s] 64%|██████▍   | 186/289 [01:11<00:39,  2.60it/s] 65%|██████▍   | 187/289 [01:11<00:39,  2.60it/s] 65%|██████▌   | 188/289 [01:11<00:38,  2.60it/s] 65%|██████▌   | 189/289 [01:12<00:38,  2.60it/s] 66%|██████▌   | 190/289 [01:12<00:38,  2.60it/s] 66%|██████▌   | 191/289 [01:12<00:37,  2.60it/s] 66%|██████▋   | 192/289 [01:13<00:37,  2.60it/s] 67%|██████▋   | 193/289 [01:13<00:36,  2.60it/s] 67%|██████▋   | 194/289 [01:14<00:36,  2.60it/s] 67%|██████▋   | 195/289 [01:14<00:36,  2.60it/s] 68%|██████▊   | 196/289 [01:14<00:35,  2.60it/s] 68%|██████▊   | 197/289 [01:15<00:35,  2.61it/s] 69%|██████▊   | 198/289 [01:15<00:34,  2.61it/s] 69%|██████▉   | 199/289 [01:15<00:34,  2.61it/s] 69%|██████▉   | 200/289 [01:16<00:34,  2.60it/s] 70%|██████▉   | 201/289 [01:16<00:33,  2.61it/s] 70%|██████▉   | 202/289 [01:17<00:33,  2.60it/s] 70%|███████   | 203/289 [01:17<00:33,  2.60it/s] 71%|███████   | 204/289 [01:17<00:32,  2.60it/s] 71%|███████   | 205/289 [01:18<00:32,  2.60it/s] 71%|███████▏  | 206/289 [01:18<00:31,  2.60it/s] 72%|███████▏  | 207/289 [01:19<00:31,  2.60it/s] 72%|███████▏  | 208/289 [01:19<00:31,  2.61it/s] 72%|███████▏  | 209/289 [01:19<00:30,  2.60it/s] 73%|███████▎  | 210/289 [01:20<00:30,  2.60it/s] 73%|███████▎  | 211/289 [01:20<00:29,  2.61it/s] 73%|███████▎  | 212/289 [01:20<00:29,  2.61it/s] 74%|███████▎  | 213/289 [01:21<00:29,  2.61it/s] 74%|███████▍  | 214/289 [01:21<00:28,  2.64it/s] 74%|███████▍  | 215/289 [01:22<00:27,  2.66it/s] 75%|███████▍  | 216/289 [01:22<00:27,  2.65it/s] 75%|███████▌  | 217/289 [01:22<00:27,  2.64it/s] 75%|███████▌  | 218/289 [01:23<00:26,  2.63it/s] 76%|███████▌  | 219/289 [01:23<00:26,  2.63it/s] 76%|███████▌  | 220/289 [01:24<00:26,  2.63it/s] 76%|███████▋  | 221/289 [01:24<00:25,  2.63it/s] 77%|███████▋  | 222/289 [01:24<00:25,  2.62it/s] 77%|███████▋  | 223/289 [01:25<00:25,  2.62it/s] 78%|███████▊  | 224/289 [01:25<00:24,  2.62it/s] 78%|███████▊  | 225/289 [01:25<00:24,  2.62it/s] 78%|███████▊  | 226/289 [01:26<00:24,  2.62it/s] 79%|███████▊  | 227/289 [01:26<00:23,  2.61it/s] 79%|███████▉  | 228/289 [01:27<00:23,  2.61it/s] 79%|███████▉  | 229/289 [01:27<00:22,  2.62it/s] 80%|███████▉  | 230/289 [01:27<00:22,  2.62it/s] 80%|███████▉  | 231/289 [01:28<00:22,  2.63it/s] 80%|████████  | 232/289 [01:28<00:21,  2.60it/s] 81%|████████  | 233/289 [01:28<00:21,  2.61it/s] 81%|████████  | 234/289 [01:29<00:21,  2.62it/s] 81%|████████▏ | 235/289 [01:29<00:20,  2.62it/s] 82%|████████▏ | 236/289 [01:30<00:20,  2.62it/s] 82%|████████▏ | 237/289 [01:30<00:20,  2.60it/s] 82%|████████▏ | 238/289 [01:30<00:19,  2.58it/s] 83%|████████▎ | 239/289 [01:31<00:19,  2.59it/s] 83%|████████▎ | 240/289 [01:31<00:18,  2.61it/s] 83%|████████▎ | 241/289 [01:32<00:18,  2.61it/s] 84%|████████▎ | 242/289 [01:32<00:17,  2.62it/s] 84%|████████▍ | 243/289 [01:32<00:17,  2.62it/s] 84%|████████▍ | 244/289 [01:33<00:17,  2.62it/s] 85%|████████▍ | 245/289 [01:33<00:16,  2.63it/s] 85%|████████▌ | 246/289 [01:33<00:16,  2.63it/s] 85%|████████▌ | 247/289 [01:34<00:15,  2.63it/s] 86%|████████▌ | 248/289 [01:34<00:15,  2.63it/s] 86%|████████▌ | 249/289 [01:35<00:15,  2.63it/s] 87%|████████▋ | 250/289 [01:35<00:14,  2.63it/s] 87%|████████▋ | 251/289 [01:35<00:14,  2.63it/s] 87%|████████▋ | 252/289 [01:36<00:14,  2.63it/s] 88%|████████▊ | 253/289 [01:36<00:13,  2.63it/s] 88%|████████▊ | 254/289 [01:37<00:13,  2.63it/s] 88%|████████▊ | 255/289 [01:37<00:12,  2.63it/s] 89%|████████▊ | 256/289 [01:37<00:12,  2.62it/s] 89%|████████▉ | 257/289 [01:38<00:12,  2.62it/s] 89%|████████▉ | 258/289 [01:38<00:11,  2.63it/s] 90%|████████▉ | 259/289 [01:38<00:11,  2.62it/s] 90%|████████▉ | 260/289 [01:39<00:11,  2.63it/s] 90%|█████████ | 261/289 [01:39<00:10,  2.63it/s] 91%|█████████ | 262/289 [01:40<00:10,  2.63it/s] 91%|█████████ | 263/289 [01:40<00:09,  2.63it/s] 91%|█████████▏| 264/289 [01:40<00:09,  2.63it/s] 92%|█████████▏| 265/289 [01:41<00:09,  2.63it/s] 92%|█████████▏| 266/289 [01:41<00:08,  2.63it/s] 92%|█████████▏| 267/289 [01:41<00:08,  2.63it/s] 93%|█████████▎| 268/289 [01:42<00:07,  2.63it/s] 93%|█████████▎| 269/289 [01:42<00:07,  2.63it/s] 93%|█████████▎| 270/289 [01:43<00:07,  2.63it/s] 94%|█████████▍| 271/289 [01:43<00:06,  2.63it/s] 94%|█████████▍| 272/289 [01:43<00:06,  2.63it/s] 94%|█████████▍| 273/289 [01:44<00:06,  2.63it/s] 95%|█████████▍| 274/289 [01:44<00:05,  2.63it/s] 95%|█████████▌| 275/289 [01:44<00:05,  2.63it/s] 96%|█████████▌| 276/289 [01:45<00:04,  2.63it/s] 96%|█████████▌| 277/289 [01:45<00:04,  2.62it/s] 96%|█████████▌| 278/289 [01:46<00:04,  2.63it/s] 97%|█████████▋| 279/289 [01:46<00:03,  2.62it/s] 97%|█████████▋| 280/289 [01:46<00:03,  2.62it/s] 97%|█████████▋| 281/289 [01:47<00:03,  2.63it/s] 98%|█████████▊| 282/289 [01:47<00:02,  2.63it/s] 98%|█████████▊| 283/289 [01:48<00:02,  2.63it/s] 98%|█████████▊| 284/289 [01:48<00:01,  2.63it/s] 99%|█████████▊| 285/289 [01:48<00:01,  2.63it/s] 99%|█████████▉| 286/289 [01:49<00:01,  2.63it/s] 99%|█████████▉| 287/289 [01:49<00:00,  2.63it/s]100%|█████████▉| 288/289 [01:49<00:00,  2.63it/s]100%|█████████▉| 288/289 [01:50<00:00,  2.61it/s]
[11/29 02:34:22 TiTok-Gen]: Data (t): 0.3243, 37.91/s/gpu Batch (t): 1.6884 LR: 0.000100 Step: 20050 Total Loss: 0.4150 Diff Loss: 0.4150 
[11/29 02:35:44 TiTok-Gen]: Data (t): 0.4237, 39.88/s/gpu Batch (t): 1.6048 LR: 0.000100 Step: 20100 Total Loss: 0.4141 Diff Loss: 0.4141 
[11/29 02:37:07 TiTok-Gen]: Data (t): 0.4614, 37.57/s/gpu Batch (t): 1.7035 LR: 0.000100 Step: 20150 Total Loss: 0.4144 Diff Loss: 0.4144 
[11/29 02:38:29 TiTok-Gen]: Data (t): 0.2482, 38.31/s/gpu Batch (t): 1.6708 LR: 0.000100 Step: 20200 Total Loss: 0.4154 Diff Loss: 0.4154 
[11/29 02:39:52 TiTok-Gen]: Data (t): 0.4274, 37.92/s/gpu Batch (t): 1.6878 LR: 0.000100 Step: 20250 Total Loss: 0.4151 Diff Loss: 0.4151 
[11/29 02:41:14 TiTok-Gen]: Data (t): 0.4330, 40.76/s/gpu Batch (t): 1.5700 LR: 0.000100 Step: 20300 Total Loss: 0.4151 Diff Loss: 0.4151 
[11/29 02:42:36 TiTok-Gen]: Data (t): 0.2491, 38.36/s/gpu Batch (t): 1.6685 LR: 0.000100 Step: 20350 Total Loss: 0.4157 Diff Loss: 0.4157 
[11/29 02:42:39 TiTok-Gen]: Epoch 32/1597 started.
[11/29 02:44:19 TiTok-Gen]: Data (t): 0.2517, 35.60/s/gpu Batch (t): 1.7975 LR: 0.000100 Step: 20400 Total Loss: 0.4142 Diff Loss: 0.4142 
[11/29 02:45:42 TiTok-Gen]: Data (t): 0.2998, 40.86/s/gpu Batch (t): 1.5665 LR: 0.000100 Step: 20450 Total Loss: 0.4152 Diff Loss: 0.4152 
[11/29 02:47:05 TiTok-Gen]: Data (t): 0.2500, 40.31/s/gpu Batch (t): 1.5878 LR: 0.000100 Step: 20500 Total Loss: 0.4148 Diff Loss: 0.4148 
[11/29 02:48:29 TiTok-Gen]: Data (t): 0.2516, 37.13/s/gpu Batch (t): 1.7237 LR: 0.000100 Step: 20550 Total Loss: 0.4146 Diff Loss: 0.4146 
[11/29 02:49:52 TiTok-Gen]: Data (t): 0.2507, 38.04/s/gpu Batch (t): 1.6823 LR: 0.000100 Step: 20600 Total Loss: 0.4149 Diff Loss: 0.4149 
[11/29 02:51:15 TiTok-Gen]: Data (t): 0.2475, 40.09/s/gpu Batch (t): 1.5963 LR: 0.000100 Step: 20650 Total Loss: 0.4143 Diff Loss: 0.4143 
[11/29 02:52:38 TiTok-Gen]: Data (t): 0.2498, 40.52/s/gpu Batch (t): 1.5793 LR: 0.000100 Step: 20700 Total Loss: 0.4152 Diff Loss: 0.4152 
[11/29 02:54:02 TiTok-Gen]: Data (t): 0.2488, 40.23/s/gpu Batch (t): 1.5907 LR: 0.000100 Step: 20750 Total Loss: 0.4151 Diff Loss: 0.4151 
[11/29 02:55:25 TiTok-Gen]: Data (t): 0.2515, 40.16/s/gpu Batch (t): 1.5937 LR: 0.000100 Step: 20800 Total Loss: 0.4154 Diff Loss: 0.4154 
[11/29 02:56:49 TiTok-Gen]: Data (t): 0.2484, 37.72/s/gpu Batch (t): 1.6968 LR: 0.000100 Step: 20850 Total Loss: 0.4146 Diff Loss: 0.4146 
[11/29 02:58:12 TiTok-Gen]: Data (t): 0.2487, 40.92/s/gpu Batch (t): 1.5642 LR: 0.000100 Step: 20900 Total Loss: 0.4150 Diff Loss: 0.4150 
[11/29 02:59:36 TiTok-Gen]: Data (t): 0.2513, 37.24/s/gpu Batch (t): 1.7186 LR: 0.000100 Step: 20950 Total Loss: 0.4155 Diff Loss: 0.4155 
[11/29 03:00:38 TiTok-Gen]: Epoch 33/1597 started.
[11/29 03:01:16 TiTok-Gen]: Data (t): 0.2654, 31.04/s/gpu Batch (t): 2.0616 LR: 0.000100 Step: 21000 Total Loss: 0.4144 Diff Loss: 0.4144 
[11/29 03:01:17 TiTok-Gen]: Generating images...
  0%|          | 0/289 [00:00<?, ?it/s]  0%|          | 1/289 [00:00<01:48,  2.65it/s]  1%|          | 2/289 [00:00<01:49,  2.62it/s]  1%|          | 3/289 [00:01<01:49,  2.60it/s]  1%|▏         | 4/289 [00:01<01:50,  2.58it/s]  2%|▏         | 5/289 [00:01<01:50,  2.58it/s]  2%|▏         | 6/289 [00:02<01:49,  2.58it/s]  2%|▏         | 7/289 [00:02<01:48,  2.59it/s]  3%|▎         | 8/289 [00:03<01:48,  2.59it/s]  3%|▎         | 9/289 [00:03<01:48,  2.59it/s]  3%|▎         | 10/289 [00:03<01:47,  2.59it/s]  4%|▍         | 11/289 [00:04<01:47,  2.59it/s]  4%|▍         | 12/289 [00:04<01:46,  2.59it/s]  4%|▍         | 13/289 [00:05<01:46,  2.59it/s]  5%|▍         | 14/289 [00:05<01:46,  2.59it/s]  5%|▌         | 15/289 [00:05<01:45,  2.59it/s]  6%|▌         | 16/289 [00:06<01:45,  2.58it/s]  6%|▌         | 17/289 [00:06<01:45,  2.59it/s]  6%|▌         | 18/289 [00:06<01:44,  2.59it/s]  7%|▋         | 19/289 [00:07<01:44,  2.59it/s]  7%|▋         | 20/289 [00:07<01:43,  2.60it/s]  7%|▋         | 21/289 [00:08<01:43,  2.60it/s]  8%|▊         | 22/289 [00:08<01:42,  2.60it/s]  8%|▊         | 23/289 [00:08<01:42,  2.60it/s]  8%|▊         | 24/289 [00:09<01:41,  2.60it/s]  9%|▊         | 25/289 [00:09<01:41,  2.60it/s]  9%|▉         | 26/289 [00:10<01:41,  2.59it/s]  9%|▉         | 27/289 [00:10<01:41,  2.58it/s] 10%|▉         | 28/289 [00:10<01:40,  2.59it/s] 10%|█         | 29/289 [00:11<01:40,  2.59it/s] 10%|█         | 30/289 [00:11<01:40,  2.59it/s] 11%|█         | 31/289 [00:11<01:39,  2.59it/s] 11%|█         | 32/289 [00:12<01:39,  2.59it/s] 11%|█▏        | 33/289 [00:12<01:38,  2.59it/s] 12%|█▏        | 34/289 [00:13<01:38,  2.60it/s] 12%|█▏        | 35/289 [00:13<01:37,  2.59it/s] 12%|█▏        | 36/289 [00:13<01:37,  2.59it/s] 13%|█▎        | 37/289 [00:14<01:36,  2.60it/s] 13%|█▎        | 38/289 [00:14<01:36,  2.60it/s] 13%|█▎        | 39/289 [00:15<01:36,  2.60it/s] 14%|█▍        | 40/289 [00:15<01:35,  2.60it/s] 14%|█▍        | 41/289 [00:15<01:35,  2.60it/s] 15%|█▍        | 42/289 [00:16<01:35,  2.60it/s] 15%|█▍        | 43/289 [00:16<01:34,  2.60it/s] 15%|█▌        | 44/289 [00:16<01:34,  2.60it/s] 16%|█▌        | 45/289 [00:17<01:33,  2.60it/s] 16%|█▌        | 46/289 [00:17<01:33,  2.60it/s] 16%|█▋        | 47/289 [00:18<01:33,  2.60it/s] 17%|█▋        | 48/289 [00:18<01:32,  2.60it/s] 17%|█▋        | 49/289 [00:18<01:32,  2.60it/s] 17%|█▋        | 50/289 [00:19<01:31,  2.60it/s] 18%|█▊        | 51/289 [00:19<01:31,  2.60it/s] 18%|█▊        | 52/289 [00:20<01:31,  2.59it/s] 18%|█▊        | 53/289 [00:20<01:30,  2.60it/s] 19%|█▊        | 54/289 [00:20<01:31,  2.58it/s] 19%|█▉        | 55/289 [00:21<01:30,  2.59it/s] 19%|█▉        | 56/289 [00:21<01:29,  2.59it/s] 20%|█▉        | 57/289 [00:21<01:29,  2.59it/s] 20%|██        | 58/289 [00:22<01:29,  2.59it/s] 20%|██        | 59/289 [00:22<01:28,  2.59it/s] 21%|██        | 60/289 [00:23<01:28,  2.59it/s] 21%|██        | 61/289 [00:23<01:27,  2.60it/s] 21%|██▏       | 62/289 [00:23<01:27,  2.60it/s] 22%|██▏       | 63/289 [00:24<01:26,  2.60it/s] 22%|██▏       | 64/289 [00:24<01:26,  2.60it/s] 22%|██▏       | 65/289 [00:25<01:26,  2.60it/s] 23%|██▎       | 66/289 [00:25<01:25,  2.60it/s] 23%|██▎       | 67/289 [00:25<01:25,  2.60it/s] 24%|██▎       | 68/289 [00:26<01:25,  2.60it/s] 24%|██▍       | 69/289 [00:26<01:24,  2.60it/s] 24%|██▍       | 70/289 [00:26<01:24,  2.60it/s] 25%|██▍       | 71/289 [00:27<01:23,  2.60it/s] 25%|██▍       | 72/289 [00:27<01:23,  2.60it/s] 25%|██▌       | 73/289 [00:28<01:22,  2.61it/s] 26%|██▌       | 74/289 [00:28<01:22,  2.60it/s] 26%|██▌       | 75/289 [00:28<01:22,  2.61it/s] 26%|██▋       | 76/289 [00:29<01:21,  2.61it/s] 27%|██▋       | 77/289 [00:29<01:21,  2.61it/s] 27%|██▋       | 78/289 [00:30<01:20,  2.61it/s] 27%|██▋       | 79/289 [00:30<01:20,  2.61it/s] 28%|██▊       | 80/289 [00:30<01:20,  2.60it/s] 28%|██▊       | 81/289 [00:31<01:19,  2.61it/s] 28%|██▊       | 82/289 [00:31<01:19,  2.61it/s] 29%|██▊       | 83/289 [00:31<01:19,  2.60it/s] 29%|██▉       | 84/289 [00:32<01:18,  2.60it/s] 29%|██▉       | 85/289 [00:32<01:18,  2.60it/s] 30%|██▉       | 86/289 [00:33<01:17,  2.60it/s] 30%|███       | 87/289 [00:33<01:17,  2.61it/s] 30%|███       | 88/289 [00:33<01:17,  2.61it/s] 31%|███       | 89/289 [00:34<01:16,  2.61it/s] 31%|███       | 90/289 [00:34<01:16,  2.60it/s] 31%|███▏      | 91/289 [00:35<01:15,  2.61it/s] 32%|███▏      | 92/289 [00:35<01:15,  2.61it/s] 32%|███▏      | 93/289 [00:35<01:15,  2.59it/s] 33%|███▎      | 94/289 [00:36<01:15,  2.60it/s] 33%|███▎      | 95/289 [00:36<01:14,  2.60it/s] 33%|███▎      | 96/289 [00:36<01:14,  2.58it/s] 34%|███▎      | 97/289 [00:37<01:14,  2.59it/s] 34%|███▍      | 98/289 [00:37<01:13,  2.59it/s] 34%|███▍      | 99/289 [00:38<01:13,  2.59it/s] 35%|███▍      | 100/289 [00:38<01:12,  2.60it/s] 35%|███▍      | 101/289 [00:38<01:12,  2.60it/s] 35%|███▌      | 102/289 [00:39<01:12,  2.59it/s] 36%|███▌      | 103/289 [00:39<01:11,  2.60it/s] 36%|███▌      | 104/289 [00:40<01:11,  2.60it/s] 36%|███▋      | 105/289 [00:40<01:10,  2.60it/s] 37%|███▋      | 106/289 [00:40<01:10,  2.60it/s] 37%|███▋      | 107/289 [00:41<01:10,  2.60it/s] 37%|███▋      | 108/289 [00:41<01:09,  2.60it/s] 38%|███▊      | 109/289 [00:41<01:09,  2.60it/s] 38%|███▊      | 110/289 [00:42<01:08,  2.60it/s] 38%|███▊      | 111/289 [00:42<01:08,  2.60it/s] 39%|███▉      | 112/289 [00:43<01:08,  2.60it/s] 39%|███▉      | 113/289 [00:43<01:07,  2.60it/s] 39%|███▉      | 114/289 [00:43<01:07,  2.60it/s] 40%|███▉      | 115/289 [00:44<01:06,  2.60it/s] 40%|████      | 116/289 [00:44<01:06,  2.60it/s] 40%|████      | 117/289 [00:45<01:06,  2.60it/s] 41%|████      | 118/289 [00:45<01:05,  2.60it/s] 41%|████      | 119/289 [00:45<01:05,  2.60it/s] 42%|████▏     | 120/289 [00:46<01:04,  2.60it/s] 42%|████▏     | 121/289 [00:46<01:04,  2.60it/s] 42%|████▏     | 122/289 [00:46<01:04,  2.61it/s] 43%|████▎     | 123/289 [00:47<01:03,  2.61it/s] 43%|████▎     | 124/289 [00:47<01:03,  2.61it/s] 43%|████▎     | 125/289 [00:48<01:02,  2.61it/s] 44%|████▎     | 126/289 [00:48<01:02,  2.61it/s] 44%|████▍     | 127/289 [00:48<01:02,  2.61it/s] 44%|████▍     | 128/289 [00:49<01:01,  2.60it/s] 45%|████▍     | 129/289 [00:49<01:01,  2.61it/s] 45%|████▍     | 130/289 [00:50<01:01,  2.61it/s] 45%|████▌     | 131/289 [00:50<01:00,  2.60it/s] 46%|████▌     | 132/289 [00:50<01:00,  2.60it/s] 46%|████▌     | 133/289 [00:51<00:59,  2.60it/s] 46%|████▋     | 134/289 [00:51<00:59,  2.61it/s] 47%|████▋     | 135/289 [00:51<00:59,  2.61it/s] 47%|████▋     | 136/289 [00:52<00:58,  2.61it/s] 47%|████▋     | 137/289 [00:52<00:58,  2.61it/s] 48%|████▊     | 138/289 [00:53<00:57,  2.61it/s] 48%|████▊     | 139/289 [00:53<00:57,  2.61it/s] 48%|████▊     | 140/289 [00:53<00:57,  2.61it/s] 49%|████▉     | 141/289 [00:54<00:56,  2.61it/s] 49%|████▉     | 142/289 [00:54<00:56,  2.61it/s] 49%|████▉     | 143/289 [00:55<00:56,  2.61it/s] 50%|████▉     | 144/289 [00:55<00:55,  2.61it/s] 50%|█████     | 145/289 [00:55<00:55,  2.61it/s] 51%|█████     | 146/289 [00:56<00:54,  2.61it/s] 51%|█████     | 147/289 [00:56<00:54,  2.60it/s] 51%|█████     | 148/289 [00:56<00:54,  2.61it/s] 52%|█████▏    | 149/289 [00:57<00:53,  2.61it/s] 52%|█████▏    | 150/289 [00:57<00:53,  2.61it/s] 52%|█████▏    | 151/289 [00:58<00:52,  2.61it/s] 53%|█████▎    | 152/289 [00:58<00:52,  2.61it/s] 53%|█████▎    | 153/289 [00:58<00:52,  2.61it/s] 53%|█████▎    | 154/289 [00:59<00:51,  2.61it/s] 54%|█████▎    | 155/289 [00:59<00:51,  2.61it/s] 54%|█████▍    | 156/289 [00:59<00:51,  2.61it/s] 54%|█████▍    | 157/289 [01:00<00:50,  2.60it/s] 55%|█████▍    | 158/289 [01:00<00:50,  2.60it/s] 55%|█████▌    | 159/289 [01:01<00:49,  2.60it/s] 55%|█████▌    | 160/289 [01:01<00:49,  2.61it/s] 56%|█████▌    | 161/289 [01:01<00:49,  2.61it/s] 56%|█████▌    | 162/289 [01:02<00:49,  2.59it/s] 56%|█████▋    | 163/289 [01:02<00:48,  2.59it/s] 57%|█████▋    | 164/289 [01:03<00:48,  2.60it/s] 57%|█████▋    | 165/289 [01:03<00:47,  2.60it/s] 57%|█████▋    | 166/289 [01:03<00:47,  2.60it/s] 58%|█████▊    | 167/289 [01:04<00:46,  2.60it/s] 58%|█████▊    | 168/289 [01:04<00:46,  2.61it/s] 58%|█████▊    | 169/289 [01:04<00:46,  2.61it/s] 59%|█████▉    | 170/289 [01:05<00:45,  2.61it/s] 59%|█████▉    | 171/289 [01:05<00:45,  2.61it/s] 60%|█████▉    | 172/289 [01:06<00:44,  2.60it/s] 60%|█████▉    | 173/289 [01:06<00:44,  2.60it/s] 60%|██████    | 174/289 [01:06<00:44,  2.60it/s] 61%|██████    | 175/289 [01:07<00:43,  2.60it/s] 61%|██████    | 176/289 [01:07<00:43,  2.61it/s] 61%|██████    | 177/289 [01:08<00:43,  2.60it/s] 62%|██████▏   | 178/289 [01:08<00:42,  2.60it/s] 62%|██████▏   | 179/289 [01:08<00:42,  2.60it/s] 62%|██████▏   | 180/289 [01:09<00:41,  2.60it/s] 63%|██████▎   | 181/289 [01:09<00:41,  2.61it/s] 63%|██████▎   | 182/289 [01:09<00:41,  2.61it/s] 63%|██████▎   | 183/289 [01:10<00:40,  2.61it/s] 64%|██████▎   | 184/289 [01:10<00:40,  2.61it/s] 64%|██████▍   | 185/289 [01:11<00:39,  2.61it/s] 64%|██████▍   | 186/289 [01:11<00:39,  2.60it/s] 65%|██████▍   | 187/289 [01:11<00:39,  2.60it/s] 65%|██████▌   | 188/289 [01:12<00:38,  2.60it/s] 65%|██████▌   | 189/289 [01:12<00:38,  2.60it/s] 66%|██████▌   | 190/289 [01:13<00:37,  2.61it/s] 66%|██████▌   | 191/289 [01:13<00:37,  2.60it/s] 66%|██████▋   | 192/289 [01:13<00:37,  2.61it/s] 67%|██████▋   | 193/289 [01:14<00:36,  2.61it/s] 67%|██████▋   | 194/289 [01:14<00:36,  2.61it/s] 67%|██████▋   | 195/289 [01:14<00:35,  2.61it/s] 68%|██████▊   | 196/289 [01:15<00:35,  2.61it/s] 68%|██████▊   | 197/289 [01:15<00:35,  2.61it/s] 69%|██████▊   | 198/289 [01:16<00:34,  2.61it/s] 69%|██████▉   | 199/289 [01:16<00:34,  2.61it/s] 69%|██████▉   | 200/289 [01:16<00:34,  2.61it/s] 70%|██████▉   | 201/289 [01:17<00:33,  2.61it/s] 70%|██████▉   | 202/289 [01:17<00:33,  2.61it/s] 70%|███████   | 203/289 [01:18<00:33,  2.61it/s] 71%|███████   | 204/289 [01:18<00:32,  2.61it/s] 71%|███████   | 205/289 [01:18<00:32,  2.61it/s] 71%|███████▏  | 206/289 [01:19<00:31,  2.61it/s] 72%|███████▏  | 207/289 [01:19<00:31,  2.61it/s] 72%|███████▏  | 208/289 [01:19<00:31,  2.61it/s] 72%|███████▏  | 209/289 [01:20<00:30,  2.61it/s] 73%|███████▎  | 210/289 [01:20<00:30,  2.61it/s] 73%|███████▎  | 211/289 [01:21<00:29,  2.60it/s] 73%|███████▎  | 212/289 [01:21<00:29,  2.60it/s] 74%|███████▎  | 213/289 [01:21<00:29,  2.61it/s] 74%|███████▍  | 214/289 [01:22<00:28,  2.61it/s] 74%|███████▍  | 215/289 [01:22<00:28,  2.61it/s] 75%|███████▍  | 216/289 [01:23<00:28,  2.60it/s] 75%|███████▌  | 217/289 [01:23<00:27,  2.60it/s] 75%|███████▌  | 218/289 [01:23<00:27,  2.61it/s] 76%|███████▌  | 219/289 [01:24<00:26,  2.61it/s] 76%|███████▌  | 220/289 [01:24<00:26,  2.61it/s] 76%|███████▋  | 221/289 [01:24<00:26,  2.61it/s] 77%|███████▋  | 222/289 [01:25<00:25,  2.61it/s] 77%|███████▋  | 223/289 [01:25<00:25,  2.61it/s] 78%|███████▊  | 224/289 [01:26<00:24,  2.61it/s] 78%|███████▊  | 225/289 [01:26<00:24,  2.60it/s] 78%|███████▊  | 226/289 [01:26<00:24,  2.60it/s] 79%|███████▊  | 227/289 [01:27<00:23,  2.60it/s] 79%|███████▉  | 228/289 [01:27<00:23,  2.61it/s] 79%|███████▉  | 229/289 [01:28<00:23,  2.61it/s] 80%|███████▉  | 230/289 [01:28<00:22,  2.61it/s] 80%|███████▉  | 231/289 [01:28<00:22,  2.60it/s] 80%|████████  | 232/289 [01:29<00:21,  2.60it/s] 81%|████████  | 233/289 [01:29<00:21,  2.61it/s] 81%|████████  | 234/289 [01:29<00:21,  2.61it/s] 81%|████████▏ | 235/289 [01:30<00:20,  2.61it/s] 82%|████████▏ | 236/289 [01:30<00:20,  2.59it/s] 82%|████████▏ | 237/289 [01:31<00:20,  2.60it/s] 82%|████████▏ | 238/289 [01:31<00:19,  2.60it/s] 83%|████████▎ | 239/289 [01:31<00:19,  2.60it/s] 83%|████████▎ | 240/289 [01:32<00:18,  2.61it/s] 83%|████████▎ | 241/289 [01:32<00:18,  2.61it/s] 84%|████████▎ | 242/289 [01:33<00:18,  2.60it/s] 84%|████████▍ | 243/289 [01:33<00:17,  2.61it/s] 84%|████████▍ | 244/289 [01:33<00:17,  2.61it/s] 85%|████████▍ | 245/289 [01:34<00:16,  2.61it/s] 85%|████████▌ | 246/289 [01:34<00:16,  2.61it/s] 85%|████████▌ | 247/289 [01:34<00:16,  2.60it/s] 86%|████████▌ | 248/289 [01:35<00:15,  2.60it/s] 86%|████████▌ | 249/289 [01:35<00:15,  2.60it/s] 87%|████████▋ | 250/289 [01:36<00:14,  2.60it/s] 87%|████████▋ | 251/289 [01:36<00:14,  2.60it/s] 87%|████████▋ | 252/289 [01:36<00:14,  2.60it/s] 88%|████████▊ | 253/289 [01:37<00:13,  2.60it/s] 88%|████████▊ | 254/289 [01:37<00:13,  2.60it/s] 88%|████████▊ | 255/289 [01:38<00:13,  2.60it/s] 89%|████████▊ | 256/289 [01:38<00:12,  2.60it/s] 89%|████████▉ | 257/289 [01:38<00:12,  2.60it/s] 89%|████████▉ | 258/289 [01:39<00:11,  2.60it/s] 90%|████████▉ | 259/289 [01:39<00:11,  2.60it/s] 90%|████████▉ | 260/289 [01:39<00:11,  2.60it/s] 90%|█████████ | 261/289 [01:40<00:10,  2.60it/s] 91%|█████████ | 262/289 [01:40<00:10,  2.60it/s] 91%|█████████ | 263/289 [01:41<00:10,  2.60it/s] 91%|█████████▏| 264/289 [01:41<00:09,  2.60it/s] 92%|█████████▏| 265/289 [01:41<00:09,  2.60it/s] 92%|█████████▏| 266/289 [01:42<00:08,  2.60it/s] 92%|█████████▏| 267/289 [01:42<00:08,  2.60it/s] 93%|█████████▎| 268/289 [01:43<00:08,  2.61it/s] 93%|█████████▎| 269/289 [01:43<00:07,  2.61it/s] 93%|█████████▎| 270/289 [01:43<00:07,  2.61it/s] 94%|█████████▍| 271/289 [01:44<00:06,  2.61it/s] 94%|█████████▍| 272/289 [01:44<00:06,  2.61it/s] 94%|█████████▍| 273/289 [01:44<00:06,  2.61it/s] 95%|█████████▍| 274/289 [01:45<00:05,  2.61it/s] 95%|█████████▌| 275/289 [01:45<00:05,  2.61it/s] 96%|█████████▌| 276/289 [01:46<00:04,  2.61it/s] 96%|█████████▌| 277/289 [01:46<00:04,  2.60it/s] 96%|█████████▌| 278/289 [01:46<00:04,  2.61it/s] 97%|█████████▋| 279/289 [01:47<00:03,  2.61it/s] 97%|█████████▋| 280/289 [01:47<00:03,  2.61it/s] 97%|█████████▋| 281/289 [01:47<00:03,  2.61it/s] 98%|█████████▊| 282/289 [01:48<00:02,  2.61it/s] 98%|█████████▊| 283/289 [01:48<00:02,  2.61it/s] 98%|█████████▊| 284/289 [01:49<00:01,  2.61it/s] 99%|█████████▊| 285/289 [01:49<00:01,  2.61it/s] 99%|█████████▉| 286/289 [01:49<00:01,  2.61it/s] 99%|█████████▉| 287/289 [01:50<00:00,  2.60it/s]100%|█████████▉| 288/289 [01:50<00:00,  2.60it/s]100%|█████████▉| 288/289 [01:51<00:00,  2.59it/s]
[11/29 03:04:33 TiTok-Gen]: Data (t): 0.2472, 36.92/s/gpu Batch (t): 1.7337 LR: 0.000100 Step: 21050 Total Loss: 0.4148 Diff Loss: 0.4148 
[11/29 03:05:56 TiTok-Gen]: Data (t): 0.2473, 40.80/s/gpu Batch (t): 1.5687 LR: 0.000100 Step: 21100 Total Loss: 0.4135 Diff Loss: 0.4135 
[11/29 03:07:19 TiTok-Gen]: Data (t): 0.2672, 39.79/s/gpu Batch (t): 1.6084 LR: 0.000100 Step: 21150 Total Loss: 0.4144 Diff Loss: 0.4144 
[11/29 03:08:41 TiTok-Gen]: Data (t): 0.2533, 39.82/s/gpu Batch (t): 1.6071 LR: 0.000100 Step: 21200 Total Loss: 0.4141 Diff Loss: 0.4141 
[11/29 03:10:04 TiTok-Gen]: Data (t): 0.2490, 39.79/s/gpu Batch (t): 1.6084 LR: 0.000100 Step: 21250 Total Loss: 0.4141 Diff Loss: 0.4141 
[11/29 03:11:27 TiTok-Gen]: Data (t): 0.2552, 36.12/s/gpu Batch (t): 1.7718 LR: 0.000100 Step: 21300 Total Loss: 0.4138 Diff Loss: 0.4138 
[11/29 03:12:49 TiTok-Gen]: Data (t): 0.2477, 37.50/s/gpu Batch (t): 1.7065 LR: 0.000100 Step: 21350 Total Loss: 0.4144 Diff Loss: 0.4144 
[11/29 03:14:12 TiTok-Gen]: Data (t): 0.2535, 39.81/s/gpu Batch (t): 1.6078 LR: 0.000100 Step: 21400 Total Loss: 0.4142 Diff Loss: 0.4142 
[11/29 03:16:09 TiTok-Gen]: Data (t): 0.2507, 39.87/s/gpu Batch (t): 1.6051 LR: 0.000100 Step: 21450 Total Loss: 0.4151 Diff Loss: 0.4151 
[11/29 03:17:31 TiTok-Gen]: Data (t): 0.2492, 40.75/s/gpu Batch (t): 1.5707 LR: 0.000100 Step: 21500 Total Loss: 0.4146 Diff Loss: 0.4146 
[11/29 03:18:53 TiTok-Gen]: Data (t): 0.2505, 37.66/s/gpu Batch (t): 1.6995 LR: 0.000100 Step: 21550 Total Loss: 0.4143 Diff Loss: 0.4143 
[11/29 03:20:16 TiTok-Gen]: Data (t): 0.2667, 39.68/s/gpu Batch (t): 1.6129 LR: 0.000100 Step: 21600 Total Loss: 0.4138 Diff Loss: 0.4138 
[11/29 03:20:55 TiTok-Gen]: Epoch 34/1597 started.
[11/29 03:21:57 TiTok-Gen]: Data (t): 0.2689, 39.66/s/gpu Batch (t): 1.6136 LR: 0.000100 Step: 21650 Total Loss: 0.4140 Diff Loss: 0.4140 
[11/29 03:23:19 TiTok-Gen]: Data (t): 0.3147, 39.42/s/gpu Batch (t): 1.6234 LR: 0.000100 Step: 21700 Total Loss: 0.4147 Diff Loss: 0.4147 
[11/29 03:24:42 TiTok-Gen]: Data (t): 0.3033, 37.30/s/gpu Batch (t): 1.7156 LR: 0.000100 Step: 21750 Total Loss: 0.4139 Diff Loss: 0.4139 
[11/29 03:26:05 TiTok-Gen]: Data (t): 0.2534, 39.84/s/gpu Batch (t): 1.6064 LR: 0.000100 Step: 21800 Total Loss: 0.4138 Diff Loss: 0.4138 
[11/29 03:27:28 TiTok-Gen]: Data (t): 0.2489, 40.90/s/gpu Batch (t): 1.5649 LR: 0.000100 Step: 21850 Total Loss: 0.4141 Diff Loss: 0.4141 
[11/29 03:28:50 TiTok-Gen]: Data (t): 0.2470, 37.88/s/gpu Batch (t): 1.6894 LR: 0.000100 Step: 21900 Total Loss: 0.4150 Diff Loss: 0.4150 
[11/29 03:30:13 TiTok-Gen]: Data (t): 0.3205, 40.21/s/gpu Batch (t): 1.5915 LR: 0.000100 Step: 21950 Total Loss: 0.4134 Diff Loss: 0.4134 
[11/29 03:31:36 TiTok-Gen]: Data (t): 0.2884, 33.76/s/gpu Batch (t): 1.8956 LR: 0.000100 Step: 22000 Total Loss: 0.4132 Diff Loss: 0.4132 
[11/29 03:31:37 TiTok-Gen]: Generating images...
  0%|          | 0/289 [00:00<?, ?it/s]  0%|          | 1/289 [00:00<01:47,  2.69it/s]  1%|          | 2/289 [00:00<01:48,  2.64it/s]  1%|          | 3/289 [00:01<01:48,  2.62it/s]  1%|▏         | 4/289 [00:01<01:49,  2.61it/s]  2%|▏         | 5/289 [00:01<01:48,  2.61it/s]  2%|▏         | 6/289 [00:02<01:48,  2.62it/s]  2%|▏         | 7/289 [00:02<01:47,  2.62it/s]  3%|▎         | 8/289 [00:03<01:47,  2.62it/s]  3%|▎         | 9/289 [00:03<01:46,  2.62it/s]  3%|▎         | 10/289 [00:03<01:46,  2.62it/s]  4%|▍         | 11/289 [00:04<01:46,  2.62it/s]  4%|▍         | 12/289 [00:04<01:45,  2.62it/s]  4%|▍         | 13/289 [00:04<01:45,  2.62it/s]  5%|▍         | 14/289 [00:05<01:44,  2.62it/s]  5%|▌         | 15/289 [00:05<01:44,  2.62it/s]  6%|▌         | 16/289 [00:06<01:44,  2.62it/s]  6%|▌         | 17/289 [00:06<01:43,  2.62it/s]  6%|▌         | 18/289 [00:06<01:43,  2.62it/s]  7%|▋         | 19/289 [00:07<01:43,  2.62it/s]  7%|▋         | 20/289 [00:07<01:42,  2.62it/s]  7%|▋         | 21/289 [00:08<01:42,  2.62it/s]  8%|▊         | 22/289 [00:08<01:41,  2.62it/s]  8%|▊         | 23/289 [00:08<01:41,  2.62it/s]  8%|▊         | 24/289 [00:09<01:40,  2.62it/s]  9%|▊         | 25/289 [00:09<01:40,  2.62it/s]  9%|▉         | 26/289 [00:09<01:40,  2.63it/s]  9%|▉         | 27/289 [00:10<01:39,  2.63it/s] 10%|▉         | 28/289 [00:10<01:39,  2.62it/s] 10%|█         | 29/289 [00:11<01:39,  2.62it/s] 10%|█         | 30/289 [00:11<01:38,  2.63it/s] 11%|█         | 31/289 [00:11<01:38,  2.63it/s] 11%|█         | 32/289 [00:12<01:37,  2.62it/s] 11%|█▏        | 33/289 [00:12<01:37,  2.63it/s] 12%|█▏        | 34/289 [00:12<01:37,  2.62it/s] 12%|█▏        | 35/289 [00:13<01:36,  2.63it/s] 12%|█▏        | 36/289 [00:13<01:36,  2.62it/s] 13%|█▎        | 37/289 [00:14<01:35,  2.63it/s] 13%|█▎        | 38/289 [00:14<01:35,  2.63it/s] 13%|█▎        | 39/289 [00:14<01:35,  2.63it/s] 14%|█▍        | 40/289 [00:15<01:34,  2.63it/s] 14%|█▍        | 41/289 [00:15<01:34,  2.63it/s] 15%|█▍        | 42/289 [00:16<01:33,  2.63it/s] 15%|█▍        | 43/289 [00:16<01:33,  2.63it/s] 15%|█▌        | 44/289 [00:16<01:33,  2.63it/s] 16%|█▌        | 45/289 [00:17<01:32,  2.63it/s] 16%|█▌        | 46/289 [00:17<01:32,  2.63it/s] 16%|█▋        | 47/289 [00:17<01:32,  2.63it/s] 17%|█▋        | 48/289 [00:18<01:31,  2.63it/s] 17%|█▋        | 49/289 [00:18<01:31,  2.62it/s] 17%|█▋        | 50/289 [00:19<01:31,  2.62it/s] 18%|█▊        | 51/289 [00:19<01:31,  2.60it/s] 18%|█▊        | 52/289 [00:19<01:30,  2.61it/s] 18%|█▊        | 53/289 [00:20<01:30,  2.62it/s] 19%|█▊        | 54/289 [00:20<01:29,  2.62it/s] 19%|█▉        | 55/289 [00:20<01:29,  2.62it/s] 19%|█▉        | 56/289 [00:21<01:28,  2.62it/s] 20%|█▉        | 57/289 [00:21<01:28,  2.62it/s] 20%|██        | 58/289 [00:22<01:28,  2.62it/s] 20%|██        | 59/289 [00:22<01:27,  2.62it/s] 21%|██        | 60/289 [00:22<01:27,  2.62it/s] 21%|██        | 61/289 [00:23<01:26,  2.63it/s] 21%|██▏       | 62/289 [00:23<01:26,  2.63it/s] 22%|██▏       | 63/289 [00:24<01:26,  2.63it/s] 22%|██▏       | 64/289 [00:24<01:25,  2.63it/s] 22%|██▏       | 65/289 [00:24<01:25,  2.63it/s] 23%|██▎       | 66/289 [00:25<01:24,  2.63it/s] 23%|██▎       | 67/289 [00:25<01:24,  2.63it/s] 24%|██▎       | 68/289 [00:25<01:24,  2.63it/s] 24%|██▍       | 69/289 [00:26<01:23,  2.63it/s] 24%|██▍       | 70/289 [00:26<01:23,  2.63it/s] 25%|██▍       | 71/289 [00:27<01:22,  2.63it/s] 25%|██▍       | 72/289 [00:27<01:22,  2.64it/s] 25%|██▌       | 73/289 [00:27<01:21,  2.63it/s] 26%|██▌       | 74/289 [00:28<01:21,  2.64it/s] 26%|██▌       | 75/289 [00:28<01:21,  2.64it/s] 26%|██▋       | 76/289 [00:28<01:20,  2.64it/s] 27%|██▋       | 77/289 [00:29<01:20,  2.64it/s] 27%|██▋       | 78/289 [00:29<01:20,  2.64it/s] 27%|██▋       | 79/289 [00:30<01:19,  2.63it/s] 28%|██▊       | 80/289 [00:30<01:19,  2.61it/s] 28%|██▊       | 81/289 [00:30<01:20,  2.59it/s] 28%|██▊       | 82/289 [00:31<01:20,  2.59it/s] 29%|██▊       | 83/289 [00:31<01:19,  2.58it/s] 29%|██▉       | 84/289 [00:32<01:19,  2.59it/s] 29%|██▉       | 85/289 [00:32<01:18,  2.59it/s] 30%|██▉       | 86/289 [00:32<01:18,  2.60it/s] 30%|███       | 87/289 [00:33<01:17,  2.61it/s] 30%|███       | 88/289 [00:33<01:17,  2.61it/s] 31%|███       | 89/289 [00:33<01:16,  2.62it/s] 31%|███       | 90/289 [00:34<01:15,  2.62it/s] 31%|███▏      | 91/289 [00:34<01:16,  2.60it/s] 32%|███▏      | 92/289 [00:35<01:15,  2.61it/s] 32%|███▏      | 93/289 [00:35<01:14,  2.62it/s] 33%|███▎      | 94/289 [00:35<01:14,  2.62it/s] 33%|███▎      | 95/289 [00:36<01:13,  2.62it/s] 33%|███▎      | 96/289 [00:36<01:13,  2.63it/s] 34%|███▎      | 97/289 [00:36<01:13,  2.62it/s] 34%|███▍      | 98/289 [00:37<01:12,  2.63it/s] 34%|███▍      | 99/289 [00:37<01:12,  2.63it/s] 35%|███▍      | 100/289 [00:38<01:11,  2.63it/s] 35%|███▍      | 101/289 [00:38<01:11,  2.63it/s] 35%|███▌      | 102/289 [00:38<01:11,  2.63it/s] 36%|███▌      | 103/289 [00:39<01:10,  2.63it/s] 36%|███▌      | 104/289 [00:39<01:10,  2.63it/s] 36%|███▋      | 105/289 [00:40<01:09,  2.63it/s] 37%|███▋      | 106/289 [00:40<01:09,  2.63it/s] 37%|███▋      | 107/289 [00:40<01:09,  2.63it/s] 37%|███▋      | 108/289 [00:41<01:08,  2.63it/s] 38%|███▊      | 109/289 [00:41<01:08,  2.63it/s] 38%|███▊      | 110/289 [00:41<01:08,  2.63it/s] 38%|███▊      | 111/289 [00:42<01:07,  2.63it/s] 39%|███▉      | 112/289 [00:42<01:07,  2.63it/s] 39%|███▉      | 113/289 [00:43<01:06,  2.63it/s] 39%|███▉      | 114/289 [00:43<01:06,  2.63it/s] 40%|███▉      | 115/289 [00:43<01:06,  2.64it/s] 40%|████      | 116/289 [00:44<01:05,  2.64it/s] 40%|████      | 117/289 [00:44<01:05,  2.63it/s] 41%|████      | 118/289 [00:44<01:04,  2.63it/s] 41%|████      | 119/289 [00:45<01:04,  2.63it/s] 42%|████▏     | 120/289 [00:45<01:04,  2.64it/s] 42%|████▏     | 121/289 [00:46<01:03,  2.64it/s] 42%|████▏     | 122/289 [00:46<01:03,  2.63it/s] 43%|████▎     | 123/289 [00:46<01:03,  2.63it/s] 43%|████▎     | 124/289 [00:47<01:02,  2.63it/s] 43%|████▎     | 125/289 [00:47<01:02,  2.63it/s] 44%|████▎     | 126/289 [00:48<01:01,  2.63it/s] 44%|████▍     | 127/289 [00:48<01:01,  2.63it/s] 44%|████▍     | 128/289 [00:48<01:01,  2.64it/s] 45%|████▍     | 129/289 [00:49<01:00,  2.64it/s] 45%|████▍     | 130/289 [00:49<01:00,  2.64it/s] 45%|████▌     | 131/289 [00:49<00:59,  2.63it/s] 46%|████▌     | 132/289 [00:50<00:59,  2.63it/s] 46%|████▌     | 133/289 [00:50<00:59,  2.63it/s] 46%|████▋     | 134/289 [00:51<00:58,  2.63it/s] 47%|████▋     | 135/289 [00:51<00:58,  2.63it/s] 47%|████▋     | 136/289 [00:51<00:58,  2.64it/s] 47%|████▋     | 137/289 [00:52<00:57,  2.64it/s] 48%|████▊     | 138/289 [00:52<00:57,  2.64it/s] 48%|████▊     | 139/289 [00:52<00:56,  2.64it/s] 48%|████▊     | 140/289 [00:53<00:56,  2.64it/s] 49%|████▉     | 141/289 [00:53<00:56,  2.64it/s] 49%|████▉     | 142/289 [00:54<00:55,  2.64it/s] 49%|████▉     | 143/289 [00:54<00:55,  2.64it/s] 50%|████▉     | 144/289 [00:54<00:55,  2.64it/s] 50%|█████     | 145/289 [00:55<00:54,  2.64it/s] 51%|█████     | 146/289 [00:55<00:54,  2.64it/s] 51%|█████     | 147/289 [00:55<00:53,  2.64it/s] 51%|█████     | 148/289 [00:56<00:53,  2.64it/s] 52%|█████▏    | 149/289 [00:56<00:53,  2.62it/s] 52%|█████▏    | 150/289 [00:57<00:52,  2.63it/s] 52%|█████▏    | 151/289 [00:57<00:52,  2.63it/s] 53%|█████▎    | 152/289 [00:57<00:52,  2.63it/s] 53%|█████▎    | 153/289 [00:58<00:51,  2.63it/s] 53%|█████▎    | 154/289 [00:58<00:51,  2.61it/s] 54%|█████▎    | 155/289 [00:59<00:51,  2.62it/s] 54%|█████▍    | 156/289 [00:59<00:50,  2.63it/s] 54%|█████▍    | 157/289 [00:59<00:50,  2.63it/s] 55%|█████▍    | 158/289 [01:00<00:49,  2.63it/s] 55%|█████▌    | 159/289 [01:00<00:49,  2.63it/s] 55%|█████▌    | 160/289 [01:00<00:48,  2.64it/s] 56%|█████▌    | 161/289 [01:01<00:48,  2.64it/s] 56%|█████▌    | 162/289 [01:01<00:48,  2.63it/s] 56%|█████▋    | 163/289 [01:02<00:47,  2.63it/s] 57%|█████▋    | 164/289 [01:02<00:47,  2.62it/s] 57%|█████▋    | 165/289 [01:02<00:47,  2.63it/s] 57%|█████▋    | 166/289 [01:03<00:46,  2.63it/s] 58%|█████▊    | 167/289 [01:03<00:46,  2.63it/s] 58%|█████▊    | 168/289 [01:03<00:46,  2.63it/s] 58%|█████▊    | 169/289 [01:04<00:45,  2.63it/s] 59%|█████▉    | 170/289 [01:04<00:45,  2.63it/s] 59%|█████▉    | 171/289 [01:05<00:44,  2.63it/s] 60%|█████▉    | 172/289 [01:05<00:44,  2.64it/s] 60%|█████▉    | 173/289 [01:05<00:44,  2.63it/s] 60%|██████    | 174/289 [01:06<00:43,  2.63it/s] 61%|██████    | 175/289 [01:06<00:43,  2.63it/s] 61%|██████    | 176/289 [01:07<00:42,  2.63it/s] 61%|██████    | 177/289 [01:07<00:42,  2.63it/s] 62%|██████▏   | 178/289 [01:07<00:42,  2.63it/s] 62%|██████▏   | 179/289 [01:08<00:41,  2.63it/s] 62%|██████▏   | 180/289 [01:08<00:41,  2.63it/s] 63%|██████▎   | 181/289 [01:08<00:41,  2.63it/s] 63%|██████▎   | 182/289 [01:09<00:40,  2.63it/s] 63%|██████▎   | 183/289 [01:09<00:40,  2.63it/s] 64%|██████▎   | 184/289 [01:10<00:39,  2.63it/s] 64%|██████▍   | 185/289 [01:10<00:39,  2.63it/s] 64%|██████▍   | 186/289 [01:10<00:39,  2.63it/s] 65%|██████▍   | 187/289 [01:11<00:38,  2.64it/s] 65%|██████▌   | 188/289 [01:11<00:38,  2.63it/s] 65%|██████▌   | 189/289 [01:11<00:37,  2.63it/s] 66%|██████▌   | 190/289 [01:12<00:37,  2.63it/s] 66%|██████▌   | 191/289 [01:12<00:37,  2.64it/s] 66%|██████▋   | 192/289 [01:13<00:36,  2.64it/s] 67%|██████▋   | 193/289 [01:13<00:36,  2.63it/s] 67%|██████▋   | 194/289 [01:13<00:36,  2.64it/s] 67%|██████▋   | 195/289 [01:14<00:35,  2.64it/s] 68%|██████▊   | 196/289 [01:14<00:35,  2.64it/s] 68%|██████▊   | 197/289 [01:14<00:34,  2.64it/s] 69%|██████▊   | 198/289 [01:15<00:34,  2.64it/s] 69%|██████▉   | 199/289 [01:15<00:34,  2.64it/s] 69%|██████▉   | 200/289 [01:16<00:33,  2.64it/s] 70%|██████▉   | 201/289 [01:16<00:33,  2.64it/s] 70%|██████▉   | 202/289 [01:16<00:32,  2.64it/s] 70%|███████   | 203/289 [01:17<00:32,  2.63it/s] 71%|███████   | 204/289 [01:17<00:32,  2.64it/s] 71%|███████   | 205/289 [01:18<00:31,  2.64it/s] 71%|███████▏  | 206/289 [01:18<00:31,  2.64it/s] 72%|███████▏  | 207/289 [01:18<00:31,  2.64it/s] 72%|███████▏  | 208/289 [01:19<00:30,  2.63it/s] 72%|███████▏  | 209/289 [01:19<00:30,  2.63it/s] 73%|███████▎  | 210/289 [01:19<00:29,  2.63it/s] 73%|███████▎  | 211/289 [01:20<00:29,  2.63it/s] 73%|███████▎  | 212/289 [01:20<00:29,  2.63it/s] 74%|███████▎  | 213/289 [01:21<00:28,  2.63it/s] 74%|███████▍  | 214/289 [01:21<00:28,  2.63it/s] 74%|███████▍  | 215/289 [01:21<00:28,  2.63it/s] 75%|███████▍  | 216/289 [01:22<00:27,  2.63it/s] 75%|███████▌  | 217/289 [01:22<00:27,  2.63it/s] 75%|███████▌  | 218/289 [01:22<00:27,  2.63it/s] 76%|███████▌  | 219/289 [01:23<00:26,  2.63it/s] 76%|███████▌  | 220/289 [01:23<00:26,  2.64it/s] 76%|███████▋  | 221/289 [01:24<00:25,  2.64it/s] 77%|███████▋  | 222/289 [01:24<00:25,  2.64it/s] 77%|███████▋  | 223/289 [01:24<00:25,  2.63it/s] 78%|███████▊  | 224/289 [01:25<00:24,  2.63it/s] 78%|███████▊  | 225/289 [01:25<00:24,  2.63it/s] 78%|███████▊  | 226/289 [01:25<00:23,  2.63it/s] 79%|███████▊  | 227/289 [01:26<00:23,  2.63it/s] 79%|███████▉  | 228/289 [01:26<00:23,  2.63it/s] 79%|███████▉  | 229/289 [01:27<00:22,  2.61it/s] 80%|███████▉  | 230/289 [01:27<00:22,  2.62it/s] 80%|███████▉  | 231/289 [01:27<00:22,  2.62it/s] 80%|████████  | 232/289 [01:28<00:21,  2.63it/s] 81%|████████  | 233/289 [01:28<00:21,  2.63it/s] 81%|████████  | 234/289 [01:29<00:20,  2.63it/s] 81%|████████▏ | 235/289 [01:29<00:20,  2.63it/s] 82%|████████▏ | 236/289 [01:29<00:20,  2.63it/s] 82%|████████▏ | 237/289 [01:30<00:19,  2.62it/s] 82%|████████▏ | 238/289 [01:30<00:19,  2.62it/s] 83%|████████▎ | 239/289 [01:30<00:19,  2.61it/s] 83%|████████▎ | 240/289 [01:31<00:18,  2.62it/s] 83%|████████▎ | 241/289 [01:31<00:18,  2.61it/s] 84%|████████▎ | 242/289 [01:32<00:17,  2.62it/s] 84%|████████▍ | 243/289 [01:32<00:17,  2.62it/s] 84%|████████▍ | 244/289 [01:32<00:17,  2.62it/s] 85%|████████▍ | 245/289 [01:33<00:16,  2.62it/s] 85%|████████▌ | 246/289 [01:33<00:16,  2.62it/s] 85%|████████▌ | 247/289 [01:34<00:15,  2.63it/s] 86%|████████▌ | 248/289 [01:34<00:15,  2.63it/s] 86%|████████▌ | 249/289 [01:34<00:15,  2.63it/s] 87%|████████▋ | 250/289 [01:35<00:14,  2.62it/s] 87%|████████▋ | 251/289 [01:35<00:14,  2.63it/s] 87%|████████▋ | 252/289 [01:35<00:14,  2.63it/s] 88%|████████▊ | 253/289 [01:36<00:13,  2.62it/s] 88%|████████▊ | 254/289 [01:36<00:13,  2.62it/s] 88%|████████▊ | 255/289 [01:37<00:12,  2.62it/s] 89%|████████▊ | 256/289 [01:37<00:12,  2.62it/s] 89%|████████▉ | 257/289 [01:37<00:12,  2.62it/s] 89%|████████▉ | 258/289 [01:38<00:11,  2.62it/s] 90%|████████▉ | 259/289 [01:38<00:11,  2.62it/s] 90%|████████▉ | 260/289 [01:38<00:11,  2.62it/s] 90%|█████████ | 261/289 [01:39<00:10,  2.63it/s] 91%|█████████ | 262/289 [01:39<00:10,  2.63it/s] 91%|█████████ | 263/289 [01:40<00:09,  2.63it/s] 91%|█████████▏| 264/289 [01:40<00:09,  2.63it/s] 92%|█████████▏| 265/289 [01:40<00:09,  2.63it/s] 92%|█████████▏| 266/289 [01:41<00:08,  2.64it/s] 92%|█████████▏| 267/289 [01:41<00:08,  2.64it/s] 93%|█████████▎| 268/289 [01:41<00:07,  2.64it/s] 93%|█████████▎| 269/289 [01:42<00:07,  2.63it/s] 93%|█████████▎| 270/289 [01:42<00:07,  2.64it/s] 94%|█████████▍| 271/289 [01:43<00:06,  2.64it/s] 94%|█████████▍| 272/289 [01:43<00:06,  2.64it/s] 94%|█████████▍| 273/289 [01:43<00:06,  2.64it/s] 95%|█████████▍| 274/289 [01:44<00:05,  2.63it/s] 95%|█████████▌| 275/289 [01:44<00:05,  2.63it/s] 96%|█████████▌| 276/289 [01:45<00:04,  2.64it/s] 96%|█████████▌| 277/289 [01:45<00:04,  2.64it/s] 96%|█████████▌| 278/289 [01:45<00:04,  2.64it/s] 97%|█████████▋| 279/289 [01:46<00:03,  2.64it/s] 97%|█████████▋| 280/289 [01:46<00:03,  2.64it/s] 97%|█████████▋| 281/289 [01:46<00:03,  2.64it/s] 98%|█████████▊| 282/289 [01:47<00:02,  2.64it/s] 98%|█████████▊| 283/289 [01:47<00:02,  2.64it/s] 98%|█████████▊| 284/289 [01:48<00:01,  2.63it/s] 99%|█████████▊| 285/289 [01:48<00:01,  2.63it/s] 99%|█████████▉| 286/289 [01:48<00:01,  2.63it/s] 99%|█████████▉| 287/289 [01:49<00:00,  2.63it/s]100%|█████████▉| 288/289 [01:49<00:00,  2.64it/s]100%|█████████▉| 288/289 [01:49<00:00,  2.62it/s]
[11/29 03:34:50 TiTok-Gen]: Data (t): 0.4486, 40.18/s/gpu Batch (t): 1.5929 LR: 0.000100 Step: 22050 Total Loss: 0.4147 Diff Loss: 0.4147 
[11/29 03:36:12 TiTok-Gen]: Data (t): 0.2469, 35.45/s/gpu Batch (t): 1.8055 LR: 0.000100 Step: 22100 Total Loss: 0.4136 Diff Loss: 0.4136 
[11/29 03:37:36 TiTok-Gen]: Data (t): 0.4280, 36.92/s/gpu Batch (t): 1.7336 LR: 0.000100 Step: 22150 Total Loss: 0.4142 Diff Loss: 0.4142 
[11/29 03:38:59 TiTok-Gen]: Data (t): 0.4256, 37.05/s/gpu Batch (t): 1.7275 LR: 0.000100 Step: 22200 Total Loss: 0.4152 Diff Loss: 0.4152 
[11/29 03:40:21 TiTok-Gen]: Data (t): 0.2465, 37.41/s/gpu Batch (t): 1.7107 LR: 0.000100 Step: 22250 Total Loss: 0.4138 Diff Loss: 0.4138 
[11/29 03:40:37 TiTok-Gen]: Epoch 35/1597 started.
[11/29 03:42:04 TiTok-Gen]: Data (t): 0.4380, 40.31/s/gpu Batch (t): 1.5875 LR: 0.000100 Step: 22300 Total Loss: 0.4144 Diff Loss: 0.4144 
[11/29 03:43:26 TiTok-Gen]: Data (t): 0.4240, 36.86/s/gpu Batch (t): 1.7363 LR: 0.000100 Step: 22350 Total Loss: 0.4135 Diff Loss: 0.4135 
[11/29 03:44:49 TiTok-Gen]: Data (t): 0.2492, 36.93/s/gpu Batch (t): 1.7331 LR: 0.000100 Step: 22400 Total Loss: 0.4137 Diff Loss: 0.4137 
[11/29 03:46:12 TiTok-Gen]: Data (t): 0.4349, 36.34/s/gpu Batch (t): 1.7613 LR: 0.000100 Step: 22450 Total Loss: 0.4139 Diff Loss: 0.4139 
[11/29 03:47:35 TiTok-Gen]: Data (t): 0.4256, 40.91/s/gpu Batch (t): 1.5646 LR: 0.000100 Step: 22500 Total Loss: 0.4131 Diff Loss: 0.4131 
[11/29 03:48:57 TiTok-Gen]: Data (t): 0.2672, 38.08/s/gpu Batch (t): 1.6807 LR: 0.000100 Step: 22550 Total Loss: 0.4140 Diff Loss: 0.4140 
[11/29 03:50:20 TiTok-Gen]: Data (t): 0.4215, 39.97/s/gpu Batch (t): 1.6011 LR: 0.000100 Step: 22600 Total Loss: 0.4152 Diff Loss: 0.4152 
[11/29 03:51:42 TiTok-Gen]: Data (t): 0.4530, 37.94/s/gpu Batch (t): 1.6867 LR: 0.000100 Step: 22650 Total Loss: 0.4142 Diff Loss: 0.4142 
[11/29 03:53:05 TiTok-Gen]: Data (t): 0.3393, 36.52/s/gpu Batch (t): 1.7523 LR: 0.000100 Step: 22700 Total Loss: 0.4139 Diff Loss: 0.4139 
[11/29 03:54:27 TiTok-Gen]: Data (t): 0.5256, 39.34/s/gpu Batch (t): 1.6269 LR: 0.000100 Step: 22750 Total Loss: 0.4128 Diff Loss: 0.4128 
[11/29 03:55:49 TiTok-Gen]: Data (t): 0.5359, 39.26/s/gpu Batch (t): 1.6301 LR: 0.000100 Step: 22800 Total Loss: 0.4138 Diff Loss: 0.4138 
[11/29 03:57:12 TiTok-Gen]: Data (t): 0.2506, 37.36/s/gpu Batch (t): 1.7131 LR: 0.000100 Step: 22850 Total Loss: 0.4142 Diff Loss: 0.4142 
[11/29 03:58:28 TiTok-Gen]: Epoch 36/1597 started.
[11/29 03:58:52 TiTok-Gen]: Data (t): 0.4830, 37.42/s/gpu Batch (t): 1.7102 LR: 0.000100 Step: 22900 Total Loss: 0.4134 Diff Loss: 0.4134 
[11/29 04:00:16 TiTok-Gen]: Data (t): 0.4457, 40.76/s/gpu Batch (t): 1.5702 LR: 0.000100 Step: 22950 Total Loss: 0.4135 Diff Loss: 0.4135 
[11/29 04:01:39 TiTok-Gen]: Data (t): 0.4314, 33.76/s/gpu Batch (t): 1.8955 LR: 0.000100 Step: 23000 Total Loss: 0.4134 Diff Loss: 0.4134 
[11/29 04:01:40 TiTok-Gen]: Generating images...
  0%|          | 0/289 [00:00<?, ?it/s]  0%|          | 1/289 [00:00<01:48,  2.65it/s]  1%|          | 2/289 [00:00<01:50,  2.60it/s]  1%|          | 3/289 [00:01<01:50,  2.59it/s]  1%|▏         | 4/289 [00:01<01:50,  2.59it/s]  2%|▏         | 5/289 [00:01<01:49,  2.58it/s]  2%|▏         | 6/289 [00:02<01:49,  2.59it/s]  2%|▏         | 7/289 [00:02<01:49,  2.59it/s]  3%|▎         | 8/289 [00:03<01:48,  2.58it/s]  3%|▎         | 9/289 [00:03<01:48,  2.58it/s]  3%|▎         | 10/289 [00:03<01:48,  2.58it/s]  4%|▍         | 11/289 [00:04<01:47,  2.58it/s]  4%|▍         | 12/289 [00:04<01:47,  2.58it/s]  4%|▍         | 13/289 [00:05<01:47,  2.58it/s]  5%|▍         | 14/289 [00:05<01:47,  2.55it/s]  5%|▌         | 15/289 [00:05<01:48,  2.53it/s]  6%|▌         | 16/289 [00:06<01:49,  2.50it/s]  6%|▌         | 17/289 [00:06<01:49,  2.49it/s]  6%|▌         | 18/289 [00:07<01:49,  2.48it/s]  7%|▋         | 19/289 [00:07<01:49,  2.47it/s]  7%|▋         | 20/289 [00:07<01:47,  2.49it/s]  7%|▋         | 21/289 [00:08<01:46,  2.52it/s]  8%|▊         | 22/289 [00:08<01:45,  2.54it/s]  8%|▊         | 23/289 [00:09<01:44,  2.55it/s]  8%|▊         | 24/289 [00:09<01:43,  2.56it/s]  9%|▊         | 25/289 [00:09<01:42,  2.57it/s]  9%|▉         | 26/289 [00:10<01:42,  2.57it/s]  9%|▉         | 27/289 [00:10<01:41,  2.58it/s] 10%|▉         | 28/289 [00:10<01:41,  2.58it/s] 10%|█         | 29/289 [00:11<01:41,  2.57it/s] 10%|█         | 30/289 [00:11<01:40,  2.58it/s] 11%|█         | 31/289 [00:12<01:40,  2.57it/s] 11%|█         | 32/289 [00:12<01:39,  2.57it/s] 11%|█▏        | 33/289 [00:12<01:39,  2.58it/s] 12%|█▏        | 34/289 [00:13<01:39,  2.57it/s] 12%|█▏        | 35/289 [00:13<01:38,  2.58it/s] 12%|█▏        | 36/289 [00:14<01:38,  2.58it/s] 13%|█▎        | 37/289 [00:14<01:37,  2.58it/s] 13%|█▎        | 38/289 [00:14<01:37,  2.58it/s] 13%|█▎        | 39/289 [00:15<01:36,  2.58it/s] 14%|█▍        | 40/289 [00:15<01:36,  2.58it/s] 14%|█▍        | 41/289 [00:15<01:35,  2.58it/s] 15%|█▍        | 42/289 [00:16<01:35,  2.59it/s] 15%|█▍        | 43/289 [00:16<01:35,  2.59it/s] 15%|█▌        | 44/289 [00:17<01:34,  2.59it/s] 16%|█▌        | 45/289 [00:17<01:35,  2.56it/s] 16%|█▌        | 46/289 [00:17<01:35,  2.53it/s] 16%|█▋        | 47/289 [00:18<01:36,  2.51it/s] 17%|█▋        | 48/289 [00:18<01:36,  2.50it/s] 17%|█▋        | 49/289 [00:19<01:35,  2.52it/s] 17%|█▋        | 50/289 [00:19<01:34,  2.54it/s] 18%|█▊        | 51/289 [00:19<01:33,  2.56it/s] 18%|█▊        | 52/289 [00:20<01:32,  2.57it/s] 18%|█▊        | 53/289 [00:20<01:31,  2.58it/s] 19%|█▊        | 54/289 [00:21<01:31,  2.57it/s] 19%|█▉        | 55/289 [00:21<01:30,  2.58it/s] 19%|█▉        | 56/289 [00:21<01:30,  2.56it/s] 20%|█▉        | 57/289 [00:22<01:30,  2.57it/s] 20%|██        | 58/289 [00:22<01:29,  2.58it/s] 20%|██        | 59/289 [00:23<01:29,  2.58it/s] 21%|██        | 60/289 [00:23<01:28,  2.58it/s] 21%|██        | 61/289 [00:23<01:28,  2.58it/s] 21%|██▏       | 62/289 [00:24<01:27,  2.58it/s] 22%|██▏       | 63/289 [00:24<01:27,  2.59it/s] 22%|██▏       | 64/289 [00:24<01:26,  2.59it/s] 22%|██▏       | 65/289 [00:25<01:26,  2.59it/s] 23%|██▎       | 66/289 [00:25<01:26,  2.59it/s] 23%|██▎       | 67/289 [00:26<01:25,  2.58it/s] 24%|██▎       | 68/289 [00:26<01:25,  2.58it/s] 24%|██▍       | 69/289 [00:26<01:25,  2.59it/s] 24%|██▍       | 70/289 [00:27<01:25,  2.56it/s] 25%|██▍       | 71/289 [00:27<01:26,  2.53it/s] 25%|██▍       | 72/289 [00:28<01:25,  2.55it/s] 25%|██▌       | 73/289 [00:28<01:24,  2.57it/s] 26%|██▌       | 74/289 [00:28<01:23,  2.58it/s] 26%|██▌       | 75/289 [00:29<01:22,  2.59it/s] 26%|██▋       | 76/289 [00:29<01:22,  2.59it/s] 27%|██▋       | 77/289 [00:30<01:21,  2.60it/s] 27%|██▋       | 78/289 [00:30<01:21,  2.60it/s] 27%|██▋       | 79/289 [00:30<01:20,  2.60it/s] 28%|██▊       | 80/289 [00:31<01:20,  2.60it/s] 28%|██▊       | 81/289 [00:31<01:19,  2.60it/s] 28%|██▊       | 82/289 [00:31<01:19,  2.60it/s] 29%|██▊       | 83/289 [00:32<01:19,  2.60it/s] 29%|██▉       | 84/289 [00:32<01:18,  2.60it/s] 29%|██▉       | 85/289 [00:33<01:18,  2.60it/s] 30%|██▉       | 86/289 [00:33<01:17,  2.61it/s] 30%|███       | 87/289 [00:33<01:17,  2.61it/s] 30%|███       | 88/289 [00:34<01:17,  2.61it/s] 31%|███       | 89/289 [00:34<01:16,  2.61it/s] 31%|███       | 90/289 [00:34<01:16,  2.61it/s] 31%|███▏      | 91/289 [00:35<01:15,  2.61it/s] 32%|███▏      | 92/289 [00:35<01:15,  2.60it/s] 32%|███▏      | 93/289 [00:36<01:15,  2.60it/s] 33%|███▎      | 94/289 [00:36<01:14,  2.60it/s] 33%|███▎      | 95/289 [00:36<01:14,  2.60it/s] 33%|███▎      | 96/289 [00:37<01:14,  2.59it/s] 34%|███▎      | 97/289 [00:37<01:14,  2.59it/s] 34%|███▍      | 98/289 [00:38<01:13,  2.60it/s] 34%|███▍      | 99/289 [00:38<01:13,  2.60it/s] 35%|███▍      | 100/289 [00:38<01:12,  2.60it/s] 35%|███▍      | 101/289 [00:39<01:12,  2.60it/s] 35%|███▌      | 102/289 [00:39<01:12,  2.59it/s] 36%|███▌      | 103/289 [00:40<01:11,  2.60it/s] 36%|███▌      | 104/289 [00:40<01:11,  2.60it/s] 36%|███▋      | 105/289 [00:40<01:10,  2.60it/s] 37%|███▋      | 106/289 [00:41<01:10,  2.60it/s] 37%|███▋      | 107/289 [00:41<01:10,  2.60it/s] 37%|███▋      | 108/289 [00:41<01:09,  2.60it/s] 38%|███▊      | 109/289 [00:42<01:09,  2.60it/s] 38%|███▊      | 110/289 [00:42<01:08,  2.60it/s] 38%|███▊      | 111/289 [00:43<01:08,  2.60it/s] 39%|███▉      | 112/289 [00:43<01:08,  2.60it/s] 39%|███▉      | 113/289 [00:43<01:07,  2.60it/s] 39%|███▉      | 114/289 [00:44<01:07,  2.60it/s] 40%|███▉      | 115/289 [00:44<01:06,  2.60it/s] 40%|████      | 116/289 [00:45<01:06,  2.60it/s] 40%|████      | 117/289 [00:45<01:06,  2.60it/s] 41%|████      | 118/289 [00:45<01:05,  2.60it/s] 41%|████      | 119/289 [00:46<01:05,  2.60it/s] 42%|████▏     | 120/289 [00:46<01:04,  2.60it/s] 42%|████▏     | 121/289 [00:46<01:04,  2.60it/s] 42%|████▏     | 122/289 [00:47<01:04,  2.61it/s] 43%|████▎     | 123/289 [00:47<01:03,  2.61it/s] 43%|████▎     | 124/289 [00:48<01:03,  2.61it/s] 43%|████▎     | 125/289 [00:48<01:02,  2.61it/s] 44%|████▎     | 126/289 [00:48<01:02,  2.60it/s] 44%|████▍     | 127/289 [00:49<01:02,  2.61it/s] 44%|████▍     | 128/289 [00:49<01:01,  2.61it/s] 45%|████▍     | 129/289 [00:49<01:01,  2.61it/s] 45%|████▍     | 130/289 [00:50<01:01,  2.60it/s] 45%|████▌     | 131/289 [00:50<01:00,  2.61it/s] 46%|████▌     | 132/289 [00:51<01:00,  2.61it/s] 46%|████▌     | 133/289 [00:51<00:59,  2.61it/s] 46%|████▋     | 134/289 [00:51<00:59,  2.61it/s] 47%|████▋     | 135/289 [00:52<00:59,  2.61it/s] 47%|████▋     | 136/289 [00:52<00:58,  2.61it/s] 47%|████▋     | 137/289 [00:53<00:58,  2.61it/s] 48%|████▊     | 138/289 [00:53<00:57,  2.61it/s] 48%|████▊     | 139/289 [00:53<00:57,  2.61it/s] 48%|████▊     | 140/289 [00:54<00:57,  2.60it/s] 49%|████▉     | 141/289 [00:54<00:56,  2.60it/s] 49%|████▉     | 142/289 [00:54<00:56,  2.60it/s] 49%|████▉     | 143/289 [00:55<00:56,  2.60it/s] 50%|████▉     | 144/289 [00:55<00:55,  2.60it/s] 50%|█████     | 145/289 [00:56<00:55,  2.60it/s] 51%|█████     | 146/289 [00:56<00:54,  2.61it/s] 51%|█████     | 147/289 [00:56<00:54,  2.61it/s] 51%|█████     | 148/289 [00:57<00:54,  2.61it/s] 52%|█████▏    | 149/289 [00:57<00:53,  2.60it/s] 52%|█████▏    | 150/289 [00:58<00:53,  2.60it/s] 52%|█████▏    | 151/289 [00:58<00:53,  2.60it/s] 53%|█████▎    | 152/289 [00:58<00:52,  2.60it/s] 53%|█████▎    | 153/289 [00:59<00:52,  2.59it/s] 53%|█████▎    | 154/289 [00:59<00:51,  2.60it/s] 54%|█████▎    | 155/289 [00:59<00:51,  2.60it/s] 54%|█████▍    | 156/289 [01:00<00:51,  2.60it/s] 54%|█████▍    | 157/289 [01:00<00:50,  2.60it/s] 55%|█████▍    | 158/289 [01:01<00:50,  2.58it/s] 55%|█████▌    | 159/289 [01:01<00:50,  2.59it/s] 55%|█████▌    | 160/289 [01:01<00:49,  2.60it/s] 56%|█████▌    | 161/289 [01:02<00:49,  2.60it/s] 56%|█████▌    | 162/289 [01:02<00:48,  2.60it/s] 56%|█████▋    | 163/289 [01:03<00:48,  2.60it/s] 57%|█████▋    | 164/289 [01:03<00:48,  2.60it/s] 57%|█████▋    | 165/289 [01:03<00:47,  2.60it/s] 57%|█████▋    | 166/289 [01:04<00:47,  2.60it/s] 58%|█████▊    | 167/289 [01:04<00:46,  2.60it/s] 58%|█████▊    | 168/289 [01:04<00:46,  2.60it/s] 58%|█████▊    | 169/289 [01:05<00:46,  2.60it/s] 59%|█████▉    | 170/289 [01:05<00:45,  2.60it/s] 59%|█████▉    | 171/289 [01:06<00:45,  2.60it/s] 60%|█████▉    | 172/289 [01:06<00:45,  2.59it/s] 60%|█████▉    | 173/289 [01:06<00:44,  2.59it/s] 60%|██████    | 174/289 [01:07<00:44,  2.60it/s] 61%|██████    | 175/289 [01:07<00:43,  2.60it/s] 61%|██████    | 176/289 [01:08<00:43,  2.60it/s] 61%|██████    | 177/289 [01:08<00:43,  2.60it/s] 62%|██████▏   | 178/289 [01:08<00:42,  2.60it/s] 62%|██████▏   | 179/289 [01:09<00:42,  2.60it/s] 62%|██████▏   | 180/289 [01:09<00:41,  2.60it/s] 63%|██████▎   | 181/289 [01:09<00:41,  2.60it/s] 63%|██████▎   | 182/289 [01:10<00:41,  2.60it/s] 63%|██████▎   | 183/289 [01:10<00:40,  2.60it/s] 64%|██████▎   | 184/289 [01:11<00:40,  2.60it/s] 64%|██████▍   | 185/289 [01:11<00:40,  2.60it/s] 64%|██████▍   | 186/289 [01:11<00:39,  2.60it/s] 65%|██████▍   | 187/289 [01:12<00:39,  2.60it/s] 65%|██████▌   | 188/289 [01:12<00:38,  2.60it/s] 65%|██████▌   | 189/289 [01:13<00:38,  2.61it/s] 66%|██████▌   | 190/289 [01:13<00:37,  2.61it/s] 66%|██████▌   | 191/289 [01:13<00:37,  2.61it/s] 66%|██████▋   | 192/289 [01:14<00:37,  2.61it/s] 67%|██████▋   | 193/289 [01:14<00:36,  2.61it/s] 67%|██████▋   | 194/289 [01:14<00:36,  2.61it/s] 67%|██████▋   | 195/289 [01:15<00:35,  2.61it/s] 68%|██████▊   | 196/289 [01:15<00:35,  2.61it/s] 68%|██████▊   | 197/289 [01:16<00:35,  2.60it/s] 69%|██████▊   | 198/289 [01:16<00:34,  2.60it/s] 69%|██████▉   | 199/289 [01:16<00:34,  2.60it/s] 69%|██████▉   | 200/289 [01:17<00:34,  2.60it/s] 70%|██████▉   | 201/289 [01:17<00:33,  2.60it/s] 70%|██████▉   | 202/289 [01:18<00:33,  2.60it/s] 70%|███████   | 203/289 [01:18<00:33,  2.60it/s] 71%|███████   | 204/289 [01:18<00:32,  2.60it/s] 71%|███████   | 205/289 [01:19<00:32,  2.60it/s] 71%|███████▏  | 206/289 [01:19<00:31,  2.60it/s] 72%|███████▏  | 207/289 [01:19<00:31,  2.60it/s] 72%|███████▏  | 208/289 [01:20<00:31,  2.61it/s] 72%|███████▏  | 209/289 [01:20<00:30,  2.61it/s] 73%|███████▎  | 210/289 [01:21<00:30,  2.61it/s] 73%|███████▎  | 211/289 [01:21<00:29,  2.61it/s] 73%|███████▎  | 212/289 [01:21<00:29,  2.60it/s] 74%|███████▎  | 213/289 [01:22<00:29,  2.60it/s] 74%|███████▍  | 214/289 [01:22<00:28,  2.60it/s] 74%|███████▍  | 215/289 [01:23<00:28,  2.60it/s] 75%|███████▍  | 216/289 [01:23<00:28,  2.60it/s] 75%|███████▌  | 217/289 [01:23<00:27,  2.60it/s] 75%|███████▌  | 218/289 [01:24<00:27,  2.60it/s] 76%|███████▌  | 219/289 [01:24<00:26,  2.60it/s] 76%|███████▌  | 220/289 [01:24<00:26,  2.60it/s] 76%|███████▋  | 221/289 [01:25<00:26,  2.60it/s] 77%|███████▋  | 222/289 [01:25<00:25,  2.60it/s] 77%|███████▋  | 223/289 [01:26<00:25,  2.60it/s] 78%|███████▊  | 224/289 [01:26<00:24,  2.61it/s] 78%|███████▊  | 225/289 [01:26<00:24,  2.61it/s] 78%|███████▊  | 226/289 [01:27<00:24,  2.59it/s] 79%|███████▊  | 227/289 [01:27<00:23,  2.59it/s] 79%|███████▉  | 228/289 [01:28<00:23,  2.59it/s] 79%|███████▉  | 229/289 [01:28<00:23,  2.59it/s] 80%|███████▉  | 230/289 [01:28<00:22,  2.59it/s] 80%|███████▉  | 231/289 [01:29<00:22,  2.60it/s] 80%|████████  | 232/289 [01:29<00:22,  2.58it/s] 81%|████████  | 233/289 [01:29<00:21,  2.59it/s] 81%|████████  | 234/289 [01:30<00:21,  2.60it/s] 81%|████████▏ | 235/289 [01:30<00:20,  2.60it/s] 82%|████████▏ | 236/289 [01:31<00:20,  2.60it/s] 82%|████████▏ | 237/289 [01:31<00:19,  2.61it/s] 82%|████████▏ | 238/289 [01:31<00:19,  2.61it/s] 83%|████████▎ | 239/289 [01:32<00:19,  2.61it/s] 83%|████████▎ | 240/289 [01:32<00:18,  2.61it/s] 83%|████████▎ | 241/289 [01:33<00:18,  2.61it/s] 84%|████████▎ | 242/289 [01:33<00:18,  2.60it/s] 84%|████████▍ | 243/289 [01:33<00:17,  2.60it/s] 84%|████████▍ | 244/289 [01:34<00:17,  2.60it/s] 85%|████████▍ | 245/289 [01:34<00:16,  2.60it/s] 85%|████████▌ | 246/289 [01:34<00:16,  2.61it/s] 85%|████████▌ | 247/289 [01:35<00:16,  2.60it/s] 86%|████████▌ | 248/289 [01:35<00:15,  2.60it/s] 86%|████████▌ | 249/289 [01:36<00:15,  2.60it/s] 87%|████████▋ | 250/289 [01:36<00:14,  2.61it/s] 87%|████████▋ | 251/289 [01:36<00:14,  2.61it/s] 87%|████████▋ | 252/289 [01:37<00:14,  2.61it/s] 88%|████████▊ | 253/289 [01:37<00:13,  2.59it/s] 88%|████████▊ | 254/289 [01:38<00:14,  2.49it/s] 88%|████████▊ | 255/289 [01:38<00:13,  2.54it/s] 89%|████████▊ | 256/289 [01:38<00:12,  2.57it/s] 89%|████████▉ | 257/289 [01:39<00:12,  2.58it/s] 89%|████████▉ | 258/289 [01:39<00:11,  2.60it/s] 90%|████████▉ | 259/289 [01:39<00:11,  2.61it/s] 90%|████████▉ | 260/289 [01:40<00:11,  2.61it/s] 90%|█████████ | 261/289 [01:40<00:10,  2.62it/s] 91%|█████████ | 262/289 [01:41<00:10,  2.62it/s] 91%|█████████ | 263/289 [01:41<00:09,  2.63it/s] 91%|█████████▏| 264/289 [01:41<00:09,  2.63it/s] 92%|█████████▏| 265/289 [01:42<00:09,  2.63it/s] 92%|█████████▏| 266/289 [01:42<00:08,  2.64it/s] 92%|█████████▏| 267/289 [01:43<00:08,  2.63it/s] 93%|█████████▎| 268/289 [01:43<00:07,  2.63it/s] 93%|█████████▎| 269/289 [01:43<00:07,  2.63it/s] 93%|█████████▎| 270/289 [01:44<00:07,  2.64it/s] 94%|█████████▍| 271/289 [01:44<00:06,  2.64it/s] 94%|█████████▍| 272/289 [01:44<00:06,  2.63it/s] 94%|█████████▍| 273/289 [01:45<00:06,  2.63it/s] 95%|█████████▍| 274/289 [01:45<00:05,  2.64it/s] 95%|█████████▌| 275/289 [01:46<00:05,  2.64it/s] 96%|█████████▌| 276/289 [01:46<00:04,  2.64it/s] 96%|█████████▌| 277/289 [01:46<00:04,  2.63it/s] 96%|█████████▌| 278/289 [01:47<00:04,  2.63it/s] 97%|█████████▋| 279/289 [01:47<00:03,  2.63it/s] 97%|█████████▋| 280/289 [01:47<00:03,  2.64it/s] 97%|█████████▋| 281/289 [01:48<00:03,  2.64it/s] 98%|█████████▊| 282/289 [01:48<00:02,  2.63it/s] 98%|█████████▊| 283/289 [01:49<00:02,  2.63it/s] 98%|█████████▊| 284/289 [01:49<00:01,  2.64it/s] 99%|█████████▊| 285/289 [01:49<00:01,  2.64it/s] 99%|█████████▉| 286/289 [01:50<00:01,  2.64it/s] 99%|█████████▉| 287/289 [01:50<00:00,  2.63it/s]100%|█████████▉| 288/289 [01:51<00:00,  2.63it/s]100%|█████████▉| 288/289 [01:51<00:00,  2.59it/s]
[11/29 04:04:55 TiTok-Gen]: Data (t): 0.2478, 36.59/s/gpu Batch (t): 1.7489 LR: 0.000100 Step: 23050 Total Loss: 0.4143 Diff Loss: 0.4143 
[11/29 04:06:18 TiTok-Gen]: Data (t): 0.2794, 36.77/s/gpu Batch (t): 1.7403 LR: 0.000100 Step: 23100 Total Loss: 0.4135 Diff Loss: 0.4135 
[11/29 04:07:40 TiTok-Gen]: Data (t): 0.2656, 37.66/s/gpu Batch (t): 1.6993 LR: 0.000100 Step: 23150 Total Loss: 0.4132 Diff Loss: 0.4132 
[11/29 04:09:03 TiTok-Gen]: Data (t): 0.2507, 40.58/s/gpu Batch (t): 1.5772 LR: 0.000100 Step: 23200 Total Loss: 0.4126 Diff Loss: 0.4126 
[11/29 04:10:26 TiTok-Gen]: Data (t): 0.2507, 37.71/s/gpu Batch (t): 1.6970 LR: 0.000100 Step: 23250 Total Loss: 0.4139 Diff Loss: 0.4139 
[11/29 04:11:48 TiTok-Gen]: Data (t): 0.2485, 41.51/s/gpu Batch (t): 1.5417 LR: 0.000100 Step: 23300 Total Loss: 0.4140 Diff Loss: 0.4140 
[11/29 04:13:11 TiTok-Gen]: Data (t): 0.2463, 40.32/s/gpu Batch (t): 1.5875 LR: 0.000100 Step: 23350 Total Loss: 0.4126 Diff Loss: 0.4126 
[11/29 04:14:34 TiTok-Gen]: Data (t): 0.2471, 35.28/s/gpu Batch (t): 1.8143 LR: 0.000100 Step: 23400 Total Loss: 0.4129 Diff Loss: 0.4129 
[11/29 04:15:56 TiTok-Gen]: Data (t): 0.2519, 40.98/s/gpu Batch (t): 1.5619 LR: 0.000100 Step: 23450 Total Loss: 0.4144 Diff Loss: 0.4144 
[11/29 04:17:18 TiTok-Gen]: Data (t): 0.2507, 38.21/s/gpu Batch (t): 1.6751 LR: 0.000100 Step: 23500 Total Loss: 0.4134 Diff Loss: 0.4134 
[11/29 04:18:10 TiTok-Gen]: Epoch 37/1597 started.
[11/29 04:19:00 TiTok-Gen]: Data (t): 0.2518, 39.08/s/gpu Batch (t): 1.6376 LR: 0.000100 Step: 23550 Total Loss: 0.4123 Diff Loss: 0.4123 
[11/29 04:20:23 TiTok-Gen]: Data (t): 0.4409, 40.22/s/gpu Batch (t): 1.5913 LR: 0.000100 Step: 23600 Total Loss: 0.4141 Diff Loss: 0.4141 
[11/29 04:21:45 TiTok-Gen]: Data (t): 0.4567, 40.29/s/gpu Batch (t): 1.5885 LR: 0.000100 Step: 23650 Total Loss: 0.4129 Diff Loss: 0.4129 
[11/29 04:23:07 TiTok-Gen]: Data (t): 0.4729, 38.16/s/gpu Batch (t): 1.6773 LR: 0.000100 Step: 23700 Total Loss: 0.4127 Diff Loss: 0.4127 
[11/29 04:24:29 TiTok-Gen]: Data (t): 0.4462, 40.26/s/gpu Batch (t): 1.5897 LR: 0.000100 Step: 23750 Total Loss: 0.4133 Diff Loss: 0.4133 
[11/29 04:25:52 TiTok-Gen]: Data (t): 0.4883, 38.95/s/gpu Batch (t): 1.6433 LR: 0.000100 Step: 23800 Total Loss: 0.4129 Diff Loss: 0.4129 
[11/29 04:27:14 TiTok-Gen]: Data (t): 0.4572, 40.30/s/gpu Batch (t): 1.5879 LR: 0.000100 Step: 23850 Total Loss: 0.4122 Diff Loss: 0.4122 
[11/29 04:28:36 TiTok-Gen]: Data (t): 0.4147, 41.17/s/gpu Batch (t): 1.5546 LR: 0.000100 Step: 23900 Total Loss: 0.4124 Diff Loss: 0.4124 
[11/29 04:29:59 TiTok-Gen]: Data (t): 0.4388, 37.80/s/gpu Batch (t): 1.6931 LR: 0.000100 Step: 23950 Total Loss: 0.4131 Diff Loss: 0.4131 
[11/29 04:31:21 TiTok-Gen]: Data (t): 0.4640, 29.96/s/gpu Batch (t): 2.1361 LR: 0.000100 Step: 24000 Total Loss: 0.4124 Diff Loss: 0.4124 
[11/29 04:31:23 TiTok-Gen]: Generating images...
  0%|          | 0/289 [00:00<?, ?it/s]  0%|          | 1/289 [00:00<01:47,  2.68it/s]  1%|          | 2/289 [00:00<01:48,  2.64it/s]  1%|          | 3/289 [00:01<01:48,  2.63it/s]  1%|▏         | 4/289 [00:01<01:48,  2.62it/s]  2%|▏         | 5/289 [00:01<01:48,  2.62it/s]  2%|▏         | 6/289 [00:02<01:48,  2.62it/s]  2%|▏         | 7/289 [00:02<01:47,  2.62it/s]  3%|▎         | 8/289 [00:03<01:47,  2.62it/s]  3%|▎         | 9/289 [00:03<01:47,  2.61it/s]  3%|▎         | 10/289 [00:03<01:46,  2.61it/s]  4%|▍         | 11/289 [00:04<01:46,  2.61it/s]  4%|▍         | 12/289 [00:04<01:46,  2.61it/s]  4%|▍         | 13/289 [00:04<01:45,  2.62it/s]  5%|▍         | 14/289 [00:05<01:45,  2.61it/s]  5%|▌         | 15/289 [00:05<01:44,  2.61it/s]  6%|▌         | 16/289 [00:06<01:44,  2.62it/s]  6%|▌         | 17/289 [00:06<01:43,  2.62it/s]  6%|▌         | 18/289 [00:06<01:43,  2.62it/s]  7%|▋         | 19/289 [00:07<01:43,  2.62it/s]  7%|▋         | 20/289 [00:07<01:42,  2.62it/s]  7%|▋         | 21/289 [00:08<01:42,  2.61it/s]  8%|▊         | 22/289 [00:08<01:42,  2.61it/s]  8%|▊         | 23/289 [00:08<01:41,  2.62it/s]  8%|▊         | 24/289 [00:09<01:41,  2.61it/s]  9%|▊         | 25/289 [00:09<01:40,  2.62it/s]  9%|▉         | 26/289 [00:09<01:40,  2.62it/s]  9%|▉         | 27/289 [00:10<01:39,  2.62it/s] 10%|▉         | 28/289 [00:10<01:39,  2.62it/s] 10%|█         | 29/289 [00:11<01:39,  2.63it/s] 10%|█         | 30/289 [00:11<01:38,  2.62it/s] 11%|█         | 31/289 [00:11<01:38,  2.62it/s] 11%|█         | 32/289 [00:12<01:37,  2.62it/s] 11%|█▏        | 33/289 [00:12<01:37,  2.62it/s] 12%|█▏        | 34/289 [00:12<01:37,  2.62it/s] 12%|█▏        | 35/289 [00:13<01:36,  2.62it/s] 12%|█▏        | 36/289 [00:13<01:36,  2.62it/s] 13%|█▎        | 37/289 [00:14<01:36,  2.62it/s] 13%|█▎        | 38/289 [00:14<01:35,  2.62it/s] 13%|█▎        | 39/289 [00:14<01:35,  2.62it/s] 14%|█▍        | 40/289 [00:15<01:34,  2.63it/s] 14%|█▍        | 41/289 [00:15<01:34,  2.61it/s] 15%|█▍        | 42/289 [00:16<01:34,  2.62it/s] 15%|█▍        | 43/289 [00:16<01:35,  2.59it/s] 15%|█▌        | 44/289 [00:16<01:34,  2.60it/s] 16%|█▌        | 45/289 [00:17<01:33,  2.60it/s] 16%|█▌        | 46/289 [00:17<01:33,  2.61it/s] 16%|█▋        | 47/289 [00:17<01:32,  2.61it/s] 17%|█▋        | 48/289 [00:18<01:32,  2.61it/s] 17%|█▋        | 49/289 [00:18<01:31,  2.61it/s] 17%|█▋        | 50/289 [00:19<01:31,  2.62it/s] 18%|█▊        | 51/289 [00:19<01:30,  2.62it/s] 18%|█▊        | 52/289 [00:19<01:30,  2.62it/s] 18%|█▊        | 53/289 [00:20<01:29,  2.62it/s] 19%|█▊        | 54/289 [00:20<01:29,  2.62it/s] 19%|█▉        | 55/289 [00:21<01:29,  2.62it/s] 19%|█▉        | 56/289 [00:21<01:28,  2.63it/s] 20%|█▉        | 57/289 [00:21<01:28,  2.62it/s] 20%|██        | 58/289 [00:22<01:28,  2.62it/s] 20%|██        | 59/289 [00:22<01:27,  2.63it/s] 21%|██        | 60/289 [00:22<01:27,  2.62it/s] 21%|██        | 61/289 [00:23<01:26,  2.63it/s] 21%|██▏       | 62/289 [00:23<01:26,  2.63it/s] 22%|██▏       | 63/289 [00:24<01:26,  2.63it/s] 22%|██▏       | 64/289 [00:24<01:25,  2.63it/s] 22%|██▏       | 65/289 [00:24<01:25,  2.63it/s] 23%|██▎       | 66/289 [00:25<01:24,  2.62it/s] 23%|██▎       | 67/289 [00:25<01:24,  2.63it/s] 24%|██▎       | 68/289 [00:25<01:24,  2.62it/s] 24%|██▍       | 69/289 [00:26<01:23,  2.62it/s] 24%|██▍       | 70/289 [00:26<01:23,  2.63it/s] 25%|██▍       | 71/289 [00:27<01:23,  2.62it/s] 25%|██▍       | 72/289 [00:27<01:22,  2.63it/s] 25%|██▌       | 73/289 [00:27<01:22,  2.63it/s] 26%|██▌       | 74/289 [00:28<01:21,  2.63it/s] 26%|██▌       | 75/289 [00:28<01:21,  2.63it/s] 26%|██▋       | 76/289 [00:29<01:21,  2.63it/s] 27%|██▋       | 77/289 [00:29<01:20,  2.62it/s] 27%|██▋       | 78/289 [00:29<01:20,  2.63it/s] 27%|██▋       | 79/289 [00:30<01:19,  2.63it/s] 28%|██▊       | 80/289 [00:30<01:19,  2.62it/s] 28%|██▊       | 81/289 [00:30<01:19,  2.62it/s] 28%|██▊       | 82/289 [00:31<01:19,  2.62it/s] 29%|██▊       | 83/289 [00:31<01:19,  2.59it/s] 29%|██▉       | 84/289 [00:32<01:18,  2.60it/s] 29%|██▉       | 85/289 [00:32<01:18,  2.61it/s] 30%|██▉       | 86/289 [00:32<01:17,  2.62it/s] 30%|███       | 87/289 [00:33<01:17,  2.62it/s] 30%|███       | 88/289 [00:33<01:16,  2.62it/s] 31%|███       | 89/289 [00:33<01:16,  2.63it/s] 31%|███       | 90/289 [00:34<01:16,  2.62it/s] 31%|███▏      | 91/289 [00:34<01:15,  2.62it/s] 32%|███▏      | 92/289 [00:35<01:15,  2.62it/s] 32%|███▏      | 93/289 [00:35<01:14,  2.62it/s] 33%|███▎      | 94/289 [00:35<01:14,  2.62it/s] 33%|███▎      | 95/289 [00:36<01:14,  2.62it/s] 33%|███▎      | 96/289 [00:36<01:13,  2.62it/s] 34%|███▎      | 97/289 [00:37<01:13,  2.62it/s] 34%|███▍      | 98/289 [00:37<01:12,  2.62it/s] 34%|███▍      | 99/289 [00:37<01:12,  2.63it/s] 35%|███▍      | 100/289 [00:38<01:12,  2.62it/s] 35%|███▍      | 101/289 [00:38<01:11,  2.62it/s] 35%|███▌      | 102/289 [00:38<01:11,  2.62it/s] 36%|███▌      | 103/289 [00:39<01:10,  2.62it/s] 36%|███▌      | 104/289 [00:39<01:10,  2.63it/s] 36%|███▋      | 105/289 [00:40<01:10,  2.62it/s] 37%|███▋      | 106/289 [00:40<01:09,  2.62it/s] 37%|███▋      | 107/289 [00:40<01:09,  2.62it/s] 37%|███▋      | 108/289 [00:41<01:09,  2.62it/s] 38%|███▊      | 109/289 [00:41<01:08,  2.62it/s] 38%|███▊      | 110/289 [00:41<01:08,  2.62it/s] 38%|███▊      | 111/289 [00:42<01:07,  2.62it/s] 39%|███▉      | 112/289 [00:42<01:07,  2.63it/s] 39%|███▉      | 113/289 [00:43<01:07,  2.63it/s] 39%|███▉      | 114/289 [00:43<01:06,  2.62it/s] 40%|███▉      | 115/289 [00:43<01:06,  2.63it/s] 40%|████      | 116/289 [00:44<01:05,  2.62it/s] 40%|████      | 117/289 [00:44<01:05,  2.62it/s] 41%|████      | 118/289 [00:45<01:05,  2.62it/s] 41%|████      | 119/289 [00:45<01:04,  2.62it/s] 42%|████▏     | 120/289 [00:45<01:04,  2.62it/s] 42%|████▏     | 121/289 [00:46<01:03,  2.63it/s] 42%|████▏     | 122/289 [00:46<01:03,  2.63it/s] 43%|████▎     | 123/289 [00:46<01:03,  2.62it/s] 43%|████▎     | 124/289 [00:47<01:03,  2.62it/s] 43%|████▎     | 125/289 [00:47<01:02,  2.62it/s] 44%|████▎     | 126/289 [00:48<01:02,  2.62it/s] 44%|████▍     | 127/289 [00:48<01:01,  2.62it/s] 44%|████▍     | 128/289 [00:48<01:01,  2.62it/s] 45%|████▍     | 129/289 [00:49<01:01,  2.62it/s] 45%|████▍     | 130/289 [00:49<01:00,  2.62it/s] 45%|████▌     | 131/289 [00:50<01:00,  2.62it/s] 46%|████▌     | 132/289 [00:50<01:00,  2.61it/s] 46%|████▌     | 133/289 [00:50<00:59,  2.61it/s] 46%|████▋     | 134/289 [00:51<00:59,  2.62it/s] 47%|████▋     | 135/289 [00:51<00:58,  2.62it/s] 47%|████▋     | 136/289 [00:51<00:58,  2.62it/s] 47%|████▋     | 137/289 [00:52<00:58,  2.62it/s] 48%|████▊     | 138/289 [00:52<00:57,  2.62it/s] 48%|████▊     | 139/289 [00:53<00:57,  2.62it/s] 48%|████▊     | 140/289 [00:53<00:56,  2.62it/s] 49%|████▉     | 141/289 [00:53<00:56,  2.61it/s] 49%|████▉     | 142/289 [00:54<00:56,  2.61it/s] 49%|████▉     | 143/289 [00:54<00:55,  2.62it/s] 50%|████▉     | 144/289 [00:54<00:55,  2.62it/s] 50%|█████     | 145/289 [00:55<00:54,  2.62it/s] 51%|█████     | 146/289 [00:55<00:55,  2.60it/s] 51%|█████     | 147/289 [00:56<00:54,  2.60it/s] 51%|█████     | 148/289 [00:56<00:54,  2.61it/s] 52%|█████▏    | 149/289 [00:56<00:53,  2.61it/s] 52%|█████▏    | 150/289 [00:57<00:53,  2.61it/s] 52%|█████▏    | 151/289 [00:57<00:52,  2.62it/s] 53%|█████▎    | 152/289 [00:58<00:52,  2.62it/s] 53%|█████▎    | 153/289 [00:58<00:51,  2.62it/s] 53%|█████▎    | 154/289 [00:58<00:51,  2.62it/s] 54%|█████▎    | 155/289 [00:59<00:51,  2.62it/s] 54%|█████▍    | 156/289 [00:59<00:50,  2.61it/s] 54%|█████▍    | 157/289 [00:59<00:50,  2.62it/s] 55%|█████▍    | 158/289 [01:00<00:49,  2.62it/s] 55%|█████▌    | 159/289 [01:00<00:49,  2.63it/s] 55%|█████▌    | 160/289 [01:01<00:49,  2.63it/s] 56%|█████▌    | 161/289 [01:01<00:48,  2.62it/s] 56%|█████▌    | 162/289 [01:01<00:48,  2.62it/s] 56%|█████▋    | 163/289 [01:02<00:48,  2.62it/s] 57%|█████▋    | 164/289 [01:02<00:47,  2.62it/s] 57%|█████▋    | 165/289 [01:02<00:47,  2.62it/s] 57%|█████▋    | 166/289 [01:03<00:46,  2.62it/s] 58%|█████▊    | 167/289 [01:03<00:46,  2.62it/s] 58%|█████▊    | 168/289 [01:04<00:46,  2.62it/s] 58%|█████▊    | 169/289 [01:04<00:45,  2.62it/s] 59%|█████▉    | 170/289 [01:04<00:45,  2.62it/s] 59%|█████▉    | 171/289 [01:05<00:45,  2.61it/s] 60%|█████▉    | 172/289 [01:05<00:44,  2.62it/s] 60%|█████▉    | 173/289 [01:06<00:44,  2.62it/s] 60%|██████    | 174/289 [01:06<00:44,  2.61it/s] 61%|██████    | 175/289 [01:06<00:43,  2.62it/s] 61%|██████    | 176/289 [01:07<00:43,  2.61it/s] 61%|██████    | 177/289 [01:07<00:42,  2.62it/s] 62%|██████▏   | 178/289 [01:07<00:42,  2.62it/s] 62%|██████▏   | 179/289 [01:08<00:41,  2.62it/s] 62%|██████▏   | 180/289 [01:08<00:41,  2.62it/s] 63%|██████▎   | 181/289 [01:09<00:41,  2.62it/s] 63%|██████▎   | 182/289 [01:09<00:40,  2.63it/s] 63%|██████▎   | 183/289 [01:09<00:40,  2.63it/s] 64%|██████▎   | 184/289 [01:10<00:39,  2.63it/s] 64%|██████▍   | 185/289 [01:10<00:39,  2.63it/s] 64%|██████▍   | 186/289 [01:10<00:39,  2.63it/s] 65%|██████▍   | 187/289 [01:11<00:38,  2.63it/s] 65%|██████▌   | 188/289 [01:11<00:38,  2.63it/s] 65%|██████▌   | 189/289 [01:12<00:38,  2.63it/s] 66%|██████▌   | 190/289 [01:12<00:37,  2.63it/s] 66%|██████▌   | 191/289 [01:12<00:37,  2.62it/s] 66%|██████▋   | 192/289 [01:13<00:36,  2.63it/s] 67%|██████▋   | 193/289 [01:13<00:36,  2.63it/s] 67%|██████▋   | 194/289 [01:14<00:36,  2.63it/s] 67%|██████▋   | 195/289 [01:14<00:35,  2.63it/s] 68%|██████▊   | 196/289 [01:14<00:35,  2.63it/s] 68%|██████▊   | 197/289 [01:15<00:35,  2.63it/s] 69%|██████▊   | 198/289 [01:15<00:34,  2.63it/s] 69%|██████▉   | 199/289 [01:15<00:34,  2.63it/s] 69%|██████▉   | 200/289 [01:16<00:33,  2.63it/s] 70%|██████▉   | 201/289 [01:16<00:33,  2.63it/s] 70%|██████▉   | 202/289 [01:17<00:33,  2.63it/s] 70%|███████   | 203/289 [01:17<00:32,  2.63it/s] 71%|███████   | 204/289 [01:17<00:32,  2.63it/s] 71%|███████   | 205/289 [01:18<00:31,  2.63it/s] 71%|███████▏  | 206/289 [01:18<00:31,  2.63it/s] 72%|███████▏  | 207/289 [01:18<00:31,  2.63it/s] 72%|███████▏  | 208/289 [01:19<00:30,  2.63it/s] 72%|███████▏  | 209/289 [01:19<00:30,  2.63it/s] 73%|███████▎  | 210/289 [01:20<00:30,  2.63it/s] 73%|███████▎  | 211/289 [01:20<00:29,  2.62it/s] 73%|███████▎  | 212/289 [01:20<00:29,  2.63it/s] 74%|███████▎  | 213/289 [01:21<00:28,  2.63it/s] 74%|███████▍  | 214/289 [01:21<00:28,  2.63it/s] 74%|███████▍  | 215/289 [01:22<00:28,  2.63it/s] 75%|███████▍  | 216/289 [01:22<00:27,  2.61it/s] 75%|███████▌  | 217/289 [01:22<00:27,  2.62it/s] 75%|███████▌  | 218/289 [01:23<00:27,  2.62it/s] 76%|███████▌  | 219/289 [01:23<00:26,  2.63it/s] 76%|███████▌  | 220/289 [01:23<00:26,  2.63it/s] 76%|███████▋  | 221/289 [01:24<00:26,  2.60it/s] 77%|███████▋  | 222/289 [01:24<00:25,  2.61it/s] 77%|███████▋  | 223/289 [01:25<00:25,  2.62it/s] 78%|███████▊  | 224/289 [01:25<00:24,  2.62it/s] 78%|███████▊  | 225/289 [01:25<00:24,  2.62it/s] 78%|███████▊  | 226/289 [01:26<00:23,  2.63it/s] 79%|███████▊  | 227/289 [01:26<00:23,  2.62it/s] 79%|███████▉  | 228/289 [01:27<00:23,  2.63it/s] 79%|███████▉  | 229/289 [01:27<00:22,  2.63it/s] 80%|███████▉  | 230/289 [01:27<00:22,  2.63it/s] 80%|███████▉  | 231/289 [01:28<00:22,  2.63it/s] 80%|████████  | 232/289 [01:28<00:21,  2.62it/s] 81%|████████  | 233/289 [01:28<00:21,  2.62it/s] 81%|████████  | 234/289 [01:29<00:20,  2.62it/s] 81%|████████▏ | 235/289 [01:29<00:20,  2.62it/s] 82%|████████▏ | 236/289 [01:30<00:20,  2.62it/s] 82%|████████▏ | 237/289 [01:30<00:19,  2.62it/s] 82%|████████▏ | 238/289 [01:30<00:19,  2.62it/s] 83%|████████▎ | 239/289 [01:31<00:19,  2.62it/s] 83%|████████▎ | 240/289 [01:31<00:18,  2.62it/s] 83%|████████▎ | 241/289 [01:31<00:18,  2.62it/s] 84%|████████▎ | 242/289 [01:32<00:17,  2.62it/s] 84%|████████▍ | 243/289 [01:32<00:17,  2.62it/s] 84%|████████▍ | 244/289 [01:33<00:17,  2.63it/s] 85%|████████▍ | 245/289 [01:33<00:16,  2.63it/s] 85%|████████▌ | 246/289 [01:33<00:16,  2.63it/s] 85%|████████▌ | 247/289 [01:34<00:16,  2.62it/s] 86%|████████▌ | 248/289 [01:34<00:15,  2.62it/s] 86%|████████▌ | 249/289 [01:35<00:15,  2.62it/s] 87%|████████▋ | 250/289 [01:35<00:14,  2.62it/s] 87%|████████▋ | 251/289 [01:35<00:14,  2.62it/s] 87%|████████▋ | 252/289 [01:36<00:14,  2.62it/s] 88%|████████▊ | 253/289 [01:36<00:13,  2.62it/s] 88%|████████▊ | 254/289 [01:36<00:13,  2.62it/s] 88%|████████▊ | 255/289 [01:37<00:12,  2.62it/s] 89%|████████▊ | 256/289 [01:37<00:12,  2.63it/s] 89%|████████▉ | 257/289 [01:38<00:12,  2.62it/s] 89%|████████▉ | 258/289 [01:38<00:11,  2.62it/s] 90%|████████▉ | 259/289 [01:38<00:11,  2.62it/s] 90%|████████▉ | 260/289 [01:39<00:11,  2.63it/s] 90%|█████████ | 261/289 [01:39<00:10,  2.63it/s] 91%|█████████ | 262/289 [01:39<00:10,  2.62it/s] 91%|█████████ | 263/289 [01:40<00:09,  2.62it/s] 91%|█████████▏| 264/289 [01:40<00:09,  2.63it/s] 92%|█████████▏| 265/289 [01:41<00:09,  2.63it/s] 92%|█████████▏| 266/289 [01:41<00:08,  2.63it/s] 92%|█████████▏| 267/289 [01:41<00:08,  2.63it/s] 93%|█████████▎| 268/289 [01:42<00:07,  2.63it/s] 93%|█████████▎| 269/289 [01:42<00:07,  2.63it/s] 93%|█████████▎| 270/289 [01:43<00:07,  2.63it/s] 94%|█████████▍| 271/289 [01:43<00:06,  2.63it/s] 94%|█████████▍| 272/289 [01:43<00:06,  2.63it/s] 94%|█████████▍| 273/289 [01:44<00:06,  2.63it/s] 95%|█████████▍| 274/289 [01:44<00:05,  2.61it/s] 95%|█████████▌| 275/289 [01:44<00:05,  2.61it/s] 96%|█████████▌| 276/289 [01:45<00:04,  2.61it/s] 96%|█████████▌| 277/289 [01:45<00:04,  2.61it/s] 96%|█████████▌| 278/289 [01:46<00:04,  2.61it/s] 97%|█████████▋| 279/289 [01:46<00:03,  2.61it/s] 97%|█████████▋| 280/289 [01:46<00:03,  2.61it/s] 97%|█████████▋| 281/289 [01:47<00:03,  2.61it/s] 98%|█████████▊| 282/289 [01:47<00:02,  2.60it/s] 98%|█████████▊| 283/289 [01:47<00:02,  2.60it/s] 98%|█████████▊| 284/289 [01:48<00:01,  2.61it/s] 99%|█████████▊| 285/289 [01:48<00:01,  2.61it/s] 99%|█████████▉| 286/289 [01:49<00:01,  2.61it/s] 99%|█████████▉| 287/289 [01:49<00:00,  2.60it/s]100%|█████████▉| 288/289 [01:49<00:00,  2.61it/s]100%|█████████▉| 288/289 [01:50<00:00,  2.61it/s]
[11/29 04:34:37 TiTok-Gen]: Data (t): 0.2635, 36.80/s/gpu Batch (t): 1.7393 LR: 0.000100 Step: 24050 Total Loss: 0.4130 Diff Loss: 0.4130 
[11/29 04:35:59 TiTok-Gen]: Data (t): 0.2524, 41.20/s/gpu Batch (t): 1.5535 LR: 0.000100 Step: 24100 Total Loss: 0.4133 Diff Loss: 0.4133 
[11/29 04:37:21 TiTok-Gen]: Data (t): 0.2466, 40.42/s/gpu Batch (t): 1.5832 LR: 0.000100 Step: 24150 Total Loss: 0.4142 Diff Loss: 0.4142 
[11/29 04:37:50 TiTok-Gen]: Epoch 38/1597 started.
[11/29 04:39:01 TiTok-Gen]: Data (t): 0.2506, 35.96/s/gpu Batch (t): 1.7798 LR: 0.000100 Step: 24200 Total Loss: 0.4138 Diff Loss: 0.4138 
[11/29 04:40:23 TiTok-Gen]: Data (t): 0.3176, 36.93/s/gpu Batch (t): 1.7328 LR: 0.000100 Step: 24250 Total Loss: 0.4114 Diff Loss: 0.4114 
[11/29 04:41:45 TiTok-Gen]: Data (t): 0.2493, 40.57/s/gpu Batch (t): 1.5774 LR: 0.000100 Step: 24300 Total Loss: 0.4124 Diff Loss: 0.4124 
[11/29 04:43:07 TiTok-Gen]: Data (t): 0.2525, 40.67/s/gpu Batch (t): 1.5737 LR: 0.000100 Step: 24350 Total Loss: 0.4117 Diff Loss: 0.4117 
[11/29 04:44:30 TiTok-Gen]: Data (t): 0.2482, 38.10/s/gpu Batch (t): 1.6799 LR: 0.000100 Step: 24400 Total Loss: 0.4123 Diff Loss: 0.4123 
[11/29 04:45:53 TiTok-Gen]: Data (t): 0.2507, 39.11/s/gpu Batch (t): 1.6364 LR: 0.000100 Step: 24450 Total Loss: 0.4134 Diff Loss: 0.4134 
[11/29 04:47:15 TiTok-Gen]: Data (t): 0.2531, 37.46/s/gpu Batch (t): 1.7083 LR: 0.000100 Step: 24500 Total Loss: 0.4132 Diff Loss: 0.4132 
[11/29 04:48:37 TiTok-Gen]: Data (t): 0.2484, 39.60/s/gpu Batch (t): 1.6163 LR: 0.000100 Step: 24550 Total Loss: 0.4124 Diff Loss: 0.4124 
[11/29 04:49:59 TiTok-Gen]: Data (t): 0.2539, 40.20/s/gpu Batch (t): 1.5921 LR: 0.000100 Step: 24600 Total Loss: 0.4126 Diff Loss: 0.4126 
[11/29 04:51:22 TiTok-Gen]: Data (t): 0.2507, 36.68/s/gpu Batch (t): 1.7450 LR: 0.000100 Step: 24650 Total Loss: 0.4124 Diff Loss: 0.4124 
[11/29 04:52:44 TiTok-Gen]: Data (t): 0.2467, 41.28/s/gpu Batch (t): 1.5504 LR: 0.000100 Step: 24700 Total Loss: 0.4136 Diff Loss: 0.4136 
[11/29 04:54:07 TiTok-Gen]: Data (t): 0.2474, 36.70/s/gpu Batch (t): 1.7438 LR: 0.000100 Step: 24750 Total Loss: 0.4136 Diff Loss: 0.4136 
[11/29 04:55:28 TiTok-Gen]: Data (t): 0.2462, 37.35/s/gpu Batch (t): 1.7135 LR: 0.000100 Step: 24800 Total Loss: 0.4116 Diff Loss: 0.4116 
[11/29 04:55:34 TiTok-Gen]: Epoch 39/1597 started.
[11/29 04:57:09 TiTok-Gen]: Data (t): 0.4555, 37.48/s/gpu Batch (t): 1.7078 LR: 0.000100 Step: 24850 Total Loss: 0.4116 Diff Loss: 0.4116 
[11/29 04:58:31 TiTok-Gen]: Data (t): 0.4387, 40.12/s/gpu Batch (t): 1.5954 LR: 0.000100 Step: 24900 Total Loss: 0.4124 Diff Loss: 0.4124 
[11/29 04:59:54 TiTok-Gen]: Data (t): 0.4145, 40.20/s/gpu Batch (t): 1.5920 LR: 0.000100 Step: 24950 Total Loss: 0.4122 Diff Loss: 0.4122 
[11/29 05:01:17 TiTok-Gen]: Data (t): 0.4417, 34.90/s/gpu Batch (t): 1.8336 LR: 0.000100 Step: 25000 Total Loss: 0.4119 Diff Loss: 0.4119 
[11/29 05:01:18 TiTok-Gen]: Generating images...
  0%|          | 0/289 [00:00<?, ?it/s]  0%|          | 1/289 [00:00<01:49,  2.63it/s]  1%|          | 2/289 [00:00<01:50,  2.59it/s]  1%|          | 3/289 [00:01<01:51,  2.58it/s]  1%|▏         | 4/289 [00:01<01:50,  2.57it/s]  2%|▏         | 5/289 [00:01<01:50,  2.57it/s]  2%|▏         | 6/289 [00:02<01:50,  2.56it/s]  2%|▏         | 7/289 [00:02<01:49,  2.57it/s]  3%|▎         | 8/289 [00:03<01:48,  2.58it/s]  3%|▎         | 9/289 [00:03<01:47,  2.60it/s]  3%|▎         | 10/289 [00:03<01:47,  2.60it/s]  4%|▍         | 11/289 [00:04<01:46,  2.61it/s]  4%|▍         | 12/289 [00:04<01:46,  2.61it/s]  4%|▍         | 13/289 [00:05<01:45,  2.62it/s]  5%|▍         | 14/289 [00:05<01:45,  2.61it/s]  5%|▌         | 15/289 [00:05<01:45,  2.60it/s]  6%|▌         | 16/289 [00:06<01:45,  2.59it/s]  6%|▌         | 17/289 [00:06<01:44,  2.60it/s]  6%|▌         | 18/289 [00:06<01:44,  2.59it/s]  7%|▋         | 19/289 [00:07<01:44,  2.59it/s]  7%|▋         | 20/289 [00:07<01:43,  2.59it/s]  7%|▋         | 21/289 [00:08<01:43,  2.60it/s]  8%|▊         | 22/289 [00:08<01:42,  2.60it/s]  8%|▊         | 23/289 [00:08<01:42,  2.60it/s]  8%|▊         | 24/289 [00:09<01:41,  2.60it/s]  9%|▊         | 25/289 [00:09<01:42,  2.59it/s]  9%|▉         | 26/289 [00:10<01:41,  2.60it/s]  9%|▉         | 27/289 [00:10<01:40,  2.60it/s] 10%|▉         | 28/289 [00:10<01:40,  2.60it/s] 10%|█         | 29/289 [00:11<01:39,  2.60it/s] 10%|█         | 30/289 [00:11<01:39,  2.61it/s] 11%|█         | 31/289 [00:11<01:38,  2.61it/s] 11%|█         | 32/289 [00:12<01:38,  2.62it/s] 11%|█▏        | 33/289 [00:12<01:37,  2.61it/s] 12%|█▏        | 34/289 [00:13<01:37,  2.62it/s] 12%|█▏        | 35/289 [00:13<01:37,  2.61it/s] 12%|█▏        | 36/289 [00:13<01:38,  2.58it/s] 13%|█▎        | 37/289 [00:14<01:37,  2.57it/s] 13%|█▎        | 38/289 [00:14<01:37,  2.59it/s] 13%|█▎        | 39/289 [00:15<01:36,  2.59it/s] 14%|█▍        | 40/289 [00:15<01:35,  2.60it/s] 14%|█▍        | 41/289 [00:15<01:35,  2.61it/s] 15%|█▍        | 42/289 [00:16<01:35,  2.59it/s] 15%|█▍        | 43/289 [00:16<01:34,  2.60it/s] 15%|█▌        | 44/289 [00:16<01:34,  2.61it/s] 16%|█▌        | 45/289 [00:17<01:33,  2.62it/s] 16%|█▌        | 46/289 [00:17<01:32,  2.62it/s] 16%|█▋        | 47/289 [00:18<01:32,  2.62it/s] 17%|█▋        | 48/289 [00:18<01:31,  2.62it/s] 17%|█▋        | 49/289 [00:18<01:31,  2.62it/s] 17%|█▋        | 50/289 [00:19<01:31,  2.62it/s] 18%|█▊        | 51/289 [00:19<01:30,  2.63it/s] 18%|█▊        | 52/289 [00:19<01:30,  2.62it/s] 18%|█▊        | 53/289 [00:20<01:30,  2.62it/s] 19%|█▊        | 54/289 [00:20<01:29,  2.62it/s] 19%|█▉        | 55/289 [00:21<01:29,  2.62it/s] 19%|█▉        | 56/289 [00:21<01:29,  2.61it/s] 20%|█▉        | 57/289 [00:21<01:28,  2.62it/s] 20%|██        | 58/289 [00:22<01:28,  2.62it/s] 20%|██        | 59/289 [00:22<01:27,  2.62it/s] 21%|██        | 60/289 [00:23<01:27,  2.62it/s] 21%|██        | 61/289 [00:23<01:26,  2.62it/s] 21%|██▏       | 62/289 [00:23<01:26,  2.62it/s] 22%|██▏       | 63/289 [00:24<01:26,  2.62it/s] 22%|██▏       | 64/289 [00:24<01:25,  2.63it/s] 22%|██▏       | 65/289 [00:24<01:25,  2.62it/s] 23%|██▎       | 66/289 [00:25<01:25,  2.62it/s] 23%|██▎       | 67/289 [00:25<01:24,  2.62it/s] 24%|██▎       | 68/289 [00:26<01:24,  2.62it/s] 24%|██▍       | 69/289 [00:26<01:23,  2.63it/s] 24%|██▍       | 70/289 [00:26<01:23,  2.63it/s] 25%|██▍       | 71/289 [00:27<01:23,  2.63it/s] 25%|██▍       | 72/289 [00:27<01:22,  2.63it/s] 25%|██▌       | 73/289 [00:27<01:22,  2.62it/s] 26%|██▌       | 74/289 [00:28<01:21,  2.63it/s] 26%|██▌       | 75/289 [00:28<01:21,  2.63it/s] 26%|██▋       | 76/289 [00:29<01:20,  2.63it/s] 27%|██▋       | 77/289 [00:29<01:20,  2.63it/s] 27%|██▋       | 78/289 [00:29<01:20,  2.63it/s] 27%|██▋       | 79/289 [00:30<01:19,  2.63it/s] 28%|██▊       | 80/289 [00:30<01:19,  2.63it/s] 28%|██▊       | 81/289 [00:31<01:19,  2.63it/s] 28%|██▊       | 82/289 [00:31<01:19,  2.62it/s] 29%|██▊       | 83/289 [00:31<01:18,  2.62it/s] 29%|██▉       | 84/289 [00:32<01:18,  2.62it/s] 29%|██▉       | 85/289 [00:32<01:18,  2.61it/s] 30%|██▉       | 86/289 [00:32<01:17,  2.61it/s] 30%|███       | 87/289 [00:33<01:17,  2.62it/s] 30%|███       | 88/289 [00:33<01:16,  2.62it/s] 31%|███       | 89/289 [00:34<01:16,  2.61it/s] 31%|███       | 90/289 [00:34<01:15,  2.62it/s] 31%|███▏      | 91/289 [00:34<01:15,  2.62it/s] 32%|███▏      | 92/289 [00:35<01:15,  2.62it/s] 32%|███▏      | 93/289 [00:35<01:14,  2.62it/s] 33%|███▎      | 94/289 [00:36<01:14,  2.62it/s] 33%|███▎      | 95/289 [00:36<01:13,  2.62it/s] 33%|███▎      | 96/289 [00:36<01:13,  2.62it/s] 34%|███▎      | 97/289 [00:37<01:13,  2.62it/s] 34%|███▍      | 98/289 [00:37<01:12,  2.63it/s] 34%|███▍      | 99/289 [00:37<01:12,  2.63it/s] 35%|███▍      | 100/289 [00:38<01:11,  2.63it/s] 35%|███▍      | 101/289 [00:38<01:11,  2.63it/s] 35%|███▌      | 102/289 [00:39<01:11,  2.63it/s] 36%|███▌      | 103/289 [00:39<01:10,  2.63it/s] 36%|███▌      | 104/289 [00:39<01:10,  2.63it/s] 36%|███▋      | 105/289 [00:40<01:09,  2.63it/s] 37%|███▋      | 106/289 [00:40<01:09,  2.63it/s] 37%|███▋      | 107/289 [00:40<01:09,  2.64it/s] 37%|███▋      | 108/289 [00:41<01:08,  2.63it/s] 38%|███▊      | 109/289 [00:41<01:08,  2.63it/s] 38%|███▊      | 110/289 [00:42<01:07,  2.63it/s] 38%|███▊      | 111/289 [00:42<01:07,  2.63it/s] 39%|███▉      | 112/289 [00:42<01:07,  2.63it/s] 39%|███▉      | 113/289 [00:43<01:06,  2.63it/s] 39%|███▉      | 114/289 [00:43<01:06,  2.63it/s] 40%|███▉      | 115/289 [00:43<01:06,  2.63it/s] 40%|████      | 116/289 [00:44<01:05,  2.63it/s] 40%|████      | 117/289 [00:44<01:05,  2.63it/s] 41%|████      | 118/289 [00:45<01:04,  2.63it/s] 41%|████      | 119/289 [00:45<01:04,  2.63it/s] 42%|████▏     | 120/289 [00:45<01:04,  2.63it/s] 42%|████▏     | 121/289 [00:46<01:03,  2.63it/s] 42%|████▏     | 122/289 [00:46<01:03,  2.63it/s] 43%|████▎     | 123/289 [00:47<01:03,  2.62it/s] 43%|████▎     | 124/289 [00:47<01:02,  2.63it/s] 43%|████▎     | 125/289 [00:47<01:02,  2.63it/s] 44%|████▎     | 126/289 [00:48<01:01,  2.63it/s] 44%|████▍     | 127/289 [00:48<01:01,  2.61it/s] 44%|████▍     | 128/289 [00:48<01:01,  2.62it/s] 45%|████▍     | 129/289 [00:49<01:01,  2.62it/s] 45%|████▍     | 130/289 [00:49<01:00,  2.62it/s] 45%|████▌     | 131/289 [00:50<01:00,  2.63it/s] 46%|████▌     | 132/289 [00:50<00:59,  2.63it/s] 46%|████▌     | 133/289 [00:50<00:59,  2.62it/s] 46%|████▋     | 134/289 [00:51<00:59,  2.63it/s] 47%|████▋     | 135/289 [00:51<00:58,  2.63it/s] 47%|████▋     | 136/289 [00:51<00:58,  2.63it/s] 47%|████▋     | 137/289 [00:52<00:57,  2.63it/s] 48%|████▊     | 138/289 [00:52<00:57,  2.63it/s] 48%|████▊     | 139/289 [00:53<00:57,  2.63it/s] 48%|████▊     | 140/289 [00:53<00:56,  2.63it/s] 49%|████▉     | 141/289 [00:53<00:56,  2.63it/s] 49%|████▉     | 142/289 [00:54<00:55,  2.63it/s] 49%|████▉     | 143/289 [00:54<00:55,  2.63it/s] 50%|████▉     | 144/289 [00:55<00:55,  2.63it/s] 50%|█████     | 145/289 [00:55<00:54,  2.63it/s] 51%|█████     | 146/289 [00:55<00:54,  2.63it/s] 51%|█████     | 147/289 [00:56<00:53,  2.63it/s] 51%|█████     | 148/289 [00:56<00:53,  2.63it/s] 52%|█████▏    | 149/289 [00:56<00:53,  2.63it/s] 52%|█████▏    | 150/289 [00:57<00:52,  2.63it/s] 52%|█████▏    | 151/289 [00:57<00:52,  2.63it/s] 53%|█████▎    | 152/289 [00:58<00:52,  2.63it/s] 53%|█████▎    | 153/289 [00:58<00:51,  2.64it/s] 53%|█████▎    | 154/289 [00:58<00:51,  2.63it/s] 54%|█████▎    | 155/289 [00:59<00:50,  2.63it/s] 54%|█████▍    | 156/289 [00:59<00:50,  2.63it/s] 54%|█████▍    | 157/289 [00:59<00:50,  2.63it/s] 55%|█████▍    | 158/289 [01:00<00:49,  2.63it/s] 55%|█████▌    | 159/289 [01:00<00:49,  2.63it/s] 55%|█████▌    | 160/289 [01:01<00:49,  2.63it/s] 56%|█████▌    | 161/289 [01:01<00:48,  2.63it/s] 56%|█████▌    | 162/289 [01:01<00:48,  2.63it/s] 56%|█████▋    | 163/289 [01:02<00:47,  2.63it/s] 57%|█████▋    | 164/289 [01:02<00:47,  2.63it/s] 57%|█████▋    | 165/289 [01:03<00:47,  2.63it/s] 57%|█████▋    | 166/289 [01:03<00:46,  2.63it/s] 58%|█████▊    | 167/289 [01:03<00:46,  2.61it/s] 58%|█████▊    | 168/289 [01:04<00:46,  2.62it/s] 58%|█████▊    | 169/289 [01:04<00:46,  2.59it/s] 59%|█████▉    | 170/289 [01:04<00:45,  2.59it/s] 59%|█████▉    | 171/289 [01:05<00:45,  2.59it/s] 60%|█████▉    | 172/289 [01:05<00:45,  2.60it/s] 60%|█████▉    | 173/289 [01:06<00:44,  2.59it/s] 60%|██████    | 174/289 [01:06<00:44,  2.59it/s] 61%|██████    | 175/289 [01:06<00:43,  2.60it/s] 61%|██████    | 176/289 [01:07<00:43,  2.60it/s] 61%|██████    | 177/289 [01:07<00:43,  2.60it/s] 62%|██████▏   | 178/289 [01:08<00:42,  2.60it/s] 62%|██████▏   | 179/289 [01:08<00:42,  2.60it/s] 62%|██████▏   | 180/289 [01:08<00:41,  2.60it/s] 63%|██████▎   | 181/289 [01:09<00:41,  2.60it/s] 63%|██████▎   | 182/289 [01:09<00:41,  2.60it/s] 63%|██████▎   | 183/289 [01:09<00:40,  2.60it/s] 64%|██████▎   | 184/289 [01:10<00:40,  2.60it/s] 64%|██████▍   | 185/289 [01:10<00:39,  2.60it/s] 64%|██████▍   | 186/289 [01:11<00:39,  2.60it/s] 65%|██████▍   | 187/289 [01:11<00:39,  2.59it/s] 65%|██████▌   | 188/289 [01:11<00:38,  2.59it/s] 65%|██████▌   | 189/289 [01:12<00:38,  2.60it/s] 66%|██████▌   | 190/289 [01:12<00:38,  2.60it/s] 66%|██████▌   | 191/289 [01:13<00:37,  2.60it/s] 66%|██████▋   | 192/289 [01:13<00:37,  2.58it/s] 67%|██████▋   | 193/289 [01:13<00:37,  2.59it/s] 67%|██████▋   | 194/289 [01:14<00:36,  2.60it/s] 67%|██████▋   | 195/289 [01:14<00:36,  2.60it/s] 68%|██████▊   | 196/289 [01:14<00:35,  2.60it/s] 68%|██████▊   | 197/289 [01:15<00:35,  2.60it/s] 69%|██████▊   | 198/289 [01:15<00:34,  2.60it/s] 69%|██████▉   | 199/289 [01:16<00:34,  2.60it/s] 69%|██████▉   | 200/289 [01:16<00:34,  2.60it/s] 70%|██████▉   | 201/289 [01:16<00:33,  2.61it/s] 70%|██████▉   | 202/289 [01:17<00:33,  2.60it/s] 70%|███████   | 203/289 [01:17<00:33,  2.59it/s] 71%|███████   | 204/289 [01:18<00:32,  2.60it/s] 71%|███████   | 205/289 [01:18<00:32,  2.60it/s] 71%|███████▏  | 206/289 [01:18<00:31,  2.60it/s] 72%|███████▏  | 207/289 [01:19<00:31,  2.60it/s] 72%|███████▏  | 208/289 [01:19<00:31,  2.60it/s] 72%|███████▏  | 209/289 [01:19<00:30,  2.60it/s] 73%|███████▎  | 210/289 [01:20<00:30,  2.60it/s] 73%|███████▎  | 211/289 [01:20<00:30,  2.60it/s] 73%|███████▎  | 212/289 [01:21<00:29,  2.59it/s] 74%|███████▎  | 213/289 [01:21<00:29,  2.59it/s] 74%|███████▍  | 214/289 [01:21<00:28,  2.60it/s] 74%|███████▍  | 215/289 [01:22<00:28,  2.60it/s] 75%|███████▍  | 216/289 [01:22<00:28,  2.60it/s] 75%|███████▌  | 217/289 [01:23<00:27,  2.60it/s] 75%|███████▌  | 218/289 [01:23<00:27,  2.60it/s] 76%|███████▌  | 219/289 [01:23<00:26,  2.60it/s] 76%|███████▌  | 220/289 [01:24<00:26,  2.60it/s] 76%|███████▋  | 221/289 [01:24<00:26,  2.60it/s] 77%|███████▋  | 222/289 [01:24<00:25,  2.60it/s] 77%|███████▋  | 223/289 [01:25<00:25,  2.60it/s] 78%|███████▊  | 224/289 [01:25<00:24,  2.60it/s] 78%|███████▊  | 225/289 [01:26<00:24,  2.60it/s] 78%|███████▊  | 226/289 [01:26<00:24,  2.60it/s] 79%|███████▊  | 227/289 [01:26<00:23,  2.60it/s] 79%|███████▉  | 228/289 [01:27<00:23,  2.60it/s] 79%|███████▉  | 229/289 [01:27<00:23,  2.60it/s] 80%|███████▉  | 230/289 [01:28<00:22,  2.60it/s] 80%|███████▉  | 231/289 [01:28<00:22,  2.60it/s] 80%|████████  | 232/289 [01:28<00:21,  2.60it/s] 81%|████████  | 233/289 [01:29<00:21,  2.60it/s] 81%|████████  | 234/289 [01:29<00:21,  2.60it/s] 81%|████████▏ | 235/289 [01:29<00:20,  2.60it/s] 82%|████████▏ | 236/289 [01:30<00:20,  2.60it/s] 82%|████████▏ | 237/289 [01:30<00:20,  2.60it/s] 82%|████████▏ | 238/289 [01:31<00:19,  2.60it/s] 83%|████████▎ | 239/289 [01:31<00:19,  2.59it/s] 83%|████████▎ | 240/289 [01:31<00:18,  2.60it/s] 83%|████████▎ | 241/289 [01:32<00:18,  2.60it/s] 84%|████████▎ | 242/289 [01:32<00:18,  2.60it/s] 84%|████████▍ | 243/289 [01:33<00:17,  2.60it/s] 84%|████████▍ | 244/289 [01:33<00:17,  2.60it/s] 85%|████████▍ | 245/289 [01:33<00:16,  2.60it/s] 85%|████████▌ | 246/289 [01:34<00:16,  2.60it/s] 85%|████████▌ | 247/289 [01:34<00:16,  2.60it/s] 86%|████████▌ | 248/289 [01:34<00:15,  2.60it/s] 86%|████████▌ | 249/289 [01:35<00:15,  2.60it/s] 87%|████████▋ | 250/289 [01:35<00:15,  2.60it/s] 87%|████████▋ | 251/289 [01:36<00:14,  2.60it/s] 87%|████████▋ | 252/289 [01:36<00:14,  2.60it/s] 88%|████████▊ | 253/289 [01:36<00:13,  2.60it/s] 88%|████████▊ | 254/289 [01:37<00:13,  2.60it/s] 88%|████████▊ | 255/289 [01:37<00:13,  2.60it/s] 89%|████████▊ | 256/289 [01:38<00:12,  2.60it/s] 89%|████████▉ | 257/289 [01:38<00:12,  2.60it/s] 89%|████████▉ | 258/289 [01:38<00:11,  2.60it/s] 90%|████████▉ | 259/289 [01:39<00:11,  2.60it/s] 90%|████████▉ | 260/289 [01:39<00:11,  2.60it/s] 90%|█████████ | 261/289 [01:39<00:10,  2.60it/s] 91%|█████████ | 262/289 [01:40<00:10,  2.60it/s] 91%|█████████ | 263/289 [01:40<00:10,  2.59it/s] 91%|█████████▏| 264/289 [01:41<00:09,  2.59it/s] 92%|█████████▏| 265/289 [01:41<00:09,  2.60it/s] 92%|█████████▏| 266/289 [01:41<00:08,  2.60it/s] 92%|█████████▏| 267/289 [01:42<00:08,  2.60it/s] 93%|█████████▎| 268/289 [01:42<00:08,  2.59it/s] 93%|█████████▎| 269/289 [01:43<00:07,  2.59it/s] 93%|█████████▎| 270/289 [01:43<00:07,  2.60it/s] 94%|█████████▍| 271/289 [01:43<00:06,  2.59it/s] 94%|█████████▍| 272/289 [01:44<00:06,  2.60it/s] 94%|█████████▍| 273/289 [01:44<00:06,  2.60it/s] 95%|█████████▍| 274/289 [01:44<00:05,  2.60it/s] 95%|█████████▌| 275/289 [01:45<00:05,  2.60it/s] 96%|█████████▌| 276/289 [01:45<00:04,  2.60it/s] 96%|█████████▌| 277/289 [01:46<00:04,  2.60it/s] 96%|█████████▌| 278/289 [01:46<00:04,  2.60it/s] 97%|█████████▋| 279/289 [01:46<00:03,  2.60it/s] 97%|█████████▋| 280/289 [01:47<00:03,  2.60it/s] 97%|█████████▋| 281/289 [01:47<00:03,  2.60it/s] 98%|█████████▊| 282/289 [01:48<00:02,  2.60it/s] 98%|█████████▊| 283/289 [01:48<00:02,  2.60it/s] 98%|█████████▊| 284/289 [01:48<00:01,  2.59it/s] 99%|█████████▊| 285/289 [01:49<00:01,  2.59it/s] 99%|█████████▉| 286/289 [01:49<00:01,  2.59it/s] 99%|█████████▉| 287/289 [01:49<00:00,  2.59it/s]100%|█████████▉| 288/289 [01:50<00:00,  2.59it/s]100%|█████████▉| 288/289 [01:50<00:00,  2.60it/s]
[11/29 05:04:33 TiTok-Gen]: Data (t): 0.2627, 39.70/s/gpu Batch (t): 1.6119 LR: 0.000100 Step: 25050 Total Loss: 0.4131 Diff Loss: 0.4131 
[11/29 05:05:55 TiTok-Gen]: Data (t): 0.3163, 38.20/s/gpu Batch (t): 1.6753 LR: 0.000100 Step: 25100 Total Loss: 0.4134 Diff Loss: 0.4134 
[11/29 05:07:17 TiTok-Gen]: Data (t): 0.2504, 40.97/s/gpu Batch (t): 1.5621 LR: 0.000100 Step: 25150 Total Loss: 0.4130 Diff Loss: 0.4130 
[11/29 05:08:39 TiTok-Gen]: Data (t): 0.2488, 40.06/s/gpu Batch (t): 1.5974 LR: 0.000100 Step: 25200 Total Loss: 0.4114 Diff Loss: 0.4114 
[11/29 05:10:02 TiTok-Gen]: Data (t): 0.2718, 40.16/s/gpu Batch (t): 1.5938 LR: 0.000100 Step: 25250 Total Loss: 0.4124 Diff Loss: 0.4124 
[11/29 05:11:24 TiTok-Gen]: Data (t): 0.2495, 40.89/s/gpu Batch (t): 1.5650 LR: 0.000100 Step: 25300 Total Loss: 0.4125 Diff Loss: 0.4125 
[11/29 05:12:46 TiTok-Gen]: Data (t): 0.2490, 40.53/s/gpu Batch (t): 1.5792 LR: 0.000100 Step: 25350 Total Loss: 0.4127 Diff Loss: 0.4127 
[11/29 05:14:09 TiTok-Gen]: Data (t): 0.2490, 39.78/s/gpu Batch (t): 1.6090 LR: 0.000100 Step: 25400 Total Loss: 0.4135 Diff Loss: 0.4135 
[11/29 05:15:15 TiTok-Gen]: Epoch 40/1597 started.
[11/29 05:15:49 TiTok-Gen]: Data (t): 0.2465, 40.03/s/gpu Batch (t): 1.5986 LR: 0.000100 Step: 25450 Total Loss: 0.4128 Diff Loss: 0.4128 
[11/29 05:17:13 TiTok-Gen]: Data (t): 0.2508, 36.14/s/gpu Batch (t): 1.7711 LR: 0.000100 Step: 25500 Total Loss: 0.4121 Diff Loss: 0.4121 
[11/29 05:18:35 TiTok-Gen]: Data (t): 0.4670, 37.65/s/gpu Batch (t): 1.6998 LR: 0.000100 Step: 25550 Total Loss: 0.4118 Diff Loss: 0.4118 
[11/29 05:19:58 TiTok-Gen]: Data (t): 0.4518, 40.02/s/gpu Batch (t): 1.5993 LR: 0.000100 Step: 25600 Total Loss: 0.4118 Diff Loss: 0.4118 
[11/29 05:21:20 TiTok-Gen]: Data (t): 0.2493, 37.35/s/gpu Batch (t): 1.7134 LR: 0.000100 Step: 25650 Total Loss: 0.4123 Diff Loss: 0.4123 
[11/29 05:22:42 TiTok-Gen]: Data (t): 0.4434, 40.39/s/gpu Batch (t): 1.5845 LR: 0.000100 Step: 25700 Total Loss: 0.4115 Diff Loss: 0.4115 
[11/29 05:24:04 TiTok-Gen]: Data (t): 0.5042, 40.06/s/gpu Batch (t): 1.5978 LR: 0.000100 Step: 25750 Total Loss: 0.4120 Diff Loss: 0.4120 
[11/29 05:25:26 TiTok-Gen]: Data (t): 0.2507, 38.07/s/gpu Batch (t): 1.6811 LR: 0.000100 Step: 25800 Total Loss: 0.4133 Diff Loss: 0.4133 
[11/29 05:26:48 TiTok-Gen]: Data (t): 0.5109, 36.27/s/gpu Batch (t): 1.7646 LR: 0.000100 Step: 25850 Total Loss: 0.4132 Diff Loss: 0.4132 
[11/29 05:28:11 TiTok-Gen]: Data (t): 0.4396, 40.55/s/gpu Batch (t): 1.5784 LR: 0.000100 Step: 25900 Total Loss: 0.4124 Diff Loss: 0.4124 
[11/29 05:29:33 TiTok-Gen]: Data (t): 0.2489, 37.73/s/gpu Batch (t): 1.6963 LR: 0.000100 Step: 25950 Total Loss: 0.4130 Diff Loss: 0.4130 
[11/29 05:30:55 TiTok-Gen]: Data (t): 0.4240, 37.88/s/gpu Batch (t): 1.6894 LR: 0.000100 Step: 26000 Total Loss: 0.4123 Diff Loss: 0.4123 
[11/29 05:30:56 TiTok-Gen]: Generating images...
  0%|          | 0/289 [00:00<?, ?it/s]  0%|          | 1/289 [00:00<01:47,  2.67it/s]  1%|          | 2/289 [00:00<01:48,  2.64it/s]  1%|          | 3/289 [00:01<01:48,  2.63it/s]  1%|▏         | 4/289 [00:01<01:48,  2.63it/s]  2%|▏         | 5/289 [00:01<01:48,  2.62it/s]  2%|▏         | 6/289 [00:02<01:47,  2.62it/s]  2%|▏         | 7/289 [00:02<01:47,  2.62it/s]  3%|▎         | 8/289 [00:03<01:47,  2.62it/s]  3%|▎         | 9/289 [00:03<01:46,  2.62it/s]  3%|▎         | 10/289 [00:03<01:46,  2.62it/s]  4%|▍         | 11/289 [00:04<01:46,  2.62it/s]  4%|▍         | 12/289 [00:04<01:45,  2.62it/s]  4%|▍         | 13/289 [00:04<01:45,  2.62it/s]  5%|▍         | 14/289 [00:05<01:44,  2.62it/s]  5%|▌         | 15/289 [00:05<01:44,  2.63it/s]  6%|▌         | 16/289 [00:06<01:43,  2.63it/s]  6%|▌         | 17/289 [00:06<01:43,  2.63it/s]  6%|▌         | 18/289 [00:06<01:43,  2.62it/s]  7%|▋         | 19/289 [00:07<01:42,  2.62it/s]  7%|▋         | 20/289 [00:07<01:42,  2.62it/s]  7%|▋         | 21/289 [00:08<01:43,  2.60it/s]  8%|▊         | 22/289 [00:08<01:42,  2.59it/s]  8%|▊         | 23/289 [00:08<01:42,  2.61it/s]  8%|▊         | 24/289 [00:09<01:41,  2.61it/s]  9%|▊         | 25/289 [00:09<01:40,  2.62it/s]  9%|▉         | 26/289 [00:09<01:40,  2.62it/s]  9%|▉         | 27/289 [00:10<01:39,  2.62it/s] 10%|▉         | 28/289 [00:10<01:39,  2.62it/s] 10%|█         | 29/289 [00:11<01:39,  2.62it/s] 10%|█         | 30/289 [00:11<01:39,  2.62it/s] 11%|█         | 31/289 [00:11<01:38,  2.62it/s] 11%|█         | 32/289 [00:12<01:38,  2.61it/s] 11%|█▏        | 33/289 [00:12<01:37,  2.62it/s] 12%|█▏        | 34/289 [00:12<01:37,  2.62it/s] 12%|█▏        | 35/289 [00:13<01:37,  2.62it/s] 12%|█▏        | 36/289 [00:13<01:36,  2.62it/s] 13%|█▎        | 37/289 [00:14<01:36,  2.62it/s] 13%|█▎        | 38/289 [00:14<01:35,  2.62it/s] 13%|█▎        | 39/289 [00:14<01:35,  2.62it/s] 14%|█▍        | 40/289 [00:15<01:35,  2.62it/s] 14%|█▍        | 41/289 [00:15<01:34,  2.62it/s] 15%|█▍        | 42/289 [00:16<01:34,  2.62it/s] 15%|█▍        | 43/289 [00:16<01:33,  2.62it/s] 15%|█▌        | 44/289 [00:16<01:33,  2.62it/s] 16%|█▌        | 45/289 [00:17<01:33,  2.62it/s] 16%|█▌        | 46/289 [00:17<01:32,  2.62it/s] 16%|█▋        | 47/289 [00:17<01:32,  2.62it/s] 17%|█▋        | 48/289 [00:18<01:32,  2.62it/s] 17%|█▋        | 49/289 [00:18<01:31,  2.62it/s] 17%|█▋        | 50/289 [00:19<01:31,  2.62it/s] 18%|█▊        | 51/289 [00:19<01:30,  2.62it/s] 18%|█▊        | 52/289 [00:19<01:30,  2.63it/s] 18%|█▊        | 53/289 [00:20<01:29,  2.62it/s] 19%|█▊        | 54/289 [00:20<01:29,  2.62it/s] 19%|█▉        | 55/289 [00:20<01:29,  2.63it/s] 19%|█▉        | 56/289 [00:21<01:28,  2.62it/s] 20%|█▉        | 57/289 [00:21<01:28,  2.62it/s] 20%|██        | 58/289 [00:22<01:28,  2.62it/s] 20%|██        | 59/289 [00:22<01:27,  2.62it/s] 21%|██        | 60/289 [00:22<01:27,  2.62it/s] 21%|██        | 61/289 [00:23<01:26,  2.62it/s] 21%|██▏       | 62/289 [00:23<01:26,  2.62it/s] 22%|██▏       | 63/289 [00:24<01:26,  2.62it/s] 22%|██▏       | 64/289 [00:24<01:25,  2.63it/s] 22%|██▏       | 65/289 [00:24<01:25,  2.63it/s] 23%|██▎       | 66/289 [00:25<01:24,  2.63it/s] 23%|██▎       | 67/289 [00:25<01:24,  2.63it/s] 24%|██▎       | 68/289 [00:25<01:24,  2.63it/s] 24%|██▍       | 69/289 [00:26<01:23,  2.63it/s] 24%|██▍       | 70/289 [00:26<01:23,  2.63it/s] 25%|██▍       | 71/289 [00:27<01:23,  2.63it/s] 25%|██▍       | 72/289 [00:27<01:22,  2.62it/s] 25%|██▌       | 73/289 [00:27<01:22,  2.62it/s] 26%|██▌       | 74/289 [00:28<01:22,  2.62it/s] 26%|██▌       | 75/289 [00:28<01:21,  2.61it/s] 26%|██▋       | 76/289 [00:29<01:21,  2.62it/s] 27%|██▋       | 77/289 [00:29<01:20,  2.62it/s] 27%|██▋       | 78/289 [00:29<01:21,  2.60it/s] 27%|██▋       | 79/289 [00:30<01:20,  2.61it/s] 28%|██▊       | 80/289 [00:30<01:19,  2.62it/s] 28%|██▊       | 81/289 [00:30<01:19,  2.62it/s] 28%|██▊       | 82/289 [00:31<01:19,  2.62it/s] 29%|██▊       | 83/289 [00:31<01:18,  2.62it/s] 29%|██▉       | 84/289 [00:32<01:18,  2.62it/s] 29%|██▉       | 85/289 [00:32<01:18,  2.61it/s] 30%|██▉       | 86/289 [00:32<01:17,  2.62it/s] 30%|███       | 87/289 [00:33<01:17,  2.62it/s] 30%|███       | 88/289 [00:33<01:16,  2.62it/s] 31%|███       | 89/289 [00:33<01:16,  2.62it/s] 31%|███       | 90/289 [00:34<01:15,  2.62it/s] 31%|███▏      | 91/289 [00:34<01:15,  2.62it/s] 32%|███▏      | 92/289 [00:35<01:15,  2.62it/s] 32%|███▏      | 93/289 [00:35<01:14,  2.62it/s] 33%|███▎      | 94/289 [00:35<01:14,  2.62it/s] 33%|███▎      | 95/289 [00:36<01:14,  2.62it/s] 33%|███▎      | 96/289 [00:36<01:13,  2.62it/s] 34%|███▎      | 97/289 [00:37<01:13,  2.62it/s] 34%|███▍      | 98/289 [00:37<01:12,  2.62it/s] 34%|███▍      | 99/289 [00:37<01:12,  2.62it/s] 35%|███▍      | 100/289 [00:38<01:12,  2.62it/s] 35%|███▍      | 101/289 [00:38<01:11,  2.62it/s] 35%|███▌      | 102/289 [00:38<01:11,  2.62it/s] 36%|███▌      | 103/289 [00:39<01:10,  2.62it/s] 36%|███▌      | 104/289 [00:39<01:10,  2.62it/s] 36%|███▋      | 105/289 [00:40<01:10,  2.61it/s] 37%|███▋      | 106/289 [00:40<01:10,  2.61it/s] 37%|███▋      | 107/289 [00:40<01:09,  2.62it/s] 37%|███▋      | 108/289 [00:41<01:09,  2.61it/s] 38%|███▊      | 109/289 [00:41<01:08,  2.62it/s] 38%|███▊      | 110/289 [00:41<01:08,  2.62it/s] 38%|███▊      | 111/289 [00:42<01:08,  2.62it/s] 39%|███▉      | 112/289 [00:42<01:07,  2.62it/s] 39%|███▉      | 113/289 [00:43<01:07,  2.62it/s] 39%|███▉      | 114/289 [00:43<01:06,  2.62it/s] 40%|███▉      | 115/289 [00:43<01:06,  2.62it/s] 40%|████      | 116/289 [00:44<01:06,  2.62it/s] 40%|████      | 117/289 [00:44<01:05,  2.62it/s] 41%|████      | 118/289 [00:45<01:05,  2.62it/s] 41%|████      | 119/289 [00:45<01:04,  2.62it/s] 42%|████▏     | 120/289 [00:45<01:04,  2.62it/s] 42%|████▏     | 121/289 [00:46<01:04,  2.62it/s] 42%|████▏     | 122/289 [00:46<01:03,  2.62it/s] 43%|████▎     | 123/289 [00:46<01:03,  2.63it/s] 43%|████▎     | 124/289 [00:47<01:02,  2.63it/s] 43%|████▎     | 125/289 [00:47<01:02,  2.63it/s] 44%|████▎     | 126/289 [00:48<01:02,  2.63it/s] 44%|████▍     | 127/289 [00:48<01:01,  2.63it/s] 44%|████▍     | 128/289 [00:48<01:01,  2.63it/s] 45%|████▍     | 129/289 [00:49<01:00,  2.63it/s] 45%|████▍     | 130/289 [00:49<01:00,  2.63it/s] 45%|████▌     | 131/289 [00:49<01:00,  2.63it/s] 46%|████▌     | 132/289 [00:50<00:59,  2.63it/s] 46%|████▌     | 133/289 [00:50<00:59,  2.63it/s] 46%|████▋     | 134/289 [00:51<00:59,  2.63it/s] 47%|████▋     | 135/289 [00:51<00:58,  2.63it/s] 47%|████▋     | 136/289 [00:51<00:58,  2.63it/s] 47%|████▋     | 137/289 [00:52<00:57,  2.63it/s] 48%|████▊     | 138/289 [00:52<00:57,  2.63it/s] 48%|████▊     | 139/289 [00:53<00:57,  2.62it/s] 48%|████▊     | 140/289 [00:53<00:56,  2.62it/s] 49%|████▉     | 141/289 [00:53<00:56,  2.62it/s] 49%|████▉     | 142/289 [00:54<00:56,  2.62it/s] 49%|████▉     | 143/289 [00:54<00:55,  2.63it/s] 50%|████▉     | 144/289 [00:54<00:55,  2.61it/s] 50%|█████     | 145/289 [00:55<00:55,  2.61it/s] 51%|█████     | 146/289 [00:55<00:54,  2.62it/s] 51%|█████     | 147/289 [00:56<00:54,  2.62it/s] 51%|█████     | 148/289 [00:56<00:53,  2.63it/s] 52%|█████▏    | 149/289 [00:56<00:53,  2.63it/s] 52%|█████▏    | 150/289 [00:57<00:52,  2.62it/s] 52%|█████▏    | 151/289 [00:57<00:52,  2.62it/s] 53%|█████▎    | 152/289 [00:57<00:52,  2.62it/s] 53%|█████▎    | 153/289 [00:58<00:51,  2.62it/s] 53%|█████▎    | 154/289 [00:58<00:51,  2.62it/s] 54%|█████▎    | 155/289 [00:59<00:51,  2.60it/s] 54%|█████▍    | 156/289 [00:59<00:51,  2.61it/s] 54%|█████▍    | 157/289 [00:59<00:50,  2.61it/s] 55%|█████▍    | 158/289 [01:00<00:50,  2.62it/s] 55%|█████▌    | 159/289 [01:00<00:49,  2.62it/s] 55%|█████▌    | 160/289 [01:01<00:49,  2.62it/s] 56%|█████▌    | 161/289 [01:01<00:48,  2.62it/s] 56%|█████▌    | 162/289 [01:01<00:48,  2.62it/s] 56%|█████▋    | 163/289 [01:02<00:48,  2.62it/s] 57%|█████▋    | 164/289 [01:02<00:47,  2.62it/s] 57%|█████▋    | 165/289 [01:02<00:47,  2.62it/s] 57%|█████▋    | 166/289 [01:03<00:46,  2.62it/s] 58%|█████▊    | 167/289 [01:03<00:46,  2.62it/s] 58%|█████▊    | 168/289 [01:04<00:46,  2.63it/s] 58%|█████▊    | 169/289 [01:04<00:45,  2.62it/s] 59%|█████▉    | 170/289 [01:04<00:45,  2.62it/s] 59%|█████▉    | 171/289 [01:05<00:44,  2.63it/s] 60%|█████▉    | 172/289 [01:05<00:44,  2.63it/s] 60%|█████▉    | 173/289 [01:06<00:44,  2.63it/s] 60%|██████    | 174/289 [01:06<00:43,  2.62it/s] 61%|██████    | 175/289 [01:06<00:43,  2.63it/s] 61%|██████    | 176/289 [01:07<00:42,  2.63it/s] 61%|██████    | 177/289 [01:07<00:42,  2.63it/s] 62%|██████▏   | 178/289 [01:07<00:42,  2.63it/s] 62%|██████▏   | 179/289 [01:08<00:41,  2.63it/s] 62%|██████▏   | 180/289 [01:08<00:41,  2.62it/s] 63%|██████▎   | 181/289 [01:09<00:41,  2.62it/s] 63%|██████▎   | 182/289 [01:09<00:40,  2.63it/s] 63%|██████▎   | 183/289 [01:09<00:40,  2.63it/s] 64%|██████▎   | 184/289 [01:10<00:39,  2.63it/s] 64%|██████▍   | 185/289 [01:10<00:39,  2.63it/s] 64%|██████▍   | 186/289 [01:10<00:39,  2.63it/s] 65%|██████▍   | 187/289 [01:11<00:38,  2.63it/s] 65%|██████▌   | 188/289 [01:11<00:38,  2.63it/s] 65%|██████▌   | 189/289 [01:12<00:38,  2.63it/s] 66%|██████▌   | 190/289 [01:12<00:37,  2.62it/s] 66%|██████▌   | 191/289 [01:12<00:37,  2.62it/s] 66%|██████▋   | 192/289 [01:13<00:36,  2.63it/s] 67%|██████▋   | 193/289 [01:13<00:36,  2.63it/s] 67%|██████▋   | 194/289 [01:13<00:36,  2.63it/s] 67%|██████▋   | 195/289 [01:14<00:35,  2.63it/s] 68%|██████▊   | 196/289 [01:14<00:35,  2.63it/s] 68%|██████▊   | 197/289 [01:15<00:34,  2.63it/s] 69%|██████▊   | 198/289 [01:15<00:34,  2.63it/s] 69%|██████▉   | 199/289 [01:15<00:34,  2.63it/s] 69%|██████▉   | 200/289 [01:16<00:33,  2.63it/s] 70%|██████▉   | 201/289 [01:16<00:33,  2.63it/s] 70%|██████▉   | 202/289 [01:17<00:33,  2.63it/s] 70%|███████   | 203/289 [01:17<00:32,  2.63it/s] 71%|███████   | 204/289 [01:17<00:32,  2.63it/s] 71%|███████   | 205/289 [01:18<00:31,  2.63it/s] 71%|███████▏  | 206/289 [01:18<00:31,  2.63it/s] 72%|███████▏  | 207/289 [01:18<00:31,  2.63it/s] 72%|███████▏  | 208/289 [01:19<00:30,  2.63it/s] 72%|███████▏  | 209/289 [01:19<00:30,  2.63it/s] 73%|███████▎  | 210/289 [01:20<00:30,  2.63it/s] 73%|███████▎  | 211/289 [01:20<00:29,  2.62it/s] 73%|███████▎  | 212/289 [01:20<00:29,  2.63it/s] 74%|███████▎  | 213/289 [01:21<00:28,  2.63it/s] 74%|███████▍  | 214/289 [01:21<00:28,  2.63it/s] 74%|███████▍  | 215/289 [01:21<00:28,  2.63it/s] 75%|███████▍  | 216/289 [01:22<00:27,  2.62it/s] 75%|███████▌  | 217/289 [01:22<00:27,  2.62it/s] 75%|███████▌  | 218/289 [01:23<00:27,  2.62it/s] 76%|███████▌  | 219/289 [01:23<00:26,  2.63it/s] 76%|███████▌  | 220/289 [01:23<00:26,  2.63it/s] 76%|███████▋  | 221/289 [01:24<00:25,  2.63it/s] 77%|███████▋  | 222/289 [01:24<00:25,  2.62it/s] 77%|███████▋  | 223/289 [01:25<00:25,  2.62it/s] 78%|███████▊  | 224/289 [01:25<00:24,  2.63it/s] 78%|███████▊  | 225/289 [01:25<00:24,  2.63it/s] 78%|███████▊  | 226/289 [01:26<00:24,  2.61it/s] 79%|███████▊  | 227/289 [01:26<00:23,  2.61it/s] 79%|███████▉  | 228/289 [01:26<00:23,  2.62it/s] 79%|███████▉  | 229/289 [01:27<00:22,  2.62it/s] 80%|███████▉  | 230/289 [01:27<00:22,  2.63it/s] 80%|███████▉  | 231/289 [01:28<00:22,  2.63it/s] 80%|████████  | 232/289 [01:28<00:21,  2.63it/s] 81%|████████  | 233/289 [01:28<00:21,  2.63it/s] 81%|████████  | 234/289 [01:29<00:20,  2.63it/s] 81%|████████▏ | 235/289 [01:29<00:20,  2.63it/s] 82%|████████▏ | 236/289 [01:29<00:20,  2.63it/s] 82%|████████▏ | 237/289 [01:30<00:19,  2.62it/s] 82%|████████▏ | 238/289 [01:30<00:19,  2.63it/s] 83%|████████▎ | 239/289 [01:31<00:19,  2.63it/s] 83%|████████▎ | 240/289 [01:31<00:18,  2.63it/s] 83%|████████▎ | 241/289 [01:31<00:18,  2.63it/s] 84%|████████▎ | 242/289 [01:32<00:17,  2.63it/s] 84%|████████▍ | 243/289 [01:32<00:17,  2.63it/s] 84%|████████▍ | 244/289 [01:33<00:17,  2.63it/s] 85%|████████▍ | 245/289 [01:33<00:16,  2.63it/s] 85%|████████▌ | 246/289 [01:33<00:16,  2.63it/s] 85%|████████▌ | 247/289 [01:34<00:15,  2.63it/s] 86%|████████▌ | 248/289 [01:34<00:15,  2.63it/s] 86%|████████▌ | 249/289 [01:34<00:15,  2.63it/s] 87%|████████▋ | 250/289 [01:35<00:14,  2.63it/s] 87%|████████▋ | 251/289 [01:35<00:14,  2.63it/s] 87%|████████▋ | 252/289 [01:36<00:14,  2.63it/s] 88%|████████▊ | 253/289 [01:36<00:13,  2.62it/s] 88%|████████▊ | 254/289 [01:36<00:13,  2.62it/s] 88%|████████▊ | 255/289 [01:37<00:12,  2.63it/s] 89%|████████▊ | 256/289 [01:37<00:12,  2.63it/s] 89%|████████▉ | 257/289 [01:37<00:12,  2.63it/s] 89%|████████▉ | 258/289 [01:38<00:11,  2.62it/s] 90%|████████▉ | 259/289 [01:38<00:11,  2.62it/s] 90%|████████▉ | 260/289 [01:39<00:11,  2.62it/s] 90%|█████████ | 261/289 [01:39<00:10,  2.62it/s] 91%|█████████ | 262/289 [01:39<00:10,  2.62it/s] 91%|█████████ | 263/289 [01:40<00:09,  2.62it/s] 91%|█████████▏| 264/289 [01:40<00:09,  2.62it/s] 92%|█████████▏| 265/289 [01:41<00:09,  2.62it/s] 92%|█████████▏| 266/289 [01:41<00:08,  2.62it/s] 92%|█████████▏| 267/289 [01:41<00:08,  2.63it/s] 93%|█████████▎| 268/289 [01:42<00:08,  2.62it/s] 93%|█████████▎| 269/289 [01:42<00:07,  2.62it/s] 93%|█████████▎| 270/289 [01:42<00:07,  2.62it/s] 94%|█████████▍| 271/289 [01:43<00:06,  2.62it/s] 94%|█████████▍| 272/289 [01:43<00:06,  2.63it/s] 94%|█████████▍| 273/289 [01:44<00:06,  2.62it/s] 95%|█████████▍| 274/289 [01:44<00:05,  2.62it/s] 95%|█████████▌| 275/289 [01:44<00:05,  2.62it/s] 96%|█████████▌| 276/289 [01:45<00:04,  2.62it/s] 96%|█████████▌| 277/289 [01:45<00:04,  2.63it/s] 96%|█████████▌| 278/289 [01:45<00:04,  2.62it/s] 97%|█████████▋| 279/289 [01:46<00:03,  2.63it/s] 97%|█████████▋| 280/289 [01:46<00:03,  2.63it/s] 97%|█████████▋| 281/289 [01:47<00:03,  2.63it/s] 98%|█████████▊| 282/289 [01:47<00:02,  2.63it/s] 98%|█████████▊| 283/289 [01:47<00:02,  2.63it/s] 98%|█████████▊| 284/289 [01:48<00:01,  2.62it/s] 99%|█████████▊| 285/289 [01:48<00:01,  2.63it/s] 99%|█████████▉| 286/289 [01:49<00:01,  2.63it/s] 99%|█████████▉| 287/289 [01:49<00:00,  2.62it/s]100%|█████████▉| 288/289 [01:49<00:00,  2.63it/s]100%|█████████▉| 288/289 [01:50<00:00,  2.61it/s]
[11/29 05:34:09 TiTok-Gen]: Data (t): 0.2511, 40.05/s/gpu Batch (t): 1.5981 LR: 0.000100 Step: 26050 Total Loss: 0.4123 Diff Loss: 0.4123 
[11/29 05:34:52 TiTok-Gen]: Epoch 41/1597 started.
[11/29 05:35:50 TiTok-Gen]: Data (t): 0.2464, 37.90/s/gpu Batch (t): 1.6887 LR: 0.000100 Step: 26100 Total Loss: 0.4105 Diff Loss: 0.4105 
[11/29 05:37:13 TiTok-Gen]: Data (t): 0.2472, 40.38/s/gpu Batch (t): 1.5848 LR: 0.000100 Step: 26150 Total Loss: 0.4119 Diff Loss: 0.4119 
[11/29 05:38:36 TiTok-Gen]: Data (t): 0.2526, 36.79/s/gpu Batch (t): 1.7398 LR: 0.000100 Step: 26200 Total Loss: 0.4120 Diff Loss: 0.4120 
[11/29 05:39:59 TiTok-Gen]: Data (t): 0.2554, 37.34/s/gpu Batch (t): 1.7138 LR: 0.000100 Step: 26250 Total Loss: 0.4127 Diff Loss: 0.4127 
[11/29 05:41:21 TiTok-Gen]: Data (t): 0.2480, 37.04/s/gpu Batch (t): 1.7278 LR: 0.000100 Step: 26300 Total Loss: 0.4115 Diff Loss: 0.4115 
[11/29 05:42:44 TiTok-Gen]: Data (t): 0.2578, 37.71/s/gpu Batch (t): 1.6974 LR: 0.000100 Step: 26350 Total Loss: 0.4113 Diff Loss: 0.4113 
[11/29 05:44:06 TiTok-Gen]: Data (t): 0.2545, 40.34/s/gpu Batch (t): 1.5866 LR: 0.000100 Step: 26400 Total Loss: 0.4116 Diff Loss: 0.4116 
[11/29 05:45:29 TiTok-Gen]: Data (t): 0.2589, 39.47/s/gpu Batch (t): 1.6214 LR: 0.000100 Step: 26450 Total Loss: 0.4118 Diff Loss: 0.4118 
[11/29 05:46:51 TiTok-Gen]: Data (t): 0.2514, 40.34/s/gpu Batch (t): 1.5866 LR: 0.000100 Step: 26500 Total Loss: 0.4132 Diff Loss: 0.4132 
[11/29 05:48:14 TiTok-Gen]: Data (t): 0.2518, 39.19/s/gpu Batch (t): 1.6332 LR: 0.000100 Step: 26550 Total Loss: 0.4126 Diff Loss: 0.4126 
[11/29 05:49:36 TiTok-Gen]: Data (t): 0.2486, 40.28/s/gpu Batch (t): 1.5890 LR: 0.000100 Step: 26600 Total Loss: 0.4118 Diff Loss: 0.4118 
[11/29 05:50:58 TiTok-Gen]: Data (t): 0.2549, 39.96/s/gpu Batch (t): 1.6017 LR: 0.000100 Step: 26650 Total Loss: 0.4122 Diff Loss: 0.4122 
[11/29 05:52:21 TiTok-Gen]: Data (t): 0.2482, 41.65/s/gpu Batch (t): 1.5365 LR: 0.000100 Step: 26700 Total Loss: 0.4130 Diff Loss: 0.4130 
[11/29 05:52:41 TiTok-Gen]: Epoch 42/1597 started.
[11/29 05:54:03 TiTok-Gen]: Data (t): 0.2498, 37.32/s/gpu Batch (t): 1.7149 LR: 0.000100 Step: 26750 Total Loss: 0.4115 Diff Loss: 0.4115 
[11/29 05:55:27 TiTok-Gen]: Data (t): 0.4203, 36.75/s/gpu Batch (t): 1.7416 LR: 0.000100 Step: 26800 Total Loss: 0.4112 Diff Loss: 0.4112 
[11/29 05:56:50 TiTok-Gen]: Data (t): 0.2600, 37.13/s/gpu Batch (t): 1.7236 LR: 0.000100 Step: 26850 Total Loss: 0.4122 Diff Loss: 0.4122 
[11/29 05:58:13 TiTok-Gen]: Data (t): 0.4638, 36.83/s/gpu Batch (t): 1.7377 LR: 0.000100 Step: 26900 Total Loss: 0.4113 Diff Loss: 0.4113 
[11/29 05:59:36 TiTok-Gen]: Data (t): 0.4658, 37.32/s/gpu Batch (t): 1.7148 LR: 0.000100 Step: 26950 Total Loss: 0.4108 Diff Loss: 0.4108 
[11/29 06:00:59 TiTok-Gen]: Data (t): 0.2522, 33.57/s/gpu Batch (t): 1.9062 LR: 0.000100 Step: 27000 Total Loss: 0.4108 Diff Loss: 0.4108 
[11/29 06:01:00 TiTok-Gen]: Generating images...
  0%|          | 0/289 [00:00<?, ?it/s]  0%|          | 1/289 [00:00<01:50,  2.61it/s]  1%|          | 2/289 [00:00<01:50,  2.59it/s]  1%|          | 3/289 [00:01<01:50,  2.58it/s]  1%|▏         | 4/289 [00:01<01:50,  2.57it/s]  2%|▏         | 5/289 [00:01<01:50,  2.56it/s]  2%|▏         | 6/289 [00:02<01:50,  2.56it/s]  2%|▏         | 7/289 [00:02<01:50,  2.56it/s]  3%|▎         | 8/289 [00:03<01:49,  2.57it/s]  3%|▎         | 9/289 [00:03<01:49,  2.57it/s]  3%|▎         | 10/289 [00:03<01:48,  2.56it/s]  4%|▍         | 11/289 [00:04<01:48,  2.56it/s]  4%|▍         | 12/289 [00:04<01:48,  2.55it/s]  4%|▍         | 13/289 [00:05<01:47,  2.56it/s]  5%|▍         | 14/289 [00:05<01:47,  2.57it/s]  5%|▌         | 15/289 [00:05<01:46,  2.57it/s]  6%|▌         | 16/289 [00:06<01:46,  2.57it/s]  6%|▌         | 17/289 [00:06<01:46,  2.55it/s]  6%|▌         | 18/289 [00:07<01:46,  2.56it/s]  7%|▋         | 19/289 [00:07<01:47,  2.52it/s]  7%|▋         | 20/289 [00:07<01:47,  2.50it/s]  7%|▋         | 21/289 [00:08<01:46,  2.52it/s]  8%|▊         | 22/289 [00:08<01:45,  2.53it/s]  8%|▊         | 23/289 [00:09<01:44,  2.54it/s]  8%|▊         | 24/289 [00:09<01:44,  2.55it/s]  9%|▊         | 25/289 [00:09<01:43,  2.56it/s]  9%|▉         | 26/289 [00:10<01:42,  2.56it/s]  9%|▉         | 27/289 [00:10<01:41,  2.57it/s] 10%|▉         | 28/289 [00:10<01:41,  2.57it/s] 10%|█         | 29/289 [00:11<01:40,  2.58it/s] 10%|█         | 30/289 [00:11<01:40,  2.58it/s] 11%|█         | 31/289 [00:12<01:40,  2.58it/s] 11%|█         | 32/289 [00:12<01:39,  2.58it/s] 11%|█▏        | 33/289 [00:12<01:39,  2.58it/s] 12%|█▏        | 34/289 [00:13<01:38,  2.58it/s] 12%|█▏        | 35/289 [00:13<01:38,  2.57it/s] 12%|█▏        | 36/289 [00:14<01:38,  2.56it/s] 13%|█▎        | 37/289 [00:14<01:38,  2.57it/s] 13%|█▎        | 38/289 [00:14<01:37,  2.57it/s] 13%|█▎        | 39/289 [00:15<01:37,  2.57it/s] 14%|█▍        | 40/289 [00:15<01:36,  2.57it/s] 14%|█▍        | 41/289 [00:15<01:36,  2.58it/s] 15%|█▍        | 42/289 [00:16<01:35,  2.58it/s] 15%|█▍        | 43/289 [00:16<01:35,  2.57it/s] 15%|█▌        | 44/289 [00:17<01:35,  2.58it/s] 16%|█▌        | 45/289 [00:17<01:34,  2.58it/s] 16%|█▌        | 46/289 [00:17<01:34,  2.58it/s] 16%|█▋        | 47/289 [00:18<01:33,  2.58it/s] 17%|█▋        | 48/289 [00:18<01:33,  2.59it/s] 17%|█▋        | 49/289 [00:19<01:32,  2.58it/s] 17%|█▋        | 50/289 [00:19<01:32,  2.59it/s] 18%|█▊        | 51/289 [00:19<01:32,  2.58it/s] 18%|█▊        | 52/289 [00:20<01:31,  2.58it/s] 18%|█▊        | 53/289 [00:20<01:31,  2.59it/s] 19%|█▊        | 54/289 [00:21<01:30,  2.59it/s] 19%|█▉        | 55/289 [00:21<01:30,  2.59it/s] 19%|█▉        | 56/289 [00:21<01:30,  2.59it/s] 20%|█▉        | 57/289 [00:22<01:29,  2.59it/s] 20%|██        | 58/289 [00:22<01:29,  2.59it/s] 20%|██        | 59/289 [00:22<01:28,  2.59it/s] 21%|██        | 60/289 [00:23<01:28,  2.57it/s] 21%|██        | 61/289 [00:23<01:28,  2.58it/s] 21%|██▏       | 62/289 [00:24<01:28,  2.57it/s] 22%|██▏       | 63/289 [00:24<01:27,  2.58it/s] 22%|██▏       | 64/289 [00:24<01:27,  2.58it/s] 22%|██▏       | 65/289 [00:25<01:26,  2.58it/s] 23%|██▎       | 66/289 [00:25<01:26,  2.58it/s] 23%|██▎       | 67/289 [00:26<01:26,  2.58it/s] 24%|██▎       | 68/289 [00:26<01:25,  2.58it/s] 24%|██▍       | 69/289 [00:26<01:25,  2.58it/s] 24%|██▍       | 70/289 [00:27<01:24,  2.58it/s] 25%|██▍       | 71/289 [00:27<01:24,  2.58it/s] 25%|██▍       | 72/289 [00:28<01:24,  2.58it/s] 25%|██▌       | 73/289 [00:28<01:23,  2.58it/s] 26%|██▌       | 74/289 [00:28<01:23,  2.58it/s] 26%|██▌       | 75/289 [00:29<01:22,  2.58it/s] 26%|██▋       | 76/289 [00:29<01:22,  2.58it/s] 27%|██▋       | 77/289 [00:29<01:22,  2.58it/s] 27%|██▋       | 78/289 [00:30<01:21,  2.58it/s] 27%|██▋       | 79/289 [00:30<01:21,  2.59it/s] 28%|██▊       | 80/289 [00:31<01:20,  2.59it/s] 28%|██▊       | 81/289 [00:31<01:20,  2.59it/s] 28%|██▊       | 82/289 [00:31<01:20,  2.59it/s] 29%|██▊       | 83/289 [00:32<01:19,  2.59it/s] 29%|██▉       | 84/289 [00:32<01:19,  2.58it/s] 29%|██▉       | 85/289 [00:33<01:18,  2.59it/s] 30%|██▉       | 86/289 [00:33<01:18,  2.59it/s] 30%|███       | 87/289 [00:33<01:18,  2.59it/s] 30%|███       | 88/289 [00:34<01:17,  2.59it/s] 31%|███       | 89/289 [00:34<01:17,  2.59it/s] 31%|███       | 90/289 [00:34<01:16,  2.59it/s] 31%|███▏      | 91/289 [00:35<01:16,  2.59it/s] 32%|███▏      | 92/289 [00:35<01:16,  2.59it/s] 32%|███▏      | 93/289 [00:36<01:15,  2.59it/s] 33%|███▎      | 94/289 [00:36<01:15,  2.59it/s] 33%|███▎      | 95/289 [00:36<01:15,  2.59it/s] 33%|███▎      | 96/289 [00:37<01:14,  2.59it/s] 34%|███▎      | 97/289 [00:37<01:14,  2.59it/s] 34%|███▍      | 98/289 [00:38<01:14,  2.58it/s] 34%|███▍      | 99/289 [00:38<01:13,  2.58it/s] 35%|███▍      | 100/289 [00:38<01:13,  2.58it/s] 35%|███▍      | 101/289 [00:39<01:13,  2.57it/s] 35%|███▌      | 102/289 [00:39<01:12,  2.57it/s] 36%|███▌      | 103/289 [00:39<01:12,  2.58it/s] 36%|███▌      | 104/289 [00:40<01:11,  2.58it/s] 36%|███▋      | 105/289 [00:40<01:11,  2.58it/s] 37%|███▋      | 106/289 [00:41<01:10,  2.59it/s] 37%|███▋      | 107/289 [00:41<01:10,  2.59it/s] 37%|███▋      | 108/289 [00:41<01:10,  2.58it/s] 38%|███▊      | 109/289 [00:42<01:09,  2.58it/s] 38%|███▊      | 110/289 [00:42<01:09,  2.58it/s] 38%|███▊      | 111/289 [00:43<01:09,  2.58it/s] 39%|███▉      | 112/289 [00:43<01:08,  2.58it/s] 39%|███▉      | 113/289 [00:43<01:08,  2.58it/s] 39%|███▉      | 114/289 [00:44<01:07,  2.58it/s] 40%|███▉      | 115/289 [00:44<01:07,  2.58it/s] 40%|████      | 116/289 [00:45<01:06,  2.59it/s] 40%|████      | 117/289 [00:45<01:06,  2.59it/s] 41%|████      | 118/289 [00:45<01:06,  2.58it/s] 41%|████      | 119/289 [00:46<01:05,  2.58it/s] 42%|████▏     | 120/289 [00:46<01:05,  2.58it/s] 42%|████▏     | 121/289 [00:46<01:04,  2.59it/s] 42%|████▏     | 122/289 [00:47<01:04,  2.58it/s] 43%|████▎     | 123/289 [00:47<01:04,  2.59it/s] 43%|████▎     | 124/289 [00:48<01:03,  2.59it/s] 43%|████▎     | 125/289 [00:48<01:03,  2.59it/s] 44%|████▎     | 126/289 [00:48<01:02,  2.59it/s] 44%|████▍     | 127/289 [00:49<01:02,  2.59it/s] 44%|████▍     | 128/289 [00:49<01:02,  2.59it/s] 45%|████▍     | 129/289 [00:50<01:01,  2.59it/s] 45%|████▍     | 130/289 [00:50<01:01,  2.59it/s] 45%|████▌     | 131/289 [00:50<01:01,  2.59it/s] 46%|████▌     | 132/289 [00:51<01:00,  2.59it/s] 46%|████▌     | 133/289 [00:51<01:00,  2.59it/s] 46%|████▋     | 134/289 [00:51<00:59,  2.59it/s] 47%|████▋     | 135/289 [00:52<00:59,  2.59it/s] 47%|████▋     | 136/289 [00:52<00:59,  2.59it/s] 47%|████▋     | 137/289 [00:53<00:58,  2.59it/s] 48%|████▊     | 138/289 [00:53<00:58,  2.59it/s] 48%|████▊     | 139/289 [00:53<00:57,  2.59it/s] 48%|████▊     | 140/289 [00:54<00:57,  2.59it/s] 49%|████▉     | 141/289 [00:54<00:57,  2.59it/s] 49%|████▉     | 142/289 [00:55<00:56,  2.59it/s] 49%|████▉     | 143/289 [00:55<00:56,  2.59it/s] 50%|████▉     | 144/289 [00:55<00:56,  2.59it/s] 50%|█████     | 145/289 [00:56<00:55,  2.58it/s] 51%|█████     | 146/289 [00:56<00:55,  2.59it/s] 51%|█████     | 147/289 [00:57<00:54,  2.59it/s] 51%|█████     | 148/289 [00:57<00:54,  2.59it/s] 52%|█████▏    | 149/289 [00:57<00:54,  2.59it/s] 52%|█████▏    | 150/289 [00:58<00:53,  2.59it/s] 52%|█████▏    | 151/289 [00:58<00:53,  2.59it/s] 53%|█████▎    | 152/289 [00:58<00:52,  2.59it/s] 53%|█████▎    | 153/289 [00:59<00:52,  2.59it/s] 53%|█████▎    | 154/289 [00:59<00:52,  2.59it/s] 54%|█████▎    | 155/289 [01:00<00:51,  2.59it/s] 54%|█████▍    | 156/289 [01:00<00:51,  2.59it/s] 54%|█████▍    | 157/289 [01:00<00:50,  2.59it/s] 55%|█████▍    | 158/289 [01:01<00:50,  2.58it/s] 55%|█████▌    | 159/289 [01:01<00:50,  2.58it/s] 55%|█████▌    | 160/289 [01:02<00:49,  2.59it/s] 56%|█████▌    | 161/289 [01:02<00:49,  2.59it/s] 56%|█████▌    | 162/289 [01:02<00:49,  2.59it/s] 56%|█████▋    | 163/289 [01:03<00:49,  2.57it/s] 57%|█████▋    | 164/289 [01:03<00:48,  2.58it/s] 57%|█████▋    | 165/289 [01:03<00:47,  2.58it/s] 57%|█████▋    | 166/289 [01:04<00:47,  2.59it/s] 58%|█████▊    | 167/289 [01:04<00:47,  2.59it/s] 58%|█████▊    | 168/289 [01:05<00:46,  2.59it/s] 58%|█████▊    | 169/289 [01:05<00:46,  2.59it/s] 59%|█████▉    | 170/289 [01:05<00:45,  2.59it/s] 59%|█████▉    | 171/289 [01:06<00:45,  2.59it/s] 60%|█████▉    | 172/289 [01:06<00:45,  2.59it/s] 60%|█████▉    | 173/289 [01:07<00:44,  2.59it/s] 60%|██████    | 174/289 [01:07<00:44,  2.58it/s] 61%|██████    | 175/289 [01:07<00:44,  2.59it/s] 61%|██████    | 176/289 [01:08<00:43,  2.59it/s] 61%|██████    | 177/289 [01:08<00:43,  2.58it/s] 62%|██████▏   | 178/289 [01:09<00:43,  2.55it/s] 62%|██████▏   | 179/289 [01:09<00:43,  2.55it/s] 62%|██████▏   | 180/289 [01:09<00:42,  2.56it/s] 63%|██████▎   | 181/289 [01:10<00:42,  2.57it/s] 63%|██████▎   | 182/289 [01:10<00:41,  2.57it/s] 63%|██████▎   | 183/289 [01:10<00:41,  2.58it/s] 64%|██████▎   | 184/289 [01:11<00:40,  2.58it/s] 64%|██████▍   | 185/289 [01:11<00:40,  2.58it/s] 64%|██████▍   | 186/289 [01:12<00:39,  2.58it/s] 65%|██████▍   | 187/289 [01:12<00:39,  2.58it/s] 65%|██████▌   | 188/289 [01:12<00:39,  2.58it/s] 65%|██████▌   | 189/289 [01:13<00:38,  2.58it/s] 66%|██████▌   | 190/289 [01:13<00:38,  2.58it/s] 66%|██████▌   | 191/289 [01:14<00:37,  2.59it/s] 66%|██████▋   | 192/289 [01:14<00:37,  2.59it/s] 67%|██████▋   | 193/289 [01:14<00:37,  2.59it/s] 67%|██████▋   | 194/289 [01:15<00:36,  2.59it/s] 67%|██████▋   | 195/289 [01:15<00:36,  2.59it/s] 68%|██████▊   | 196/289 [01:15<00:35,  2.59it/s] 68%|██████▊   | 197/289 [01:16<00:35,  2.59it/s] 69%|██████▊   | 198/289 [01:16<00:35,  2.59it/s] 69%|██████▉   | 199/289 [01:17<00:34,  2.59it/s] 69%|██████▉   | 200/289 [01:17<00:34,  2.59it/s] 70%|██████▉   | 201/289 [01:17<00:34,  2.59it/s] 70%|██████▉   | 202/289 [01:18<00:33,  2.58it/s] 70%|███████   | 203/289 [01:18<00:33,  2.58it/s] 71%|███████   | 204/289 [01:19<00:32,  2.59it/s] 71%|███████   | 205/289 [01:19<00:32,  2.59it/s] 71%|███████▏  | 206/289 [01:19<00:32,  2.59it/s] 72%|███████▏  | 207/289 [01:20<00:31,  2.59it/s] 72%|███████▏  | 208/289 [01:20<00:31,  2.59it/s] 72%|███████▏  | 209/289 [01:20<00:30,  2.59it/s] 73%|███████▎  | 210/289 [01:21<00:30,  2.59it/s] 73%|███████▎  | 211/289 [01:21<00:30,  2.59it/s] 73%|███████▎  | 212/289 [01:22<00:29,  2.59it/s] 74%|███████▎  | 213/289 [01:22<00:29,  2.59it/s] 74%|███████▍  | 214/289 [01:22<00:28,  2.59it/s] 74%|███████▍  | 215/289 [01:23<00:28,  2.59it/s] 75%|███████▍  | 216/289 [01:23<00:28,  2.59it/s] 75%|███████▌  | 217/289 [01:24<00:27,  2.59it/s] 75%|███████▌  | 218/289 [01:24<00:27,  2.59it/s] 76%|███████▌  | 219/289 [01:24<00:27,  2.59it/s] 76%|███████▌  | 220/289 [01:25<00:26,  2.59it/s] 76%|███████▋  | 221/289 [01:25<00:26,  2.59it/s] 77%|███████▋  | 222/289 [01:26<00:25,  2.58it/s] 77%|███████▋  | 223/289 [01:26<00:25,  2.59it/s] 78%|███████▊  | 224/289 [01:26<00:25,  2.59it/s] 78%|███████▊  | 225/289 [01:27<00:24,  2.59it/s] 78%|███████▊  | 226/289 [01:27<00:24,  2.59it/s] 79%|███████▊  | 227/289 [01:27<00:23,  2.59it/s] 79%|███████▉  | 228/289 [01:28<00:23,  2.59it/s] 79%|███████▉  | 229/289 [01:28<00:23,  2.59it/s] 80%|███████▉  | 230/289 [01:29<00:22,  2.59it/s] 80%|███████▉  | 231/289 [01:29<00:22,  2.58it/s] 80%|████████  | 232/289 [01:29<00:22,  2.59it/s] 81%|████████  | 233/289 [01:30<00:21,  2.59it/s] 81%|████████  | 234/289 [01:30<00:21,  2.59it/s] 81%|████████▏ | 235/289 [01:31<00:20,  2.59it/s] 82%|████████▏ | 236/289 [01:31<00:20,  2.59it/s] 82%|████████▏ | 237/289 [01:31<00:20,  2.57it/s] 82%|████████▏ | 238/289 [01:32<00:19,  2.58it/s] 83%|████████▎ | 239/289 [01:32<00:19,  2.58it/s] 83%|████████▎ | 240/289 [01:32<00:18,  2.59it/s] 83%|████████▎ | 241/289 [01:33<00:18,  2.59it/s] 84%|████████▎ | 242/289 [01:33<00:18,  2.59it/s] 84%|████████▍ | 243/289 [01:34<00:17,  2.59it/s] 84%|████████▍ | 244/289 [01:34<00:17,  2.59it/s] 85%|████████▍ | 245/289 [01:34<00:16,  2.59it/s] 85%|████████▌ | 246/289 [01:35<00:16,  2.59it/s] 85%|████████▌ | 247/289 [01:35<00:16,  2.58it/s] 86%|████████▌ | 248/289 [01:36<00:15,  2.59it/s] 86%|████████▌ | 249/289 [01:36<00:15,  2.59it/s] 87%|████████▋ | 250/289 [01:36<00:15,  2.59it/s] 87%|████████▋ | 251/289 [01:37<00:14,  2.59it/s] 87%|████████▋ | 252/289 [01:37<00:14,  2.59it/s] 88%|████████▊ | 253/289 [01:37<00:13,  2.59it/s] 88%|████████▊ | 254/289 [01:38<00:13,  2.59it/s] 88%|████████▊ | 255/289 [01:38<00:13,  2.58it/s] 89%|████████▊ | 256/289 [01:39<00:12,  2.58it/s] 89%|████████▉ | 257/289 [01:39<00:12,  2.58it/s] 89%|████████▉ | 258/289 [01:39<00:11,  2.58it/s] 90%|████████▉ | 259/289 [01:40<00:11,  2.59it/s] 90%|████████▉ | 260/289 [01:40<00:11,  2.59it/s] 90%|█████████ | 261/289 [01:41<00:10,  2.59it/s] 91%|█████████ | 262/289 [01:41<00:10,  2.58it/s] 91%|█████████ | 263/289 [01:41<00:10,  2.58it/s] 91%|█████████▏| 264/289 [01:42<00:09,  2.59it/s] 92%|█████████▏| 265/289 [01:42<00:09,  2.59it/s] 92%|█████████▏| 266/289 [01:43<00:08,  2.59it/s] 92%|█████████▏| 267/289 [01:43<00:08,  2.57it/s] 93%|█████████▎| 268/289 [01:43<00:08,  2.58it/s] 93%|█████████▎| 269/289 [01:44<00:07,  2.58it/s] 93%|█████████▎| 270/289 [01:44<00:07,  2.59it/s] 94%|█████████▍| 271/289 [01:44<00:06,  2.59it/s] 94%|█████████▍| 272/289 [01:45<00:06,  2.59it/s] 94%|█████████▍| 273/289 [01:45<00:06,  2.59it/s] 95%|█████████▍| 274/289 [01:46<00:05,  2.59it/s] 95%|█████████▌| 275/289 [01:46<00:05,  2.59it/s] 96%|█████████▌| 276/289 [01:46<00:05,  2.59it/s] 96%|█████████▌| 277/289 [01:47<00:04,  2.59it/s] 96%|█████████▌| 278/289 [01:47<00:04,  2.59it/s] 97%|█████████▋| 279/289 [01:48<00:03,  2.59it/s] 97%|█████████▋| 280/289 [01:48<00:03,  2.59it/s] 97%|█████████▋| 281/289 [01:48<00:03,  2.59it/s] 98%|█████████▊| 282/289 [01:49<00:02,  2.59it/s] 98%|█████████▊| 283/289 [01:49<00:02,  2.59it/s] 98%|█████████▊| 284/289 [01:49<00:01,  2.59it/s] 99%|█████████▊| 285/289 [01:50<00:01,  2.59it/s] 99%|█████████▉| 286/289 [01:50<00:01,  2.59it/s] 99%|█████████▉| 287/289 [01:51<00:00,  2.58it/s]100%|█████████▉| 288/289 [01:51<00:00,  2.59it/s]100%|█████████▉| 288/289 [01:51<00:00,  2.57it/s]
[11/29 06:04:15 TiTok-Gen]: Data (t): 0.4670, 37.51/s/gpu Batch (t): 1.7062 LR: 0.000100 Step: 27050 Total Loss: 0.4115 Diff Loss: 0.4115 
[11/29 06:05:38 TiTok-Gen]: Data (t): 0.2504, 37.75/s/gpu Batch (t): 1.6955 LR: 0.000100 Step: 27100 Total Loss: 0.4116 Diff Loss: 0.4116 
[11/29 06:07:01 TiTok-Gen]: Data (t): 0.2531, 40.06/s/gpu Batch (t): 1.5977 LR: 0.000100 Step: 27150 Total Loss: 0.4111 Diff Loss: 0.4111 
[11/29 06:08:24 TiTok-Gen]: Data (t): 0.3322, 40.00/s/gpu Batch (t): 1.5999 LR: 0.000100 Step: 27200 Total Loss: 0.4124 Diff Loss: 0.4124 
[11/29 06:09:47 TiTok-Gen]: Data (t): 0.2528, 40.69/s/gpu Batch (t): 1.5727 LR: 0.000100 Step: 27250 Total Loss: 0.4115 Diff Loss: 0.4115 
[11/29 06:11:10 TiTok-Gen]: Data (t): 0.2509, 40.76/s/gpu Batch (t): 1.5702 LR: 0.000100 Step: 27300 Total Loss: 0.4119 Diff Loss: 0.4119 
[11/29 06:12:29 TiTok-Gen]: Epoch 43/1597 started.
[11/29 06:12:51 TiTok-Gen]: Data (t): 0.2463, 40.94/s/gpu Batch (t): 1.5632 LR: 0.000100 Step: 27350 Total Loss: 0.4108 Diff Loss: 0.4108 
[11/29 06:14:15 TiTok-Gen]: Data (t): 0.4463, 39.63/s/gpu Batch (t): 1.6150 LR: 0.000100 Step: 27400 Total Loss: 0.4109 Diff Loss: 0.4109 
[11/29 06:15:37 TiTok-Gen]: Data (t): 0.4682, 39.38/s/gpu Batch (t): 1.6251 LR: 0.000100 Step: 27450 Total Loss: 0.4099 Diff Loss: 0.4099 
[11/29 06:17:01 TiTok-Gen]: Data (t): 0.2496, 37.43/s/gpu Batch (t): 1.7096 LR: 0.000100 Step: 27500 Total Loss: 0.4112 Diff Loss: 0.4112 
[11/29 06:18:23 TiTok-Gen]: Data (t): 0.4457, 40.73/s/gpu Batch (t): 1.5714 LR: 0.000100 Step: 27550 Total Loss: 0.4118 Diff Loss: 0.4118 
[11/29 06:19:46 TiTok-Gen]: Data (t): 0.4419, 37.51/s/gpu Batch (t): 1.7063 LR: 0.000100 Step: 27600 Total Loss: 0.4119 Diff Loss: 0.4119 
[11/29 06:21:09 TiTok-Gen]: Data (t): 0.3045, 38.22/s/gpu Batch (t): 1.6745 LR: 0.000100 Step: 27650 Total Loss: 0.4124 Diff Loss: 0.4124 
[11/29 06:22:33 TiTok-Gen]: Data (t): 0.4759, 35.72/s/gpu Batch (t): 1.7917 LR: 0.000100 Step: 27700 Total Loss: 0.4119 Diff Loss: 0.4119 
[11/29 06:23:55 TiTok-Gen]: Data (t): 0.4245, 38.03/s/gpu Batch (t): 1.6830 LR: 0.000100 Step: 27750 Total Loss: 0.4116 Diff Loss: 0.4116 
[11/29 06:25:18 TiTok-Gen]: Data (t): 0.2535, 37.91/s/gpu Batch (t): 1.6883 LR: 0.000100 Step: 27800 Total Loss: 0.4113 Diff Loss: 0.4113 
[11/29 06:26:42 TiTok-Gen]: Data (t): 0.4291, 36.97/s/gpu Batch (t): 1.7312 LR: 0.000100 Step: 27850 Total Loss: 0.4111 Diff Loss: 0.4111 
[11/29 06:28:05 TiTok-Gen]: Data (t): 0.4362, 35.98/s/gpu Batch (t): 1.7786 LR: 0.000100 Step: 27900 Total Loss: 0.4116 Diff Loss: 0.4116 
[11/29 06:29:27 TiTok-Gen]: Data (t): 0.2481, 36.74/s/gpu Batch (t): 1.7422 LR: 0.000100 Step: 27950 Total Loss: 0.4117 Diff Loss: 0.4117 
[11/29 06:30:23 TiTok-Gen]: Epoch 44/1597 started.
[11/29 06:31:07 TiTok-Gen]: Data (t): 0.2529, 34.99/s/gpu Batch (t): 1.8293 LR: 0.000100 Step: 28000 Total Loss: 0.4101 Diff Loss: 0.4101 
[11/29 06:31:08 TiTok-Gen]: Generating images...
  0%|          | 0/289 [00:00<?, ?it/s]  0%|          | 1/289 [00:00<01:48,  2.66it/s]  1%|          | 2/289 [00:00<01:49,  2.61it/s]  1%|          | 3/289 [00:01<01:49,  2.60it/s]  1%|▏         | 4/289 [00:01<01:49,  2.60it/s]  2%|▏         | 5/289 [00:01<01:48,  2.61it/s]  2%|▏         | 6/289 [00:02<01:48,  2.61it/s]  2%|▏         | 7/289 [00:02<01:48,  2.61it/s]  3%|▎         | 8/289 [00:03<01:47,  2.61it/s]  3%|▎         | 9/289 [00:03<01:47,  2.61it/s]  3%|▎         | 10/289 [00:03<01:47,  2.61it/s]  4%|▍         | 11/289 [00:04<01:46,  2.61it/s]  4%|▍         | 12/289 [00:04<01:46,  2.61it/s]  4%|▍         | 13/289 [00:04<01:45,  2.61it/s]  5%|▍         | 14/289 [00:05<01:45,  2.60it/s]  5%|▌         | 15/289 [00:05<01:45,  2.60it/s]  6%|▌         | 16/289 [00:06<01:44,  2.60it/s]  6%|▌         | 17/289 [00:06<01:44,  2.61it/s]  6%|▌         | 18/289 [00:06<01:43,  2.61it/s]  7%|▋         | 19/289 [00:07<01:43,  2.61it/s]  7%|▋         | 20/289 [00:07<01:43,  2.60it/s]  7%|▋         | 21/289 [00:08<01:42,  2.61it/s]  8%|▊         | 22/289 [00:08<01:42,  2.61it/s]  8%|▊         | 23/289 [00:08<01:42,  2.61it/s]  8%|▊         | 24/289 [00:09<01:41,  2.61it/s]  9%|▊         | 25/289 [00:09<01:41,  2.60it/s]  9%|▉         | 26/289 [00:09<01:40,  2.61it/s]  9%|▉         | 27/289 [00:10<01:40,  2.60it/s] 10%|▉         | 28/289 [00:10<01:40,  2.61it/s] 10%|█         | 29/289 [00:11<01:39,  2.60it/s] 10%|█         | 30/289 [00:11<01:39,  2.60it/s] 11%|█         | 31/289 [00:11<01:39,  2.60it/s] 11%|█         | 32/289 [00:12<01:38,  2.60it/s] 11%|█▏        | 33/289 [00:12<01:38,  2.60it/s] 12%|█▏        | 34/289 [00:13<01:37,  2.60it/s] 12%|█▏        | 35/289 [00:13<01:37,  2.60it/s] 12%|█▏        | 36/289 [00:13<01:37,  2.61it/s] 13%|█▎        | 37/289 [00:14<01:36,  2.61it/s] 13%|█▎        | 38/289 [00:14<01:36,  2.61it/s] 13%|█▎        | 39/289 [00:14<01:35,  2.61it/s] 14%|█▍        | 40/289 [00:15<01:35,  2.61it/s] 14%|█▍        | 41/289 [00:15<01:35,  2.61it/s] 15%|█▍        | 42/289 [00:16<01:34,  2.61it/s] 15%|█▍        | 43/289 [00:16<01:34,  2.61it/s] 15%|█▌        | 44/289 [00:16<01:34,  2.61it/s] 16%|█▌        | 45/289 [00:17<01:33,  2.61it/s] 16%|█▌        | 46/289 [00:17<01:33,  2.61it/s] 16%|█▋        | 47/289 [00:18<01:32,  2.61it/s] 17%|█▋        | 48/289 [00:18<01:32,  2.60it/s] 17%|█▋        | 49/289 [00:18<01:32,  2.61it/s] 17%|█▋        | 50/289 [00:19<01:32,  2.59it/s] 18%|█▊        | 51/289 [00:19<01:31,  2.60it/s] 18%|█▊        | 52/289 [00:19<01:31,  2.60it/s] 18%|█▊        | 53/289 [00:20<01:30,  2.61it/s] 19%|█▊        | 54/289 [00:20<01:30,  2.60it/s] 19%|█▉        | 55/289 [00:21<01:29,  2.61it/s] 19%|█▉        | 56/289 [00:21<01:29,  2.61it/s] 20%|█▉        | 57/289 [00:21<01:28,  2.61it/s] 20%|██        | 58/289 [00:22<01:28,  2.61it/s] 20%|██        | 59/289 [00:22<01:28,  2.61it/s] 21%|██        | 60/289 [00:23<01:27,  2.61it/s] 21%|██        | 61/289 [00:23<01:27,  2.61it/s] 21%|██▏       | 62/289 [00:23<01:26,  2.61it/s] 22%|██▏       | 63/289 [00:24<01:26,  2.61it/s] 22%|██▏       | 64/289 [00:24<01:26,  2.61it/s] 22%|██▏       | 65/289 [00:24<01:25,  2.61it/s] 23%|██▎       | 66/289 [00:25<01:25,  2.61it/s] 23%|██▎       | 67/289 [00:25<01:25,  2.61it/s] 24%|██▎       | 68/289 [00:26<01:24,  2.61it/s] 24%|██▍       | 69/289 [00:26<01:24,  2.61it/s] 24%|██▍       | 70/289 [00:26<01:23,  2.61it/s] 25%|██▍       | 71/289 [00:27<01:23,  2.61it/s] 25%|██▍       | 72/289 [00:27<01:23,  2.61it/s] 25%|██▌       | 73/289 [00:28<01:22,  2.61it/s] 26%|██▌       | 74/289 [00:28<01:22,  2.61it/s] 26%|██▌       | 75/289 [00:28<01:21,  2.61it/s] 26%|██▋       | 76/289 [00:29<01:21,  2.61it/s] 27%|██▋       | 77/289 [00:29<01:21,  2.61it/s] 27%|██▋       | 78/289 [00:29<01:20,  2.61it/s] 27%|██▋       | 79/289 [00:30<01:20,  2.61it/s] 28%|██▊       | 80/289 [00:30<01:20,  2.61it/s] 28%|██▊       | 81/289 [00:31<01:19,  2.61it/s] 28%|██▊       | 82/289 [00:31<01:19,  2.61it/s] 29%|██▊       | 83/289 [00:31<01:18,  2.61it/s] 29%|██▉       | 84/289 [00:32<01:18,  2.61it/s] 29%|██▉       | 85/289 [00:32<01:18,  2.61it/s] 30%|██▉       | 86/289 [00:32<01:17,  2.62it/s] 30%|███       | 87/289 [00:33<01:17,  2.61it/s] 30%|███       | 88/289 [00:33<01:17,  2.61it/s] 31%|███       | 89/289 [00:34<01:16,  2.61it/s] 31%|███       | 90/289 [00:34<01:16,  2.59it/s] 31%|███▏      | 91/289 [00:34<01:16,  2.60it/s] 32%|███▏      | 92/289 [00:35<01:15,  2.60it/s] 32%|███▏      | 93/289 [00:35<01:15,  2.61it/s] 33%|███▎      | 94/289 [00:36<01:14,  2.61it/s] 33%|███▎      | 95/289 [00:36<01:14,  2.61it/s] 33%|███▎      | 96/289 [00:36<01:14,  2.60it/s] 34%|███▎      | 97/289 [00:37<01:13,  2.61it/s] 34%|███▍      | 98/289 [00:37<01:13,  2.61it/s] 34%|███▍      | 99/289 [00:37<01:12,  2.61it/s] 35%|███▍      | 100/289 [00:38<01:12,  2.61it/s] 35%|███▍      | 101/289 [00:38<01:11,  2.61it/s] 35%|███▌      | 102/289 [00:39<01:11,  2.61it/s] 36%|███▌      | 103/289 [00:39<01:11,  2.61it/s] 36%|███▌      | 104/289 [00:39<01:10,  2.61it/s] 36%|███▋      | 105/289 [00:40<01:10,  2.61it/s] 37%|███▋      | 106/289 [00:40<01:10,  2.61it/s] 37%|███▋      | 107/289 [00:41<01:09,  2.61it/s] 37%|███▋      | 108/289 [00:41<01:09,  2.61it/s] 38%|███▊      | 109/289 [00:41<01:08,  2.61it/s] 38%|███▊      | 110/289 [00:42<01:08,  2.61it/s] 38%|███▊      | 111/289 [00:42<01:08,  2.61it/s] 39%|███▉      | 112/289 [00:42<01:07,  2.61it/s] 39%|███▉      | 113/289 [00:43<01:07,  2.62it/s] 39%|███▉      | 114/289 [00:43<01:06,  2.62it/s] 40%|███▉      | 115/289 [00:44<01:06,  2.62it/s] 40%|████      | 116/289 [00:44<01:06,  2.61it/s] 40%|████      | 117/289 [00:44<01:05,  2.61it/s] 41%|████      | 118/289 [00:45<01:05,  2.61it/s] 41%|████      | 119/289 [00:45<01:05,  2.61it/s] 42%|████▏     | 120/289 [00:46<01:04,  2.61it/s] 42%|████▏     | 121/289 [00:46<01:04,  2.61it/s] 42%|████▏     | 122/289 [00:46<01:03,  2.61it/s] 43%|████▎     | 123/289 [00:47<01:03,  2.61it/s] 43%|████▎     | 124/289 [00:47<01:03,  2.61it/s] 43%|████▎     | 125/289 [00:47<01:02,  2.61it/s] 44%|████▎     | 126/289 [00:48<01:02,  2.61it/s] 44%|████▍     | 127/289 [00:48<01:01,  2.61it/s] 44%|████▍     | 128/289 [00:49<01:01,  2.62it/s] 45%|████▍     | 129/289 [00:49<01:01,  2.61it/s] 45%|████▍     | 130/289 [00:49<01:00,  2.61it/s] 45%|████▌     | 131/289 [00:50<01:00,  2.61it/s] 46%|████▌     | 132/289 [00:50<01:00,  2.61it/s] 46%|████▌     | 133/289 [00:50<00:59,  2.61it/s] 46%|████▋     | 134/289 [00:51<00:59,  2.61it/s] 47%|████▋     | 135/289 [00:51<00:58,  2.61it/s] 47%|████▋     | 136/289 [00:52<00:58,  2.61it/s] 47%|████▋     | 137/289 [00:52<00:58,  2.62it/s] 48%|████▊     | 138/289 [00:52<00:57,  2.62it/s] 48%|████▊     | 139/289 [00:53<00:57,  2.61it/s] 48%|████▊     | 140/289 [00:53<00:57,  2.61it/s] 49%|████▉     | 141/289 [00:54<00:56,  2.61it/s] 49%|████▉     | 142/289 [00:54<00:56,  2.61it/s] 49%|████▉     | 143/289 [00:54<00:55,  2.61it/s] 50%|████▉     | 144/289 [00:55<00:55,  2.61it/s] 50%|█████     | 145/289 [00:55<00:55,  2.61it/s] 51%|█████     | 146/289 [00:55<00:54,  2.61it/s] 51%|█████     | 147/289 [00:56<00:54,  2.61it/s] 51%|█████     | 148/289 [00:56<00:54,  2.60it/s] 52%|█████▏    | 149/289 [00:57<00:53,  2.61it/s] 52%|█████▏    | 150/289 [00:57<00:53,  2.61it/s] 52%|█████▏    | 151/289 [00:57<00:52,  2.61it/s] 53%|█████▎    | 152/289 [00:58<00:52,  2.59it/s] 53%|█████▎    | 153/289 [00:58<00:52,  2.60it/s] 53%|█████▎    | 154/289 [00:59<00:51,  2.60it/s] 54%|█████▎    | 155/289 [00:59<00:51,  2.60it/s] 54%|█████▍    | 156/289 [00:59<00:51,  2.60it/s] 54%|█████▍    | 157/289 [01:00<00:50,  2.61it/s] 55%|█████▍    | 158/289 [01:00<00:50,  2.61it/s] 55%|█████▌    | 159/289 [01:00<00:49,  2.61it/s] 55%|█████▌    | 160/289 [01:01<00:49,  2.62it/s] 56%|█████▌    | 161/289 [01:01<00:48,  2.62it/s] 56%|█████▌    | 162/289 [01:02<00:48,  2.61it/s] 56%|█████▋    | 163/289 [01:02<00:48,  2.61it/s] 57%|█████▋    | 164/289 [01:02<00:47,  2.61it/s] 57%|█████▋    | 165/289 [01:03<00:47,  2.61it/s] 57%|█████▋    | 166/289 [01:03<00:47,  2.61it/s] 58%|█████▊    | 167/289 [01:04<00:46,  2.61it/s] 58%|█████▊    | 168/289 [01:04<00:46,  2.61it/s] 58%|█████▊    | 169/289 [01:04<00:45,  2.61it/s] 59%|█████▉    | 170/289 [01:05<00:45,  2.61it/s] 59%|█████▉    | 171/289 [01:05<00:45,  2.61it/s] 60%|█████▉    | 172/289 [01:05<00:44,  2.61it/s] 60%|█████▉    | 173/289 [01:06<00:44,  2.61it/s] 60%|██████    | 174/289 [01:06<00:43,  2.61it/s] 61%|██████    | 175/289 [01:07<00:43,  2.61it/s] 61%|██████    | 176/289 [01:07<00:43,  2.61it/s] 61%|██████    | 177/289 [01:07<00:42,  2.61it/s] 62%|██████▏   | 178/289 [01:08<00:42,  2.61it/s] 62%|██████▏   | 179/289 [01:08<00:42,  2.61it/s] 62%|██████▏   | 180/289 [01:08<00:41,  2.61it/s] 63%|██████▎   | 181/289 [01:09<00:41,  2.61it/s] 63%|██████▎   | 182/289 [01:09<00:40,  2.61it/s] 63%|██████▎   | 183/289 [01:10<00:40,  2.61it/s] 64%|██████▎   | 184/289 [01:10<00:40,  2.61it/s] 64%|██████▍   | 185/289 [01:10<00:39,  2.61it/s] 64%|██████▍   | 186/289 [01:11<00:39,  2.61it/s] 65%|██████▍   | 187/289 [01:11<00:39,  2.61it/s] 65%|██████▌   | 188/289 [01:12<00:38,  2.61it/s] 65%|██████▌   | 189/289 [01:12<00:38,  2.61it/s] 66%|██████▌   | 190/289 [01:12<00:37,  2.61it/s] 66%|██████▌   | 191/289 [01:13<00:37,  2.61it/s] 66%|██████▋   | 192/289 [01:13<00:37,  2.61it/s] 67%|██████▋   | 193/289 [01:13<00:36,  2.62it/s] 67%|██████▋   | 194/289 [01:14<00:36,  2.62it/s] 67%|██████▋   | 195/289 [01:14<00:35,  2.62it/s] 68%|██████▊   | 196/289 [01:15<00:35,  2.61it/s] 68%|██████▊   | 197/289 [01:15<00:35,  2.61it/s] 69%|██████▊   | 198/289 [01:15<00:34,  2.61it/s] 69%|██████▉   | 199/289 [01:16<00:34,  2.61it/s] 69%|██████▉   | 200/289 [01:16<00:34,  2.61it/s] 70%|██████▉   | 201/289 [01:17<00:33,  2.61it/s] 70%|██████▉   | 202/289 [01:17<00:33,  2.61it/s] 70%|███████   | 203/289 [01:17<00:32,  2.61it/s] 71%|███████   | 204/289 [01:18<00:32,  2.61it/s] 71%|███████   | 205/289 [01:18<00:32,  2.61it/s] 71%|███████▏  | 206/289 [01:18<00:31,  2.61it/s] 72%|███████▏  | 207/289 [01:19<00:31,  2.61it/s] 72%|███████▏  | 208/289 [01:19<00:30,  2.62it/s] 72%|███████▏  | 209/289 [01:20<00:30,  2.62it/s] 73%|███████▎  | 210/289 [01:20<00:30,  2.62it/s] 73%|███████▎  | 211/289 [01:20<00:29,  2.61it/s] 73%|███████▎  | 212/289 [01:21<00:29,  2.61it/s] 74%|███████▎  | 213/289 [01:21<00:29,  2.61it/s] 74%|███████▍  | 214/289 [01:22<00:28,  2.61it/s] 74%|███████▍  | 215/289 [01:22<00:28,  2.61it/s] 75%|███████▍  | 216/289 [01:22<00:27,  2.61it/s] 75%|███████▌  | 217/289 [01:23<00:27,  2.61it/s] 75%|███████▌  | 218/289 [01:23<00:27,  2.61it/s] 76%|███████▌  | 219/289 [01:23<00:26,  2.61it/s] 76%|███████▌  | 220/289 [01:24<00:26,  2.62it/s] 76%|███████▋  | 221/289 [01:24<00:26,  2.61it/s] 77%|███████▋  | 222/289 [01:25<00:25,  2.61it/s] 77%|███████▋  | 223/289 [01:25<00:25,  2.61it/s] 78%|███████▊  | 224/289 [01:25<00:24,  2.61it/s] 78%|███████▊  | 225/289 [01:26<00:24,  2.61it/s] 78%|███████▊  | 226/289 [01:26<00:24,  2.59it/s] 79%|███████▊  | 227/289 [01:26<00:23,  2.60it/s] 79%|███████▉  | 228/289 [01:27<00:23,  2.60it/s] 79%|███████▉  | 229/289 [01:27<00:23,  2.61it/s] 80%|███████▉  | 230/289 [01:28<00:22,  2.61it/s] 80%|███████▉  | 231/289 [01:28<00:22,  2.61it/s] 80%|████████  | 232/289 [01:28<00:21,  2.61it/s] 81%|████████  | 233/289 [01:29<00:21,  2.61it/s] 81%|████████  | 234/289 [01:29<00:21,  2.61it/s] 81%|████████▏ | 235/289 [01:30<00:20,  2.61it/s] 82%|████████▏ | 236/289 [01:30<00:20,  2.61it/s] 82%|████████▏ | 237/289 [01:30<00:20,  2.60it/s] 82%|████████▏ | 238/289 [01:31<00:19,  2.60it/s] 83%|████████▎ | 239/289 [01:31<00:19,  2.60it/s] 83%|████████▎ | 240/289 [01:31<00:18,  2.60it/s] 83%|████████▎ | 241/289 [01:32<00:18,  2.61it/s] 84%|████████▎ | 242/289 [01:32<00:18,  2.60it/s] 84%|████████▍ | 243/289 [01:33<00:17,  2.61it/s] 84%|████████▍ | 244/289 [01:33<00:17,  2.61it/s] 85%|████████▍ | 245/289 [01:33<00:16,  2.61it/s] 85%|████████▌ | 246/289 [01:34<00:16,  2.61it/s] 85%|████████▌ | 247/289 [01:34<00:16,  2.61it/s] 86%|████████▌ | 248/289 [01:35<00:15,  2.61it/s] 86%|████████▌ | 249/289 [01:35<00:15,  2.61it/s] 87%|████████▋ | 250/289 [01:35<00:14,  2.61it/s] 87%|████████▋ | 251/289 [01:36<00:14,  2.61it/s] 87%|████████▋ | 252/289 [01:36<00:14,  2.61it/s] 88%|████████▊ | 253/289 [01:36<00:13,  2.61it/s] 88%|████████▊ | 254/289 [01:37<00:13,  2.61it/s] 88%|████████▊ | 255/289 [01:37<00:13,  2.61it/s] 89%|████████▊ | 256/289 [01:38<00:12,  2.61it/s] 89%|████████▉ | 257/289 [01:38<00:12,  2.61it/s] 89%|████████▉ | 258/289 [01:38<00:11,  2.61it/s] 90%|████████▉ | 259/289 [01:39<00:11,  2.61it/s] 90%|████████▉ | 260/289 [01:39<00:11,  2.62it/s] 90%|█████████ | 261/289 [01:40<00:10,  2.62it/s] 91%|█████████ | 262/289 [01:40<00:10,  2.61it/s] 91%|█████████ | 263/289 [01:40<00:09,  2.61it/s] 91%|█████████▏| 264/289 [01:41<00:09,  2.61it/s] 92%|█████████▏| 265/289 [01:41<00:09,  2.61it/s] 92%|█████████▏| 266/289 [01:41<00:08,  2.62it/s] 92%|█████████▏| 267/289 [01:42<00:08,  2.61it/s] 93%|█████████▎| 268/289 [01:42<00:08,  2.61it/s] 93%|█████████▎| 269/289 [01:43<00:07,  2.61it/s] 93%|█████████▎| 270/289 [01:43<00:07,  2.61it/s] 94%|█████████▍| 271/289 [01:43<00:06,  2.62it/s] 94%|█████████▍| 272/289 [01:44<00:06,  2.61it/s] 94%|█████████▍| 273/289 [01:44<00:06,  2.61it/s] 95%|█████████▍| 274/289 [01:44<00:05,  2.61it/s] 95%|█████████▌| 275/289 [01:45<00:05,  2.61it/s] 96%|█████████▌| 276/289 [01:45<00:04,  2.61it/s] 96%|█████████▌| 277/289 [01:46<00:04,  2.61it/s] 96%|█████████▌| 278/289 [01:46<00:04,  2.61it/s] 97%|█████████▋| 279/289 [01:46<00:03,  2.61it/s] 97%|█████████▋| 280/289 [01:47<00:03,  2.62it/s] 97%|█████████▋| 281/289 [01:47<00:03,  2.62it/s] 98%|█████████▊| 282/289 [01:48<00:02,  2.61it/s] 98%|█████████▊| 283/289 [01:48<00:02,  2.61it/s] 98%|█████████▊| 284/289 [01:48<00:01,  2.61it/s] 99%|█████████▊| 285/289 [01:49<00:01,  2.61it/s] 99%|█████████▉| 286/289 [01:49<00:01,  2.61it/s] 99%|█████████▉| 287/289 [01:49<00:00,  2.61it/s]100%|█████████▉| 288/289 [01:50<00:00,  2.61it/s]100%|█████████▉| 288/289 [01:50<00:00,  2.60it/s]
[11/29 06:34:23 TiTok-Gen]: Data (t): 0.2500, 37.37/s/gpu Batch (t): 1.7126 LR: 0.000100 Step: 28050 Total Loss: 0.4110 Diff Loss: 0.4110 
[11/29 06:35:47 TiTok-Gen]: Data (t): 0.2737, 36.56/s/gpu Batch (t): 1.7504 LR: 0.000100 Step: 28100 Total Loss: 0.4107 Diff Loss: 0.4107 
[11/29 06:37:09 TiTok-Gen]: Data (t): 0.2526, 40.05/s/gpu Batch (t): 1.5980 LR: 0.000100 Step: 28150 Total Loss: 0.4115 Diff Loss: 0.4115 
[11/29 06:38:32 TiTok-Gen]: Data (t): 0.2666, 39.73/s/gpu Batch (t): 1.6108 LR: 0.000100 Step: 28200 Total Loss: 0.4104 Diff Loss: 0.4104 
[11/29 06:39:55 TiTok-Gen]: Data (t): 0.2498, 40.49/s/gpu Batch (t): 1.5806 LR: 0.000100 Step: 28250 Total Loss: 0.4117 Diff Loss: 0.4117 
[11/29 06:41:19 TiTok-Gen]: Data (t): 0.2484, 37.23/s/gpu Batch (t): 1.7193 LR: 0.000100 Step: 28300 Total Loss: 0.4116 Diff Loss: 0.4116 
[11/29 06:42:42 TiTok-Gen]: Data (t): 0.2602, 41.00/s/gpu Batch (t): 1.5608 LR: 0.000100 Step: 28350 Total Loss: 0.4110 Diff Loss: 0.4110 
[11/29 06:44:04 TiTok-Gen]: Data (t): 0.2531, 37.58/s/gpu Batch (t): 1.7029 LR: 0.000100 Step: 28400 Total Loss: 0.4112 Diff Loss: 0.4112 
[11/29 06:45:27 TiTok-Gen]: Data (t): 0.2567, 40.08/s/gpu Batch (t): 1.5970 LR: 0.000100 Step: 28450 Total Loss: 0.4118 Diff Loss: 0.4118 
[11/29 06:46:50 TiTok-Gen]: Data (t): 0.2560, 38.91/s/gpu Batch (t): 1.6450 LR: 0.000100 Step: 28500 Total Loss: 0.4112 Diff Loss: 0.4112 
[11/29 06:48:13 TiTok-Gen]: Data (t): 0.3209, 37.61/s/gpu Batch (t): 1.7018 LR: 0.000100 Step: 28550 Total Loss: 0.4122 Diff Loss: 0.4122 
[11/29 06:49:36 TiTok-Gen]: Data (t): 0.2482, 39.10/s/gpu Batch (t): 1.6369 LR: 0.000100 Step: 28600 Total Loss: 0.4117 Diff Loss: 0.4117 
[11/29 06:50:09 TiTok-Gen]: Epoch 45/1597 started.
[11/29 06:51:17 TiTok-Gen]: Data (t): 0.2547, 38.01/s/gpu Batch (t): 1.6839 LR: 0.000100 Step: 28650 Total Loss: 0.4101 Diff Loss: 0.4101 
[11/29 06:52:41 TiTok-Gen]: Data (t): 0.2533, 40.17/s/gpu Batch (t): 1.5933 LR: 0.000100 Step: 28700 Total Loss: 0.4105 Diff Loss: 0.4105 
[11/29 06:54:05 TiTok-Gen]: Data (t): 0.2513, 41.09/s/gpu Batch (t): 1.5574 LR: 0.000100 Step: 28750 Total Loss: 0.4099 Diff Loss: 0.4099 
[11/29 06:55:28 TiTok-Gen]: Data (t): 0.2505, 38.65/s/gpu Batch (t): 1.6560 LR: 0.000100 Step: 28800 Total Loss: 0.4096 Diff Loss: 0.4096 
[11/29 06:56:51 TiTok-Gen]: Data (t): 0.3294, 36.34/s/gpu Batch (t): 1.7609 LR: 0.000100 Step: 28850 Total Loss: 0.4114 Diff Loss: 0.4114 
[11/29 06:58:15 TiTok-Gen]: Data (t): 0.2764, 36.83/s/gpu Batch (t): 1.7375 LR: 0.000100 Step: 28900 Total Loss: 0.4116 Diff Loss: 0.4116 
[11/29 06:59:38 TiTok-Gen]: Data (t): 0.2688, 40.37/s/gpu Batch (t): 1.5853 LR: 0.000100 Step: 28950 Total Loss: 0.4108 Diff Loss: 0.4108 
[11/29 07:01:02 TiTok-Gen]: Data (t): 0.2535, 33.53/s/gpu Batch (t): 1.9087 LR: 0.000100 Step: 29000 Total Loss: 0.4121 Diff Loss: 0.4121 
[11/29 07:01:03 TiTok-Gen]: Generating images...
  0%|          | 0/289 [00:00<?, ?it/s]  0%|          | 1/289 [00:00<01:47,  2.67it/s]  1%|          | 2/289 [00:00<01:49,  2.62it/s]  1%|          | 3/289 [00:01<01:49,  2.61it/s]  1%|▏         | 4/289 [00:01<01:49,  2.60it/s]  2%|▏         | 5/289 [00:01<01:49,  2.60it/s]  2%|▏         | 6/289 [00:02<01:48,  2.60it/s]  2%|▏         | 7/289 [00:02<01:48,  2.59it/s]  3%|▎         | 8/289 [00:03<01:48,  2.59it/s]  3%|▎         | 9/289 [00:03<01:47,  2.59it/s]  3%|▎         | 10/289 [00:03<01:47,  2.59it/s]  4%|▍         | 11/289 [00:04<01:47,  2.59it/s]  4%|▍         | 12/289 [00:04<01:46,  2.59it/s]  4%|▍         | 13/289 [00:05<01:46,  2.59it/s]  5%|▍         | 14/289 [00:05<01:46,  2.59it/s]  5%|▌         | 15/289 [00:05<01:45,  2.59it/s]  6%|▌         | 16/289 [00:06<01:45,  2.60it/s]  6%|▌         | 17/289 [00:06<01:44,  2.60it/s]  6%|▌         | 18/289 [00:06<01:44,  2.60it/s]  7%|▋         | 19/289 [00:07<01:44,  2.60it/s]  7%|▋         | 20/289 [00:07<01:43,  2.60it/s]  7%|▋         | 21/289 [00:08<01:43,  2.60it/s]  8%|▊         | 22/289 [00:08<01:42,  2.60it/s]  8%|▊         | 23/289 [00:08<01:42,  2.60it/s]  8%|▊         | 24/289 [00:09<01:41,  2.60it/s]  9%|▊         | 25/289 [00:09<01:41,  2.60it/s]  9%|▉         | 26/289 [00:10<01:41,  2.60it/s]  9%|▉         | 27/289 [00:10<01:40,  2.60it/s] 10%|▉         | 28/289 [00:10<01:40,  2.60it/s] 10%|█         | 29/289 [00:11<01:39,  2.60it/s] 10%|█         | 30/289 [00:11<01:39,  2.59it/s] 11%|█         | 31/289 [00:11<01:39,  2.60it/s] 11%|█         | 32/289 [00:12<01:38,  2.60it/s] 11%|█▏        | 33/289 [00:12<01:38,  2.60it/s] 12%|█▏        | 34/289 [00:13<01:38,  2.60it/s] 12%|█▏        | 35/289 [00:13<01:37,  2.59it/s] 12%|█▏        | 36/289 [00:13<01:37,  2.60it/s] 13%|█▎        | 37/289 [00:14<01:36,  2.60it/s] 13%|█▎        | 38/289 [00:14<01:36,  2.60it/s] 13%|█▎        | 39/289 [00:15<01:36,  2.60it/s] 14%|█▍        | 40/289 [00:15<01:35,  2.61it/s] 14%|█▍        | 41/289 [00:15<01:35,  2.60it/s] 15%|█▍        | 42/289 [00:16<01:34,  2.60it/s] 15%|█▍        | 43/289 [00:16<01:34,  2.60it/s] 15%|█▌        | 44/289 [00:16<01:34,  2.60it/s] 16%|█▌        | 45/289 [00:17<01:33,  2.60it/s] 16%|█▌        | 46/289 [00:17<01:33,  2.60it/s] 16%|█▋        | 47/289 [00:18<01:32,  2.60it/s] 17%|█▋        | 48/289 [00:18<01:32,  2.60it/s] 17%|█▋        | 49/289 [00:18<01:32,  2.61it/s] 17%|█▋        | 50/289 [00:19<01:31,  2.60it/s] 18%|█▊        | 51/289 [00:19<01:31,  2.61it/s] 18%|█▊        | 52/289 [00:20<01:31,  2.60it/s] 18%|█▊        | 53/289 [00:20<01:30,  2.60it/s] 19%|█▊        | 54/289 [00:20<01:30,  2.58it/s] 19%|█▉        | 55/289 [00:21<01:30,  2.59it/s] 19%|█▉        | 56/289 [00:21<01:29,  2.60it/s] 20%|█▉        | 57/289 [00:21<01:29,  2.60it/s] 20%|██        | 58/289 [00:22<01:28,  2.60it/s] 20%|██        | 59/289 [00:22<01:28,  2.59it/s] 21%|██        | 60/289 [00:23<01:28,  2.60it/s] 21%|██        | 61/289 [00:23<01:27,  2.60it/s] 21%|██▏       | 62/289 [00:23<01:27,  2.60it/s] 22%|██▏       | 63/289 [00:24<01:26,  2.60it/s] 22%|██▏       | 64/289 [00:24<01:26,  2.60it/s] 22%|██▏       | 65/289 [00:25<01:26,  2.60it/s] 23%|██▎       | 66/289 [00:25<01:25,  2.60it/s] 23%|██▎       | 67/289 [00:25<01:25,  2.60it/s] 24%|██▎       | 68/289 [00:26<01:24,  2.60it/s] 24%|██▍       | 69/289 [00:26<01:24,  2.60it/s] 24%|██▍       | 70/289 [00:26<01:24,  2.60it/s] 25%|██▍       | 71/289 [00:27<01:23,  2.61it/s] 25%|██▍       | 72/289 [00:27<01:23,  2.61it/s] 25%|██▌       | 73/289 [00:28<01:22,  2.61it/s] 26%|██▌       | 74/289 [00:28<01:22,  2.61it/s] 26%|██▌       | 75/289 [00:28<01:22,  2.61it/s] 26%|██▋       | 76/289 [00:29<01:21,  2.61it/s] 27%|██▋       | 77/289 [00:29<01:21,  2.61it/s] 27%|██▋       | 78/289 [00:29<01:20,  2.61it/s] 27%|██▋       | 79/289 [00:30<01:20,  2.61it/s] 28%|██▊       | 80/289 [00:30<01:20,  2.61it/s] 28%|██▊       | 81/289 [00:31<01:19,  2.61it/s] 28%|██▊       | 82/289 [00:31<01:19,  2.61it/s] 29%|██▊       | 83/289 [00:31<01:19,  2.61it/s] 29%|██▉       | 84/289 [00:32<01:18,  2.60it/s] 29%|██▉       | 85/289 [00:32<01:18,  2.61it/s] 30%|██▉       | 86/289 [00:33<01:17,  2.61it/s] 30%|███       | 87/289 [00:33<01:17,  2.61it/s] 30%|███       | 88/289 [00:33<01:17,  2.61it/s] 31%|███       | 89/289 [00:34<01:16,  2.61it/s] 31%|███       | 90/289 [00:34<01:16,  2.60it/s] 31%|███▏      | 91/289 [00:34<01:15,  2.61it/s] 32%|███▏      | 92/289 [00:35<01:15,  2.60it/s] 32%|███▏      | 93/289 [00:35<01:15,  2.59it/s] 33%|███▎      | 94/289 [00:36<01:15,  2.59it/s] 33%|███▎      | 95/289 [00:36<01:14,  2.60it/s] 33%|███▎      | 96/289 [00:36<01:14,  2.58it/s] 34%|███▎      | 97/289 [00:37<01:14,  2.59it/s] 34%|███▍      | 98/289 [00:37<01:13,  2.59it/s] 34%|███▍      | 99/289 [00:38<01:13,  2.60it/s] 35%|███▍      | 100/289 [00:38<01:12,  2.60it/s] 35%|███▍      | 101/289 [00:38<01:12,  2.60it/s] 35%|███▌      | 102/289 [00:39<01:11,  2.61it/s] 36%|███▌      | 103/289 [00:39<01:11,  2.60it/s] 36%|███▌      | 104/289 [00:39<01:11,  2.60it/s] 36%|███▋      | 105/289 [00:40<01:10,  2.61it/s] 37%|███▋      | 106/289 [00:40<01:10,  2.60it/s] 37%|███▋      | 107/289 [00:41<01:09,  2.60it/s] 37%|███▋      | 108/289 [00:41<01:09,  2.60it/s] 38%|███▊      | 109/289 [00:41<01:09,  2.60it/s] 38%|███▊      | 110/289 [00:42<01:08,  2.60it/s] 38%|███▊      | 111/289 [00:42<01:08,  2.61it/s] 39%|███▉      | 112/289 [00:43<01:07,  2.61it/s] 39%|███▉      | 113/289 [00:43<01:07,  2.61it/s] 39%|███▉      | 114/289 [00:43<01:07,  2.60it/s] 40%|███▉      | 115/289 [00:44<01:06,  2.60it/s] 40%|████      | 116/289 [00:44<01:06,  2.61it/s] 40%|████      | 117/289 [00:44<01:05,  2.61it/s] 41%|████      | 118/289 [00:45<01:05,  2.61it/s] 41%|████      | 119/289 [00:45<01:05,  2.60it/s] 42%|████▏     | 120/289 [00:46<01:04,  2.61it/s] 42%|████▏     | 121/289 [00:46<01:04,  2.61it/s] 42%|████▏     | 122/289 [00:46<01:03,  2.61it/s] 43%|████▎     | 123/289 [00:47<01:03,  2.61it/s] 43%|████▎     | 124/289 [00:47<01:03,  2.61it/s] 43%|████▎     | 125/289 [00:48<01:02,  2.61it/s] 44%|████▎     | 126/289 [00:48<01:02,  2.61it/s] 44%|████▍     | 127/289 [00:48<01:02,  2.61it/s] 44%|████▍     | 128/289 [00:49<01:01,  2.61it/s] 45%|████▍     | 129/289 [00:49<01:01,  2.61it/s] 45%|████▍     | 130/289 [00:49<01:00,  2.61it/s] 45%|████▌     | 131/289 [00:50<01:00,  2.61it/s] 46%|████▌     | 132/289 [00:50<01:00,  2.61it/s] 46%|████▌     | 133/289 [00:51<00:59,  2.61it/s] 46%|████▋     | 134/289 [00:51<00:59,  2.61it/s] 47%|████▋     | 135/289 [00:51<00:58,  2.61it/s] 47%|████▋     | 136/289 [00:52<00:58,  2.61it/s] 47%|████▋     | 137/289 [00:52<00:58,  2.61it/s] 48%|████▊     | 138/289 [00:53<00:57,  2.61it/s] 48%|████▊     | 139/289 [00:53<00:57,  2.61it/s] 48%|████▊     | 140/289 [00:53<00:57,  2.61it/s] 49%|████▉     | 141/289 [00:54<00:56,  2.61it/s] 49%|████▉     | 142/289 [00:54<00:56,  2.61it/s] 49%|████▉     | 143/289 [00:54<00:55,  2.61it/s] 50%|████▉     | 144/289 [00:55<00:55,  2.61it/s] 50%|█████     | 145/289 [00:55<00:55,  2.61it/s] 51%|█████     | 146/289 [00:56<00:54,  2.62it/s] 51%|█████     | 147/289 [00:56<00:54,  2.61it/s] 51%|█████     | 148/289 [00:56<00:53,  2.61it/s] 52%|█████▏    | 149/289 [00:57<00:53,  2.61it/s] 52%|█████▏    | 150/289 [00:57<00:53,  2.61it/s] 52%|█████▏    | 151/289 [00:58<00:52,  2.61it/s] 53%|█████▎    | 152/289 [00:58<00:52,  2.61it/s] 53%|█████▎    | 153/289 [00:58<00:52,  2.61it/s] 53%|█████▎    | 154/289 [00:59<00:51,  2.61it/s] 54%|█████▎    | 155/289 [00:59<00:51,  2.61it/s] 54%|█████▍    | 156/289 [00:59<00:50,  2.61it/s] 54%|█████▍    | 157/289 [01:00<00:50,  2.60it/s] 55%|█████▍    | 158/289 [01:00<00:50,  2.60it/s] 55%|█████▌    | 159/289 [01:01<00:49,  2.61it/s] 55%|█████▌    | 160/289 [01:01<00:49,  2.61it/s] 56%|█████▌    | 161/289 [01:01<00:49,  2.61it/s] 56%|█████▌    | 162/289 [01:02<00:48,  2.59it/s] 56%|█████▋    | 163/289 [01:02<00:48,  2.60it/s] 57%|█████▋    | 164/289 [01:02<00:48,  2.60it/s] 57%|█████▋    | 165/289 [01:03<00:47,  2.61it/s] 57%|█████▋    | 166/289 [01:03<00:47,  2.60it/s] 58%|█████▊    | 167/289 [01:04<00:46,  2.60it/s] 58%|█████▊    | 168/289 [01:04<00:46,  2.60it/s] 58%|█████▊    | 169/289 [01:04<00:46,  2.61it/s] 59%|█████▉    | 170/289 [01:05<00:45,  2.61it/s] 59%|█████▉    | 171/289 [01:05<00:45,  2.61it/s] 60%|█████▉    | 172/289 [01:06<00:44,  2.60it/s] 60%|█████▉    | 173/289 [01:06<00:44,  2.60it/s] 60%|██████    | 174/289 [01:06<00:44,  2.61it/s] 61%|██████    | 175/289 [01:07<00:43,  2.61it/s] 61%|██████    | 176/289 [01:07<00:43,  2.61it/s] 61%|██████    | 177/289 [01:07<00:43,  2.60it/s] 62%|██████▏   | 178/289 [01:08<00:42,  2.60it/s] 62%|██████▏   | 179/289 [01:08<00:42,  2.60it/s] 62%|██████▏   | 180/289 [01:09<00:41,  2.60it/s] 63%|██████▎   | 181/289 [01:09<00:41,  2.61it/s] 63%|██████▎   | 182/289 [01:09<00:41,  2.60it/s] 63%|██████▎   | 183/289 [01:10<00:40,  2.61it/s] 64%|██████▎   | 184/289 [01:10<00:40,  2.61it/s] 64%|██████▍   | 185/289 [01:11<00:39,  2.61it/s] 64%|██████▍   | 186/289 [01:11<00:39,  2.61it/s] 65%|██████▍   | 187/289 [01:11<00:39,  2.60it/s] 65%|██████▌   | 188/289 [01:12<00:38,  2.60it/s] 65%|██████▌   | 189/289 [01:12<00:38,  2.60it/s] 66%|██████▌   | 190/289 [01:12<00:38,  2.60it/s] 66%|██████▌   | 191/289 [01:13<00:37,  2.60it/s] 66%|██████▋   | 192/289 [01:13<00:37,  2.60it/s] 67%|██████▋   | 193/289 [01:14<00:36,  2.60it/s] 67%|██████▋   | 194/289 [01:14<00:36,  2.60it/s] 67%|██████▋   | 195/289 [01:14<00:36,  2.61it/s] 68%|██████▊   | 196/289 [01:15<00:35,  2.61it/s] 68%|██████▊   | 197/289 [01:15<00:35,  2.60it/s] 69%|██████▊   | 198/289 [01:16<00:34,  2.60it/s] 69%|██████▉   | 199/289 [01:16<00:34,  2.60it/s] 69%|██████▉   | 200/289 [01:16<00:34,  2.60it/s] 70%|██████▉   | 201/289 [01:17<00:33,  2.61it/s] 70%|██████▉   | 202/289 [01:17<00:33,  2.60it/s] 70%|███████   | 203/289 [01:17<00:33,  2.60it/s] 71%|███████   | 204/289 [01:18<00:32,  2.61it/s] 71%|███████   | 205/289 [01:18<00:32,  2.61it/s] 71%|███████▏  | 206/289 [01:19<00:31,  2.61it/s] 72%|███████▏  | 207/289 [01:19<00:31,  2.61it/s] 72%|███████▏  | 208/289 [01:19<00:31,  2.61it/s] 72%|███████▏  | 209/289 [01:20<00:30,  2.61it/s] 73%|███████▎  | 210/289 [01:20<00:30,  2.61it/s] 73%|███████▎  | 211/289 [01:21<00:29,  2.61it/s] 73%|███████▎  | 212/289 [01:21<00:29,  2.61it/s] 74%|███████▎  | 213/289 [01:21<00:29,  2.61it/s] 74%|███████▍  | 214/289 [01:22<00:28,  2.61it/s] 74%|███████▍  | 215/289 [01:22<00:28,  2.61it/s] 75%|███████▍  | 216/289 [01:22<00:27,  2.61it/s] 75%|███████▌  | 217/289 [01:23<00:27,  2.61it/s] 75%|███████▌  | 218/289 [01:23<00:27,  2.60it/s] 76%|███████▌  | 219/289 [01:24<00:26,  2.60it/s] 76%|███████▌  | 220/289 [01:24<00:26,  2.60it/s] 76%|███████▋  | 221/289 [01:24<00:26,  2.60it/s] 77%|███████▋  | 222/289 [01:25<00:25,  2.60it/s] 77%|███████▋  | 223/289 [01:25<00:25,  2.60it/s] 78%|███████▊  | 224/289 [01:26<00:24,  2.61it/s] 78%|███████▊  | 225/289 [01:26<00:24,  2.61it/s] 78%|███████▊  | 226/289 [01:26<00:24,  2.61it/s] 79%|███████▊  | 227/289 [01:27<00:23,  2.61it/s] 79%|███████▉  | 228/289 [01:27<00:23,  2.61it/s] 79%|███████▉  | 229/289 [01:27<00:22,  2.61it/s] 80%|███████▉  | 230/289 [01:28<00:22,  2.61it/s] 80%|███████▉  | 231/289 [01:28<00:22,  2.61it/s] 80%|████████  | 232/289 [01:29<00:21,  2.60it/s] 81%|████████  | 233/289 [01:29<00:21,  2.61it/s] 81%|████████  | 234/289 [01:29<00:21,  2.61it/s] 81%|████████▏ | 235/289 [01:30<00:20,  2.61it/s] 82%|████████▏ | 236/289 [01:30<00:20,  2.61it/s] 82%|████████▏ | 237/289 [01:31<00:20,  2.59it/s] 82%|████████▏ | 238/289 [01:31<00:19,  2.60it/s] 83%|████████▎ | 239/289 [01:31<00:19,  2.60it/s] 83%|████████▎ | 240/289 [01:32<00:18,  2.61it/s] 83%|████████▎ | 241/289 [01:32<00:18,  2.61it/s] 84%|████████▎ | 242/289 [01:32<00:18,  2.61it/s] 84%|████████▍ | 243/289 [01:33<00:17,  2.61it/s] 84%|████████▍ | 244/289 [01:33<00:17,  2.61it/s] 85%|████████▍ | 245/289 [01:34<00:16,  2.61it/s] 85%|████████▌ | 246/289 [01:34<00:16,  2.61it/s] 85%|████████▌ | 247/289 [01:34<00:16,  2.61it/s] 86%|████████▌ | 248/289 [01:35<00:15,  2.59it/s] 86%|████████▌ | 249/289 [01:35<00:15,  2.60it/s] 87%|████████▋ | 250/289 [01:36<00:15,  2.60it/s] 87%|████████▋ | 251/289 [01:36<00:14,  2.60it/s] 87%|████████▋ | 252/289 [01:36<00:14,  2.60it/s] 88%|████████▊ | 253/289 [01:37<00:13,  2.60it/s] 88%|████████▊ | 254/289 [01:37<00:13,  2.60it/s] 88%|████████▊ | 255/289 [01:37<00:13,  2.60it/s] 89%|████████▊ | 256/289 [01:38<00:12,  2.61it/s] 89%|████████▉ | 257/289 [01:38<00:12,  2.61it/s] 89%|████████▉ | 258/289 [01:39<00:11,  2.61it/s] 90%|████████▉ | 259/289 [01:39<00:11,  2.61it/s] 90%|████████▉ | 260/289 [01:39<00:11,  2.60it/s] 90%|█████████ | 261/289 [01:40<00:10,  2.61it/s] 91%|█████████ | 262/289 [01:40<00:10,  2.61it/s] 91%|█████████ | 263/289 [01:40<00:09,  2.60it/s] 91%|█████████▏| 264/289 [01:41<00:09,  2.60it/s] 92%|█████████▏| 265/289 [01:41<00:09,  2.61it/s] 92%|█████████▏| 266/289 [01:42<00:08,  2.61it/s] 92%|█████████▏| 267/289 [01:42<00:08,  2.61it/s] 93%|█████████▎| 268/289 [01:42<00:08,  2.61it/s] 93%|█████████▎| 269/289 [01:43<00:07,  2.61it/s] 93%|█████████▎| 270/289 [01:43<00:07,  2.61it/s] 94%|█████████▍| 271/289 [01:44<00:06,  2.61it/s] 94%|█████████▍| 272/289 [01:44<00:06,  2.61it/s] 94%|█████████▍| 273/289 [01:44<00:06,  2.61it/s] 95%|█████████▍| 274/289 [01:45<00:05,  2.61it/s] 95%|█████████▌| 275/289 [01:45<00:05,  2.60it/s] 96%|█████████▌| 276/289 [01:45<00:04,  2.60it/s] 96%|█████████▌| 277/289 [01:46<00:04,  2.60it/s] 96%|█████████▌| 278/289 [01:46<00:04,  2.60it/s] 97%|█████████▋| 279/289 [01:47<00:03,  2.61it/s] 97%|█████████▋| 280/289 [01:47<00:03,  2.61it/s] 97%|█████████▋| 281/289 [01:47<00:03,  2.61it/s] 98%|█████████▊| 282/289 [01:48<00:02,  2.61it/s] 98%|█████████▊| 283/289 [01:48<00:02,  2.61it/s] 98%|█████████▊| 284/289 [01:49<00:01,  2.61it/s] 99%|█████████▊| 285/289 [01:49<00:01,  2.61it/s] 99%|█████████▉| 286/289 [01:49<00:01,  2.61it/s] 99%|█████████▉| 287/289 [01:50<00:00,  2.61it/s]100%|█████████▉| 288/289 [01:50<00:00,  2.61it/s]100%|█████████▉| 288/289 [01:50<00:00,  2.60it/s]
[11/29 07:04:18 TiTok-Gen]: Data (t): 0.4360, 40.17/s/gpu Batch (t): 1.5931 LR: 0.000100 Step: 29050 Total Loss: 0.4111 Diff Loss: 0.4111 
[11/29 07:05:41 TiTok-Gen]: Data (t): 0.2762, 36.89/s/gpu Batch (t): 1.7349 LR: 0.000100 Step: 29100 Total Loss: 0.4110 Diff Loss: 0.4110 
[11/29 07:07:04 TiTok-Gen]: Data (t): 0.3225, 40.67/s/gpu Batch (t): 1.5736 LR: 0.000100 Step: 29150 Total Loss: 0.4118 Diff Loss: 0.4118 
[11/29 07:08:28 TiTok-Gen]: Data (t): 0.2507, 36.51/s/gpu Batch (t): 1.7528 LR: 0.000100 Step: 29200 Total Loss: 0.4115 Diff Loss: 0.4115 
[11/29 07:09:51 TiTok-Gen]: Data (t): 0.2514, 40.69/s/gpu Batch (t): 1.5729 LR: 0.000100 Step: 29250 Total Loss: 0.4121 Diff Loss: 0.4121 
[11/29 07:10:01 TiTok-Gen]: Epoch 46/1597 started.
[11/29 07:11:32 TiTok-Gen]: Data (t): 0.2512, 37.79/s/gpu Batch (t): 1.6938 LR: 0.000100 Step: 29300 Total Loss: 0.4109 Diff Loss: 0.4109 
[11/29 07:12:56 TiTok-Gen]: Data (t): 0.2480, 39.24/s/gpu Batch (t): 1.6310 LR: 0.000100 Step: 29350 Total Loss: 0.4101 Diff Loss: 0.4101 
[11/29 07:14:19 TiTok-Gen]: Data (t): 0.2472, 37.01/s/gpu Batch (t): 1.7290 LR: 0.000100 Step: 29400 Total Loss: 0.4108 Diff Loss: 0.4108 
[11/29 07:15:43 TiTok-Gen]: Data (t): 0.2472, 39.83/s/gpu Batch (t): 1.6067 LR: 0.000100 Step: 29450 Total Loss: 0.4102 Diff Loss: 0.4102 
[11/29 07:17:06 TiTok-Gen]: Data (t): 0.2526, 40.82/s/gpu Batch (t): 1.5678 LR: 0.000100 Step: 29500 Total Loss: 0.4106 Diff Loss: 0.4106 
[11/29 07:18:30 TiTok-Gen]: Data (t): 0.2492, 40.10/s/gpu Batch (t): 1.5962 LR: 0.000100 Step: 29550 Total Loss: 0.4107 Diff Loss: 0.4107 
[11/29 07:19:53 TiTok-Gen]: Data (t): 0.2758, 40.58/s/gpu Batch (t): 1.5773 LR: 0.000100 Step: 29600 Total Loss: 0.4118 Diff Loss: 0.4118 
[11/29 07:21:17 TiTok-Gen]: Data (t): 0.2469, 36.31/s/gpu Batch (t): 1.7626 LR: 0.000100 Step: 29650 Total Loss: 0.4112 Diff Loss: 0.4112 
[11/29 07:22:40 TiTok-Gen]: Data (t): 0.2511, 36.36/s/gpu Batch (t): 1.7600 LR: 0.000100 Step: 29700 Total Loss: 0.4105 Diff Loss: 0.4105 
[11/29 07:24:04 TiTok-Gen]: Data (t): 0.2498, 40.39/s/gpu Batch (t): 1.5846 LR: 0.000100 Step: 29750 Total Loss: 0.4106 Diff Loss: 0.4106 
[11/29 07:25:27 TiTok-Gen]: Data (t): 0.2493, 39.50/s/gpu Batch (t): 1.6204 LR: 0.000100 Step: 29800 Total Loss: 0.4100 Diff Loss: 0.4100 
[11/29 07:26:51 TiTok-Gen]: Data (t): 0.2529, 40.88/s/gpu Batch (t): 1.5654 LR: 0.000100 Step: 29850 Total Loss: 0.4115 Diff Loss: 0.4115 
[11/29 07:28:01 TiTok-Gen]: Epoch 47/1597 started.
[11/29 07:28:32 TiTok-Gen]: Data (t): 0.2453, 37.45/s/gpu Batch (t): 1.7091 LR: 0.000100 Step: 29900 Total Loss: 0.4110 Diff Loss: 0.4110 
[11/29 07:29:56 TiTok-Gen]: Data (t): 0.2579, 35.80/s/gpu Batch (t): 1.7876 LR: 0.000100 Step: 29950 Total Loss: 0.4093 Diff Loss: 0.4093 
[11/29 07:31:20 TiTok-Gen]: Data (t): 0.2484, 31.74/s/gpu Batch (t): 2.0161 LR: 0.000100 Step: 30000 Total Loss: 0.4103 Diff Loss: 0.4103 
Model weights saved in checkpoints/generator/mar_quadtree_fixtree_newtokenizer_posinstruction/checkpoint-30000/unwrapped_model/pytorch_model.bin
[11/29 07:31:23 TiTok-Gen]: Saved state to checkpoints/generator/mar_quadtree_fixtree_newtokenizer_posinstruction/checkpoint-30000
Model weights saved in checkpoints/generator/mar_quadtree_fixtree_newtokenizer_posinstruction/checkpoint-30000/ema_model/pytorch_model.bin
[11/29 07:31:43 TiTok-Gen]: Deleted old checkpoint: checkpoints/generator/mar_quadtree_fixtree_newtokenizer_posinstruction/checkpoint-10000
[11/29 07:31:44 TiTok-Gen]: Generating images...
  0%|          | 0/289 [00:00<?, ?it/s]  0%|          | 1/289 [00:00<01:47,  2.67it/s]  1%|          | 2/289 [00:00<01:49,  2.63it/s]  1%|          | 3/289 [00:01<01:49,  2.62it/s]  1%|▏         | 4/289 [00:01<01:48,  2.62it/s]  2%|▏         | 5/289 [00:01<01:48,  2.61it/s]  2%|▏         | 6/289 [00:02<01:48,  2.61it/s]  2%|▏         | 7/289 [00:02<01:48,  2.61it/s]  3%|▎         | 8/289 [00:03<01:47,  2.62it/s]  3%|▎         | 9/289 [00:03<01:46,  2.62it/s]  3%|▎         | 10/289 [00:03<01:46,  2.62it/s]  4%|▍         | 11/289 [00:04<01:46,  2.62it/s]  4%|▍         | 12/289 [00:04<01:45,  2.62it/s]  4%|▍         | 13/289 [00:04<01:45,  2.62it/s]  5%|▍         | 14/289 [00:05<01:45,  2.62it/s]  5%|▌         | 15/289 [00:05<01:44,  2.62it/s]  6%|▌         | 16/289 [00:06<01:44,  2.62it/s]  6%|▌         | 17/289 [00:06<01:43,  2.62it/s]  6%|▌         | 18/289 [00:06<01:43,  2.62it/s]  7%|▋         | 19/289 [00:07<01:43,  2.62it/s]  7%|▋         | 20/289 [00:07<01:42,  2.62it/s]  7%|▋         | 21/289 [00:08<01:42,  2.62it/s]  8%|▊         | 22/289 [00:08<01:41,  2.62it/s]  8%|▊         | 23/289 [00:08<01:41,  2.62it/s]  8%|▊         | 24/289 [00:09<01:41,  2.62it/s]  9%|▊         | 25/289 [00:09<01:40,  2.62it/s]  9%|▉         | 26/289 [00:09<01:40,  2.62it/s]  9%|▉         | 27/289 [00:10<01:40,  2.62it/s] 10%|▉         | 28/289 [00:10<01:39,  2.62it/s] 10%|█         | 29/289 [00:11<01:39,  2.62it/s] 10%|█         | 30/289 [00:11<01:38,  2.62it/s] 11%|█         | 31/289 [00:11<01:38,  2.62it/s] 11%|█         | 32/289 [00:12<01:37,  2.63it/s] 11%|█▏        | 33/289 [00:12<01:37,  2.62it/s] 12%|█▏        | 34/289 [00:12<01:37,  2.62it/s] 12%|█▏        | 35/289 [00:13<01:36,  2.62it/s] 12%|█▏        | 36/289 [00:13<01:36,  2.62it/s] 13%|█▎        | 37/289 [00:14<01:36,  2.62it/s] 13%|█▎        | 38/289 [00:14<01:36,  2.61it/s] 13%|█▎        | 39/289 [00:14<01:35,  2.62it/s] 14%|█▍        | 40/289 [00:15<01:35,  2.62it/s] 14%|█▍        | 41/289 [00:15<01:34,  2.62it/s] 15%|█▍        | 42/289 [00:16<01:34,  2.61it/s] 15%|█▍        | 43/289 [00:16<01:34,  2.61it/s] 15%|█▌        | 44/289 [00:16<01:33,  2.61it/s] 16%|█▌        | 45/289 [00:17<01:33,  2.61it/s] 16%|█▌        | 46/289 [00:17<01:32,  2.61it/s] 16%|█▋        | 47/289 [00:17<01:32,  2.62it/s] 17%|█▋        | 48/289 [00:18<01:32,  2.62it/s] 17%|█▋        | 49/289 [00:18<01:31,  2.61it/s] 17%|█▋        | 50/289 [00:19<01:31,  2.62it/s] 18%|█▊        | 51/289 [00:19<01:30,  2.62it/s] 18%|█▊        | 52/289 [00:19<01:30,  2.62it/s] 18%|█▊        | 53/289 [00:20<01:29,  2.62it/s] 19%|█▊        | 54/289 [00:20<01:29,  2.63it/s] 19%|█▉        | 55/289 [00:21<01:29,  2.62it/s] 19%|█▉        | 56/289 [00:21<01:28,  2.62it/s] 20%|█▉        | 57/289 [00:21<01:28,  2.62it/s] 20%|██        | 58/289 [00:22<01:28,  2.62it/s] 20%|██        | 59/289 [00:22<01:27,  2.62it/s] 21%|██        | 60/289 [00:22<01:27,  2.62it/s] 21%|██        | 61/289 [00:23<01:26,  2.62it/s] 21%|██▏       | 62/289 [00:23<01:26,  2.62it/s] 22%|██▏       | 63/289 [00:24<01:26,  2.62it/s] 22%|██▏       | 64/289 [00:24<01:26,  2.61it/s] 22%|██▏       | 65/289 [00:24<01:25,  2.61it/s] 23%|██▎       | 66/289 [00:25<01:25,  2.62it/s] 23%|██▎       | 67/289 [00:25<01:24,  2.62it/s] 24%|██▎       | 68/289 [00:25<01:24,  2.62it/s] 24%|██▍       | 69/289 [00:26<01:23,  2.62it/s] 24%|██▍       | 70/289 [00:26<01:23,  2.62it/s] 25%|██▍       | 71/289 [00:27<01:23,  2.63it/s] 25%|██▍       | 72/289 [00:27<01:22,  2.63it/s] 25%|██▌       | 73/289 [00:27<01:22,  2.63it/s] 26%|██▌       | 74/289 [00:28<01:21,  2.63it/s] 26%|██▌       | 75/289 [00:28<01:21,  2.62it/s] 26%|██▋       | 76/289 [00:29<01:21,  2.62it/s] 27%|██▋       | 77/289 [00:29<01:20,  2.62it/s] 27%|██▋       | 78/289 [00:29<01:21,  2.60it/s] 27%|██▋       | 79/289 [00:30<01:20,  2.61it/s] 28%|██▊       | 80/289 [00:30<01:19,  2.62it/s] 28%|██▊       | 81/289 [00:30<01:19,  2.62it/s] 28%|██▊       | 82/289 [00:31<01:19,  2.62it/s] 29%|██▊       | 83/289 [00:31<01:18,  2.62it/s] 29%|██▉       | 84/289 [00:32<01:18,  2.62it/s] 29%|██▉       | 85/289 [00:32<01:18,  2.61it/s] 30%|██▉       | 86/289 [00:32<01:17,  2.62it/s] 30%|███       | 87/289 [00:33<01:17,  2.62it/s] 30%|███       | 88/289 [00:33<01:16,  2.62it/s] 31%|███       | 89/289 [00:33<01:16,  2.62it/s] 31%|███       | 90/289 [00:34<01:15,  2.62it/s] 31%|███▏      | 91/289 [00:34<01:15,  2.61it/s] 32%|███▏      | 92/289 [00:35<01:15,  2.62it/s] 32%|███▏      | 93/289 [00:35<01:14,  2.62it/s] 33%|███▎      | 94/289 [00:35<01:14,  2.62it/s] 33%|███▎      | 95/289 [00:36<01:14,  2.62it/s] 33%|███▎      | 96/289 [00:36<01:13,  2.62it/s] 34%|███▎      | 97/289 [00:37<01:13,  2.62it/s] 34%|███▍      | 98/289 [00:37<01:12,  2.63it/s] 34%|███▍      | 99/289 [00:37<01:12,  2.63it/s] 35%|███▍      | 100/289 [00:38<01:11,  2.63it/s] 35%|███▍      | 101/289 [00:38<01:11,  2.63it/s] 35%|███▌      | 102/289 [00:38<01:11,  2.63it/s] 36%|███▌      | 103/289 [00:39<01:10,  2.63it/s] 36%|███▌      | 104/289 [00:39<01:11,  2.60it/s] 36%|███▋      | 105/289 [00:40<01:10,  2.61it/s] 37%|███▋      | 106/289 [00:40<01:09,  2.62it/s] 37%|███▋      | 107/289 [00:40<01:09,  2.62it/s] 37%|███▋      | 108/289 [00:41<01:08,  2.62it/s] 38%|███▊      | 109/289 [00:41<01:08,  2.62it/s] 38%|███▊      | 110/289 [00:41<01:08,  2.63it/s] 38%|███▊      | 111/289 [00:42<01:07,  2.63it/s] 39%|███▉      | 112/289 [00:42<01:07,  2.63it/s] 39%|███▉      | 113/289 [00:43<01:07,  2.63it/s] 39%|███▉      | 114/289 [00:43<01:06,  2.63it/s] 40%|███▉      | 115/289 [00:43<01:06,  2.63it/s] 40%|████      | 116/289 [00:44<01:05,  2.63it/s] 40%|████      | 117/289 [00:44<01:05,  2.63it/s] 41%|████      | 118/289 [00:45<01:05,  2.63it/s] 41%|████      | 119/289 [00:45<01:04,  2.63it/s] 42%|████▏     | 120/289 [00:45<01:04,  2.63it/s] 42%|████▏     | 121/289 [00:46<01:03,  2.63it/s] 42%|████▏     | 122/289 [00:46<01:03,  2.63it/s] 43%|████▎     | 123/289 [00:46<01:03,  2.63it/s] 43%|████▎     | 124/289 [00:47<01:02,  2.63it/s] 43%|████▎     | 125/289 [00:47<01:02,  2.63it/s] 44%|████▎     | 126/289 [00:48<01:01,  2.63it/s] 44%|████▍     | 127/289 [00:48<01:01,  2.63it/s] 44%|████▍     | 128/289 [00:48<01:01,  2.63it/s] 45%|████▍     | 129/289 [00:49<01:00,  2.63it/s] 45%|████▍     | 130/289 [00:49<01:00,  2.63it/s] 45%|████▌     | 131/289 [00:49<01:00,  2.63it/s] 46%|████▌     | 132/289 [00:50<00:59,  2.63it/s] 46%|████▌     | 133/289 [00:50<00:59,  2.63it/s] 46%|████▋     | 134/289 [00:51<00:58,  2.63it/s] 47%|████▋     | 135/289 [00:51<00:58,  2.63it/s] 47%|████▋     | 136/289 [00:51<00:58,  2.62it/s] 47%|████▋     | 137/289 [00:52<00:57,  2.62it/s] 48%|████▊     | 138/289 [00:52<00:57,  2.62it/s] 48%|████▊     | 139/289 [00:53<00:57,  2.63it/s] 48%|████▊     | 140/289 [00:53<00:56,  2.63it/s] 49%|████▉     | 141/289 [00:53<00:56,  2.60it/s] 49%|████▉     | 142/289 [00:54<00:56,  2.61it/s] 49%|████▉     | 143/289 [00:54<00:55,  2.61it/s] 50%|████▉     | 144/289 [00:54<00:55,  2.62it/s] 50%|█████     | 145/289 [00:55<00:54,  2.62it/s] 51%|█████     | 146/289 [00:55<00:54,  2.62it/s] 51%|█████     | 147/289 [00:56<00:54,  2.62it/s] 51%|█████     | 148/289 [00:56<00:53,  2.62it/s] 52%|█████▏    | 149/289 [00:56<00:53,  2.62it/s] 52%|█████▏    | 150/289 [00:57<00:52,  2.63it/s] 52%|█████▏    | 151/289 [00:57<00:52,  2.62it/s] 53%|█████▎    | 152/289 [00:57<00:52,  2.62it/s] 53%|█████▎    | 153/289 [00:58<00:51,  2.63it/s] 53%|█████▎    | 154/289 [00:58<00:51,  2.63it/s] 54%|█████▎    | 155/289 [00:59<00:50,  2.63it/s] 54%|█████▍    | 156/289 [00:59<00:50,  2.62it/s] 54%|█████▍    | 157/289 [00:59<00:50,  2.62it/s] 55%|█████▍    | 158/289 [01:00<00:49,  2.62it/s] 55%|█████▌    | 159/289 [01:00<00:49,  2.63it/s] 55%|█████▌    | 160/289 [01:01<00:49,  2.63it/s] 56%|█████▌    | 161/289 [01:01<00:48,  2.62it/s] 56%|█████▌    | 162/289 [01:01<00:48,  2.63it/s] 56%|█████▋    | 163/289 [01:02<00:47,  2.63it/s] 57%|█████▋    | 164/289 [01:02<00:47,  2.63it/s] 57%|█████▋    | 165/289 [01:02<00:47,  2.62it/s] 57%|█████▋    | 166/289 [01:03<00:46,  2.62it/s] 58%|█████▊    | 167/289 [01:03<00:46,  2.62it/s] 58%|█████▊    | 168/289 [01:04<00:46,  2.62it/s] 58%|█████▊    | 169/289 [01:04<00:45,  2.62it/s] 59%|█████▉    | 170/289 [01:04<00:45,  2.62it/s] 59%|█████▉    | 171/289 [01:05<00:44,  2.63it/s] 60%|█████▉    | 172/289 [01:05<00:44,  2.63it/s] 60%|█████▉    | 173/289 [01:05<00:44,  2.63it/s] 60%|██████    | 174/289 [01:06<00:43,  2.63it/s] 61%|██████    | 175/289 [01:06<00:43,  2.63it/s] 61%|██████    | 176/289 [01:07<00:43,  2.63it/s] 61%|██████    | 177/289 [01:07<00:42,  2.62it/s] 62%|██████▏   | 178/289 [01:07<00:42,  2.63it/s] 62%|██████▏   | 179/289 [01:08<00:41,  2.62it/s] 62%|██████▏   | 180/289 [01:08<00:41,  2.62it/s] 63%|██████▎   | 181/289 [01:09<00:41,  2.63it/s] 63%|██████▎   | 182/289 [01:09<00:40,  2.63it/s] 63%|██████▎   | 183/289 [01:09<00:40,  2.62it/s] 64%|██████▎   | 184/289 [01:10<00:39,  2.63it/s] 64%|██████▍   | 185/289 [01:10<00:39,  2.63it/s] 64%|██████▍   | 186/289 [01:10<00:39,  2.63it/s] 65%|██████▍   | 187/289 [01:11<00:38,  2.63it/s] 65%|██████▌   | 188/289 [01:11<00:38,  2.63it/s] 65%|██████▌   | 189/289 [01:12<00:38,  2.63it/s] 66%|██████▌   | 190/289 [01:12<00:37,  2.63it/s] 66%|██████▌   | 191/289 [01:12<00:37,  2.63it/s] 66%|██████▋   | 192/289 [01:13<00:36,  2.63it/s] 67%|██████▋   | 193/289 [01:13<00:36,  2.63it/s] 67%|██████▋   | 194/289 [01:13<00:36,  2.63it/s] 67%|██████▋   | 195/289 [01:14<00:35,  2.63it/s] 68%|██████▊   | 196/289 [01:14<00:35,  2.63it/s] 68%|██████▊   | 197/289 [01:15<00:35,  2.62it/s] 69%|██████▊   | 198/289 [01:15<00:34,  2.63it/s] 69%|██████▉   | 199/289 [01:15<00:34,  2.63it/s] 69%|██████▉   | 200/289 [01:16<00:33,  2.63it/s] 70%|██████▉   | 201/289 [01:16<00:33,  2.63it/s] 70%|██████▉   | 202/289 [01:17<00:33,  2.63it/s] 70%|███████   | 203/289 [01:17<00:32,  2.63it/s] 71%|███████   | 204/289 [01:17<00:32,  2.63it/s] 71%|███████   | 205/289 [01:18<00:31,  2.63it/s] 71%|███████▏  | 206/289 [01:18<00:31,  2.62it/s] 72%|███████▏  | 207/289 [01:18<00:31,  2.62it/s] 72%|███████▏  | 208/289 [01:19<00:30,  2.63it/s] 72%|███████▏  | 209/289 [01:19<00:30,  2.63it/s] 73%|███████▎  | 210/289 [01:20<00:30,  2.63it/s] 73%|███████▎  | 211/289 [01:20<00:29,  2.60it/s] 73%|███████▎  | 212/289 [01:20<00:29,  2.61it/s] 74%|███████▎  | 213/289 [01:21<00:29,  2.62it/s] 74%|███████▍  | 214/289 [01:21<00:28,  2.62it/s] 74%|███████▍  | 215/289 [01:21<00:28,  2.63it/s] 75%|███████▍  | 216/289 [01:22<00:27,  2.63it/s] 75%|███████▌  | 217/289 [01:22<00:27,  2.62it/s] 75%|███████▌  | 218/289 [01:23<00:27,  2.62it/s] 76%|███████▌  | 219/289 [01:23<00:26,  2.62it/s] 76%|███████▌  | 220/289 [01:23<00:26,  2.62it/s] 76%|███████▋  | 221/289 [01:24<00:26,  2.61it/s] 77%|███████▋  | 222/289 [01:24<00:25,  2.61it/s] 77%|███████▋  | 223/289 [01:25<00:25,  2.61it/s] 78%|███████▊  | 224/289 [01:25<00:24,  2.62it/s] 78%|███████▊  | 225/289 [01:25<00:24,  2.62it/s] 78%|███████▊  | 226/289 [01:26<00:24,  2.62it/s] 79%|███████▊  | 227/289 [01:26<00:23,  2.62it/s] 79%|███████▉  | 228/289 [01:26<00:23,  2.62it/s] 79%|███████▉  | 229/289 [01:27<00:22,  2.63it/s] 80%|███████▉  | 230/289 [01:27<00:22,  2.63it/s] 80%|███████▉  | 231/289 [01:28<00:22,  2.63it/s] 80%|████████  | 232/289 [01:28<00:21,  2.63it/s] 81%|████████  | 233/289 [01:28<00:21,  2.63it/s] 81%|████████  | 234/289 [01:29<00:20,  2.63it/s] 81%|████████▏ | 235/289 [01:29<00:20,  2.62it/s] 82%|████████▏ | 236/289 [01:29<00:20,  2.62it/s] 82%|████████▏ | 237/289 [01:30<00:19,  2.62it/s] 82%|████████▏ | 238/289 [01:30<00:19,  2.62it/s] 83%|████████▎ | 239/289 [01:31<00:19,  2.63it/s] 83%|████████▎ | 240/289 [01:31<00:18,  2.63it/s] 83%|████████▎ | 241/289 [01:31<00:18,  2.63it/s] 84%|████████▎ | 242/289 [01:32<00:17,  2.63it/s] 84%|████████▍ | 243/289 [01:32<00:17,  2.63it/s] 84%|████████▍ | 244/289 [01:33<00:17,  2.63it/s] 85%|████████▍ | 245/289 [01:33<00:16,  2.63it/s] 85%|████████▌ | 246/289 [01:33<00:16,  2.63it/s] 85%|████████▌ | 247/289 [01:34<00:15,  2.63it/s] 86%|████████▌ | 248/289 [01:34<00:15,  2.63it/s] 86%|████████▌ | 249/289 [01:34<00:15,  2.63it/s] 87%|████████▋ | 250/289 [01:35<00:14,  2.63it/s] 87%|████████▋ | 251/289 [01:35<00:14,  2.63it/s] 87%|████████▋ | 252/289 [01:36<00:14,  2.63it/s] 88%|████████▊ | 253/289 [01:36<00:13,  2.63it/s] 88%|████████▊ | 254/289 [01:36<00:13,  2.63it/s] 88%|████████▊ | 255/289 [01:37<00:12,  2.63it/s] 89%|████████▊ | 256/289 [01:37<00:12,  2.63it/s] 89%|████████▉ | 257/289 [01:37<00:12,  2.63it/s] 89%|████████▉ | 258/289 [01:38<00:11,  2.63it/s] 90%|████████▉ | 259/289 [01:38<00:11,  2.63it/s] 90%|████████▉ | 260/289 [01:39<00:11,  2.63it/s] 90%|█████████ | 261/289 [01:39<00:10,  2.63it/s] 91%|█████████ | 262/289 [01:39<00:10,  2.63it/s] 91%|█████████ | 263/289 [01:40<00:09,  2.63it/s] 91%|█████████▏| 264/289 [01:40<00:09,  2.63it/s] 92%|█████████▏| 265/289 [01:41<00:09,  2.63it/s] 92%|█████████▏| 266/289 [01:41<00:08,  2.63it/s] 92%|█████████▏| 267/289 [01:41<00:08,  2.63it/s] 93%|█████████▎| 268/289 [01:42<00:07,  2.63it/s] 93%|█████████▎| 269/289 [01:42<00:07,  2.63it/s] 93%|█████████▎| 270/289 [01:42<00:07,  2.63it/s] 94%|█████████▍| 271/289 [01:43<00:06,  2.63it/s] 94%|█████████▍| 272/289 [01:43<00:06,  2.63it/s] 94%|█████████▍| 273/289 [01:44<00:06,  2.63it/s] 95%|█████████▍| 274/289 [01:44<00:05,  2.63it/s] 95%|█████████▌| 275/289 [01:44<00:05,  2.63it/s] 96%|█████████▌| 276/289 [01:45<00:04,  2.63it/s] 96%|█████████▌| 277/289 [01:45<00:04,  2.62it/s] 96%|█████████▌| 278/289 [01:45<00:04,  2.62it/s] 97%|█████████▋| 279/289 [01:46<00:03,  2.62it/s] 97%|█████████▋| 280/289 [01:46<00:03,  2.62it/s] 97%|█████████▋| 281/289 [01:47<00:03,  2.60it/s] 98%|█████████▊| 282/289 [01:47<00:02,  2.61it/s] 98%|█████████▊| 283/289 [01:47<00:02,  2.61it/s] 98%|█████████▊| 284/289 [01:48<00:01,  2.62it/s] 99%|█████████▊| 285/289 [01:48<00:01,  2.62it/s] 99%|█████████▉| 286/289 [01:49<00:01,  2.62it/s] 99%|█████████▉| 287/289 [01:49<00:00,  2.62it/s]100%|█████████▉| 288/289 [01:49<00:00,  2.62it/s]100%|█████████▉| 288/289 [01:50<00:00,  2.61it/s]
[11/29 07:34:59 TiTok-Gen]: Data (t): 0.4597, 39.71/s/gpu Batch (t): 1.6116 LR: 0.000100 Step: 30050 Total Loss: 0.4099 Diff Loss: 0.4099 
[11/29 07:36:22 TiTok-Gen]: Data (t): 0.4545, 36.24/s/gpu Batch (t): 1.7660 LR: 0.000100 Step: 30100 Total Loss: 0.4101 Diff Loss: 0.4101 
[11/29 07:37:45 TiTok-Gen]: Data (t): 0.4265, 37.28/s/gpu Batch (t): 1.7166 LR: 0.000100 Step: 30150 Total Loss: 0.4100 Diff Loss: 0.4100 
[11/29 07:39:08 TiTok-Gen]: Data (t): 0.4349, 39.72/s/gpu Batch (t): 1.6112 LR: 0.000100 Step: 30200 Total Loss: 0.4109 Diff Loss: 0.4109 
[11/29 07:40:31 TiTok-Gen]: Data (t): 0.4765, 39.19/s/gpu Batch (t): 1.6332 LR: 0.000100 Step: 30250 Total Loss: 0.4100 Diff Loss: 0.4100 
[11/29 07:41:54 TiTok-Gen]: Data (t): 0.4442, 37.79/s/gpu Batch (t): 1.6934 LR: 0.000100 Step: 30300 Total Loss: 0.4116 Diff Loss: 0.4116 
[11/29 07:43:17 TiTok-Gen]: Data (t): 0.4806, 40.14/s/gpu Batch (t): 1.5944 LR: 0.000100 Step: 30350 Total Loss: 0.4101 Diff Loss: 0.4101 
[11/29 07:44:40 TiTok-Gen]: Data (t): 0.4233, 40.60/s/gpu Batch (t): 1.5763 LR: 0.000100 Step: 30400 Total Loss: 0.4112 Diff Loss: 0.4112 
[11/29 07:46:03 TiTok-Gen]: Data (t): 0.4457, 37.27/s/gpu Batch (t): 1.7170 LR: 0.000100 Step: 30450 Total Loss: 0.4111 Diff Loss: 0.4111 
[11/29 07:47:25 TiTok-Gen]: Data (t): 0.4802, 39.91/s/gpu Batch (t): 1.6036 LR: 0.000100 Step: 30500 Total Loss: 0.4112 Diff Loss: 0.4112 
[11/29 07:48:11 TiTok-Gen]: Epoch 48/1597 started.
[11/29 07:49:07 TiTok-Gen]: Data (t): 0.3192, 37.00/s/gpu Batch (t): 1.7298 LR: 0.000100 Step: 30550 Total Loss: 0.4091 Diff Loss: 0.4091 
[11/29 07:50:31 TiTok-Gen]: Data (t): 0.2536, 37.08/s/gpu Batch (t): 1.7258 LR: 0.000100 Step: 30600 Total Loss: 0.4103 Diff Loss: 0.4103 
[11/29 07:51:53 TiTok-Gen]: Data (t): 0.2548, 36.63/s/gpu Batch (t): 1.7471 LR: 0.000100 Step: 30650 Total Loss: 0.4096 Diff Loss: 0.4096 
[11/29 07:53:17 TiTok-Gen]: Data (t): 0.2494, 41.11/s/gpu Batch (t): 1.5569 LR: 0.000100 Step: 30700 Total Loss: 0.4101 Diff Loss: 0.4101 
[11/29 07:54:40 TiTok-Gen]: Data (t): 0.2540, 36.33/s/gpu Batch (t): 1.7618 LR: 0.000100 Step: 30750 Total Loss: 0.4101 Diff Loss: 0.4101 
[11/29 07:56:02 TiTok-Gen]: Data (t): 0.2498, 40.24/s/gpu Batch (t): 1.5906 LR: 0.000100 Step: 30800 Total Loss: 0.4101 Diff Loss: 0.4101 
[11/29 07:57:26 TiTok-Gen]: Data (t): 0.2480, 36.37/s/gpu Batch (t): 1.7596 LR: 0.000100 Step: 30850 Total Loss: 0.4105 Diff Loss: 0.4105 
[11/29 07:58:49 TiTok-Gen]: Data (t): 0.2510, 35.08/s/gpu Batch (t): 1.8246 LR: 0.000100 Step: 30900 Total Loss: 0.4098 Diff Loss: 0.4098 
[11/29 08:00:12 TiTok-Gen]: Data (t): 0.2488, 37.29/s/gpu Batch (t): 1.7161 LR: 0.000100 Step: 30950 Total Loss: 0.4116 Diff Loss: 0.4116 
[11/29 08:01:34 TiTok-Gen]: Data (t): 0.2513, 32.58/s/gpu Batch (t): 1.9644 LR: 0.000100 Step: 31000 Total Loss: 0.4105 Diff Loss: 0.4105 
[11/29 08:01:36 TiTok-Gen]: Generating images...
  0%|          | 0/289 [00:00<?, ?it/s]  0%|          | 1/289 [00:00<01:48,  2.65it/s]  1%|          | 2/289 [00:00<01:48,  2.63it/s]  1%|          | 3/289 [00:01<01:48,  2.63it/s]  1%|▏         | 4/289 [00:01<01:48,  2.62it/s]  2%|▏         | 5/289 [00:01<01:48,  2.61it/s]  2%|▏         | 6/289 [00:02<01:48,  2.61it/s]  2%|▏         | 7/289 [00:02<01:48,  2.59it/s]  3%|▎         | 8/289 [00:03<01:48,  2.60it/s]  3%|▎         | 9/289 [00:03<01:47,  2.60it/s]  3%|▎         | 10/289 [00:03<01:47,  2.60it/s]  4%|▍         | 11/289 [00:04<01:46,  2.60it/s]  4%|▍         | 12/289 [00:04<01:46,  2.61it/s]  4%|▍         | 13/289 [00:04<01:45,  2.61it/s]  5%|▍         | 14/289 [00:05<01:45,  2.61it/s]  5%|▌         | 15/289 [00:05<01:44,  2.61it/s]  6%|▌         | 16/289 [00:06<01:44,  2.61it/s]  6%|▌         | 17/289 [00:06<01:45,  2.59it/s]  6%|▌         | 18/289 [00:06<01:44,  2.60it/s]  7%|▋         | 19/289 [00:07<01:44,  2.60it/s]  7%|▋         | 20/289 [00:07<01:43,  2.60it/s]  7%|▋         | 21/289 [00:08<01:42,  2.61it/s]  8%|▊         | 22/289 [00:08<01:42,  2.60it/s]  8%|▊         | 23/289 [00:08<01:42,  2.60it/s]  8%|▊         | 24/289 [00:09<01:41,  2.61it/s]  9%|▊         | 25/289 [00:09<01:41,  2.61it/s]  9%|▉         | 26/289 [00:09<01:40,  2.62it/s]  9%|▉         | 27/289 [00:10<01:40,  2.62it/s] 10%|▉         | 28/289 [00:10<01:39,  2.62it/s] 10%|█         | 29/289 [00:11<01:39,  2.62it/s] 10%|█         | 30/289 [00:11<01:38,  2.63it/s] 11%|█         | 31/289 [00:11<01:38,  2.63it/s] 11%|█         | 32/289 [00:12<01:38,  2.62it/s] 11%|█▏        | 33/289 [00:12<01:38,  2.60it/s] 12%|█▏        | 34/289 [00:13<01:37,  2.61it/s] 12%|█▏        | 35/289 [00:13<01:37,  2.62it/s] 12%|█▏        | 36/289 [00:13<01:36,  2.61it/s] 13%|█▎        | 37/289 [00:14<01:36,  2.62it/s] 13%|█▎        | 38/289 [00:14<01:35,  2.62it/s] 13%|█▎        | 39/289 [00:14<01:35,  2.62it/s] 14%|█▍        | 40/289 [00:15<01:34,  2.62it/s] 14%|█▍        | 41/289 [00:15<01:34,  2.62it/s] 15%|█▍        | 42/289 [00:16<01:34,  2.62it/s] 15%|█▍        | 43/289 [00:16<01:33,  2.62it/s] 15%|█▌        | 44/289 [00:16<01:33,  2.63it/s] 16%|█▌        | 45/289 [00:17<01:32,  2.63it/s] 16%|█▌        | 46/289 [00:17<01:32,  2.63it/s] 16%|█▋        | 47/289 [00:17<01:32,  2.63it/s] 17%|█▋        | 48/289 [00:18<01:31,  2.63it/s] 17%|█▋        | 49/289 [00:18<01:31,  2.63it/s] 17%|█▋        | 50/289 [00:19<01:30,  2.63it/s] 18%|█▊        | 51/289 [00:19<01:30,  2.63it/s] 18%|█▊        | 52/289 [00:19<01:30,  2.63it/s] 18%|█▊        | 53/289 [00:20<01:29,  2.63it/s] 19%|█▊        | 54/289 [00:20<01:29,  2.63it/s] 19%|█▉        | 55/289 [00:21<01:29,  2.62it/s] 19%|█▉        | 56/289 [00:21<01:28,  2.63it/s] 20%|█▉        | 57/289 [00:21<01:29,  2.60it/s] 20%|██        | 58/289 [00:22<01:28,  2.61it/s] 20%|██        | 59/289 [00:22<01:28,  2.61it/s] 21%|██        | 60/289 [00:22<01:27,  2.62it/s] 21%|██        | 61/289 [00:23<01:27,  2.62it/s] 21%|██▏       | 62/289 [00:23<01:26,  2.62it/s] 22%|██▏       | 63/289 [00:24<01:26,  2.62it/s] 22%|██▏       | 64/289 [00:24<01:25,  2.62it/s] 22%|██▏       | 65/289 [00:24<01:25,  2.62it/s] 23%|██▎       | 66/289 [00:25<01:24,  2.63it/s] 23%|██▎       | 67/289 [00:25<01:24,  2.62it/s] 24%|██▎       | 68/289 [00:25<01:24,  2.63it/s] 24%|██▍       | 69/289 [00:26<01:23,  2.63it/s] 24%|██▍       | 70/289 [00:26<01:23,  2.63it/s] 25%|██▍       | 71/289 [00:27<01:22,  2.63it/s] 25%|██▍       | 72/289 [00:27<01:22,  2.63it/s] 25%|██▌       | 73/289 [00:27<01:22,  2.63it/s] 26%|██▌       | 74/289 [00:28<01:21,  2.63it/s] 26%|██▌       | 75/289 [00:28<01:21,  2.63it/s] 26%|██▋       | 76/289 [00:29<01:20,  2.63it/s] 27%|██▋       | 77/289 [00:29<01:20,  2.63it/s] 27%|██▋       | 78/289 [00:29<01:20,  2.63it/s] 27%|██▋       | 79/289 [00:30<01:19,  2.63it/s] 28%|██▊       | 80/289 [00:30<01:19,  2.63it/s] 28%|██▊       | 81/289 [00:30<01:19,  2.63it/s] 28%|██▊       | 82/289 [00:31<01:18,  2.63it/s] 29%|██▊       | 83/289 [00:31<01:18,  2.63it/s] 29%|██▉       | 84/289 [00:32<01:17,  2.63it/s] 29%|██▉       | 85/289 [00:32<01:17,  2.63it/s] 30%|██▉       | 86/289 [00:32<01:17,  2.63it/s] 30%|███       | 87/289 [00:33<01:16,  2.63it/s] 30%|███       | 88/289 [00:33<01:16,  2.63it/s] 31%|███       | 89/289 [00:33<01:15,  2.63it/s] 31%|███       | 90/289 [00:34<01:15,  2.62it/s] 31%|███▏      | 91/289 [00:34<01:15,  2.62it/s] 32%|███▏      | 92/289 [00:35<01:15,  2.60it/s] 32%|███▏      | 93/289 [00:35<01:15,  2.61it/s] 33%|███▎      | 94/289 [00:35<01:14,  2.62it/s] 33%|███▎      | 95/289 [00:36<01:14,  2.62it/s] 33%|███▎      | 96/289 [00:36<01:13,  2.62it/s] 34%|███▎      | 97/289 [00:37<01:13,  2.63it/s] 34%|███▍      | 98/289 [00:37<01:12,  2.63it/s] 34%|███▍      | 99/289 [00:37<01:12,  2.62it/s] 35%|███▍      | 100/289 [00:38<01:11,  2.63it/s] 35%|███▍      | 101/289 [00:38<01:11,  2.62it/s] 35%|███▌      | 102/289 [00:38<01:11,  2.63it/s] 36%|███▌      | 103/289 [00:39<01:10,  2.63it/s] 36%|███▌      | 104/289 [00:39<01:10,  2.63it/s] 36%|███▋      | 105/289 [00:40<01:09,  2.63it/s] 37%|███▋      | 106/289 [00:40<01:09,  2.63it/s] 37%|███▋      | 107/289 [00:40<01:09,  2.63it/s] 37%|███▋      | 108/289 [00:41<01:08,  2.63it/s] 38%|███▊      | 109/289 [00:41<01:08,  2.63it/s] 38%|███▊      | 110/289 [00:41<01:08,  2.63it/s] 38%|███▊      | 111/289 [00:42<01:07,  2.63it/s] 39%|███▉      | 112/289 [00:42<01:07,  2.63it/s] 39%|███▉      | 113/289 [00:43<01:06,  2.63it/s] 39%|███▉      | 114/289 [00:43<01:06,  2.63it/s] 40%|███▉      | 115/289 [00:43<01:06,  2.63it/s] 40%|████      | 116/289 [00:44<01:05,  2.63it/s] 40%|████      | 117/289 [00:44<01:05,  2.63it/s] 41%|████      | 118/289 [00:45<01:05,  2.63it/s] 41%|████      | 119/289 [00:45<01:04,  2.63it/s] 42%|████▏     | 120/289 [00:45<01:04,  2.63it/s] 42%|████▏     | 121/289 [00:46<01:03,  2.63it/s] 42%|████▏     | 122/289 [00:46<01:03,  2.63it/s] 43%|████▎     | 123/289 [00:46<01:03,  2.63it/s] 43%|████▎     | 124/289 [00:47<01:02,  2.63it/s] 43%|████▎     | 125/289 [00:47<01:02,  2.63it/s] 44%|████▎     | 126/289 [00:48<01:01,  2.63it/s] 44%|████▍     | 127/289 [00:48<01:01,  2.63it/s] 44%|████▍     | 128/289 [00:48<01:01,  2.63it/s] 45%|████▍     | 129/289 [00:49<01:00,  2.63it/s] 45%|████▍     | 130/289 [00:49<01:00,  2.63it/s] 45%|████▌     | 131/289 [00:49<00:59,  2.63it/s] 46%|████▌     | 132/289 [00:50<00:59,  2.63it/s] 46%|████▌     | 133/289 [00:50<00:59,  2.63it/s] 46%|████▋     | 134/289 [00:51<00:58,  2.63it/s] 47%|████▋     | 135/289 [00:51<00:58,  2.64it/s] 47%|████▋     | 136/289 [00:51<00:58,  2.64it/s] 47%|████▋     | 137/289 [00:52<00:57,  2.64it/s] 48%|████▊     | 138/289 [00:52<00:57,  2.63it/s] 48%|████▊     | 139/289 [00:52<00:56,  2.63it/s] 48%|████▊     | 140/289 [00:53<00:56,  2.63it/s] 49%|████▉     | 141/289 [00:53<00:56,  2.63it/s] 49%|████▉     | 142/289 [00:54<00:55,  2.63it/s] 49%|████▉     | 143/289 [00:54<00:55,  2.63it/s] 50%|████▉     | 144/289 [00:54<00:55,  2.62it/s] 50%|█████     | 145/289 [00:55<00:54,  2.62it/s] 51%|█████     | 146/289 [00:55<00:54,  2.63it/s] 51%|█████     | 147/289 [00:56<00:53,  2.63it/s] 51%|█████     | 148/289 [00:56<00:54,  2.60it/s] 52%|█████▏    | 149/289 [00:56<00:53,  2.62it/s] 52%|█████▏    | 150/289 [00:57<00:53,  2.62it/s] 52%|█████▏    | 151/289 [00:57<00:52,  2.60it/s] 53%|█████▎    | 152/289 [00:57<00:52,  2.60it/s] 53%|█████▎    | 153/289 [00:58<00:52,  2.60it/s] 53%|█████▎    | 154/289 [00:58<00:51,  2.60it/s] 54%|█████▎    | 155/289 [00:59<00:51,  2.61it/s] 54%|█████▍    | 156/289 [00:59<00:50,  2.61it/s] 54%|█████▍    | 157/289 [00:59<00:50,  2.60it/s] 55%|█████▍    | 158/289 [01:00<00:50,  2.61it/s] 55%|█████▌    | 159/289 [01:00<00:49,  2.61it/s] 55%|█████▌    | 160/289 [01:01<00:49,  2.61it/s] 56%|█████▌    | 161/289 [01:01<00:48,  2.62it/s] 56%|█████▌    | 162/289 [01:01<00:48,  2.61it/s] 56%|█████▋    | 163/289 [01:02<00:48,  2.61it/s] 57%|█████▋    | 164/289 [01:02<00:47,  2.60it/s] 57%|█████▋    | 165/289 [01:02<00:47,  2.61it/s] 57%|█████▋    | 166/289 [01:03<00:47,  2.61it/s] 58%|█████▊    | 167/289 [01:03<00:46,  2.61it/s] 58%|█████▊    | 168/289 [01:04<00:46,  2.61it/s] 58%|█████▊    | 169/289 [01:04<00:45,  2.61it/s] 59%|█████▉    | 170/289 [01:04<00:45,  2.61it/s] 59%|█████▉    | 171/289 [01:05<00:45,  2.61it/s] 60%|█████▉    | 172/289 [01:05<00:44,  2.61it/s] 60%|█████▉    | 173/289 [01:06<00:44,  2.61it/s] 60%|██████    | 174/289 [01:06<00:44,  2.61it/s] 61%|██████    | 175/289 [01:06<00:43,  2.61it/s] 61%|██████    | 176/289 [01:07<00:43,  2.61it/s] 61%|██████    | 177/289 [01:07<00:42,  2.61it/s] 62%|██████▏   | 178/289 [01:07<00:42,  2.62it/s] 62%|██████▏   | 179/289 [01:08<00:42,  2.61it/s] 62%|██████▏   | 180/289 [01:08<00:41,  2.62it/s] 63%|██████▎   | 181/289 [01:09<00:41,  2.61it/s] 63%|██████▎   | 182/289 [01:09<00:40,  2.61it/s] 63%|██████▎   | 183/289 [01:09<00:40,  2.62it/s] 64%|██████▎   | 184/289 [01:10<00:40,  2.62it/s] 64%|██████▍   | 185/289 [01:10<00:39,  2.62it/s] 64%|██████▍   | 186/289 [01:10<00:39,  2.62it/s] 65%|██████▍   | 187/289 [01:11<00:39,  2.61it/s] 65%|██████▌   | 188/289 [01:11<00:38,  2.62it/s] 65%|██████▌   | 189/289 [01:12<00:38,  2.62it/s] 66%|██████▌   | 190/289 [01:12<00:37,  2.62it/s] 66%|██████▌   | 191/289 [01:12<00:37,  2.62it/s] 66%|██████▋   | 192/289 [01:13<00:37,  2.62it/s] 67%|██████▋   | 193/289 [01:13<00:36,  2.62it/s] 67%|██████▋   | 194/289 [01:14<00:36,  2.62it/s] 67%|██████▋   | 195/289 [01:14<00:35,  2.62it/s] 68%|██████▊   | 196/289 [01:14<00:35,  2.62it/s] 68%|██████▊   | 197/289 [01:15<00:35,  2.62it/s] 69%|██████▊   | 198/289 [01:15<00:34,  2.62it/s] 69%|██████▉   | 199/289 [01:15<00:34,  2.62it/s] 69%|██████▉   | 200/289 [01:16<00:33,  2.62it/s] 70%|██████▉   | 201/289 [01:16<00:33,  2.62it/s] 70%|██████▉   | 202/289 [01:17<00:33,  2.62it/s] 70%|███████   | 203/289 [01:17<00:32,  2.61it/s] 71%|███████   | 204/289 [01:17<00:32,  2.61it/s] 71%|███████   | 205/289 [01:18<00:32,  2.61it/s] 71%|███████▏  | 206/289 [01:18<00:31,  2.61it/s] 72%|███████▏  | 207/289 [01:18<00:31,  2.62it/s] 72%|███████▏  | 208/289 [01:19<00:30,  2.62it/s] 72%|███████▏  | 209/289 [01:19<00:30,  2.62it/s] 73%|███████▎  | 210/289 [01:20<00:30,  2.62it/s] 73%|███████▎  | 211/289 [01:20<00:29,  2.62it/s] 73%|███████▎  | 212/289 [01:20<00:29,  2.62it/s] 74%|███████▎  | 213/289 [01:21<00:29,  2.61it/s] 74%|███████▍  | 214/289 [01:21<00:28,  2.61it/s] 74%|███████▍  | 215/289 [01:22<00:28,  2.61it/s] 75%|███████▍  | 216/289 [01:22<00:28,  2.60it/s] 75%|███████▌  | 217/289 [01:22<00:27,  2.61it/s] 75%|███████▌  | 218/289 [01:23<00:27,  2.61it/s] 76%|███████▌  | 219/289 [01:23<00:26,  2.61it/s] 76%|███████▌  | 220/289 [01:23<00:26,  2.62it/s] 76%|███████▋  | 221/289 [01:24<00:26,  2.59it/s] 77%|███████▋  | 222/289 [01:24<00:25,  2.60it/s] 77%|███████▋  | 223/289 [01:25<00:25,  2.60it/s] 78%|███████▊  | 224/289 [01:25<00:24,  2.61it/s] 78%|███████▊  | 225/289 [01:25<00:24,  2.61it/s] 78%|███████▊  | 226/289 [01:26<00:24,  2.61it/s] 79%|███████▊  | 227/289 [01:26<00:23,  2.61it/s] 79%|███████▉  | 228/289 [01:27<00:23,  2.61it/s] 79%|███████▉  | 229/289 [01:27<00:22,  2.62it/s] 80%|███████▉  | 230/289 [01:27<00:22,  2.62it/s] 80%|███████▉  | 231/289 [01:28<00:22,  2.62it/s] 80%|████████  | 232/289 [01:28<00:21,  2.61it/s] 81%|████████  | 233/289 [01:28<00:21,  2.61it/s] 81%|████████  | 234/289 [01:29<00:21,  2.61it/s] 81%|████████▏ | 235/289 [01:29<00:20,  2.61it/s] 82%|████████▏ | 236/289 [01:30<00:20,  2.61it/s] 82%|████████▏ | 237/289 [01:30<00:19,  2.61it/s] 82%|████████▏ | 238/289 [01:30<00:19,  2.61it/s] 83%|████████▎ | 239/289 [01:31<00:19,  2.60it/s] 83%|████████▎ | 240/289 [01:31<00:18,  2.60it/s] 83%|████████▎ | 241/289 [01:32<00:18,  2.60it/s] 84%|████████▎ | 242/289 [01:32<00:18,  2.60it/s] 84%|████████▍ | 243/289 [01:32<00:17,  2.61it/s] 84%|████████▍ | 244/289 [01:33<00:17,  2.60it/s] 85%|████████▍ | 245/289 [01:33<00:16,  2.59it/s] 85%|████████▌ | 246/289 [01:33<00:16,  2.59it/s] 85%|████████▌ | 247/289 [01:34<00:16,  2.58it/s] 86%|████████▌ | 248/289 [01:34<00:15,  2.57it/s] 86%|████████▌ | 249/289 [01:35<00:15,  2.57it/s] 87%|████████▋ | 250/289 [01:35<00:15,  2.56it/s] 87%|████████▋ | 251/289 [01:35<00:14,  2.54it/s] 87%|████████▋ | 252/289 [01:36<00:14,  2.55it/s] 88%|████████▊ | 253/289 [01:36<00:14,  2.55it/s] 88%|████████▊ | 254/289 [01:37<00:13,  2.55it/s] 88%|████████▊ | 255/289 [01:37<00:13,  2.56it/s] 89%|████████▊ | 256/289 [01:37<00:12,  2.57it/s] 89%|████████▉ | 257/289 [01:38<00:12,  2.58it/s] 89%|████████▉ | 258/289 [01:38<00:12,  2.57it/s] 90%|████████▉ | 259/289 [01:39<00:11,  2.55it/s] 90%|████████▉ | 260/289 [01:39<00:11,  2.56it/s] 90%|█████████ | 261/289 [01:39<00:10,  2.56it/s] 91%|█████████ | 262/289 [01:40<00:10,  2.57it/s] 91%|█████████ | 263/289 [01:40<00:10,  2.57it/s] 91%|█████████▏| 264/289 [01:40<00:09,  2.58it/s] 92%|█████████▏| 265/289 [01:41<00:09,  2.58it/s] 92%|█████████▏| 266/289 [01:41<00:08,  2.58it/s] 92%|█████████▏| 267/289 [01:42<00:08,  2.58it/s] 93%|█████████▎| 268/289 [01:42<00:08,  2.59it/s] 93%|█████████▎| 269/289 [01:42<00:07,  2.58it/s] 93%|█████████▎| 270/289 [01:43<00:07,  2.56it/s] 94%|█████████▍| 271/289 [01:43<00:07,  2.57it/s] 94%|█████████▍| 272/289 [01:44<00:06,  2.58it/s] 94%|█████████▍| 273/289 [01:44<00:06,  2.57it/s] 95%|█████████▍| 274/289 [01:44<00:05,  2.58it/s] 95%|█████████▌| 275/289 [01:45<00:05,  2.58it/s] 96%|█████████▌| 276/289 [01:45<00:05,  2.58it/s] 96%|█████████▌| 277/289 [01:46<00:04,  2.58it/s] 96%|█████████▌| 278/289 [01:46<00:04,  2.58it/s] 97%|█████████▋| 279/289 [01:46<00:03,  2.59it/s] 97%|█████████▋| 280/289 [01:47<00:03,  2.59it/s] 97%|█████████▋| 281/289 [01:47<00:03,  2.59it/s] 98%|█████████▊| 282/289 [01:47<00:02,  2.59it/s] 98%|█████████▊| 283/289 [01:48<00:02,  2.59it/s] 98%|█████████▊| 284/289 [01:48<00:01,  2.59it/s] 99%|█████████▊| 285/289 [01:49<00:01,  2.59it/s] 99%|█████████▉| 286/289 [01:49<00:01,  2.58it/s] 99%|█████████▉| 287/289 [01:49<00:00,  2.56it/s]100%|█████████▉| 288/289 [01:50<00:00,  2.57it/s]100%|█████████▉| 288/289 [01:50<00:00,  2.60it/s]
[11/29 08:04:50 TiTok-Gen]: Data (t): 0.2535, 40.44/s/gpu Batch (t): 1.5827 LR: 0.000100 Step: 31050 Total Loss: 0.4113 Diff Loss: 0.4113 
[11/29 08:06:13 TiTok-Gen]: Data (t): 0.4285, 39.43/s/gpu Batch (t): 1.6232 LR: 0.000100 Step: 31100 Total Loss: 0.4110 Diff Loss: 0.4110 
[11/29 08:07:36 TiTok-Gen]: Data (t): 0.4021, 38.88/s/gpu Batch (t): 1.6460 LR: 0.000100 Step: 31150 Total Loss: 0.4098 Diff Loss: 0.4098 
[11/29 08:07:59 TiTok-Gen]: Epoch 49/1597 started.
[11/29 08:09:18 TiTok-Gen]: Data (t): 0.4686, 40.43/s/gpu Batch (t): 1.5830 LR: 0.000100 Step: 31200 Total Loss: 0.4088 Diff Loss: 0.4088 
[11/29 08:10:41 TiTok-Gen]: Data (t): 0.3283, 41.10/s/gpu Batch (t): 1.5572 LR: 0.000100 Step: 31250 Total Loss: 0.4096 Diff Loss: 0.4096 
[11/29 08:12:04 TiTok-Gen]: Data (t): 0.2522, 39.82/s/gpu Batch (t): 1.6074 LR: 0.000100 Step: 31300 Total Loss: 0.4093 Diff Loss: 0.4093 
[11/29 08:13:26 TiTok-Gen]: Data (t): 0.2515, 39.98/s/gpu Batch (t): 1.6010 LR: 0.000100 Step: 31350 Total Loss: 0.4104 Diff Loss: 0.4104 
[11/29 08:14:50 TiTok-Gen]: Data (t): 0.2479, 36.21/s/gpu Batch (t): 1.7675 LR: 0.000100 Step: 31400 Total Loss: 0.4095 Diff Loss: 0.4095 
[11/29 08:16:13 TiTok-Gen]: Data (t): 0.2493, 37.26/s/gpu Batch (t): 1.7175 LR: 0.000100 Step: 31450 Total Loss: 0.4098 Diff Loss: 0.4098 
[11/29 08:17:36 TiTok-Gen]: Data (t): 0.3346, 38.00/s/gpu Batch (t): 1.6841 LR: 0.000100 Step: 31500 Total Loss: 0.4097 Diff Loss: 0.4097 
[11/29 08:18:58 TiTok-Gen]: Data (t): 0.3126, 36.10/s/gpu Batch (t): 1.7728 LR: 0.000100 Step: 31550 Total Loss: 0.4094 Diff Loss: 0.4094 
[11/29 08:20:21 TiTok-Gen]: Data (t): 0.2510, 37.98/s/gpu Batch (t): 1.6850 LR: 0.000100 Step: 31600 Total Loss: 0.4101 Diff Loss: 0.4101 
[11/29 08:21:44 TiTok-Gen]: Data (t): 0.2522, 40.33/s/gpu Batch (t): 1.5867 LR: 0.000100 Step: 31650 Total Loss: 0.4110 Diff Loss: 0.4110 
[11/29 08:23:07 TiTok-Gen]: Data (t): 0.2520, 37.19/s/gpu Batch (t): 1.7208 LR: 0.000100 Step: 31700 Total Loss: 0.4104 Diff Loss: 0.4104 
[11/29 08:24:29 TiTok-Gen]: Data (t): 0.2474, 39.90/s/gpu Batch (t): 1.6039 LR: 0.000100 Step: 31750 Total Loss: 0.4116 Diff Loss: 0.4116 
[11/29 08:25:51 TiTok-Gen]: Data (t): 0.2518, 41.88/s/gpu Batch (t): 1.5284 LR: 0.000100 Step: 31800 Total Loss: 0.4115 Diff Loss: 0.4115 
[11/29 08:25:51 TiTok-Gen]: Epoch 50/1597 started.
[11/29 08:27:32 TiTok-Gen]: Data (t): 0.2626, 40.73/s/gpu Batch (t): 1.5713 LR: 0.000100 Step: 31850 Total Loss: 0.4094 Diff Loss: 0.4094 
[11/29 08:28:55 TiTok-Gen]: Data (t): 0.2517, 35.25/s/gpu Batch (t): 1.8156 LR: 0.000100 Step: 31900 Total Loss: 0.4084 Diff Loss: 0.4084 
[11/29 08:30:19 TiTok-Gen]: Data (t): 0.2488, 37.74/s/gpu Batch (t): 1.6959 LR: 0.000100 Step: 31950 Total Loss: 0.4097 Diff Loss: 0.4097 
[11/29 08:31:42 TiTok-Gen]: Data (t): 0.2502, 33.40/s/gpu Batch (t): 1.9160 LR: 0.000100 Step: 32000 Total Loss: 0.4096 Diff Loss: 0.4096 
[11/29 08:31:43 TiTok-Gen]: Generating images...
  0%|          | 0/289 [00:00<?, ?it/s]  0%|          | 1/289 [00:00<01:46,  2.70it/s]  1%|          | 2/289 [00:00<01:48,  2.65it/s]  1%|          | 3/289 [00:01<01:48,  2.63it/s]  1%|▏         | 4/289 [00:01<01:48,  2.63it/s]  2%|▏         | 5/289 [00:01<01:48,  2.63it/s]  2%|▏         | 6/289 [00:02<01:47,  2.63it/s]  2%|▏         | 7/289 [00:02<01:47,  2.63it/s]  3%|▎         | 8/289 [00:03<01:46,  2.64it/s]  3%|▎         | 9/289 [00:03<01:45,  2.64it/s]  3%|▎         | 10/289 [00:03<01:45,  2.65it/s]  4%|▍         | 11/289 [00:04<01:44,  2.65it/s]  4%|▍         | 12/289 [00:04<01:45,  2.63it/s]  4%|▍         | 13/289 [00:04<01:45,  2.62it/s]  5%|▍         | 14/289 [00:05<01:44,  2.62it/s]  5%|▌         | 15/289 [00:05<01:44,  2.62it/s]  6%|▌         | 16/289 [00:06<01:44,  2.62it/s]  6%|▌         | 17/289 [00:06<01:43,  2.62it/s]  6%|▌         | 18/289 [00:06<01:43,  2.61it/s]  7%|▋         | 19/289 [00:07<01:43,  2.61it/s]  7%|▋         | 20/289 [00:07<01:43,  2.61it/s]  7%|▋         | 21/289 [00:07<01:42,  2.61it/s]  8%|▊         | 22/289 [00:08<01:42,  2.61it/s]  8%|▊         | 23/289 [00:08<01:41,  2.61it/s]  8%|▊         | 24/289 [00:09<01:41,  2.61it/s]  9%|▊         | 25/289 [00:09<01:40,  2.61it/s]  9%|▉         | 26/289 [00:09<01:40,  2.61it/s]  9%|▉         | 27/289 [00:10<01:40,  2.62it/s] 10%|▉         | 28/289 [00:10<01:39,  2.62it/s] 10%|█         | 29/289 [00:11<01:39,  2.62it/s] 10%|█         | 30/289 [00:11<01:39,  2.61it/s] 11%|█         | 31/289 [00:11<01:39,  2.59it/s] 11%|█         | 32/289 [00:12<01:38,  2.60it/s] 11%|█▏        | 33/289 [00:12<01:38,  2.61it/s] 12%|█▏        | 34/289 [00:12<01:37,  2.60it/s] 12%|█▏        | 35/289 [00:13<01:37,  2.60it/s] 12%|█▏        | 36/289 [00:13<01:37,  2.61it/s] 13%|█▎        | 37/289 [00:14<01:36,  2.61it/s] 13%|█▎        | 38/289 [00:14<01:36,  2.61it/s] 13%|█▎        | 39/289 [00:14<01:35,  2.61it/s] 14%|█▍        | 40/289 [00:15<01:35,  2.62it/s] 14%|█▍        | 41/289 [00:15<01:34,  2.62it/s] 15%|█▍        | 42/289 [00:16<01:34,  2.62it/s] 15%|█▍        | 43/289 [00:16<01:34,  2.62it/s] 15%|█▌        | 44/289 [00:16<01:33,  2.62it/s] 16%|█▌        | 45/289 [00:17<01:33,  2.62it/s] 16%|█▌        | 46/289 [00:17<01:32,  2.62it/s] 16%|█▋        | 47/289 [00:17<01:32,  2.62it/s] 17%|█▋        | 48/289 [00:18<01:32,  2.62it/s] 17%|█▋        | 49/289 [00:18<01:31,  2.62it/s] 17%|█▋        | 50/289 [00:19<01:31,  2.62it/s] 18%|█▊        | 51/289 [00:19<01:30,  2.62it/s] 18%|█▊        | 52/289 [00:19<01:30,  2.62it/s] 18%|█▊        | 53/289 [00:20<01:30,  2.61it/s] 19%|█▊        | 54/289 [00:20<01:29,  2.62it/s] 19%|█▉        | 55/289 [00:21<01:30,  2.60it/s] 19%|█▉        | 56/289 [00:21<01:29,  2.61it/s] 20%|█▉        | 57/289 [00:21<01:28,  2.61it/s] 20%|██        | 58/289 [00:22<01:28,  2.61it/s] 20%|██        | 59/289 [00:22<01:28,  2.61it/s] 21%|██        | 60/289 [00:22<01:27,  2.61it/s] 21%|██        | 61/289 [00:23<01:27,  2.61it/s] 21%|██▏       | 62/289 [00:23<01:26,  2.61it/s] 22%|██▏       | 63/289 [00:24<01:26,  2.61it/s] 22%|██▏       | 64/289 [00:24<01:26,  2.61it/s] 22%|██▏       | 65/289 [00:24<01:25,  2.61it/s] 23%|██▎       | 66/289 [00:25<01:25,  2.61it/s] 23%|██▎       | 67/289 [00:25<01:24,  2.61it/s] 24%|██▎       | 68/289 [00:25<01:24,  2.61it/s] 24%|██▍       | 69/289 [00:26<01:24,  2.62it/s] 24%|██▍       | 70/289 [00:26<01:23,  2.62it/s] 25%|██▍       | 71/289 [00:27<01:23,  2.62it/s] 25%|██▍       | 72/289 [00:27<01:22,  2.62it/s] 25%|██▌       | 73/289 [00:27<01:22,  2.62it/s] 26%|██▌       | 74/289 [00:28<01:21,  2.62it/s] 26%|██▌       | 75/289 [00:28<01:21,  2.63it/s] 26%|██▋       | 76/289 [00:29<01:21,  2.62it/s] 27%|██▋       | 77/289 [00:29<01:20,  2.63it/s] 27%|██▋       | 78/289 [00:29<01:20,  2.63it/s] 27%|██▋       | 79/289 [00:30<01:20,  2.62it/s] 28%|██▊       | 80/289 [00:30<01:19,  2.63it/s] 28%|██▊       | 81/289 [00:30<01:19,  2.63it/s] 28%|██▊       | 82/289 [00:31<01:18,  2.63it/s] 29%|██▊       | 83/289 [00:31<01:18,  2.63it/s] 29%|██▉       | 84/289 [00:32<01:18,  2.62it/s] 29%|██▉       | 85/289 [00:32<01:17,  2.63it/s] 30%|██▉       | 86/289 [00:32<01:17,  2.63it/s] 30%|███       | 87/289 [00:33<01:16,  2.63it/s] 30%|███       | 88/289 [00:33<01:16,  2.63it/s] 31%|███       | 89/289 [00:33<01:16,  2.63it/s] 31%|███       | 90/289 [00:34<01:16,  2.62it/s] 31%|███▏      | 91/289 [00:34<01:15,  2.62it/s] 32%|███▏      | 92/289 [00:35<01:15,  2.62it/s] 32%|███▏      | 93/289 [00:35<01:15,  2.60it/s] 33%|███▎      | 94/289 [00:35<01:14,  2.61it/s] 33%|███▎      | 95/289 [00:36<01:14,  2.61it/s] 33%|███▎      | 96/289 [00:36<01:13,  2.62it/s] 34%|███▎      | 97/289 [00:37<01:13,  2.62it/s] 34%|███▍      | 98/289 [00:37<01:12,  2.63it/s] 34%|███▍      | 99/289 [00:37<01:12,  2.62it/s] 35%|███▍      | 100/289 [00:38<01:12,  2.62it/s] 35%|███▍      | 101/289 [00:38<01:11,  2.62it/s] 35%|███▌      | 102/289 [00:38<01:11,  2.62it/s] 36%|███▌      | 103/289 [00:39<01:10,  2.62it/s] 36%|███▌      | 104/289 [00:39<01:10,  2.62it/s] 36%|███▋      | 105/289 [00:40<01:10,  2.62it/s] 37%|███▋      | 106/289 [00:40<01:09,  2.62it/s] 37%|███▋      | 107/289 [00:40<01:09,  2.62it/s] 37%|███▋      | 108/289 [00:41<01:09,  2.62it/s] 38%|███▊      | 109/289 [00:41<01:08,  2.62it/s] 38%|███▊      | 110/289 [00:42<01:08,  2.62it/s] 38%|███▊      | 111/289 [00:42<01:07,  2.63it/s] 39%|███▉      | 112/289 [00:42<01:07,  2.63it/s] 39%|███▉      | 113/289 [00:43<01:07,  2.62it/s] 39%|███▉      | 114/289 [00:43<01:06,  2.63it/s] 40%|███▉      | 115/289 [00:43<01:06,  2.62it/s] 40%|████      | 116/289 [00:44<01:05,  2.62it/s] 40%|████      | 117/289 [00:44<01:05,  2.62it/s] 41%|████      | 118/289 [00:45<01:05,  2.62it/s] 41%|████      | 119/289 [00:45<01:04,  2.62it/s] 42%|████▏     | 120/289 [00:45<01:04,  2.63it/s] 42%|████▏     | 121/289 [00:46<01:04,  2.62it/s] 42%|████▏     | 122/289 [00:46<01:03,  2.62it/s] 43%|████▎     | 123/289 [00:46<01:03,  2.63it/s] 43%|████▎     | 124/289 [00:47<01:02,  2.63it/s] 43%|████▎     | 125/289 [00:47<01:02,  2.63it/s] 44%|████▎     | 126/289 [00:48<01:02,  2.63it/s] 44%|████▍     | 127/289 [00:48<01:01,  2.63it/s] 44%|████▍     | 128/289 [00:48<01:01,  2.63it/s] 45%|████▍     | 129/289 [00:49<01:00,  2.63it/s] 45%|████▍     | 130/289 [00:49<01:00,  2.63it/s] 45%|████▌     | 131/289 [00:49<01:00,  2.62it/s] 46%|████▌     | 132/289 [00:50<00:59,  2.62it/s] 46%|████▌     | 133/289 [00:50<00:59,  2.62it/s] 46%|████▋     | 134/289 [00:51<00:59,  2.62it/s] 47%|████▋     | 135/289 [00:51<00:58,  2.63it/s] 47%|████▋     | 136/289 [00:51<00:58,  2.63it/s] 47%|████▋     | 137/289 [00:52<00:57,  2.63it/s] 48%|████▊     | 138/289 [00:52<00:57,  2.63it/s] 48%|████▊     | 139/289 [00:53<00:57,  2.63it/s] 48%|████▊     | 140/289 [00:53<00:56,  2.63it/s] 49%|████▉     | 141/289 [00:53<00:56,  2.63it/s] 49%|████▉     | 142/289 [00:54<00:55,  2.63it/s] 49%|████▉     | 143/289 [00:54<00:55,  2.63it/s] 50%|████▉     | 144/289 [00:54<00:55,  2.63it/s] 50%|█████     | 145/289 [00:55<00:54,  2.62it/s] 51%|█████     | 146/289 [00:55<00:54,  2.62it/s] 51%|█████     | 147/289 [00:56<00:54,  2.61it/s] 51%|█████     | 148/289 [00:56<00:53,  2.62it/s] 52%|█████▏    | 149/289 [00:56<00:53,  2.62it/s] 52%|█████▏    | 150/289 [00:57<00:53,  2.62it/s] 52%|█████▏    | 151/289 [00:57<00:53,  2.60it/s] 53%|█████▎    | 152/289 [00:58<00:52,  2.61it/s] 53%|█████▎    | 153/289 [00:58<00:52,  2.61it/s] 53%|█████▎    | 154/289 [00:58<00:51,  2.62it/s] 54%|█████▎    | 155/289 [00:59<00:51,  2.62it/s] 54%|█████▍    | 156/289 [00:59<00:50,  2.62it/s] 54%|█████▍    | 157/289 [00:59<00:50,  2.62it/s] 55%|█████▍    | 158/289 [01:00<00:49,  2.63it/s] 55%|█████▌    | 159/289 [01:00<00:49,  2.63it/s] 55%|█████▌    | 160/289 [01:01<00:49,  2.62it/s] 56%|█████▌    | 161/289 [01:01<00:48,  2.63it/s] 56%|█████▌    | 162/289 [01:01<00:48,  2.63it/s] 56%|█████▋    | 163/289 [01:02<00:47,  2.63it/s] 57%|█████▋    | 164/289 [01:02<00:47,  2.63it/s] 57%|█████▋    | 165/289 [01:02<00:47,  2.62it/s] 57%|█████▋    | 166/289 [01:03<00:46,  2.62it/s] 58%|█████▊    | 167/289 [01:03<00:46,  2.62it/s] 58%|█████▊    | 168/289 [01:04<00:46,  2.62it/s] 58%|█████▊    | 169/289 [01:04<00:45,  2.62it/s] 59%|█████▉    | 170/289 [01:04<00:45,  2.63it/s] 59%|█████▉    | 171/289 [01:05<00:44,  2.63it/s] 60%|█████▉    | 172/289 [01:05<00:44,  2.63it/s] 60%|█████▉    | 173/289 [01:06<00:44,  2.63it/s] 60%|██████    | 174/289 [01:06<00:43,  2.62it/s] 61%|██████    | 175/289 [01:06<00:43,  2.62it/s] 61%|██████    | 176/289 [01:07<00:43,  2.62it/s] 61%|██████    | 177/289 [01:07<00:42,  2.63it/s] 62%|██████▏   | 178/289 [01:07<00:42,  2.62it/s] 62%|██████▏   | 179/289 [01:08<00:41,  2.62it/s] 62%|██████▏   | 180/289 [01:08<00:41,  2.62it/s] 63%|██████▎   | 181/289 [01:09<00:41,  2.63it/s] 63%|██████▎   | 182/289 [01:09<00:40,  2.63it/s] 63%|██████▎   | 183/289 [01:09<00:40,  2.63it/s] 64%|██████▎   | 184/289 [01:10<00:39,  2.63it/s] 64%|██████▍   | 185/289 [01:10<00:39,  2.63it/s] 64%|██████▍   | 186/289 [01:10<00:39,  2.63it/s] 65%|██████▍   | 187/289 [01:11<00:38,  2.63it/s] 65%|██████▌   | 188/289 [01:11<00:38,  2.63it/s] 65%|██████▌   | 189/289 [01:12<00:38,  2.62it/s] 66%|██████▌   | 190/289 [01:12<00:37,  2.62it/s] 66%|██████▌   | 191/289 [01:12<00:37,  2.63it/s] 66%|██████▋   | 192/289 [01:13<00:36,  2.63it/s] 67%|██████▋   | 193/289 [01:13<00:36,  2.63it/s] 67%|██████▋   | 194/289 [01:14<00:36,  2.63it/s] 67%|██████▋   | 195/289 [01:14<00:35,  2.63it/s] 68%|██████▊   | 196/289 [01:14<00:35,  2.63it/s] 68%|██████▊   | 197/289 [01:15<00:34,  2.63it/s] 69%|██████▊   | 198/289 [01:15<00:34,  2.63it/s] 69%|██████▉   | 199/289 [01:15<00:34,  2.63it/s] 69%|██████▉   | 200/289 [01:16<00:33,  2.63it/s] 70%|██████▉   | 201/289 [01:16<00:33,  2.63it/s] 70%|██████▉   | 202/289 [01:17<00:33,  2.63it/s] 70%|███████   | 203/289 [01:17<00:32,  2.63it/s] 71%|███████   | 204/289 [01:17<00:32,  2.62it/s] 71%|███████   | 205/289 [01:18<00:32,  2.62it/s] 71%|███████▏  | 206/289 [01:18<00:31,  2.63it/s] 72%|███████▏  | 207/289 [01:18<00:31,  2.63it/s] 72%|███████▏  | 208/289 [01:19<00:30,  2.63it/s] 72%|███████▏  | 209/289 [01:19<00:30,  2.63it/s] 73%|███████▎  | 210/289 [01:20<00:30,  2.63it/s] 73%|███████▎  | 211/289 [01:20<00:29,  2.63it/s] 73%|███████▎  | 212/289 [01:20<00:29,  2.63it/s] 74%|███████▎  | 213/289 [01:21<00:28,  2.63it/s] 74%|███████▍  | 214/289 [01:21<00:28,  2.63it/s] 74%|███████▍  | 215/289 [01:21<00:28,  2.63it/s] 75%|███████▍  | 216/289 [01:22<00:27,  2.63it/s] 75%|███████▌  | 217/289 [01:22<00:27,  2.63it/s] 75%|███████▌  | 218/289 [01:23<00:27,  2.63it/s] 76%|███████▌  | 219/289 [01:23<00:26,  2.62it/s] 76%|███████▌  | 220/289 [01:23<00:26,  2.62it/s] 76%|███████▋  | 221/289 [01:24<00:26,  2.61it/s] 77%|███████▋  | 222/289 [01:24<00:25,  2.60it/s] 77%|███████▋  | 223/289 [01:25<00:25,  2.60it/s] 78%|███████▊  | 224/289 [01:25<00:25,  2.59it/s] 78%|███████▊  | 225/289 [01:25<00:24,  2.60it/s] 78%|███████▊  | 226/289 [01:26<00:24,  2.60it/s] 79%|███████▊  | 227/289 [01:26<00:23,  2.61it/s] 79%|███████▉  | 228/289 [01:26<00:23,  2.61it/s] 79%|███████▉  | 229/289 [01:27<00:22,  2.62it/s] 80%|███████▉  | 230/289 [01:27<00:22,  2.62it/s] 80%|███████▉  | 231/289 [01:28<00:22,  2.62it/s] 80%|████████  | 232/289 [01:28<00:21,  2.63it/s] 81%|████████  | 233/289 [01:28<00:21,  2.63it/s] 81%|████████  | 234/289 [01:29<00:20,  2.63it/s] 81%|████████▏ | 235/289 [01:29<00:20,  2.62it/s] 82%|████████▏ | 236/289 [01:30<00:20,  2.62it/s] 82%|████████▏ | 237/289 [01:30<00:19,  2.62it/s] 82%|████████▏ | 238/289 [01:30<00:19,  2.62it/s] 83%|████████▎ | 239/289 [01:31<00:19,  2.62it/s] 83%|████████▎ | 240/289 [01:31<00:18,  2.62it/s] 83%|████████▎ | 241/289 [01:31<00:18,  2.62it/s] 84%|████████▎ | 242/289 [01:32<00:17,  2.62it/s] 84%|████████▍ | 243/289 [01:32<00:17,  2.62it/s] 84%|████████▍ | 244/289 [01:33<00:17,  2.62it/s] 85%|████████▍ | 245/289 [01:33<00:16,  2.62it/s] 85%|████████▌ | 246/289 [01:33<00:16,  2.62it/s] 85%|████████▌ | 247/289 [01:34<00:16,  2.62it/s] 86%|████████▌ | 248/289 [01:34<00:15,  2.62it/s] 86%|████████▌ | 249/289 [01:34<00:15,  2.62it/s] 87%|████████▋ | 250/289 [01:35<00:14,  2.62it/s] 87%|████████▋ | 251/289 [01:35<00:14,  2.62it/s] 87%|████████▋ | 252/289 [01:36<00:14,  2.62it/s] 88%|████████▊ | 253/289 [01:36<00:13,  2.62it/s] 88%|████████▊ | 254/289 [01:36<00:13,  2.62it/s] 88%|████████▊ | 255/289 [01:37<00:12,  2.62it/s] 89%|████████▊ | 256/289 [01:37<00:12,  2.63it/s] 89%|████████▉ | 257/289 [01:38<00:12,  2.63it/s] 89%|████████▉ | 258/289 [01:38<00:11,  2.63it/s] 90%|████████▉ | 259/289 [01:38<00:11,  2.63it/s] 90%|████████▉ | 260/289 [01:39<00:11,  2.62it/s] 90%|█████████ | 261/289 [01:39<00:10,  2.62it/s] 91%|█████████ | 262/289 [01:39<00:10,  2.62it/s] 91%|█████████ | 263/289 [01:40<00:09,  2.62it/s] 91%|█████████▏| 264/289 [01:40<00:09,  2.62it/s] 92%|█████████▏| 265/289 [01:41<00:09,  2.62it/s] 92%|█████████▏| 266/289 [01:41<00:08,  2.63it/s] 92%|█████████▏| 267/289 [01:41<00:08,  2.63it/s] 93%|█████████▎| 268/289 [01:42<00:07,  2.63it/s] 93%|█████████▎| 269/289 [01:42<00:07,  2.63it/s] 93%|█████████▎| 270/289 [01:42<00:07,  2.63it/s] 94%|█████████▍| 271/289 [01:43<00:06,  2.63it/s] 94%|█████████▍| 272/289 [01:43<00:06,  2.63it/s] 94%|█████████▍| 273/289 [01:44<00:06,  2.63it/s] 95%|█████████▍| 274/289 [01:44<00:05,  2.63it/s] 95%|█████████▌| 275/289 [01:44<00:05,  2.62it/s] 96%|█████████▌| 276/289 [01:45<00:04,  2.63it/s] 96%|█████████▌| 277/289 [01:45<00:04,  2.63it/s] 96%|█████████▌| 278/289 [01:46<00:04,  2.63it/s] 97%|█████████▋| 279/289 [01:46<00:03,  2.63it/s] 97%|█████████▋| 280/289 [01:46<00:03,  2.63it/s] 97%|█████████▋| 281/289 [01:47<00:03,  2.63it/s] 98%|█████████▊| 282/289 [01:47<00:02,  2.63it/s] 98%|█████████▊| 283/289 [01:47<00:02,  2.63it/s] 98%|█████████▊| 284/289 [01:48<00:01,  2.63it/s] 99%|█████████▊| 285/289 [01:48<00:01,  2.63it/s] 99%|█████████▉| 286/289 [01:49<00:01,  2.63it/s] 99%|█████████▉| 287/289 [01:49<00:00,  2.63it/s]100%|█████████▉| 288/289 [01:49<00:00,  2.63it/s]100%|█████████▉| 288/289 [01:50<00:00,  2.61it/s]
[11/29 08:34:57 TiTok-Gen]: Data (t): 0.5205, 39.51/s/gpu Batch (t): 1.6198 LR: 0.000100 Step: 32050 Total Loss: 0.4096 Diff Loss: 0.4096 
[11/29 08:36:20 TiTok-Gen]: Data (t): 0.2500, 40.28/s/gpu Batch (t): 1.5889 LR: 0.000100 Step: 32100 Total Loss: 0.4091 Diff Loss: 0.4091 
[11/29 08:37:43 TiTok-Gen]: Data (t): 0.2556, 40.00/s/gpu Batch (t): 1.5999 LR: 0.000100 Step: 32150 Total Loss: 0.4089 Diff Loss: 0.4089 
[11/29 08:39:06 TiTok-Gen]: Data (t): 0.2483, 37.18/s/gpu Batch (t): 1.7216 LR: 0.000100 Step: 32200 Total Loss: 0.4090 Diff Loss: 0.4090 
[11/29 08:40:29 TiTok-Gen]: Data (t): 0.2507, 36.13/s/gpu Batch (t): 1.7716 LR: 0.000100 Step: 32250 Total Loss: 0.4098 Diff Loss: 0.4098 
[11/29 08:41:52 TiTok-Gen]: Data (t): 0.2498, 36.38/s/gpu Batch (t): 1.7591 LR: 0.000100 Step: 32300 Total Loss: 0.4105 Diff Loss: 0.4105 
[11/29 08:43:15 TiTok-Gen]: Data (t): 0.2505, 36.94/s/gpu Batch (t): 1.7327 LR: 0.000100 Step: 32350 Total Loss: 0.4108 Diff Loss: 0.4108 
[11/29 08:44:38 TiTok-Gen]: Data (t): 0.2508, 38.75/s/gpu Batch (t): 1.6518 LR: 0.000100 Step: 32400 Total Loss: 0.4103 Diff Loss: 0.4103 
[11/29 08:45:37 TiTok-Gen]: Epoch 51/1597 started.
[11/29 08:46:15 TiTok-Gen]: Data (t): 0.2464, 36.84/s/gpu Batch (t): 1.7372 LR: 0.000100 Step: 32450 Total Loss: 0.4090 Diff Loss: 0.4090 
[11/29 08:47:38 TiTok-Gen]: Data (t): 0.2470, 36.99/s/gpu Batch (t): 1.7304 LR: 0.000100 Step: 32500 Total Loss: 0.4086 Diff Loss: 0.4086 
[11/29 08:49:01 TiTok-Gen]: Data (t): 0.4612, 40.86/s/gpu Batch (t): 1.5662 LR: 0.000100 Step: 32550 Total Loss: 0.4091 Diff Loss: 0.4091 
[11/29 08:50:24 TiTok-Gen]: Data (t): 0.4187, 37.12/s/gpu Batch (t): 1.7242 LR: 0.000100 Step: 32600 Total Loss: 0.4093 Diff Loss: 0.4093 
[11/29 08:51:46 TiTok-Gen]: Data (t): 0.2500, 38.43/s/gpu Batch (t): 1.6654 LR: 0.000100 Step: 32650 Total Loss: 0.4087 Diff Loss: 0.4087 
[11/29 08:53:09 TiTok-Gen]: Data (t): 0.4679, 39.48/s/gpu Batch (t): 1.6212 LR: 0.000100 Step: 32700 Total Loss: 0.4094 Diff Loss: 0.4094 
[11/29 08:54:31 TiTok-Gen]: Data (t): 0.4350, 39.23/s/gpu Batch (t): 1.6314 LR: 0.000100 Step: 32750 Total Loss: 0.4089 Diff Loss: 0.4089 
[11/29 08:55:54 TiTok-Gen]: Data (t): 0.2478, 36.97/s/gpu Batch (t): 1.7313 LR: 0.000100 Step: 32800 Total Loss: 0.4097 Diff Loss: 0.4097 
[11/29 08:57:16 TiTok-Gen]: Data (t): 0.4260, 38.72/s/gpu Batch (t): 1.6529 LR: 0.000100 Step: 32850 Total Loss: 0.4090 Diff Loss: 0.4090 
[11/29 08:58:39 TiTok-Gen]: Data (t): 0.4238, 39.79/s/gpu Batch (t): 1.6085 LR: 0.000100 Step: 32900 Total Loss: 0.4102 Diff Loss: 0.4102 
[11/29 09:00:02 TiTok-Gen]: Data (t): 0.2496, 37.28/s/gpu Batch (t): 1.7170 LR: 0.000100 Step: 32950 Total Loss: 0.4099 Diff Loss: 0.4099 
[11/29 09:01:25 TiTok-Gen]: Data (t): 0.4410, 31.34/s/gpu Batch (t): 2.0419 LR: 0.000100 Step: 33000 Total Loss: 0.4109 Diff Loss: 0.4109 
[11/29 09:01:26 TiTok-Gen]: Generating images...
  0%|          | 0/289 [00:00<?, ?it/s]  0%|          | 1/289 [00:00<01:48,  2.65it/s]  1%|          | 2/289 [00:00<01:50,  2.60it/s]  1%|          | 3/289 [00:01<01:50,  2.60it/s]  1%|▏         | 4/289 [00:01<01:50,  2.58it/s]  2%|▏         | 5/289 [00:01<01:49,  2.59it/s]  2%|▏         | 6/289 [00:02<01:49,  2.59it/s]  2%|▏         | 7/289 [00:02<01:47,  2.61it/s]  3%|▎         | 8/289 [00:03<01:46,  2.63it/s]  3%|▎         | 9/289 [00:03<01:45,  2.65it/s]  3%|▎         | 10/289 [00:03<01:45,  2.65it/s]  4%|▍         | 11/289 [00:04<01:45,  2.64it/s]  4%|▍         | 12/289 [00:04<01:46,  2.60it/s]  4%|▍         | 13/289 [00:04<01:46,  2.60it/s]  5%|▍         | 14/289 [00:05<01:46,  2.59it/s]  5%|▌         | 15/289 [00:05<01:46,  2.58it/s]  6%|▌         | 16/289 [00:06<01:45,  2.58it/s]  6%|▌         | 17/289 [00:06<01:45,  2.58it/s]  6%|▌         | 18/289 [00:06<01:45,  2.58it/s]  7%|▋         | 19/289 [00:07<01:44,  2.58it/s]  7%|▋         | 20/289 [00:07<01:44,  2.58it/s]  7%|▋         | 21/289 [00:08<01:43,  2.58it/s]  8%|▊         | 22/289 [00:08<01:43,  2.57it/s]  8%|▊         | 23/289 [00:08<01:43,  2.56it/s]  8%|▊         | 24/289 [00:09<01:43,  2.57it/s]  9%|▊         | 25/289 [00:09<01:42,  2.57it/s]  9%|▉         | 26/289 [00:10<01:42,  2.57it/s]  9%|▉         | 27/289 [00:10<01:41,  2.58it/s] 10%|▉         | 28/289 [00:10<01:41,  2.58it/s] 10%|█         | 29/289 [00:11<01:40,  2.58it/s] 10%|█         | 30/289 [00:11<01:40,  2.58it/s] 11%|█         | 31/289 [00:11<01:40,  2.58it/s] 11%|█         | 32/289 [00:12<01:39,  2.58it/s] 11%|█▏        | 33/289 [00:12<01:39,  2.58it/s] 12%|█▏        | 34/289 [00:13<01:38,  2.58it/s] 12%|█▏        | 35/289 [00:13<01:38,  2.59it/s] 12%|█▏        | 36/289 [00:13<01:37,  2.59it/s] 13%|█▎        | 37/289 [00:14<01:37,  2.58it/s] 13%|█▎        | 38/289 [00:14<01:37,  2.59it/s] 13%|█▎        | 39/289 [00:15<01:37,  2.57it/s] 14%|█▍        | 40/289 [00:15<01:36,  2.58it/s] 14%|█▍        | 41/289 [00:15<01:36,  2.58it/s] 15%|█▍        | 42/289 [00:16<01:35,  2.58it/s] 15%|█▍        | 43/289 [00:16<01:35,  2.58it/s] 15%|█▌        | 44/289 [00:17<01:34,  2.58it/s] 16%|█▌        | 45/289 [00:17<01:34,  2.58it/s] 16%|█▌        | 46/289 [00:17<01:33,  2.59it/s] 16%|█▋        | 47/289 [00:18<01:33,  2.59it/s] 17%|█▋        | 48/289 [00:18<01:32,  2.59it/s] 17%|█▋        | 49/289 [00:18<01:32,  2.59it/s] 17%|█▋        | 50/289 [00:19<01:32,  2.59it/s] 18%|█▊        | 51/289 [00:19<01:31,  2.60it/s] 18%|█▊        | 52/289 [00:20<01:31,  2.59it/s] 18%|█▊        | 53/289 [00:20<01:30,  2.60it/s] 19%|█▊        | 54/289 [00:20<01:30,  2.59it/s] 19%|█▉        | 55/289 [00:21<01:30,  2.59it/s] 19%|█▉        | 56/289 [00:21<01:29,  2.60it/s] 20%|█▉        | 57/289 [00:22<01:29,  2.59it/s] 20%|██        | 58/289 [00:22<01:28,  2.60it/s] 20%|██        | 59/289 [00:22<01:28,  2.59it/s] 21%|██        | 60/289 [00:23<01:28,  2.60it/s] 21%|██        | 61/289 [00:23<01:28,  2.58it/s] 21%|██▏       | 62/289 [00:23<01:28,  2.56it/s] 22%|██▏       | 63/289 [00:24<01:27,  2.57it/s] 22%|██▏       | 64/289 [00:24<01:27,  2.58it/s] 22%|██▏       | 65/289 [00:25<01:26,  2.58it/s] 23%|██▎       | 66/289 [00:25<01:26,  2.58it/s] 23%|██▎       | 67/289 [00:25<01:25,  2.59it/s] 24%|██▎       | 68/289 [00:26<01:25,  2.59it/s] 24%|██▍       | 69/289 [00:26<01:25,  2.59it/s] 24%|██▍       | 70/289 [00:27<01:24,  2.59it/s] 25%|██▍       | 71/289 [00:27<01:24,  2.59it/s] 25%|██▍       | 72/289 [00:27<01:23,  2.59it/s] 25%|██▌       | 73/289 [00:28<01:23,  2.58it/s] 26%|██▌       | 74/289 [00:28<01:23,  2.59it/s] 26%|██▌       | 75/289 [00:28<01:22,  2.58it/s] 26%|██▋       | 76/289 [00:29<01:22,  2.59it/s] 27%|██▋       | 77/289 [00:29<01:21,  2.59it/s] 27%|██▋       | 78/289 [00:30<01:21,  2.59it/s] 27%|██▋       | 79/289 [00:30<01:21,  2.59it/s] 28%|██▊       | 80/289 [00:30<01:20,  2.59it/s] 28%|██▊       | 81/289 [00:31<01:20,  2.59it/s] 28%|██▊       | 82/289 [00:31<01:19,  2.59it/s] 29%|██▊       | 83/289 [00:32<01:19,  2.59it/s] 29%|██▉       | 84/289 [00:32<01:18,  2.60it/s] 29%|██▉       | 85/289 [00:32<01:18,  2.60it/s] 30%|██▉       | 86/289 [00:33<01:18,  2.60it/s] 30%|███       | 87/289 [00:33<01:17,  2.60it/s] 30%|███       | 88/289 [00:33<01:17,  2.60it/s] 31%|███       | 89/289 [00:34<01:16,  2.60it/s] 31%|███       | 90/289 [00:34<01:16,  2.60it/s] 31%|███▏      | 91/289 [00:35<01:16,  2.60it/s] 32%|███▏      | 92/289 [00:35<01:15,  2.60it/s] 32%|███▏      | 93/289 [00:35<01:15,  2.60it/s] 33%|███▎      | 94/289 [00:36<01:14,  2.60it/s] 33%|███▎      | 95/289 [00:36<01:14,  2.60it/s] 33%|███▎      | 96/289 [00:37<01:14,  2.60it/s] 34%|███▎      | 97/289 [00:37<01:14,  2.59it/s] 34%|███▍      | 98/289 [00:37<01:13,  2.59it/s] 34%|███▍      | 99/289 [00:38<01:13,  2.58it/s] 35%|███▍      | 100/289 [00:38<01:13,  2.58it/s] 35%|███▍      | 101/289 [00:38<01:12,  2.59it/s] 35%|███▌      | 102/289 [00:39<01:12,  2.59it/s] 36%|███▌      | 103/289 [00:39<01:11,  2.59it/s] 36%|███▌      | 104/289 [00:40<01:11,  2.59it/s] 36%|███▋      | 105/289 [00:40<01:11,  2.59it/s] 37%|███▋      | 106/289 [00:40<01:10,  2.59it/s] 37%|███▋      | 107/289 [00:41<01:10,  2.59it/s] 37%|███▋      | 108/289 [00:41<01:09,  2.59it/s] 38%|███▊      | 109/289 [00:42<01:09,  2.59it/s] 38%|███▊      | 110/289 [00:42<01:09,  2.59it/s] 38%|███▊      | 111/289 [00:42<01:08,  2.59it/s] 39%|███▉      | 112/289 [00:43<01:08,  2.60it/s] 39%|███▉      | 113/289 [00:43<01:07,  2.60it/s] 39%|███▉      | 114/289 [00:44<01:07,  2.60it/s] 40%|███▉      | 115/289 [00:44<01:07,  2.59it/s] 40%|████      | 116/289 [00:44<01:06,  2.59it/s] 40%|████      | 117/289 [00:45<01:06,  2.59it/s] 41%|████      | 118/289 [00:45<01:05,  2.60it/s] 41%|████      | 119/289 [00:45<01:05,  2.59it/s] 42%|████▏     | 120/289 [00:46<01:05,  2.60it/s] 42%|████▏     | 121/289 [00:46<01:04,  2.60it/s] 42%|████▏     | 122/289 [00:47<01:04,  2.60it/s] 43%|████▎     | 123/289 [00:47<01:03,  2.60it/s] 43%|████▎     | 124/289 [00:47<01:03,  2.60it/s] 43%|████▎     | 125/289 [00:48<01:03,  2.60it/s] 44%|████▎     | 126/289 [00:48<01:02,  2.60it/s] 44%|████▍     | 127/289 [00:49<01:02,  2.60it/s] 44%|████▍     | 128/289 [00:49<01:01,  2.60it/s] 45%|████▍     | 129/289 [00:49<01:01,  2.60it/s] 45%|████▍     | 130/289 [00:50<01:01,  2.60it/s] 45%|████▌     | 131/289 [00:50<01:00,  2.60it/s] 46%|████▌     | 132/289 [00:50<01:00,  2.60it/s] 46%|████▌     | 133/289 [00:51<00:59,  2.60it/s] 46%|████▋     | 134/289 [00:51<00:59,  2.60it/s] 47%|████▋     | 135/289 [00:52<00:59,  2.60it/s] 47%|████▋     | 136/289 [00:52<00:58,  2.60it/s] 47%|████▋     | 137/289 [00:52<00:58,  2.60it/s] 48%|████▊     | 138/289 [00:53<00:58,  2.60it/s] 48%|████▊     | 139/289 [00:53<00:57,  2.60it/s] 48%|████▊     | 140/289 [00:54<00:57,  2.60it/s] 49%|████▉     | 141/289 [00:54<00:56,  2.60it/s] 49%|████▉     | 142/289 [00:54<00:56,  2.60it/s] 49%|████▉     | 143/289 [00:55<00:56,  2.60it/s] 50%|████▉     | 144/289 [00:55<00:55,  2.60it/s] 50%|█████     | 145/289 [00:55<00:55,  2.60it/s] 51%|█████     | 146/289 [00:56<00:54,  2.60it/s] 51%|█████     | 147/289 [00:56<00:54,  2.60it/s] 51%|█████     | 148/289 [00:57<00:54,  2.60it/s] 52%|█████▏    | 149/289 [00:57<00:53,  2.60it/s] 52%|█████▏    | 150/289 [00:57<00:53,  2.60it/s] 52%|█████▏    | 151/289 [00:58<00:53,  2.60it/s] 53%|█████▎    | 152/289 [00:58<00:52,  2.60it/s] 53%|█████▎    | 153/289 [00:59<00:52,  2.59it/s] 53%|█████▎    | 154/289 [00:59<00:52,  2.59it/s] 54%|█████▎    | 155/289 [00:59<00:51,  2.60it/s] 54%|█████▍    | 156/289 [01:00<00:51,  2.60it/s] 54%|█████▍    | 157/289 [01:00<00:51,  2.58it/s] 55%|█████▍    | 158/289 [01:00<00:50,  2.59it/s] 55%|█████▌    | 159/289 [01:01<00:50,  2.59it/s] 55%|█████▌    | 160/289 [01:01<00:49,  2.60it/s] 56%|█████▌    | 161/289 [01:02<00:49,  2.60it/s] 56%|█████▌    | 162/289 [01:02<00:48,  2.60it/s] 56%|█████▋    | 163/289 [01:02<00:48,  2.60it/s] 57%|█████▋    | 164/289 [01:03<00:48,  2.60it/s] 57%|█████▋    | 165/289 [01:03<00:47,  2.60it/s] 57%|█████▋    | 166/289 [01:04<00:47,  2.59it/s] 58%|█████▊    | 167/289 [01:04<00:47,  2.59it/s] 58%|█████▊    | 168/289 [01:04<00:46,  2.60it/s] 58%|█████▊    | 169/289 [01:05<00:46,  2.60it/s] 59%|█████▉    | 170/289 [01:05<00:45,  2.60it/s] 59%|█████▉    | 171/289 [01:05<00:45,  2.60it/s] 60%|█████▉    | 172/289 [01:06<00:44,  2.60it/s] 60%|█████▉    | 173/289 [01:06<00:44,  2.60it/s] 60%|██████    | 174/289 [01:07<00:44,  2.60it/s] 61%|██████    | 175/289 [01:07<00:43,  2.60it/s] 61%|██████    | 176/289 [01:07<00:43,  2.60it/s] 61%|██████    | 177/289 [01:08<00:43,  2.60it/s] 62%|██████▏   | 178/289 [01:08<00:42,  2.60it/s] 62%|██████▏   | 179/289 [01:09<00:42,  2.60it/s] 62%|██████▏   | 180/289 [01:09<00:42,  2.59it/s] 63%|██████▎   | 181/289 [01:09<00:41,  2.59it/s] 63%|██████▎   | 182/289 [01:10<00:41,  2.60it/s] 63%|██████▎   | 183/289 [01:10<00:40,  2.60it/s] 64%|██████▎   | 184/289 [01:10<00:40,  2.60it/s] 64%|██████▍   | 185/289 [01:11<00:40,  2.59it/s] 64%|██████▍   | 186/289 [01:11<00:39,  2.59it/s] 65%|██████▍   | 187/289 [01:12<00:39,  2.59it/s] 65%|██████▌   | 188/289 [01:12<00:38,  2.59it/s] 65%|██████▌   | 189/289 [01:12<00:38,  2.60it/s] 66%|██████▌   | 190/289 [01:13<00:38,  2.59it/s] 66%|██████▌   | 191/289 [01:13<00:37,  2.60it/s] 66%|██████▋   | 192/289 [01:14<00:37,  2.60it/s] 67%|██████▋   | 193/289 [01:14<00:36,  2.60it/s] 67%|██████▋   | 194/289 [01:14<00:36,  2.60it/s] 67%|██████▋   | 195/289 [01:15<00:36,  2.60it/s] 68%|██████▊   | 196/289 [01:15<00:35,  2.60it/s] 68%|██████▊   | 197/289 [01:15<00:35,  2.60it/s] 69%|██████▊   | 198/289 [01:16<00:34,  2.61it/s] 69%|██████▉   | 199/289 [01:16<00:34,  2.61it/s] 69%|██████▉   | 200/289 [01:17<00:34,  2.60it/s] 70%|██████▉   | 201/289 [01:17<00:33,  2.60it/s] 70%|██████▉   | 202/289 [01:17<00:33,  2.60it/s] 70%|███████   | 203/289 [01:18<00:33,  2.60it/s] 71%|███████   | 204/289 [01:18<00:32,  2.60it/s] 71%|███████   | 205/289 [01:19<00:32,  2.60it/s] 71%|███████▏  | 206/289 [01:19<00:31,  2.60it/s] 72%|███████▏  | 207/289 [01:19<00:31,  2.60it/s] 72%|███████▏  | 208/289 [01:20<00:31,  2.60it/s] 72%|███████▏  | 209/289 [01:20<00:30,  2.60it/s] 73%|███████▎  | 210/289 [01:20<00:30,  2.60it/s] 73%|███████▎  | 211/289 [01:21<00:29,  2.60it/s] 73%|███████▎  | 212/289 [01:21<00:29,  2.60it/s] 74%|███████▎  | 213/289 [01:22<00:29,  2.60it/s] 74%|███████▍  | 214/289 [01:22<00:28,  2.60it/s] 74%|███████▍  | 215/289 [01:22<00:28,  2.60it/s] 75%|███████▍  | 216/289 [01:23<00:28,  2.60it/s] 75%|███████▌  | 217/289 [01:23<00:27,  2.60it/s] 75%|███████▌  | 218/289 [01:24<00:27,  2.60it/s] 76%|███████▌  | 219/289 [01:24<00:26,  2.60it/s] 76%|███████▌  | 220/289 [01:24<00:26,  2.60it/s] 76%|███████▋  | 221/289 [01:25<00:26,  2.60it/s] 77%|███████▋  | 222/289 [01:25<00:25,  2.60it/s] 77%|███████▋  | 223/289 [01:25<00:25,  2.60it/s] 78%|███████▊  | 224/289 [01:26<00:24,  2.60it/s] 78%|███████▊  | 225/289 [01:26<00:24,  2.59it/s] 78%|███████▊  | 226/289 [01:27<00:24,  2.59it/s] 79%|███████▊  | 227/289 [01:27<00:23,  2.59it/s] 79%|███████▉  | 228/289 [01:27<00:23,  2.59it/s] 79%|███████▉  | 229/289 [01:28<00:23,  2.60it/s] 80%|███████▉  | 230/289 [01:28<00:22,  2.58it/s] 80%|███████▉  | 231/289 [01:29<00:22,  2.59it/s] 80%|████████  | 232/289 [01:29<00:21,  2.59it/s] 81%|████████  | 233/289 [01:29<00:21,  2.60it/s] 81%|████████  | 234/289 [01:30<00:21,  2.60it/s] 81%|████████▏ | 235/289 [01:30<00:20,  2.59it/s] 82%|████████▏ | 236/289 [01:30<00:20,  2.60it/s] 82%|████████▏ | 237/289 [01:31<00:19,  2.60it/s] 82%|████████▏ | 238/289 [01:31<00:19,  2.60it/s] 83%|████████▎ | 239/289 [01:32<00:19,  2.60it/s] 83%|████████▎ | 240/289 [01:32<00:18,  2.59it/s] 83%|████████▎ | 241/289 [01:32<00:18,  2.60it/s] 84%|████████▎ | 242/289 [01:33<00:18,  2.60it/s] 84%|████████▍ | 243/289 [01:33<00:17,  2.60it/s] 84%|████████▍ | 244/289 [01:34<00:17,  2.60it/s] 85%|████████▍ | 245/289 [01:34<00:16,  2.60it/s] 85%|████████▌ | 246/289 [01:34<00:16,  2.60it/s] 85%|████████▌ | 247/289 [01:35<00:16,  2.60it/s] 86%|████████▌ | 248/289 [01:35<00:15,  2.60it/s] 86%|████████▌ | 249/289 [01:35<00:15,  2.60it/s] 87%|████████▋ | 250/289 [01:36<00:15,  2.60it/s] 87%|████████▋ | 251/289 [01:36<00:14,  2.60it/s] 87%|████████▋ | 252/289 [01:37<00:14,  2.60it/s] 88%|████████▊ | 253/289 [01:37<00:13,  2.60it/s] 88%|████████▊ | 254/289 [01:37<00:13,  2.60it/s] 88%|████████▊ | 255/289 [01:38<00:13,  2.60it/s] 89%|████████▊ | 256/289 [01:38<00:12,  2.60it/s] 89%|████████▉ | 257/289 [01:39<00:12,  2.60it/s] 89%|████████▉ | 258/289 [01:39<00:11,  2.60it/s] 90%|████████▉ | 259/289 [01:39<00:11,  2.60it/s] 90%|████████▉ | 260/289 [01:40<00:11,  2.59it/s] 90%|█████████ | 261/289 [01:40<00:10,  2.60it/s] 91%|█████████ | 262/289 [01:40<00:10,  2.60it/s] 91%|█████████ | 263/289 [01:41<00:10,  2.59it/s] 91%|█████████▏| 264/289 [01:41<00:09,  2.60it/s] 92%|█████████▏| 265/289 [01:42<00:09,  2.58it/s] 92%|█████████▏| 266/289 [01:42<00:08,  2.59it/s] 92%|█████████▏| 267/289 [01:42<00:08,  2.59it/s] 93%|█████████▎| 268/289 [01:43<00:08,  2.59it/s] 93%|█████████▎| 269/289 [01:43<00:07,  2.59it/s] 93%|█████████▎| 270/289 [01:44<00:07,  2.59it/s] 94%|█████████▍| 271/289 [01:44<00:06,  2.59it/s] 94%|█████████▍| 272/289 [01:44<00:06,  2.60it/s] 94%|█████████▍| 273/289 [01:45<00:06,  2.60it/s] 95%|█████████▍| 274/289 [01:45<00:05,  2.60it/s] 95%|█████████▌| 275/289 [01:45<00:05,  2.59it/s] 96%|█████████▌| 276/289 [01:46<00:05,  2.60it/s] 96%|█████████▌| 277/289 [01:46<00:04,  2.60it/s] 96%|█████████▌| 278/289 [01:47<00:04,  2.60it/s] 97%|█████████▋| 279/289 [01:47<00:03,  2.60it/s] 97%|█████████▋| 280/289 [01:47<00:03,  2.60it/s] 97%|█████████▋| 281/289 [01:48<00:03,  2.60it/s] 98%|█████████▊| 282/289 [01:48<00:02,  2.60it/s] 98%|█████████▊| 283/289 [01:49<00:02,  2.60it/s] 98%|█████████▊| 284/289 [01:49<00:01,  2.60it/s] 99%|█████████▊| 285/289 [01:49<00:01,  2.60it/s] 99%|█████████▉| 286/289 [01:50<00:01,  2.60it/s] 99%|█████████▉| 287/289 [01:50<00:00,  2.60it/s]100%|█████████▉| 288/289 [01:50<00:00,  2.60it/s]100%|█████████▉| 288/289 [01:51<00:00,  2.59it/s]
[11/29 09:04:41 TiTok-Gen]: Data (t): 0.2467, 38.49/s/gpu Batch (t): 1.6628 LR: 0.000100 Step: 33050 Total Loss: 0.4104 Diff Loss: 0.4104 
[11/29 09:05:17 TiTok-Gen]: Epoch 52/1597 started.
[11/29 09:06:21 TiTok-Gen]: Data (t): 0.2471, 36.57/s/gpu Batch (t): 1.7501 LR: 0.000100 Step: 33100 Total Loss: 0.4092 Diff Loss: 0.4092 
[11/29 09:07:44 TiTok-Gen]: Data (t): 0.2476, 39.10/s/gpu Batch (t): 1.6369 LR: 0.000100 Step: 33150 Total Loss: 0.4082 Diff Loss: 0.4082 
[11/29 09:09:06 TiTok-Gen]: Data (t): 0.3309, 36.51/s/gpu Batch (t): 1.7529 LR: 0.000100 Step: 33200 Total Loss: 0.4095 Diff Loss: 0.4095 
[11/29 09:10:28 TiTok-Gen]: Data (t): 0.2495, 36.92/s/gpu Batch (t): 1.7334 LR: 0.000100 Step: 33250 Total Loss: 0.4094 Diff Loss: 0.4094 
[11/29 09:11:50 TiTok-Gen]: Data (t): 0.2504, 37.65/s/gpu Batch (t): 1.6999 LR: 0.000100 Step: 33300 Total Loss: 0.4077 Diff Loss: 0.4077 
[11/29 09:13:12 TiTok-Gen]: Data (t): 0.2474, 36.64/s/gpu Batch (t): 1.7469 LR: 0.000100 Step: 33350 Total Loss: 0.4092 Diff Loss: 0.4092 
[11/29 09:14:34 TiTok-Gen]: Data (t): 0.2505, 37.56/s/gpu Batch (t): 1.7041 LR: 0.000100 Step: 33400 Total Loss: 0.4090 Diff Loss: 0.4090 
[11/29 09:15:57 TiTok-Gen]: Data (t): 0.3097, 40.02/s/gpu Batch (t): 1.5991 LR: 0.000100 Step: 33450 Total Loss: 0.4088 Diff Loss: 0.4088 
[11/29 09:17:19 TiTok-Gen]: Data (t): 0.2513, 40.25/s/gpu Batch (t): 1.5901 LR: 0.000100 Step: 33500 Total Loss: 0.4081 Diff Loss: 0.4081 
[11/29 09:18:42 TiTok-Gen]: Data (t): 0.2527, 40.17/s/gpu Batch (t): 1.5931 LR: 0.000100 Step: 33550 Total Loss: 0.4096 Diff Loss: 0.4096 
[11/29 09:20:04 TiTok-Gen]: Data (t): 0.2465, 39.34/s/gpu Batch (t): 1.6267 LR: 0.000100 Step: 33600 Total Loss: 0.4090 Diff Loss: 0.4090 
[11/29 09:21:26 TiTok-Gen]: Data (t): 0.3027, 37.57/s/gpu Batch (t): 1.7034 LR: 0.000100 Step: 33650 Total Loss: 0.4098 Diff Loss: 0.4098 
[11/29 09:22:48 TiTok-Gen]: Data (t): 0.2474, 40.77/s/gpu Batch (t): 1.5699 LR: 0.000100 Step: 33700 Total Loss: 0.4097 Diff Loss: 0.4097 
[11/29 09:23:01 TiTok-Gen]: Epoch 53/1597 started.
[11/29 09:24:30 TiTok-Gen]: Data (t): 0.2468, 39.57/s/gpu Batch (t): 1.6172 LR: 0.000100 Step: 33750 Total Loss: 0.4082 Diff Loss: 0.4082 
[11/29 09:25:52 TiTok-Gen]: Data (t): 0.2526, 40.56/s/gpu Batch (t): 1.5777 LR: 0.000100 Step: 33800 Total Loss: 0.4088 Diff Loss: 0.4088 
[11/29 09:27:15 TiTok-Gen]: Data (t): 0.2484, 36.74/s/gpu Batch (t): 1.7419 LR: 0.000100 Step: 33850 Total Loss: 0.4090 Diff Loss: 0.4090 
[11/29 09:28:38 TiTok-Gen]: Data (t): 0.2467, 37.06/s/gpu Batch (t): 1.7270 LR: 0.000100 Step: 33900 Total Loss: 0.4094 Diff Loss: 0.4094 
[11/29 09:30:01 TiTok-Gen]: Data (t): 0.2484, 40.11/s/gpu Batch (t): 1.5956 LR: 0.000100 Step: 33950 Total Loss: 0.4088 Diff Loss: 0.4088 
[11/29 09:31:23 TiTok-Gen]: Data (t): 0.2499, 34.65/s/gpu Batch (t): 1.8469 LR: 0.000100 Step: 34000 Total Loss: 0.4086 Diff Loss: 0.4086 
[11/29 09:31:24 TiTok-Gen]: Generating images...
  0%|          | 0/289 [00:00<?, ?it/s]  0%|          | 1/289 [00:00<01:46,  2.70it/s]  1%|          | 2/289 [00:00<01:48,  2.66it/s]  1%|          | 3/289 [00:01<01:48,  2.64it/s]  1%|▏         | 4/289 [00:01<01:48,  2.63it/s]  2%|▏         | 5/289 [00:01<01:47,  2.63it/s]  2%|▏         | 6/289 [00:02<01:47,  2.63it/s]  2%|▏         | 7/289 [00:02<01:47,  2.63it/s]  3%|▎         | 8/289 [00:03<01:46,  2.63it/s]  3%|▎         | 9/289 [00:03<01:46,  2.63it/s]  3%|▎         | 10/289 [00:03<01:46,  2.62it/s]  4%|▍         | 11/289 [00:04<01:46,  2.62it/s]  4%|▍         | 12/289 [00:04<01:45,  2.62it/s]  4%|▍         | 13/289 [00:04<01:45,  2.62it/s]  5%|▍         | 14/289 [00:05<01:44,  2.62it/s]  5%|▌         | 15/289 [00:05<01:44,  2.63it/s]  6%|▌         | 16/289 [00:06<01:44,  2.62it/s]  6%|▌         | 17/289 [00:06<01:43,  2.63it/s]  6%|▌         | 18/289 [00:06<01:43,  2.63it/s]  7%|▋         | 19/289 [00:07<01:42,  2.62it/s]  7%|▋         | 20/289 [00:07<01:42,  2.62it/s]  7%|▋         | 21/289 [00:07<01:42,  2.62it/s]  8%|▊         | 22/289 [00:08<01:41,  2.62it/s]  8%|▊         | 23/289 [00:08<01:41,  2.62it/s]  8%|▊         | 24/289 [00:09<01:41,  2.62it/s]  9%|▊         | 25/289 [00:09<01:40,  2.63it/s]  9%|▉         | 26/289 [00:09<01:40,  2.63it/s]  9%|▉         | 27/289 [00:10<01:39,  2.63it/s] 10%|▉         | 28/289 [00:10<01:39,  2.63it/s] 10%|█         | 29/289 [00:11<01:38,  2.63it/s] 10%|█         | 30/289 [00:11<01:38,  2.63it/s] 11%|█         | 31/289 [00:11<01:38,  2.63it/s] 11%|█         | 32/289 [00:12<01:37,  2.63it/s] 11%|█▏        | 33/289 [00:12<01:37,  2.62it/s] 12%|█▏        | 34/289 [00:12<01:37,  2.62it/s] 12%|█▏        | 35/289 [00:13<01:37,  2.60it/s] 12%|█▏        | 36/289 [00:13<01:36,  2.61it/s] 13%|█▎        | 37/289 [00:14<01:36,  2.62it/s] 13%|█▎        | 38/289 [00:14<01:35,  2.62it/s] 13%|█▎        | 39/289 [00:14<01:35,  2.61it/s] 14%|█▍        | 40/289 [00:15<01:35,  2.62it/s] 14%|█▍        | 41/289 [00:15<01:34,  2.62it/s] 15%|█▍        | 42/289 [00:16<01:34,  2.62it/s] 15%|█▍        | 43/289 [00:16<01:33,  2.62it/s] 15%|█▌        | 44/289 [00:16<01:33,  2.62it/s] 16%|█▌        | 45/289 [00:17<01:32,  2.63it/s] 16%|█▌        | 46/289 [00:17<01:32,  2.62it/s] 16%|█▋        | 47/289 [00:17<01:32,  2.61it/s] 17%|█▋        | 48/289 [00:18<01:32,  2.61it/s] 17%|█▋        | 49/289 [00:18<01:31,  2.62it/s] 17%|█▋        | 50/289 [00:19<01:31,  2.62it/s] 18%|█▊        | 51/289 [00:19<01:30,  2.63it/s] 18%|█▊        | 52/289 [00:19<01:30,  2.63it/s] 18%|█▊        | 53/289 [00:20<01:29,  2.63it/s] 19%|█▊        | 54/289 [00:20<01:29,  2.63it/s] 19%|█▉        | 55/289 [00:20<01:28,  2.63it/s] 19%|█▉        | 56/289 [00:21<01:28,  2.63it/s] 20%|█▉        | 57/289 [00:21<01:28,  2.63it/s] 20%|██        | 58/289 [00:22<01:27,  2.63it/s] 20%|██        | 59/289 [00:22<01:27,  2.63it/s] 21%|██        | 60/289 [00:22<01:27,  2.62it/s] 21%|██        | 61/289 [00:23<01:26,  2.63it/s] 21%|██▏       | 62/289 [00:23<01:26,  2.63it/s] 22%|██▏       | 63/289 [00:24<01:25,  2.63it/s] 22%|██▏       | 64/289 [00:24<01:25,  2.62it/s] 22%|██▏       | 65/289 [00:24<01:25,  2.63it/s] 23%|██▎       | 66/289 [00:25<01:24,  2.63it/s] 23%|██▎       | 67/289 [00:25<01:24,  2.63it/s] 24%|██▎       | 68/289 [00:25<01:23,  2.63it/s] 24%|██▍       | 69/289 [00:26<01:23,  2.63it/s] 24%|██▍       | 70/289 [00:26<01:23,  2.63it/s] 25%|██▍       | 71/289 [00:27<01:22,  2.63it/s] 25%|██▍       | 72/289 [00:27<01:22,  2.63it/s] 25%|██▌       | 73/289 [00:27<01:21,  2.63it/s] 26%|██▌       | 74/289 [00:28<01:21,  2.63it/s] 26%|██▌       | 75/289 [00:28<01:21,  2.63it/s] 26%|██▋       | 76/289 [00:28<01:20,  2.63it/s] 27%|██▋       | 77/289 [00:29<01:20,  2.63it/s] 27%|██▋       | 78/289 [00:29<01:20,  2.63it/s] 27%|██▋       | 79/289 [00:30<01:19,  2.63it/s] 28%|██▊       | 80/289 [00:30<01:19,  2.63it/s] 28%|██▊       | 81/289 [00:30<01:18,  2.63it/s] 28%|██▊       | 82/289 [00:31<01:18,  2.63it/s] 29%|██▊       | 83/289 [00:31<01:18,  2.63it/s] 29%|██▉       | 84/289 [00:31<01:17,  2.63it/s] 29%|██▉       | 85/289 [00:32<01:17,  2.63it/s] 30%|██▉       | 86/289 [00:32<01:17,  2.63it/s] 30%|███       | 87/289 [00:33<01:16,  2.64it/s] 30%|███       | 88/289 [00:33<01:16,  2.63it/s] 31%|███       | 89/289 [00:33<01:15,  2.63it/s] 31%|███       | 90/289 [00:34<01:15,  2.63it/s] 31%|███▏      | 91/289 [00:34<01:15,  2.63it/s] 32%|███▏      | 92/289 [00:35<01:14,  2.63it/s] 32%|███▏      | 93/289 [00:35<01:14,  2.63it/s] 33%|███▎      | 94/289 [00:35<01:14,  2.63it/s] 33%|███▎      | 95/289 [00:36<01:13,  2.64it/s] 33%|███▎      | 96/289 [00:36<01:13,  2.64it/s] 34%|███▎      | 97/289 [00:36<01:12,  2.64it/s] 34%|███▍      | 98/289 [00:37<01:12,  2.64it/s] 34%|███▍      | 99/289 [00:37<01:12,  2.64it/s] 35%|███▍      | 100/289 [00:38<01:11,  2.64it/s] 35%|███▍      | 101/289 [00:38<01:11,  2.64it/s] 35%|███▌      | 102/289 [00:38<01:10,  2.64it/s] 36%|███▌      | 103/289 [00:39<01:10,  2.64it/s] 36%|███▌      | 104/289 [00:39<01:10,  2.64it/s] 36%|███▋      | 105/289 [00:39<01:09,  2.64it/s] 37%|███▋      | 106/289 [00:40<01:09,  2.64it/s] 37%|███▋      | 107/289 [00:40<01:09,  2.62it/s] 37%|███▋      | 108/289 [00:41<01:08,  2.63it/s] 38%|███▊      | 109/289 [00:41<01:08,  2.63it/s] 38%|███▊      | 110/289 [00:41<01:08,  2.62it/s] 38%|███▊      | 111/289 [00:42<01:07,  2.62it/s] 39%|███▉      | 112/289 [00:42<01:07,  2.63it/s] 39%|███▉      | 113/289 [00:42<01:06,  2.64it/s] 39%|███▉      | 114/289 [00:43<01:06,  2.63it/s] 40%|███▉      | 115/289 [00:43<01:06,  2.63it/s] 40%|████      | 116/289 [00:44<01:05,  2.63it/s] 40%|████      | 117/289 [00:44<01:05,  2.63it/s] 41%|████      | 118/289 [00:44<01:05,  2.63it/s] 41%|████      | 119/289 [00:45<01:04,  2.63it/s] 42%|████▏     | 120/289 [00:45<01:04,  2.63it/s] 42%|████▏     | 121/289 [00:46<01:03,  2.63it/s] 42%|████▏     | 122/289 [00:46<01:03,  2.63it/s] 43%|████▎     | 123/289 [00:46<01:03,  2.63it/s] 43%|████▎     | 124/289 [00:47<01:02,  2.63it/s] 43%|████▎     | 125/289 [00:47<01:02,  2.63it/s] 44%|████▎     | 126/289 [00:47<01:01,  2.63it/s] 44%|████▍     | 127/289 [00:48<01:01,  2.64it/s] 44%|████▍     | 128/289 [00:48<01:01,  2.63it/s] 45%|████▍     | 129/289 [00:49<01:00,  2.63it/s] 45%|████▍     | 130/289 [00:49<01:00,  2.63it/s] 45%|████▌     | 131/289 [00:49<01:00,  2.63it/s] 46%|████▌     | 132/289 [00:50<00:59,  2.63it/s] 46%|████▌     | 133/289 [00:50<00:59,  2.63it/s] 46%|████▋     | 134/289 [00:50<00:58,  2.64it/s] 47%|████▋     | 135/289 [00:51<00:58,  2.64it/s] 47%|████▋     | 136/289 [00:51<00:57,  2.64it/s] 47%|████▋     | 137/289 [00:52<00:57,  2.64it/s] 48%|████▊     | 138/289 [00:52<00:57,  2.64it/s] 48%|████▊     | 139/289 [00:52<00:56,  2.64it/s] 48%|████▊     | 140/289 [00:53<00:56,  2.64it/s] 49%|████▉     | 141/289 [00:53<00:56,  2.64it/s] 49%|████▉     | 142/289 [00:54<00:55,  2.63it/s] 49%|████▉     | 143/289 [00:54<00:55,  2.63it/s] 50%|████▉     | 144/289 [00:54<00:54,  2.64it/s] 50%|█████     | 145/289 [00:55<00:54,  2.64it/s] 51%|█████     | 146/289 [00:55<00:54,  2.64it/s] 51%|█████     | 147/289 [00:55<00:53,  2.64it/s] 51%|█████     | 148/289 [00:56<00:53,  2.64it/s] 52%|█████▏    | 149/289 [00:56<00:53,  2.64it/s] 52%|█████▏    | 150/289 [00:57<00:52,  2.64it/s] 52%|█████▏    | 151/289 [00:57<00:52,  2.64it/s] 53%|█████▎    | 152/289 [00:57<00:51,  2.64it/s] 53%|█████▎    | 153/289 [00:58<00:51,  2.64it/s] 53%|█████▎    | 154/289 [00:58<00:51,  2.64it/s] 54%|█████▎    | 155/289 [00:58<00:50,  2.64it/s] 54%|█████▍    | 156/289 [00:59<00:50,  2.64it/s] 54%|█████▍    | 157/289 [00:59<00:50,  2.64it/s] 55%|█████▍    | 158/289 [01:00<00:49,  2.64it/s] 55%|█████▌    | 159/289 [01:00<00:49,  2.64it/s] 55%|█████▌    | 160/289 [01:00<00:48,  2.64it/s] 56%|█████▌    | 161/289 [01:01<00:48,  2.64it/s] 56%|█████▌    | 162/289 [01:01<00:48,  2.64it/s] 56%|█████▋    | 163/289 [01:01<00:47,  2.64it/s] 57%|█████▋    | 164/289 [01:02<00:47,  2.64it/s] 57%|█████▋    | 165/289 [01:02<00:47,  2.64it/s] 57%|█████▋    | 166/289 [01:03<00:46,  2.64it/s] 58%|█████▊    | 167/289 [01:03<00:46,  2.63it/s] 58%|█████▊    | 168/289 [01:03<00:45,  2.64it/s] 58%|█████▊    | 169/289 [01:04<00:45,  2.64it/s] 59%|█████▉    | 170/289 [01:04<00:45,  2.64it/s] 59%|█████▉    | 171/289 [01:04<00:44,  2.64it/s] 60%|█████▉    | 172/289 [01:05<00:44,  2.63it/s] 60%|█████▉    | 173/289 [01:05<00:44,  2.63it/s] 60%|██████    | 174/289 [01:06<00:43,  2.63it/s] 61%|██████    | 175/289 [01:06<00:43,  2.63it/s] 61%|██████    | 176/289 [01:06<00:42,  2.63it/s] 61%|██████    | 177/289 [01:07<00:42,  2.62it/s] 62%|██████▏   | 178/289 [01:07<00:42,  2.62it/s] 62%|██████▏   | 179/289 [01:08<00:41,  2.63it/s] 62%|██████▏   | 180/289 [01:08<00:41,  2.63it/s] 63%|██████▎   | 181/289 [01:08<00:41,  2.63it/s] 63%|██████▎   | 182/289 [01:09<00:40,  2.63it/s] 63%|██████▎   | 183/289 [01:09<00:40,  2.63it/s] 64%|██████▎   | 184/289 [01:09<00:39,  2.64it/s] 64%|██████▍   | 185/289 [01:10<00:39,  2.63it/s] 64%|██████▍   | 186/289 [01:10<00:39,  2.63it/s] 65%|██████▍   | 187/289 [01:11<00:38,  2.62it/s] 65%|██████▌   | 188/289 [01:11<00:38,  2.63it/s] 65%|██████▌   | 189/289 [01:11<00:38,  2.63it/s] 66%|██████▌   | 190/289 [01:12<00:37,  2.63it/s] 66%|██████▌   | 191/289 [01:12<00:37,  2.63it/s] 66%|██████▋   | 192/289 [01:12<00:36,  2.63it/s] 67%|██████▋   | 193/289 [01:13<00:36,  2.63it/s] 67%|██████▋   | 194/289 [01:13<00:36,  2.63it/s] 67%|██████▋   | 195/289 [01:14<00:35,  2.63it/s] 68%|██████▊   | 196/289 [01:14<00:35,  2.64it/s] 68%|██████▊   | 197/289 [01:14<00:34,  2.64it/s] 69%|██████▊   | 198/289 [01:15<00:34,  2.64it/s] 69%|██████▉   | 199/289 [01:15<00:34,  2.64it/s] 69%|██████▉   | 200/289 [01:16<00:33,  2.64it/s] 70%|██████▉   | 201/289 [01:16<00:33,  2.64it/s] 70%|██████▉   | 202/289 [01:16<00:33,  2.63it/s] 70%|███████   | 203/289 [01:17<00:32,  2.63it/s] 71%|███████   | 204/289 [01:17<00:32,  2.63it/s] 71%|███████   | 205/289 [01:17<00:31,  2.63it/s] 71%|███████▏  | 206/289 [01:18<00:31,  2.64it/s] 72%|███████▏  | 207/289 [01:18<00:31,  2.63it/s] 72%|███████▏  | 208/289 [01:19<00:30,  2.64it/s] 72%|███████▏  | 209/289 [01:19<00:30,  2.64it/s] 73%|███████▎  | 210/289 [01:19<00:29,  2.64it/s] 73%|███████▎  | 211/289 [01:20<00:29,  2.64it/s] 73%|███████▎  | 212/289 [01:20<00:29,  2.63it/s] 74%|███████▎  | 213/289 [01:20<00:28,  2.63it/s] 74%|███████▍  | 214/289 [01:21<00:28,  2.64it/s] 74%|███████▍  | 215/289 [01:21<00:28,  2.64it/s] 75%|███████▍  | 216/289 [01:22<00:27,  2.64it/s] 75%|███████▌  | 217/289 [01:22<00:27,  2.64it/s] 75%|███████▌  | 218/289 [01:22<00:26,  2.64it/s] 76%|███████▌  | 219/289 [01:23<00:26,  2.64it/s] 76%|███████▌  | 220/289 [01:23<00:26,  2.64it/s] 76%|███████▋  | 221/289 [01:23<00:25,  2.64it/s] 77%|███████▋  | 222/289 [01:24<00:25,  2.64it/s] 77%|███████▋  | 223/289 [01:24<00:25,  2.64it/s] 78%|███████▊  | 224/289 [01:25<00:24,  2.64it/s] 78%|███████▊  | 225/289 [01:25<00:24,  2.64it/s] 78%|███████▊  | 226/289 [01:25<00:23,  2.64it/s] 79%|███████▊  | 227/289 [01:26<00:23,  2.64it/s] 79%|███████▉  | 228/289 [01:26<00:23,  2.63it/s] 79%|███████▉  | 229/289 [01:27<00:22,  2.63it/s] 80%|███████▉  | 230/289 [01:27<00:22,  2.64it/s] 80%|███████▉  | 231/289 [01:27<00:21,  2.64it/s] 80%|████████  | 232/289 [01:28<00:21,  2.64it/s] 81%|████████  | 233/289 [01:28<00:21,  2.64it/s] 81%|████████  | 234/289 [01:28<00:20,  2.64it/s] 81%|████████▏ | 235/289 [01:29<00:20,  2.64it/s] 82%|████████▏ | 236/289 [01:29<00:20,  2.64it/s] 82%|████████▏ | 237/289 [01:30<00:19,  2.64it/s] 82%|████████▏ | 238/289 [01:30<00:19,  2.64it/s] 83%|████████▎ | 239/289 [01:30<00:18,  2.64it/s] 83%|████████▎ | 240/289 [01:31<00:18,  2.64it/s] 83%|████████▎ | 241/289 [01:31<00:18,  2.64it/s] 84%|████████▎ | 242/289 [01:31<00:17,  2.64it/s] 84%|████████▍ | 243/289 [01:32<00:17,  2.64it/s] 84%|████████▍ | 244/289 [01:32<00:17,  2.64it/s] 85%|████████▍ | 245/289 [01:33<00:16,  2.64it/s] 85%|████████▌ | 246/289 [01:33<00:16,  2.64it/s] 85%|████████▌ | 247/289 [01:33<00:15,  2.64it/s] 86%|████████▌ | 248/289 [01:34<00:15,  2.64it/s] 86%|████████▌ | 249/289 [01:34<00:15,  2.63it/s] 87%|████████▋ | 250/289 [01:34<00:14,  2.63it/s] 87%|████████▋ | 251/289 [01:35<00:14,  2.63it/s] 87%|████████▋ | 252/289 [01:35<00:14,  2.63it/s] 88%|████████▊ | 253/289 [01:36<00:13,  2.63it/s] 88%|████████▊ | 254/289 [01:36<00:13,  2.62it/s] 88%|████████▊ | 255/289 [01:36<00:12,  2.62it/s] 89%|████████▊ | 256/289 [01:37<00:12,  2.63it/s] 89%|████████▉ | 257/289 [01:37<00:12,  2.63it/s] 89%|████████▉ | 258/289 [01:38<00:11,  2.64it/s] 90%|████████▉ | 259/289 [01:38<00:11,  2.64it/s] 90%|████████▉ | 260/289 [01:38<00:11,  2.63it/s] 90%|█████████ | 261/289 [01:39<00:10,  2.63it/s] 91%|█████████ | 262/289 [01:39<00:10,  2.64it/s] 91%|█████████ | 263/289 [01:39<00:09,  2.64it/s] 91%|█████████▏| 264/289 [01:40<00:09,  2.64it/s] 92%|█████████▏| 265/289 [01:40<00:09,  2.63it/s] 92%|█████████▏| 266/289 [01:41<00:08,  2.63it/s] 92%|█████████▏| 267/289 [01:41<00:08,  2.63it/s] 93%|█████████▎| 268/289 [01:41<00:07,  2.64it/s] 93%|█████████▎| 269/289 [01:42<00:07,  2.64it/s] 93%|█████████▎| 270/289 [01:42<00:07,  2.64it/s] 94%|█████████▍| 271/289 [01:42<00:06,  2.63it/s] 94%|█████████▍| 272/289 [01:43<00:06,  2.63it/s] 94%|█████████▍| 273/289 [01:43<00:06,  2.63it/s] 95%|█████████▍| 274/289 [01:44<00:05,  2.63it/s] 95%|█████████▌| 275/289 [01:44<00:05,  2.63it/s] 96%|█████████▌| 276/289 [01:44<00:04,  2.63it/s] 96%|█████████▌| 277/289 [01:45<00:04,  2.63it/s] 96%|█████████▌| 278/289 [01:45<00:04,  2.63it/s] 97%|█████████▋| 279/289 [01:46<00:03,  2.63it/s] 97%|█████████▋| 280/289 [01:46<00:03,  2.63it/s] 97%|█████████▋| 281/289 [01:46<00:03,  2.63it/s] 98%|█████████▊| 282/289 [01:47<00:02,  2.63it/s] 98%|█████████▊| 283/289 [01:47<00:02,  2.63it/s] 98%|█████████▊| 284/289 [01:47<00:01,  2.63it/s] 99%|█████████▊| 285/289 [01:48<00:01,  2.63it/s] 99%|█████████▉| 286/289 [01:48<00:01,  2.63it/s] 99%|█████████▉| 287/289 [01:49<00:00,  2.63it/s]100%|█████████▉| 288/289 [01:49<00:00,  2.63it/s]100%|█████████▉| 288/289 [01:49<00:00,  2.62it/s]
[11/29 09:34:36 TiTok-Gen]: Data (t): 0.4182, 40.47/s/gpu Batch (t): 1.5815 LR: 0.000100 Step: 34050 Total Loss: 0.4097 Diff Loss: 0.4097 
[11/29 09:35:58 TiTok-Gen]: Data (t): 0.2747, 40.11/s/gpu Batch (t): 1.5957 LR: 0.000100 Step: 34100 Total Loss: 0.4094 Diff Loss: 0.4094 
[11/29 09:37:20 TiTok-Gen]: Data (t): 0.2479, 37.37/s/gpu Batch (t): 1.7125 LR: 0.000100 Step: 34150 Total Loss: 0.4096 Diff Loss: 0.4096 
[11/29 09:38:43 TiTok-Gen]: Data (t): 0.2535, 37.50/s/gpu Batch (t): 1.7065 LR: 0.000100 Step: 34200 Total Loss: 0.4097 Diff Loss: 0.4097 
[11/29 09:40:05 TiTok-Gen]: Data (t): 0.3147, 40.78/s/gpu Batch (t): 1.5693 LR: 0.000100 Step: 34250 Total Loss: 0.4093 Diff Loss: 0.4093 
[11/29 09:41:27 TiTok-Gen]: Data (t): 0.2491, 39.01/s/gpu Batch (t): 1.6408 LR: 0.000100 Step: 34300 Total Loss: 0.4098 Diff Loss: 0.4098 
[11/29 09:42:39 TiTok-Gen]: Epoch 54/1597 started.
[11/29 09:43:08 TiTok-Gen]: Data (t): 0.2501, 40.61/s/gpu Batch (t): 1.5760 LR: 0.000100 Step: 34350 Total Loss: 0.4086 Diff Loss: 0.4086 
[11/29 09:44:31 TiTok-Gen]: Data (t): 0.2477, 39.73/s/gpu Batch (t): 1.6107 LR: 0.000100 Step: 34400 Total Loss: 0.4084 Diff Loss: 0.4084 
[11/29 09:45:53 TiTok-Gen]: Data (t): 0.2479, 34.92/s/gpu Batch (t): 1.8326 LR: 0.000100 Step: 34450 Total Loss: 0.4084 Diff Loss: 0.4084 
[11/29 09:47:16 TiTok-Gen]: Data (t): 0.3066, 40.33/s/gpu Batch (t): 1.5869 LR: 0.000100 Step: 34500 Total Loss: 0.4087 Diff Loss: 0.4087 
[11/29 09:48:38 TiTok-Gen]: Data (t): 0.2533, 39.42/s/gpu Batch (t): 1.6235 LR: 0.000100 Step: 34550 Total Loss: 0.4079 Diff Loss: 0.4079 
[11/29 09:50:01 TiTok-Gen]: Data (t): 0.2478, 40.05/s/gpu Batch (t): 1.5979 LR: 0.000100 Step: 34600 Total Loss: 0.4087 Diff Loss: 0.4087 
[11/29 09:51:23 TiTok-Gen]: Data (t): 0.2490, 36.53/s/gpu Batch (t): 1.7521 LR: 0.000100 Step: 34650 Total Loss: 0.4086 Diff Loss: 0.4086 
[11/29 09:52:44 TiTok-Gen]: Data (t): 0.2481, 36.90/s/gpu Batch (t): 1.7343 LR: 0.000100 Step: 34700 Total Loss: 0.4087 Diff Loss: 0.4087 
[11/29 09:54:07 TiTok-Gen]: Data (t): 0.2512, 39.65/s/gpu Batch (t): 1.6140 LR: 0.000100 Step: 34750 Total Loss: 0.4082 Diff Loss: 0.4082 
[11/29 09:55:29 TiTok-Gen]: Data (t): 0.2480, 37.42/s/gpu Batch (t): 1.7101 LR: 0.000100 Step: 34800 Total Loss: 0.4087 Diff Loss: 0.4087 
[11/29 09:56:50 TiTok-Gen]: Data (t): 0.2493, 40.39/s/gpu Batch (t): 1.5846 LR: 0.000100 Step: 34850 Total Loss: 0.4089 Diff Loss: 0.4089 
[11/29 09:58:13 TiTok-Gen]: Data (t): 0.2628, 40.01/s/gpu Batch (t): 1.5996 LR: 0.000100 Step: 34900 Total Loss: 0.4092 Diff Loss: 0.4092 
[11/29 09:59:35 TiTok-Gen]: Data (t): 0.2512, 35.15/s/gpu Batch (t): 1.8210 LR: 0.000100 Step: 34950 Total Loss: 0.4090 Diff Loss: 0.4090 
[11/29 10:00:24 TiTok-Gen]: Epoch 55/1597 started.
[11/29 10:01:15 TiTok-Gen]: Data (t): 0.2454, 36.89/s/gpu Batch (t): 1.7347 LR: 0.000100 Step: 35000 Total Loss: 0.4077 Diff Loss: 0.4077 
[11/29 10:01:16 TiTok-Gen]: Generating images...
  0%|          | 0/289 [00:00<?, ?it/s]  0%|          | 1/289 [00:00<01:47,  2.69it/s]  1%|          | 2/289 [00:00<01:48,  2.65it/s]  1%|          | 3/289 [00:01<01:48,  2.64it/s]  1%|▏         | 4/289 [00:01<01:48,  2.64it/s]  2%|▏         | 5/289 [00:01<01:47,  2.63it/s]  2%|▏         | 6/289 [00:02<01:47,  2.62it/s]  2%|▏         | 7/289 [00:02<01:47,  2.61it/s]  3%|▎         | 8/289 [00:03<01:47,  2.61it/s]  3%|▎         | 9/289 [00:03<01:47,  2.60it/s]  3%|▎         | 10/289 [00:03<01:47,  2.61it/s]  4%|▍         | 11/289 [00:04<01:46,  2.61it/s]  4%|▍         | 12/289 [00:04<01:46,  2.61it/s]  4%|▍         | 13/289 [00:04<01:45,  2.61it/s]  5%|▍         | 14/289 [00:05<01:45,  2.61it/s]  5%|▌         | 15/289 [00:05<01:45,  2.61it/s]  6%|▌         | 16/289 [00:06<01:44,  2.61it/s]  6%|▌         | 17/289 [00:06<01:44,  2.61it/s]  6%|▌         | 18/289 [00:06<01:43,  2.61it/s]  7%|▋         | 19/289 [00:07<01:43,  2.61it/s]  7%|▋         | 20/289 [00:07<01:43,  2.61it/s]  7%|▋         | 21/289 [00:08<01:42,  2.61it/s]  8%|▊         | 22/289 [00:08<01:42,  2.61it/s]  8%|▊         | 23/289 [00:08<01:41,  2.61it/s]  8%|▊         | 24/289 [00:09<01:41,  2.61it/s]  9%|▊         | 25/289 [00:09<01:41,  2.61it/s]  9%|▉         | 26/289 [00:09<01:40,  2.61it/s]  9%|▉         | 27/289 [00:10<01:40,  2.61it/s] 10%|▉         | 28/289 [00:10<01:39,  2.62it/s] 10%|█         | 29/289 [00:11<01:39,  2.62it/s] 10%|█         | 30/289 [00:11<01:39,  2.61it/s] 11%|█         | 31/289 [00:11<01:38,  2.61it/s] 11%|█         | 32/289 [00:12<01:38,  2.61it/s] 11%|█▏        | 33/289 [00:12<01:38,  2.61it/s] 12%|█▏        | 34/289 [00:13<01:37,  2.61it/s] 12%|█▏        | 35/289 [00:13<01:37,  2.61it/s] 12%|█▏        | 36/289 [00:13<01:37,  2.61it/s] 13%|█▎        | 37/289 [00:14<01:36,  2.61it/s] 13%|█▎        | 38/289 [00:14<01:36,  2.60it/s] 13%|█▎        | 39/289 [00:14<01:35,  2.61it/s] 14%|█▍        | 40/289 [00:15<01:35,  2.61it/s] 14%|█▍        | 41/289 [00:15<01:35,  2.61it/s] 15%|█▍        | 42/289 [00:16<01:34,  2.61it/s] 15%|█▍        | 43/289 [00:16<01:34,  2.61it/s] 15%|█▌        | 44/289 [00:16<01:33,  2.61it/s] 16%|█▌        | 45/289 [00:17<01:33,  2.61it/s] 16%|█▌        | 46/289 [00:17<01:33,  2.61it/s] 16%|█▋        | 47/289 [00:18<01:32,  2.61it/s] 17%|█▋        | 48/289 [00:18<01:32,  2.61it/s] 17%|█▋        | 49/289 [00:18<01:31,  2.61it/s] 17%|█▋        | 50/289 [00:19<01:31,  2.61it/s] 18%|█▊        | 51/289 [00:19<01:31,  2.61it/s] 18%|█▊        | 52/289 [00:19<01:30,  2.61it/s] 18%|█▊        | 53/289 [00:20<01:30,  2.61it/s] 19%|█▊        | 54/289 [00:20<01:30,  2.61it/s] 19%|█▉        | 55/289 [00:21<01:29,  2.61it/s] 19%|█▉        | 56/289 [00:21<01:29,  2.61it/s] 20%|█▉        | 57/289 [00:21<01:28,  2.61it/s] 20%|██        | 58/289 [00:22<01:28,  2.61it/s] 20%|██        | 59/289 [00:22<01:28,  2.59it/s] 21%|██        | 60/289 [00:22<01:28,  2.58it/s] 21%|██        | 61/289 [00:23<01:28,  2.57it/s] 21%|██▏       | 62/289 [00:23<01:28,  2.58it/s] 22%|██▏       | 63/289 [00:24<01:27,  2.59it/s] 22%|██▏       | 64/289 [00:24<01:26,  2.60it/s] 22%|██▏       | 65/289 [00:24<01:26,  2.59it/s] 23%|██▎       | 66/289 [00:25<01:25,  2.60it/s] 23%|██▎       | 67/289 [00:25<01:25,  2.60it/s] 24%|██▎       | 68/289 [00:26<01:24,  2.60it/s] 24%|██▍       | 69/289 [00:26<01:24,  2.60it/s] 24%|██▍       | 70/289 [00:26<01:24,  2.60it/s] 25%|██▍       | 71/289 [00:27<01:23,  2.61it/s] 25%|██▍       | 72/289 [00:27<01:23,  2.61it/s] 25%|██▌       | 73/289 [00:27<01:22,  2.61it/s] 26%|██▌       | 74/289 [00:28<01:22,  2.61it/s] 26%|██▌       | 75/289 [00:28<01:22,  2.61it/s] 26%|██▋       | 76/289 [00:29<01:21,  2.61it/s] 27%|██▋       | 77/289 [00:29<01:21,  2.61it/s] 27%|██▋       | 78/289 [00:29<01:20,  2.61it/s] 27%|██▋       | 79/289 [00:30<01:20,  2.61it/s] 28%|██▊       | 80/289 [00:30<01:20,  2.61it/s] 28%|██▊       | 81/289 [00:31<01:19,  2.61it/s] 28%|██▊       | 82/289 [00:31<01:19,  2.61it/s] 29%|██▊       | 83/289 [00:31<01:18,  2.61it/s] 29%|██▉       | 84/289 [00:32<01:18,  2.61it/s] 29%|██▉       | 85/289 [00:32<01:18,  2.61it/s] 30%|██▉       | 86/289 [00:32<01:17,  2.62it/s] 30%|███       | 87/289 [00:33<01:17,  2.61it/s] 30%|███       | 88/289 [00:33<01:16,  2.62it/s] 31%|███       | 89/289 [00:34<01:16,  2.61it/s] 31%|███       | 90/289 [00:34<01:16,  2.61it/s] 31%|███▏      | 91/289 [00:34<01:15,  2.61it/s] 32%|███▏      | 92/289 [00:35<01:15,  2.61it/s] 32%|███▏      | 93/289 [00:35<01:15,  2.61it/s] 33%|███▎      | 94/289 [00:36<01:14,  2.61it/s] 33%|███▎      | 95/289 [00:36<01:14,  2.61it/s] 33%|███▎      | 96/289 [00:36<01:13,  2.61it/s] 34%|███▎      | 97/289 [00:37<01:13,  2.61it/s] 34%|███▍      | 98/289 [00:37<01:13,  2.61it/s] 34%|███▍      | 99/289 [00:37<01:12,  2.61it/s] 35%|███▍      | 100/289 [00:38<01:12,  2.61it/s] 35%|███▍      | 101/289 [00:38<01:11,  2.61it/s] 35%|███▌      | 102/289 [00:39<01:11,  2.61it/s] 36%|███▌      | 103/289 [00:39<01:11,  2.61it/s] 36%|███▌      | 104/289 [00:39<01:10,  2.61it/s] 36%|███▋      | 105/289 [00:40<01:10,  2.61it/s] 37%|███▋      | 106/289 [00:40<01:10,  2.61it/s] 37%|███▋      | 107/289 [00:41<01:09,  2.61it/s] 37%|███▋      | 108/289 [00:41<01:09,  2.61it/s] 38%|███▊      | 109/289 [00:41<01:08,  2.61it/s] 38%|███▊      | 110/289 [00:42<01:08,  2.61it/s] 38%|███▊      | 111/289 [00:42<01:08,  2.61it/s] 39%|███▉      | 112/289 [00:42<01:07,  2.62it/s] 39%|███▉      | 113/289 [00:43<01:07,  2.60it/s] 39%|███▉      | 114/289 [00:43<01:07,  2.61it/s] 40%|███▉      | 115/289 [00:44<01:06,  2.61it/s] 40%|████      | 116/289 [00:44<01:06,  2.62it/s] 40%|████      | 117/289 [00:44<01:06,  2.60it/s] 41%|████      | 118/289 [00:45<01:05,  2.60it/s] 41%|████      | 119/289 [00:45<01:05,  2.61it/s] 42%|████▏     | 120/289 [00:45<01:04,  2.61it/s] 42%|████▏     | 121/289 [00:46<01:04,  2.61it/s] 42%|████▏     | 122/289 [00:46<01:03,  2.61it/s] 43%|████▎     | 123/289 [00:47<01:03,  2.61it/s] 43%|████▎     | 124/289 [00:47<01:03,  2.62it/s] 43%|████▎     | 125/289 [00:47<01:02,  2.62it/s] 44%|████▎     | 126/289 [00:48<01:02,  2.62it/s] 44%|████▍     | 127/289 [00:48<01:02,  2.61it/s] 44%|████▍     | 128/289 [00:49<01:01,  2.61it/s] 45%|████▍     | 129/289 [00:49<01:01,  2.61it/s] 45%|████▍     | 130/289 [00:49<01:00,  2.61it/s] 45%|████▌     | 131/289 [00:50<01:00,  2.61it/s] 46%|████▌     | 132/289 [00:50<01:00,  2.61it/s] 46%|████▌     | 133/289 [00:50<00:59,  2.61it/s] 46%|████▋     | 134/289 [00:51<00:59,  2.61it/s] 47%|████▋     | 135/289 [00:51<00:58,  2.61it/s] 47%|████▋     | 136/289 [00:52<00:58,  2.61it/s] 47%|████▋     | 137/289 [00:52<00:58,  2.61it/s] 48%|████▊     | 138/289 [00:52<00:57,  2.61it/s] 48%|████▊     | 139/289 [00:53<00:57,  2.61it/s] 48%|████▊     | 140/289 [00:53<00:57,  2.61it/s] 49%|████▉     | 141/289 [00:54<00:56,  2.61it/s] 49%|████▉     | 142/289 [00:54<00:56,  2.61it/s] 49%|████▉     | 143/289 [00:54<00:55,  2.61it/s] 50%|████▉     | 144/289 [00:55<00:55,  2.61it/s] 50%|█████     | 145/289 [00:55<00:55,  2.61it/s] 51%|█████     | 146/289 [00:55<00:54,  2.61it/s] 51%|█████     | 147/289 [00:56<00:54,  2.61it/s] 51%|█████     | 148/289 [00:56<00:53,  2.61it/s] 52%|█████▏    | 149/289 [00:57<00:53,  2.62it/s] 52%|█████▏    | 150/289 [00:57<00:53,  2.61it/s] 52%|█████▏    | 151/289 [00:57<00:52,  2.61it/s] 53%|█████▎    | 152/289 [00:58<00:52,  2.61it/s] 53%|█████▎    | 153/289 [00:58<00:52,  2.62it/s] 53%|█████▎    | 154/289 [00:59<00:51,  2.61it/s] 54%|█████▎    | 155/289 [00:59<00:51,  2.61it/s] 54%|█████▍    | 156/289 [00:59<00:50,  2.61it/s] 54%|█████▍    | 157/289 [01:00<00:50,  2.61it/s] 55%|█████▍    | 158/289 [01:00<00:50,  2.62it/s] 55%|█████▌    | 159/289 [01:00<00:50,  2.60it/s] 55%|█████▌    | 160/289 [01:01<00:49,  2.60it/s] 56%|█████▌    | 161/289 [01:01<00:49,  2.61it/s] 56%|█████▌    | 162/289 [01:02<00:48,  2.61it/s] 56%|█████▋    | 163/289 [01:02<00:48,  2.61it/s] 57%|█████▋    | 164/289 [01:02<00:47,  2.62it/s] 57%|█████▋    | 165/289 [01:03<00:47,  2.61it/s] 57%|█████▋    | 166/289 [01:03<00:47,  2.61it/s] 58%|█████▊    | 167/289 [01:03<00:46,  2.61it/s] 58%|█████▊    | 168/289 [01:04<00:46,  2.61it/s] 58%|█████▊    | 169/289 [01:04<00:45,  2.61it/s] 59%|█████▉    | 170/289 [01:05<00:45,  2.61it/s] 59%|█████▉    | 171/289 [01:05<00:45,  2.61it/s] 60%|█████▉    | 172/289 [01:05<00:44,  2.62it/s] 60%|█████▉    | 173/289 [01:06<00:44,  2.62it/s] 60%|██████    | 174/289 [01:06<00:43,  2.62it/s] 61%|██████    | 175/289 [01:07<00:43,  2.62it/s] 61%|██████    | 176/289 [01:07<00:43,  2.62it/s] 61%|██████    | 177/289 [01:07<00:42,  2.62it/s] 62%|██████▏   | 178/289 [01:08<00:42,  2.62it/s] 62%|██████▏   | 179/289 [01:08<00:42,  2.62it/s] 62%|██████▏   | 180/289 [01:08<00:41,  2.62it/s] 63%|██████▎   | 181/289 [01:09<00:41,  2.61it/s] 63%|██████▎   | 182/289 [01:09<00:40,  2.61it/s] 63%|██████▎   | 183/289 [01:10<00:40,  2.61it/s] 64%|██████▎   | 184/289 [01:10<00:40,  2.61it/s] 64%|██████▍   | 185/289 [01:10<00:39,  2.60it/s] 64%|██████▍   | 186/289 [01:11<00:39,  2.60it/s] 65%|██████▍   | 187/289 [01:11<00:39,  2.61it/s] 65%|██████▌   | 188/289 [01:12<00:38,  2.61it/s] 65%|██████▌   | 189/289 [01:12<00:38,  2.61it/s] 66%|██████▌   | 190/289 [01:12<00:37,  2.61it/s] 66%|██████▌   | 191/289 [01:13<00:37,  2.61it/s] 66%|██████▋   | 192/289 [01:13<00:37,  2.61it/s] 67%|██████▋   | 193/289 [01:13<00:36,  2.61it/s] 67%|██████▋   | 194/289 [01:14<00:36,  2.62it/s] 67%|██████▋   | 195/289 [01:14<00:36,  2.60it/s] 68%|██████▊   | 196/289 [01:15<00:35,  2.61it/s] 68%|██████▊   | 197/289 [01:15<00:35,  2.61it/s] 69%|██████▊   | 198/289 [01:15<00:34,  2.61it/s] 69%|██████▉   | 199/289 [01:16<00:34,  2.61it/s] 69%|██████▉   | 200/289 [01:16<00:34,  2.62it/s] 70%|██████▉   | 201/289 [01:17<00:33,  2.61it/s] 70%|██████▉   | 202/289 [01:17<00:33,  2.61it/s] 70%|███████   | 203/289 [01:17<00:32,  2.61it/s] 71%|███████   | 204/289 [01:18<00:32,  2.61it/s] 71%|███████   | 205/289 [01:18<00:32,  2.61it/s] 71%|███████▏  | 206/289 [01:18<00:31,  2.61it/s] 72%|███████▏  | 207/289 [01:19<00:31,  2.61it/s] 72%|███████▏  | 208/289 [01:19<00:30,  2.62it/s] 72%|███████▏  | 209/289 [01:20<00:30,  2.62it/s] 73%|███████▎  | 210/289 [01:20<00:30,  2.62it/s] 73%|███████▎  | 211/289 [01:20<00:29,  2.61it/s] 73%|███████▎  | 212/289 [01:21<00:29,  2.61it/s] 74%|███████▎  | 213/289 [01:21<00:29,  2.61it/s] 74%|███████▍  | 214/289 [01:21<00:28,  2.62it/s] 74%|███████▍  | 215/289 [01:22<00:28,  2.61it/s] 75%|███████▍  | 216/289 [01:22<00:27,  2.61it/s] 75%|███████▌  | 217/289 [01:23<00:27,  2.61it/s] 75%|███████▌  | 218/289 [01:23<00:27,  2.61it/s] 76%|███████▌  | 219/289 [01:23<00:26,  2.62it/s] 76%|███████▌  | 220/289 [01:24<00:26,  2.62it/s] 76%|███████▋  | 221/289 [01:24<00:26,  2.61it/s] 77%|███████▋  | 222/289 [01:25<00:25,  2.61it/s] 77%|███████▋  | 223/289 [01:25<00:25,  2.61it/s] 78%|███████▊  | 224/289 [01:25<00:24,  2.61it/s] 78%|███████▊  | 225/289 [01:26<00:24,  2.61it/s] 78%|███████▊  | 226/289 [01:26<00:24,  2.60it/s] 79%|███████▊  | 227/289 [01:26<00:23,  2.60it/s] 79%|███████▉  | 228/289 [01:27<00:23,  2.60it/s] 79%|███████▉  | 229/289 [01:27<00:23,  2.61it/s] 80%|███████▉  | 230/289 [01:28<00:22,  2.61it/s] 80%|███████▉  | 231/289 [01:28<00:22,  2.61it/s] 80%|████████  | 232/289 [01:28<00:21,  2.61it/s] 81%|████████  | 233/289 [01:29<00:21,  2.61it/s] 81%|████████  | 234/289 [01:29<00:21,  2.61it/s] 81%|████████▏ | 235/289 [01:30<00:20,  2.61it/s] 82%|████████▏ | 236/289 [01:30<00:20,  2.61it/s] 82%|████████▏ | 237/289 [01:30<00:19,  2.61it/s] 82%|████████▏ | 238/289 [01:31<00:19,  2.61it/s] 83%|████████▎ | 239/289 [01:31<00:19,  2.61it/s] 83%|████████▎ | 240/289 [01:31<00:18,  2.61it/s] 83%|████████▎ | 241/289 [01:32<00:18,  2.61it/s] 84%|████████▎ | 242/289 [01:32<00:17,  2.61it/s] 84%|████████▍ | 243/289 [01:33<00:17,  2.61it/s] 84%|████████▍ | 244/289 [01:33<00:17,  2.61it/s] 85%|████████▍ | 245/289 [01:33<00:16,  2.60it/s] 85%|████████▌ | 246/289 [01:34<00:16,  2.57it/s] 85%|████████▌ | 247/289 [01:34<00:16,  2.59it/s] 86%|████████▌ | 248/289 [01:35<00:15,  2.60it/s] 86%|████████▌ | 249/289 [01:35<00:15,  2.60it/s] 87%|████████▋ | 250/289 [01:35<00:14,  2.61it/s] 87%|████████▋ | 251/289 [01:36<00:14,  2.61it/s] 87%|████████▋ | 252/289 [01:36<00:14,  2.60it/s] 88%|████████▊ | 253/289 [01:36<00:13,  2.60it/s] 88%|████████▊ | 254/289 [01:37<00:13,  2.61it/s] 88%|████████▊ | 255/289 [01:37<00:13,  2.61it/s] 89%|████████▊ | 256/289 [01:38<00:12,  2.61it/s] 89%|████████▉ | 257/289 [01:38<00:12,  2.61it/s] 89%|████████▉ | 258/289 [01:38<00:11,  2.61it/s] 90%|████████▉ | 259/289 [01:39<00:11,  2.61it/s] 90%|████████▉ | 260/289 [01:39<00:11,  2.61it/s] 90%|█████████ | 261/289 [01:39<00:10,  2.61it/s] 91%|█████████ | 262/289 [01:40<00:10,  2.61it/s] 91%|█████████ | 263/289 [01:40<00:09,  2.61it/s] 91%|█████████▏| 264/289 [01:41<00:09,  2.61it/s] 92%|█████████▏| 265/289 [01:41<00:09,  2.61it/s] 92%|█████████▏| 266/289 [01:41<00:08,  2.61it/s] 92%|█████████▏| 267/289 [01:42<00:08,  2.61it/s] 93%|█████████▎| 268/289 [01:42<00:08,  2.61it/s] 93%|█████████▎| 269/289 [01:43<00:07,  2.61it/s] 93%|█████████▎| 270/289 [01:43<00:07,  2.61it/s] 94%|█████████▍| 271/289 [01:43<00:06,  2.61it/s] 94%|█████████▍| 272/289 [01:44<00:06,  2.61it/s] 94%|█████████▍| 273/289 [01:44<00:06,  2.61it/s] 95%|█████████▍| 274/289 [01:44<00:05,  2.62it/s] 95%|█████████▌| 275/289 [01:45<00:05,  2.62it/s] 96%|█████████▌| 276/289 [01:45<00:04,  2.62it/s] 96%|█████████▌| 277/289 [01:46<00:04,  2.61it/s] 96%|█████████▌| 278/289 [01:46<00:04,  2.61it/s] 97%|█████████▋| 279/289 [01:46<00:03,  2.61it/s] 97%|█████████▋| 280/289 [01:47<00:03,  2.62it/s] 97%|█████████▋| 281/289 [01:47<00:03,  2.62it/s] 98%|█████████▊| 282/289 [01:48<00:02,  2.62it/s] 98%|█████████▊| 283/289 [01:48<00:02,  2.60it/s] 98%|█████████▊| 284/289 [01:48<00:01,  2.60it/s] 99%|█████████▊| 285/289 [01:49<00:01,  2.61it/s] 99%|█████████▉| 286/289 [01:49<00:01,  2.61it/s] 99%|█████████▉| 287/289 [01:49<00:00,  2.61it/s]100%|█████████▉| 288/289 [01:50<00:00,  2.61it/s]100%|█████████▉| 288/289 [01:50<00:00,  2.60it/s]
[11/29 10:04:30 TiTok-Gen]: Data (t): 0.4284, 39.26/s/gpu Batch (t): 1.6304 LR: 0.000100 Step: 35050 Total Loss: 0.4084 Diff Loss: 0.4084 
[11/29 10:05:52 TiTok-Gen]: Data (t): 0.4790, 39.89/s/gpu Batch (t): 1.6044 LR: 0.000100 Step: 35100 Total Loss: 0.4087 Diff Loss: 0.4087 
[11/29 10:07:14 TiTok-Gen]: Data (t): 0.4574, 38.35/s/gpu Batch (t): 1.6688 LR: 0.000100 Step: 35150 Total Loss: 0.4080 Diff Loss: 0.4080 
[11/29 10:08:36 TiTok-Gen]: Data (t): 0.4591, 40.23/s/gpu Batch (t): 1.5908 LR: 0.000100 Step: 35200 Total Loss: 0.4079 Diff Loss: 0.4079 
[11/29 10:09:58 TiTok-Gen]: Data (t): 0.4483, 40.66/s/gpu Batch (t): 1.5741 LR: 0.000100 Step: 35250 Total Loss: 0.4083 Diff Loss: 0.4083 
[11/29 10:11:20 TiTok-Gen]: Data (t): 0.4417, 40.65/s/gpu Batch (t): 1.5746 LR: 0.000100 Step: 35300 Total Loss: 0.4085 Diff Loss: 0.4085 
[11/29 10:12:42 TiTok-Gen]: Data (t): 0.4590, 40.15/s/gpu Batch (t): 1.5941 LR: 0.000100 Step: 35350 Total Loss: 0.4090 Diff Loss: 0.4090 
[11/29 10:14:04 TiTok-Gen]: Data (t): 0.4848, 36.03/s/gpu Batch (t): 1.7763 LR: 0.000100 Step: 35400 Total Loss: 0.4082 Diff Loss: 0.4082 
[11/29 10:15:27 TiTok-Gen]: Data (t): 0.4537, 36.36/s/gpu Batch (t): 1.7603 LR: 0.000100 Step: 35450 Total Loss: 0.4096 Diff Loss: 0.4096 
[11/29 10:16:49 TiTok-Gen]: Data (t): 0.4523, 36.19/s/gpu Batch (t): 1.7685 LR: 0.000100 Step: 35500 Total Loss: 0.4090 Diff Loss: 0.4090 
[11/29 10:18:11 TiTok-Gen]: Data (t): 0.4574, 39.90/s/gpu Batch (t): 1.6042 LR: 0.000100 Step: 35550 Total Loss: 0.4090 Diff Loss: 0.4090 
[11/29 10:19:33 TiTok-Gen]: Data (t): 0.4691, 39.88/s/gpu Batch (t): 1.6050 LR: 0.000100 Step: 35600 Total Loss: 0.4094 Diff Loss: 0.4094 
[11/29 10:19:59 TiTok-Gen]: Epoch 56/1597 started.
[11/29 10:21:12 TiTok-Gen]: Data (t): 0.2504, 36.96/s/gpu Batch (t): 1.7316 LR: 0.000100 Step: 35650 Total Loss: 0.4073 Diff Loss: 0.4073 
[11/29 10:22:34 TiTok-Gen]: Data (t): 0.2497, 35.73/s/gpu Batch (t): 1.7910 LR: 0.000100 Step: 35700 Total Loss: 0.4073 Diff Loss: 0.4073 
[11/29 10:23:57 TiTok-Gen]: Data (t): 0.2665, 40.97/s/gpu Batch (t): 1.5623 LR: 0.000100 Step: 35750 Total Loss: 0.4073 Diff Loss: 0.4073 
[11/29 10:25:19 TiTok-Gen]: Data (t): 0.2471, 39.22/s/gpu Batch (t): 1.6316 LR: 0.000100 Step: 35800 Total Loss: 0.4081 Diff Loss: 0.4081 
[11/29 10:26:42 TiTok-Gen]: Data (t): 0.2495, 39.85/s/gpu Batch (t): 1.6059 LR: 0.000100 Step: 35850 Total Loss: 0.4080 Diff Loss: 0.4080 
[11/29 10:28:04 TiTok-Gen]: Data (t): 0.2520, 39.83/s/gpu Batch (t): 1.6067 LR: 0.000100 Step: 35900 Total Loss: 0.4086 Diff Loss: 0.4086 
[11/29 10:29:27 TiTok-Gen]: Data (t): 0.3235, 35.54/s/gpu Batch (t): 1.8008 LR: 0.000100 Step: 35950 Total Loss: 0.4088 Diff Loss: 0.4088 
[11/29 10:30:49 TiTok-Gen]: Data (t): 0.2508, 37.71/s/gpu Batch (t): 1.6971 LR: 0.000100 Step: 36000 Total Loss: 0.4089 Diff Loss: 0.4089 
[11/29 10:30:49 TiTok-Gen]: Generating images...
  0%|          | 0/289 [00:00<?, ?it/s]  0%|          | 1/289 [00:00<01:48,  2.65it/s]  1%|          | 2/289 [00:00<01:49,  2.62it/s]  1%|          | 3/289 [00:01<01:49,  2.61it/s]  1%|▏         | 4/289 [00:01<01:50,  2.59it/s]  2%|▏         | 5/289 [00:01<01:49,  2.59it/s]  2%|▏         | 6/289 [00:02<01:49,  2.59it/s]  2%|▏         | 7/289 [00:02<01:49,  2.59it/s]  3%|▎         | 8/289 [00:03<01:48,  2.59it/s]  3%|▎         | 9/289 [00:03<01:48,  2.59it/s]  3%|▎         | 10/289 [00:03<01:47,  2.59it/s]  4%|▍         | 11/289 [00:04<01:47,  2.59it/s]  4%|▍         | 12/289 [00:04<01:47,  2.59it/s]  4%|▍         | 13/289 [00:05<01:46,  2.59it/s]  5%|▍         | 14/289 [00:05<01:46,  2.59it/s]  5%|▌         | 15/289 [00:05<01:45,  2.59it/s]  6%|▌         | 16/289 [00:06<01:45,  2.59it/s]  6%|▌         | 17/289 [00:06<01:45,  2.59it/s]  6%|▌         | 18/289 [00:06<01:44,  2.58it/s]  7%|▋         | 19/289 [00:07<01:44,  2.58it/s]  7%|▋         | 20/289 [00:07<01:44,  2.58it/s]  7%|▋         | 21/289 [00:08<01:43,  2.58it/s]  8%|▊         | 22/289 [00:08<01:43,  2.59it/s]  8%|▊         | 23/289 [00:08<01:42,  2.59it/s]  8%|▊         | 24/289 [00:09<01:42,  2.59it/s]  9%|▊         | 25/289 [00:09<01:41,  2.59it/s]  9%|▉         | 26/289 [00:10<01:41,  2.59it/s]  9%|▉         | 27/289 [00:10<01:41,  2.59it/s] 10%|▉         | 28/289 [00:10<01:40,  2.59it/s] 10%|█         | 29/289 [00:11<01:40,  2.59it/s] 10%|█         | 30/289 [00:11<01:39,  2.59it/s] 11%|█         | 31/289 [00:11<01:39,  2.59it/s] 11%|█         | 32/289 [00:12<01:39,  2.59it/s] 11%|█▏        | 33/289 [00:12<01:38,  2.59it/s] 12%|█▏        | 34/289 [00:13<01:38,  2.59it/s] 12%|█▏        | 35/289 [00:13<01:37,  2.59it/s] 12%|█▏        | 36/289 [00:13<01:37,  2.58it/s] 13%|█▎        | 37/289 [00:14<01:37,  2.59it/s] 13%|█▎        | 38/289 [00:14<01:37,  2.57it/s] 13%|█▎        | 39/289 [00:15<01:36,  2.58it/s] 14%|█▍        | 40/289 [00:15<01:36,  2.59it/s] 14%|█▍        | 41/289 [00:15<01:35,  2.59it/s] 15%|█▍        | 42/289 [00:16<01:35,  2.59it/s] 15%|█▍        | 43/289 [00:16<01:35,  2.59it/s] 15%|█▌        | 44/289 [00:16<01:34,  2.59it/s] 16%|█▌        | 45/289 [00:17<01:34,  2.59it/s] 16%|█▌        | 46/289 [00:17<01:34,  2.58it/s] 16%|█▋        | 47/289 [00:18<01:33,  2.58it/s] 17%|█▋        | 48/289 [00:18<01:33,  2.58it/s] 17%|█▋        | 49/289 [00:18<01:33,  2.58it/s] 17%|█▋        | 50/289 [00:19<01:32,  2.58it/s] 18%|█▊        | 51/289 [00:19<01:32,  2.59it/s] 18%|█▊        | 52/289 [00:20<01:31,  2.59it/s] 18%|█▊        | 53/289 [00:20<01:31,  2.59it/s] 19%|█▊        | 54/289 [00:20<01:30,  2.59it/s] 19%|█▉        | 55/289 [00:21<01:30,  2.59it/s] 19%|█▉        | 56/289 [00:21<01:29,  2.59it/s] 20%|█▉        | 57/289 [00:22<01:29,  2.59it/s] 20%|██        | 58/289 [00:22<01:29,  2.59it/s] 20%|██        | 59/289 [00:22<01:28,  2.59it/s] 21%|██        | 60/289 [00:23<01:28,  2.59it/s] 21%|██        | 61/289 [00:23<01:28,  2.59it/s] 21%|██▏       | 62/289 [00:23<01:27,  2.59it/s] 22%|██▏       | 63/289 [00:24<01:27,  2.60it/s] 22%|██▏       | 64/289 [00:24<01:26,  2.60it/s] 22%|██▏       | 65/289 [00:25<01:26,  2.60it/s] 23%|██▎       | 66/289 [00:25<01:25,  2.60it/s] 23%|██▎       | 67/289 [00:25<01:25,  2.60it/s] 24%|██▎       | 68/289 [00:26<01:25,  2.60it/s] 24%|██▍       | 69/289 [00:26<01:24,  2.60it/s] 24%|██▍       | 70/289 [00:27<01:24,  2.60it/s] 25%|██▍       | 71/289 [00:27<01:23,  2.60it/s] 25%|██▍       | 72/289 [00:27<01:23,  2.59it/s] 25%|██▌       | 73/289 [00:28<01:23,  2.59it/s] 26%|██▌       | 74/289 [00:28<01:22,  2.59it/s] 26%|██▌       | 75/289 [00:28<01:23,  2.57it/s] 26%|██▋       | 76/289 [00:29<01:22,  2.58it/s] 27%|██▋       | 77/289 [00:29<01:22,  2.58it/s] 27%|██▋       | 78/289 [00:30<01:21,  2.58it/s] 27%|██▋       | 79/289 [00:30<01:21,  2.59it/s] 28%|██▊       | 80/289 [00:30<01:20,  2.59it/s] 28%|██▊       | 81/289 [00:31<01:20,  2.59it/s] 28%|██▊       | 82/289 [00:31<01:19,  2.59it/s] 29%|██▊       | 83/289 [00:32<01:19,  2.59it/s] 29%|██▉       | 84/289 [00:32<01:19,  2.59it/s] 29%|██▉       | 85/289 [00:32<01:18,  2.59it/s] 30%|██▉       | 86/289 [00:33<01:18,  2.59it/s] 30%|███       | 87/289 [00:33<01:18,  2.59it/s] 30%|███       | 88/289 [00:33<01:17,  2.59it/s] 31%|███       | 89/289 [00:34<01:17,  2.59it/s] 31%|███       | 90/289 [00:34<01:16,  2.59it/s] 31%|███▏      | 91/289 [00:35<01:16,  2.59it/s] 32%|███▏      | 92/289 [00:35<01:16,  2.59it/s] 32%|███▏      | 93/289 [00:35<01:15,  2.59it/s] 33%|███▎      | 94/289 [00:36<01:15,  2.59it/s] 33%|███▎      | 95/289 [00:36<01:14,  2.59it/s] 33%|███▎      | 96/289 [00:37<01:14,  2.59it/s] 34%|███▎      | 97/289 [00:37<01:14,  2.59it/s] 34%|███▍      | 98/289 [00:37<01:13,  2.60it/s] 34%|███▍      | 99/289 [00:38<01:13,  2.59it/s] 35%|███▍      | 100/289 [00:38<01:12,  2.59it/s] 35%|███▍      | 101/289 [00:39<01:12,  2.59it/s] 35%|███▌      | 102/289 [00:39<01:12,  2.59it/s] 36%|███▌      | 103/289 [00:39<01:11,  2.59it/s] 36%|███▌      | 104/289 [00:40<01:11,  2.60it/s] 36%|███▋      | 105/289 [00:40<01:10,  2.60it/s] 37%|███▋      | 106/289 [00:40<01:10,  2.60it/s] 37%|███▋      | 107/289 [00:41<01:10,  2.59it/s] 37%|███▋      | 108/289 [00:41<01:09,  2.59it/s] 38%|███▊      | 109/289 [00:42<01:09,  2.60it/s] 38%|███▊      | 110/289 [00:42<01:08,  2.60it/s] 38%|███▊      | 111/289 [00:42<01:08,  2.60it/s] 39%|███▉      | 112/289 [00:43<01:08,  2.60it/s] 39%|███▉      | 113/289 [00:43<01:07,  2.60it/s] 39%|███▉      | 114/289 [00:44<01:07,  2.60it/s] 40%|███▉      | 115/289 [00:44<01:06,  2.60it/s] 40%|████      | 116/289 [00:44<01:06,  2.60it/s] 40%|████      | 117/289 [00:45<01:06,  2.60it/s] 41%|████      | 118/289 [00:45<01:05,  2.60it/s] 41%|████      | 119/289 [00:45<01:05,  2.60it/s] 42%|████▏     | 120/289 [00:46<01:05,  2.60it/s] 42%|████▏     | 121/289 [00:46<01:04,  2.60it/s] 42%|████▏     | 122/289 [00:47<01:04,  2.60it/s] 43%|████▎     | 123/289 [00:47<01:03,  2.60it/s] 43%|████▎     | 124/289 [00:47<01:03,  2.60it/s] 43%|████▎     | 125/289 [00:48<01:03,  2.60it/s] 44%|████▎     | 126/289 [00:48<01:02,  2.60it/s] 44%|████▍     | 127/289 [00:49<01:02,  2.58it/s] 44%|████▍     | 128/289 [00:49<01:03,  2.55it/s] 45%|████▍     | 129/289 [00:49<01:02,  2.57it/s] 45%|████▍     | 130/289 [00:50<01:01,  2.57it/s] 45%|████▌     | 131/289 [00:50<01:01,  2.58it/s] 46%|████▌     | 132/289 [00:50<01:00,  2.59it/s] 46%|████▌     | 133/289 [00:51<01:00,  2.57it/s] 46%|████▋     | 134/289 [00:51<01:00,  2.58it/s] 47%|████▋     | 135/289 [00:52<00:59,  2.58it/s] 47%|████▋     | 136/289 [00:52<00:59,  2.59it/s] 47%|████▋     | 137/289 [00:52<00:58,  2.59it/s] 48%|████▊     | 138/289 [00:53<00:58,  2.59it/s] 48%|████▊     | 139/289 [00:53<00:57,  2.59it/s] 48%|████▊     | 140/289 [00:54<00:57,  2.59it/s] 49%|████▉     | 141/289 [00:54<00:57,  2.59it/s] 49%|████▉     | 142/289 [00:54<00:56,  2.59it/s] 49%|████▉     | 143/289 [00:55<00:56,  2.59it/s] 50%|████▉     | 144/289 [00:55<00:55,  2.59it/s] 50%|█████     | 145/289 [00:55<00:55,  2.59it/s] 51%|█████     | 146/289 [00:56<00:55,  2.59it/s] 51%|█████     | 147/289 [00:56<00:54,  2.59it/s] 51%|█████     | 148/289 [00:57<00:54,  2.59it/s] 52%|█████▏    | 149/289 [00:57<00:53,  2.59it/s] 52%|█████▏    | 150/289 [00:57<00:53,  2.59it/s] 52%|█████▏    | 151/289 [00:58<00:53,  2.59it/s] 53%|█████▎    | 152/289 [00:58<00:52,  2.59it/s] 53%|█████▎    | 153/289 [00:59<00:52,  2.60it/s] 53%|█████▎    | 154/289 [00:59<00:52,  2.59it/s] 54%|█████▎    | 155/289 [00:59<00:51,  2.59it/s] 54%|█████▍    | 156/289 [01:00<00:51,  2.59it/s] 54%|█████▍    | 157/289 [01:00<00:51,  2.59it/s] 55%|█████▍    | 158/289 [01:00<00:50,  2.59it/s] 55%|█████▌    | 159/289 [01:01<00:50,  2.59it/s] 55%|█████▌    | 160/289 [01:01<00:49,  2.59it/s] 56%|█████▌    | 161/289 [01:02<00:49,  2.59it/s] 56%|█████▌    | 162/289 [01:02<00:48,  2.59it/s] 56%|█████▋    | 163/289 [01:02<00:48,  2.60it/s] 57%|█████▋    | 164/289 [01:03<00:48,  2.60it/s] 57%|█████▋    | 165/289 [01:03<00:47,  2.59it/s] 57%|█████▋    | 166/289 [01:04<00:47,  2.59it/s] 58%|█████▊    | 167/289 [01:04<00:47,  2.59it/s] 58%|█████▊    | 168/289 [01:04<00:46,  2.60it/s] 58%|█████▊    | 169/289 [01:05<00:46,  2.60it/s] 59%|█████▉    | 170/289 [01:05<00:45,  2.59it/s] 59%|█████▉    | 171/289 [01:06<00:45,  2.59it/s] 60%|█████▉    | 172/289 [01:06<00:45,  2.60it/s] 60%|█████▉    | 173/289 [01:06<00:44,  2.60it/s] 60%|██████    | 174/289 [01:07<00:44,  2.60it/s] 61%|██████    | 175/289 [01:07<00:43,  2.59it/s] 61%|██████    | 176/289 [01:07<00:43,  2.60it/s] 61%|██████    | 177/289 [01:08<00:43,  2.60it/s] 62%|██████▏   | 178/289 [01:08<00:42,  2.60it/s] 62%|██████▏   | 179/289 [01:09<00:42,  2.60it/s] 62%|██████▏   | 180/289 [01:09<00:42,  2.59it/s] 63%|██████▎   | 181/289 [01:09<00:41,  2.60it/s] 63%|██████▎   | 182/289 [01:10<00:41,  2.60it/s] 63%|██████▎   | 183/289 [01:10<00:40,  2.60it/s] 64%|██████▎   | 184/289 [01:11<00:40,  2.60it/s] 64%|██████▍   | 185/289 [01:11<00:40,  2.60it/s] 64%|██████▍   | 186/289 [01:11<00:39,  2.60it/s] 65%|██████▍   | 187/289 [01:12<00:39,  2.60it/s] 65%|██████▌   | 188/289 [01:12<00:38,  2.60it/s] 65%|██████▌   | 189/289 [01:12<00:38,  2.60it/s] 66%|██████▌   | 190/289 [01:13<00:38,  2.60it/s] 66%|██████▌   | 191/289 [01:13<00:37,  2.59it/s] 66%|██████▋   | 192/289 [01:14<00:37,  2.60it/s] 67%|██████▋   | 193/289 [01:14<00:36,  2.59it/s] 67%|██████▋   | 194/289 [01:14<00:36,  2.60it/s] 67%|██████▋   | 195/289 [01:15<00:36,  2.59it/s] 68%|██████▊   | 196/289 [01:15<00:35,  2.60it/s] 68%|██████▊   | 197/289 [01:16<00:35,  2.60it/s] 69%|██████▊   | 198/289 [01:16<00:35,  2.60it/s] 69%|██████▉   | 199/289 [01:16<00:34,  2.60it/s] 69%|██████▉   | 200/289 [01:17<00:34,  2.59it/s] 70%|██████▉   | 201/289 [01:17<00:34,  2.59it/s] 70%|██████▉   | 202/289 [01:17<00:33,  2.59it/s] 70%|███████   | 203/289 [01:18<00:33,  2.58it/s] 71%|███████   | 204/289 [01:18<00:32,  2.59it/s] 71%|███████   | 205/289 [01:19<00:32,  2.56it/s] 71%|███████▏  | 206/289 [01:19<00:32,  2.57it/s] 72%|███████▏  | 207/289 [01:19<00:31,  2.58it/s] 72%|███████▏  | 208/289 [01:20<00:31,  2.58it/s] 72%|███████▏  | 209/289 [01:20<00:30,  2.58it/s] 73%|███████▎  | 210/289 [01:21<00:30,  2.58it/s] 73%|███████▎  | 211/289 [01:21<00:30,  2.58it/s] 73%|███████▎  | 212/289 [01:21<00:29,  2.59it/s] 74%|███████▎  | 213/289 [01:22<00:29,  2.59it/s] 74%|███████▍  | 214/289 [01:22<00:28,  2.59it/s] 74%|███████▍  | 215/289 [01:22<00:28,  2.60it/s] 75%|███████▍  | 216/289 [01:23<00:28,  2.59it/s] 75%|███████▌  | 217/289 [01:23<00:27,  2.59it/s] 75%|███████▌  | 218/289 [01:24<00:27,  2.59it/s] 76%|███████▌  | 219/289 [01:24<00:26,  2.59it/s] 76%|███████▌  | 220/289 [01:24<00:26,  2.59it/s] 76%|███████▋  | 221/289 [01:25<00:26,  2.59it/s] 77%|███████▋  | 222/289 [01:25<00:25,  2.59it/s] 77%|███████▋  | 223/289 [01:26<00:25,  2.59it/s] 78%|███████▊  | 224/289 [01:26<00:25,  2.59it/s] 78%|███████▊  | 225/289 [01:26<00:24,  2.59it/s] 78%|███████▊  | 226/289 [01:27<00:24,  2.59it/s] 79%|███████▊  | 227/289 [01:27<00:23,  2.59it/s] 79%|███████▉  | 228/289 [01:28<00:23,  2.59it/s] 79%|███████▉  | 229/289 [01:28<00:23,  2.58it/s] 80%|███████▉  | 230/289 [01:28<00:22,  2.59it/s] 80%|███████▉  | 231/289 [01:29<00:22,  2.58it/s] 80%|████████  | 232/289 [01:29<00:22,  2.58it/s] 81%|████████  | 233/289 [01:29<00:21,  2.59it/s] 81%|████████  | 234/289 [01:30<00:21,  2.59it/s] 81%|████████▏ | 235/289 [01:30<00:20,  2.59it/s] 82%|████████▏ | 236/289 [01:31<00:20,  2.59it/s] 82%|████████▏ | 237/289 [01:31<00:20,  2.59it/s] 82%|████████▏ | 238/289 [01:31<00:19,  2.59it/s] 83%|████████▎ | 239/289 [01:32<00:19,  2.59it/s] 83%|████████▎ | 240/289 [01:32<00:18,  2.59it/s] 83%|████████▎ | 241/289 [01:33<00:18,  2.59it/s] 84%|████████▎ | 242/289 [01:33<00:18,  2.59it/s] 84%|████████▍ | 243/289 [01:33<00:17,  2.59it/s] 84%|████████▍ | 244/289 [01:34<00:17,  2.60it/s] 85%|████████▍ | 245/289 [01:34<00:16,  2.59it/s] 85%|████████▌ | 246/289 [01:34<00:16,  2.59it/s] 85%|████████▌ | 247/289 [01:35<00:16,  2.59it/s] 86%|████████▌ | 248/289 [01:35<00:15,  2.60it/s] 86%|████████▌ | 249/289 [01:36<00:15,  2.60it/s] 87%|████████▋ | 250/289 [01:36<00:15,  2.59it/s] 87%|████████▋ | 251/289 [01:36<00:14,  2.59it/s] 87%|████████▋ | 252/289 [01:37<00:14,  2.59it/s] 88%|████████▊ | 253/289 [01:37<00:13,  2.59it/s] 88%|████████▊ | 254/289 [01:38<00:13,  2.59it/s] 88%|████████▊ | 255/289 [01:38<00:13,  2.59it/s] 89%|████████▊ | 256/289 [01:38<00:12,  2.59it/s] 89%|████████▉ | 257/289 [01:39<00:12,  2.59it/s] 89%|████████▉ | 258/289 [01:39<00:11,  2.59it/s] 90%|████████▉ | 259/289 [01:39<00:11,  2.60it/s] 90%|████████▉ | 260/289 [01:40<00:11,  2.59it/s] 90%|█████████ | 261/289 [01:40<00:10,  2.59it/s] 91%|█████████ | 262/289 [01:41<00:10,  2.60it/s] 91%|█████████ | 263/289 [01:41<00:10,  2.59it/s] 91%|█████████▏| 264/289 [01:41<00:09,  2.60it/s] 92%|█████████▏| 265/289 [01:42<00:09,  2.60it/s] 92%|█████████▏| 266/289 [01:42<00:08,  2.60it/s] 92%|█████████▏| 267/289 [01:43<00:08,  2.60it/s] 93%|█████████▎| 268/289 [01:43<00:08,  2.60it/s] 93%|█████████▎| 269/289 [01:43<00:07,  2.60it/s] 93%|█████████▎| 270/289 [01:44<00:07,  2.60it/s] 94%|█████████▍| 271/289 [01:44<00:06,  2.60it/s] 94%|█████████▍| 272/289 [01:44<00:06,  2.57it/s] 94%|█████████▍| 273/289 [01:45<00:06,  2.58it/s] 95%|█████████▍| 274/289 [01:45<00:05,  2.58it/s] 95%|█████████▌| 275/289 [01:46<00:05,  2.57it/s] 96%|█████████▌| 276/289 [01:46<00:05,  2.58it/s] 96%|█████████▌| 277/289 [01:46<00:04,  2.58it/s] 96%|█████████▌| 278/289 [01:47<00:04,  2.59it/s] 97%|█████████▋| 279/289 [01:47<00:03,  2.59it/s] 97%|█████████▋| 280/289 [01:48<00:03,  2.59it/s] 97%|█████████▋| 281/289 [01:48<00:03,  2.59it/s] 98%|█████████▊| 282/289 [01:48<00:02,  2.59it/s] 98%|█████████▊| 283/289 [01:49<00:02,  2.59it/s] 98%|█████████▊| 284/289 [01:49<00:01,  2.60it/s] 99%|█████████▊| 285/289 [01:50<00:01,  2.58it/s] 99%|█████████▉| 286/289 [01:50<00:01,  2.59it/s] 99%|█████████▉| 287/289 [01:50<00:00,  2.59it/s]100%|█████████▉| 288/289 [01:51<00:00,  2.59it/s]100%|█████████▉| 288/289 [01:51<00:00,  2.58it/s]
[11/29 10:34:04 TiTok-Gen]: Data (t): 0.4925, 36.46/s/gpu Batch (t): 1.7552 LR: 0.000100 Step: 36050 Total Loss: 0.4082 Diff Loss: 0.4082 
[11/29 10:35:27 TiTok-Gen]: Data (t): 0.4595, 39.32/s/gpu Batch (t): 1.6278 LR: 0.000100 Step: 36100 Total Loss: 0.4092 Diff Loss: 0.4092 
[11/29 10:36:49 TiTok-Gen]: Data (t): 0.4386, 39.93/s/gpu Batch (t): 1.6027 LR: 0.000100 Step: 36150 Total Loss: 0.4094 Diff Loss: 0.4094 
[11/29 10:38:12 TiTok-Gen]: Data (t): 0.4450, 36.80/s/gpu Batch (t): 1.7393 LR: 0.000100 Step: 36200 Total Loss: 0.4095 Diff Loss: 0.4095 
[11/29 10:39:33 TiTok-Gen]: Data (t): 0.4532, 40.60/s/gpu Batch (t): 1.5764 LR: 0.000100 Step: 36250 Total Loss: 0.4100 Diff Loss: 0.4100 
[11/29 10:39:36 TiTok-Gen]: Epoch 57/1597 started.
[11/29 10:41:13 TiTok-Gen]: Data (t): 0.2588, 40.37/s/gpu Batch (t): 1.5852 LR: 0.000100 Step: 36300 Total Loss: 0.4076 Diff Loss: 0.4076 
[11/29 10:42:35 TiTok-Gen]: Data (t): 0.2511, 41.08/s/gpu Batch (t): 1.5581 LR: 0.000100 Step: 36350 Total Loss: 0.4076 Diff Loss: 0.4076 
[11/29 10:43:58 TiTok-Gen]: Data (t): 0.2486, 40.16/s/gpu Batch (t): 1.5938 LR: 0.000100 Step: 36400 Total Loss: 0.4077 Diff Loss: 0.4077 
[11/29 10:45:20 TiTok-Gen]: Data (t): 0.3248, 39.84/s/gpu Batch (t): 1.6064 LR: 0.000100 Step: 36450 Total Loss: 0.4086 Diff Loss: 0.4086 
[11/29 10:46:43 TiTok-Gen]: Data (t): 0.2511, 35.92/s/gpu Batch (t): 1.7819 LR: 0.000100 Step: 36500 Total Loss: 0.4095 Diff Loss: 0.4095 
[11/29 10:48:05 TiTok-Gen]: Data (t): 0.3203, 39.42/s/gpu Batch (t): 1.6234 LR: 0.000100 Step: 36550 Total Loss: 0.4094 Diff Loss: 0.4094 
[11/29 10:49:29 TiTok-Gen]: Data (t): 0.2471, 39.40/s/gpu Batch (t): 1.6244 LR: 0.000100 Step: 36600 Total Loss: 0.4087 Diff Loss: 0.4087 
[11/29 10:50:52 TiTok-Gen]: Data (t): 0.2481, 40.06/s/gpu Batch (t): 1.5975 LR: 0.000100 Step: 36650 Total Loss: 0.4096 Diff Loss: 0.4096 
[11/29 10:52:14 TiTok-Gen]: Data (t): 0.2483, 36.04/s/gpu Batch (t): 1.7756 LR: 0.000100 Step: 36700 Total Loss: 0.4076 Diff Loss: 0.4076 
[11/29 10:53:36 TiTok-Gen]: Data (t): 0.2551, 36.95/s/gpu Batch (t): 1.7320 LR: 0.000100 Step: 36750 Total Loss: 0.4092 Diff Loss: 0.4092 
[11/29 10:54:59 TiTok-Gen]: Data (t): 0.2526, 40.64/s/gpu Batch (t): 1.5749 LR: 0.000100 Step: 36800 Total Loss: 0.4084 Diff Loss: 0.4084 
[11/29 10:56:21 TiTok-Gen]: Data (t): 0.2512, 37.54/s/gpu Batch (t): 1.7048 LR: 0.000100 Step: 36850 Total Loss: 0.4093 Diff Loss: 0.4093 
[11/29 10:57:23 TiTok-Gen]: Epoch 58/1597 started.
[11/29 10:58:01 TiTok-Gen]: Data (t): 0.2476, 35.38/s/gpu Batch (t): 1.8091 LR: 0.000100 Step: 36900 Total Loss: 0.4078 Diff Loss: 0.4078 
[11/29 10:59:24 TiTok-Gen]: Data (t): 0.3257, 37.60/s/gpu Batch (t): 1.7021 LR: 0.000100 Step: 36950 Total Loss: 0.4062 Diff Loss: 0.4062 
[11/29 11:00:47 TiTok-Gen]: Data (t): 0.2528, 38.28/s/gpu Batch (t): 1.6719 LR: 0.000100 Step: 37000 Total Loss: 0.4071 Diff Loss: 0.4071 
[11/29 11:00:48 TiTok-Gen]: Generating images...
  0%|          | 0/289 [00:00<?, ?it/s]  0%|          | 1/289 [00:00<01:47,  2.68it/s]  1%|          | 2/289 [00:00<01:48,  2.64it/s]  1%|          | 3/289 [00:01<01:49,  2.62it/s]  1%|▏         | 4/289 [00:01<01:48,  2.61it/s]  2%|▏         | 5/289 [00:01<01:48,  2.61it/s]  2%|▏         | 6/289 [00:02<01:48,  2.61it/s]  2%|▏         | 7/289 [00:02<01:47,  2.61it/s]  3%|▎         | 8/289 [00:03<01:47,  2.61it/s]  3%|▎         | 9/289 [00:03<01:47,  2.61it/s]  3%|▎         | 10/289 [00:03<01:46,  2.61it/s]  4%|▍         | 11/289 [00:04<01:46,  2.61it/s]  4%|▍         | 12/289 [00:04<01:45,  2.62it/s]  4%|▍         | 13/289 [00:04<01:45,  2.62it/s]  5%|▍         | 14/289 [00:05<01:45,  2.62it/s]  5%|▌         | 15/289 [00:05<01:44,  2.62it/s]  6%|▌         | 16/289 [00:06<01:44,  2.60it/s]  6%|▌         | 17/289 [00:06<01:44,  2.61it/s]  6%|▌         | 18/289 [00:06<01:43,  2.61it/s]  7%|▋         | 19/289 [00:07<01:43,  2.61it/s]  7%|▋         | 20/289 [00:07<01:42,  2.61it/s]  7%|▋         | 21/289 [00:08<01:42,  2.61it/s]  8%|▊         | 22/289 [00:08<01:42,  2.61it/s]  8%|▊         | 23/289 [00:08<01:41,  2.62it/s]  8%|▊         | 24/289 [00:09<01:41,  2.62it/s]  9%|▊         | 25/289 [00:09<01:40,  2.62it/s]  9%|▉         | 26/289 [00:09<01:40,  2.62it/s]  9%|▉         | 27/289 [00:10<01:39,  2.62it/s] 10%|▉         | 28/289 [00:10<01:39,  2.63it/s] 10%|█         | 29/289 [00:11<01:39,  2.63it/s] 10%|█         | 30/289 [00:11<01:38,  2.63it/s] 11%|█         | 31/289 [00:11<01:38,  2.61it/s] 11%|█         | 32/289 [00:12<01:39,  2.59it/s] 11%|█▏        | 33/289 [00:12<01:38,  2.60it/s] 12%|█▏        | 34/289 [00:13<01:37,  2.61it/s] 12%|█▏        | 35/289 [00:13<01:37,  2.61it/s] 12%|█▏        | 36/289 [00:13<01:36,  2.61it/s] 13%|█▎        | 37/289 [00:14<01:36,  2.61it/s] 13%|█▎        | 38/289 [00:14<01:35,  2.62it/s] 13%|█▎        | 39/289 [00:14<01:35,  2.62it/s] 14%|█▍        | 40/289 [00:15<01:35,  2.62it/s] 14%|█▍        | 41/289 [00:15<01:34,  2.62it/s] 15%|█▍        | 42/289 [00:16<01:34,  2.62it/s] 15%|█▍        | 43/289 [00:16<01:33,  2.62it/s] 15%|█▌        | 44/289 [00:16<01:33,  2.62it/s] 16%|█▌        | 45/289 [00:17<01:32,  2.63it/s] 16%|█▌        | 46/289 [00:17<01:32,  2.62it/s] 16%|█▋        | 47/289 [00:17<01:32,  2.63it/s] 17%|█▋        | 48/289 [00:18<01:31,  2.63it/s] 17%|█▋        | 49/289 [00:18<01:31,  2.62it/s] 17%|█▋        | 50/289 [00:19<01:30,  2.63it/s] 18%|█▊        | 51/289 [00:19<01:30,  2.63it/s] 18%|█▊        | 52/289 [00:19<01:30,  2.63it/s] 18%|█▊        | 53/289 [00:20<01:29,  2.63it/s] 19%|█▊        | 54/289 [00:20<01:29,  2.62it/s] 19%|█▉        | 55/289 [00:21<01:29,  2.61it/s] 19%|█▉        | 56/289 [00:21<01:29,  2.60it/s] 20%|█▉        | 57/289 [00:21<01:28,  2.61it/s] 20%|██        | 58/289 [00:22<01:28,  2.61it/s] 20%|██        | 59/289 [00:22<01:27,  2.62it/s] 21%|██        | 60/289 [00:22<01:27,  2.61it/s] 21%|██        | 61/289 [00:23<01:27,  2.62it/s] 21%|██▏       | 62/289 [00:23<01:26,  2.62it/s] 22%|██▏       | 63/289 [00:24<01:26,  2.62it/s] 22%|██▏       | 64/289 [00:24<01:25,  2.62it/s] 22%|██▏       | 65/289 [00:24<01:25,  2.62it/s] 23%|██▎       | 66/289 [00:25<01:24,  2.62it/s] 23%|██▎       | 67/289 [00:25<01:24,  2.62it/s] 24%|██▎       | 68/289 [00:25<01:24,  2.63it/s] 24%|██▍       | 69/289 [00:26<01:23,  2.63it/s] 24%|██▍       | 70/289 [00:26<01:23,  2.63it/s] 25%|██▍       | 71/289 [00:27<01:22,  2.63it/s] 25%|██▍       | 72/289 [00:27<01:22,  2.63it/s] 25%|██▌       | 73/289 [00:27<01:22,  2.63it/s] 26%|██▌       | 74/289 [00:28<01:21,  2.63it/s] 26%|██▌       | 75/289 [00:28<01:21,  2.63it/s] 26%|██▋       | 76/289 [00:29<01:21,  2.63it/s] 27%|██▋       | 77/289 [00:29<01:20,  2.63it/s] 27%|██▋       | 78/289 [00:29<01:20,  2.63it/s] 27%|██▋       | 79/289 [00:30<01:19,  2.63it/s] 28%|██▊       | 80/289 [00:30<01:19,  2.63it/s] 28%|██▊       | 81/289 [00:30<01:19,  2.63it/s] 28%|██▊       | 82/289 [00:31<01:18,  2.63it/s] 29%|██▊       | 83/289 [00:31<01:18,  2.63it/s] 29%|██▉       | 84/289 [00:32<01:17,  2.63it/s] 29%|██▉       | 85/289 [00:32<01:17,  2.63it/s] 30%|██▉       | 86/289 [00:32<01:17,  2.63it/s] 30%|███       | 87/289 [00:33<01:16,  2.63it/s] 30%|███       | 88/289 [00:33<01:16,  2.63it/s] 31%|███       | 89/289 [00:33<01:15,  2.64it/s] 31%|███       | 90/289 [00:34<01:15,  2.64it/s] 31%|███▏      | 91/289 [00:34<01:15,  2.62it/s] 32%|███▏      | 92/289 [00:35<01:14,  2.63it/s] 32%|███▏      | 93/289 [00:35<01:14,  2.63it/s] 33%|███▎      | 94/289 [00:35<01:14,  2.61it/s] 33%|███▎      | 95/289 [00:36<01:14,  2.61it/s] 33%|███▎      | 96/289 [00:36<01:13,  2.62it/s] 34%|███▎      | 97/289 [00:37<01:13,  2.62it/s] 34%|███▍      | 98/289 [00:37<01:12,  2.63it/s] 34%|███▍      | 99/289 [00:37<01:12,  2.63it/s] 35%|███▍      | 100/289 [00:38<01:12,  2.62it/s] 35%|███▍      | 101/289 [00:38<01:11,  2.63it/s] 35%|███▌      | 102/289 [00:38<01:11,  2.63it/s] 36%|███▌      | 103/289 [00:39<01:10,  2.63it/s] 36%|███▌      | 104/289 [00:39<01:10,  2.63it/s] 36%|███▋      | 105/289 [00:40<01:10,  2.63it/s] 37%|███▋      | 106/289 [00:40<01:09,  2.63it/s] 37%|███▋      | 107/289 [00:40<01:09,  2.63it/s] 37%|███▋      | 108/289 [00:41<01:08,  2.63it/s] 38%|███▊      | 109/289 [00:41<01:08,  2.63it/s] 38%|███▊      | 110/289 [00:41<01:08,  2.62it/s] 38%|███▊      | 111/289 [00:42<01:07,  2.63it/s] 39%|███▉      | 112/289 [00:42<01:07,  2.63it/s] 39%|███▉      | 113/289 [00:43<01:06,  2.63it/s] 39%|███▉      | 114/289 [00:43<01:06,  2.63it/s] 40%|███▉      | 115/289 [00:43<01:06,  2.63it/s] 40%|████      | 116/289 [00:44<01:05,  2.63it/s] 40%|████      | 117/289 [00:44<01:05,  2.63it/s] 41%|████      | 118/289 [00:45<01:04,  2.63it/s] 41%|████      | 119/289 [00:45<01:04,  2.63it/s] 42%|████▏     | 120/289 [00:45<01:04,  2.63it/s] 42%|████▏     | 121/289 [00:46<01:03,  2.63it/s] 42%|████▏     | 122/289 [00:46<01:03,  2.63it/s] 43%|████▎     | 123/289 [00:46<01:03,  2.63it/s] 43%|████▎     | 124/289 [00:47<01:02,  2.63it/s] 43%|████▎     | 125/289 [00:47<01:02,  2.63it/s] 44%|████▎     | 126/289 [00:48<01:01,  2.63it/s] 44%|████▍     | 127/289 [00:48<01:01,  2.63it/s] 44%|████▍     | 128/289 [00:48<01:01,  2.63it/s] 45%|████▍     | 129/289 [00:49<01:00,  2.63it/s] 45%|████▍     | 130/289 [00:49<01:00,  2.63it/s] 45%|████▌     | 131/289 [00:49<01:00,  2.63it/s] 46%|████▌     | 132/289 [00:50<00:59,  2.63it/s] 46%|████▌     | 133/289 [00:50<00:59,  2.62it/s] 46%|████▋     | 134/289 [00:51<00:58,  2.63it/s] 47%|████▋     | 135/289 [00:51<00:58,  2.63it/s] 47%|████▋     | 136/289 [00:51<00:58,  2.63it/s] 47%|████▋     | 137/289 [00:52<00:57,  2.63it/s] 48%|████▊     | 138/289 [00:52<00:57,  2.63it/s] 48%|████▊     | 139/289 [00:52<00:56,  2.63it/s] 48%|████▊     | 140/289 [00:53<00:56,  2.63it/s] 49%|████▉     | 141/289 [00:53<00:56,  2.63it/s] 49%|████▉     | 142/289 [00:54<00:55,  2.63it/s] 49%|████▉     | 143/289 [00:54<00:55,  2.63it/s] 50%|████▉     | 144/289 [00:54<00:55,  2.62it/s] 50%|█████     | 145/289 [00:55<00:54,  2.62it/s] 51%|█████     | 146/289 [00:55<00:54,  2.63it/s] 51%|█████     | 147/289 [00:56<00:53,  2.63it/s] 51%|█████     | 148/289 [00:56<00:53,  2.61it/s] 52%|█████▏    | 149/289 [00:56<00:53,  2.62it/s] 52%|█████▏    | 150/289 [00:57<00:52,  2.62it/s] 52%|█████▏    | 151/289 [00:57<00:52,  2.63it/s] 53%|█████▎    | 152/289 [00:57<00:52,  2.63it/s] 53%|█████▎    | 153/289 [00:58<00:51,  2.63it/s] 53%|█████▎    | 154/289 [00:58<00:51,  2.63it/s] 54%|█████▎    | 155/289 [00:59<00:50,  2.63it/s] 54%|█████▍    | 156/289 [00:59<00:50,  2.63it/s] 54%|█████▍    | 157/289 [00:59<00:50,  2.63it/s] 55%|█████▍    | 158/289 [01:00<00:49,  2.63it/s] 55%|█████▌    | 159/289 [01:00<00:49,  2.63it/s] 55%|█████▌    | 160/289 [01:00<00:48,  2.64it/s] 56%|█████▌    | 161/289 [01:01<00:48,  2.64it/s] 56%|█████▌    | 162/289 [01:01<00:48,  2.63it/s] 56%|█████▋    | 163/289 [01:02<00:47,  2.63it/s] 57%|█████▋    | 164/289 [01:02<00:47,  2.63it/s] 57%|█████▋    | 165/289 [01:02<00:47,  2.63it/s] 57%|█████▋    | 166/289 [01:03<00:46,  2.63it/s] 58%|█████▊    | 167/289 [01:03<00:46,  2.63it/s] 58%|█████▊    | 168/289 [01:04<00:45,  2.63it/s] 58%|█████▊    | 169/289 [01:04<00:45,  2.63it/s] 59%|█████▉    | 170/289 [01:04<00:45,  2.63it/s] 59%|█████▉    | 171/289 [01:05<00:44,  2.63it/s] 60%|█████▉    | 172/289 [01:05<00:44,  2.63it/s] 60%|█████▉    | 173/289 [01:05<00:44,  2.63it/s] 60%|██████    | 174/289 [01:06<00:43,  2.63it/s] 61%|██████    | 175/289 [01:06<00:43,  2.63it/s] 61%|██████    | 176/289 [01:07<00:42,  2.63it/s] 61%|██████    | 177/289 [01:07<00:42,  2.63it/s] 62%|██████▏   | 178/289 [01:07<00:42,  2.63it/s] 62%|██████▏   | 179/289 [01:08<00:41,  2.63it/s] 62%|██████▏   | 180/289 [01:08<00:41,  2.63it/s] 63%|██████▎   | 181/289 [01:08<00:41,  2.63it/s] 63%|██████▎   | 182/289 [01:09<00:40,  2.63it/s] 63%|██████▎   | 183/289 [01:09<00:40,  2.63it/s] 64%|██████▎   | 184/289 [01:10<00:39,  2.64it/s] 64%|██████▍   | 185/289 [01:10<00:39,  2.64it/s] 64%|██████▍   | 186/289 [01:10<00:39,  2.63it/s] 65%|██████▍   | 187/289 [01:11<00:38,  2.63it/s] 65%|██████▌   | 188/289 [01:11<00:38,  2.64it/s] 65%|██████▌   | 189/289 [01:11<00:37,  2.64it/s] 66%|██████▌   | 190/289 [01:12<00:37,  2.64it/s] 66%|██████▌   | 191/289 [01:12<00:37,  2.63it/s] 66%|██████▋   | 192/289 [01:13<00:36,  2.63it/s] 67%|██████▋   | 193/289 [01:13<00:36,  2.63it/s] 67%|██████▋   | 194/289 [01:13<00:36,  2.63it/s] 67%|██████▋   | 195/289 [01:14<00:35,  2.63it/s] 68%|██████▊   | 196/289 [01:14<00:35,  2.63it/s] 68%|██████▊   | 197/289 [01:15<00:34,  2.63it/s] 69%|██████▊   | 198/289 [01:15<00:34,  2.63it/s] 69%|██████▉   | 199/289 [01:15<00:34,  2.63it/s] 69%|██████▉   | 200/289 [01:16<00:33,  2.64it/s] 70%|██████▉   | 201/289 [01:16<00:33,  2.63it/s] 70%|██████▉   | 202/289 [01:16<00:33,  2.63it/s] 70%|███████   | 203/289 [01:17<00:32,  2.63it/s] 71%|███████   | 204/289 [01:17<00:32,  2.63it/s] 71%|███████   | 205/289 [01:18<00:31,  2.64it/s] 71%|███████▏  | 206/289 [01:18<00:31,  2.63it/s] 72%|███████▏  | 207/289 [01:18<00:31,  2.64it/s] 72%|███████▏  | 208/289 [01:19<00:30,  2.64it/s] 72%|███████▏  | 209/289 [01:19<00:30,  2.64it/s] 73%|███████▎  | 210/289 [01:19<00:29,  2.63it/s] 73%|███████▎  | 211/289 [01:20<00:29,  2.63it/s] 73%|███████▎  | 212/289 [01:20<00:29,  2.62it/s] 74%|███████▎  | 213/289 [01:21<00:29,  2.61it/s] 74%|███████▍  | 214/289 [01:21<00:28,  2.59it/s] 74%|███████▍  | 215/289 [01:21<00:28,  2.59it/s] 75%|███████▍  | 216/289 [01:22<00:28,  2.59it/s] 75%|███████▌  | 217/289 [01:22<00:27,  2.60it/s] 75%|███████▌  | 218/289 [01:23<00:27,  2.61it/s] 76%|███████▌  | 219/289 [01:23<00:26,  2.62it/s] 76%|███████▌  | 220/289 [01:23<00:26,  2.62it/s] 76%|███████▋  | 221/289 [01:24<00:26,  2.61it/s] 77%|███████▋  | 222/289 [01:24<00:25,  2.61it/s] 77%|███████▋  | 223/289 [01:24<00:25,  2.62it/s] 78%|███████▊  | 224/289 [01:25<00:24,  2.62it/s] 78%|███████▊  | 225/289 [01:25<00:24,  2.63it/s] 78%|███████▊  | 226/289 [01:26<00:23,  2.63it/s] 79%|███████▊  | 227/289 [01:26<00:23,  2.63it/s] 79%|███████▉  | 228/289 [01:26<00:23,  2.63it/s] 79%|███████▉  | 229/289 [01:27<00:22,  2.63it/s] 80%|███████▉  | 230/289 [01:27<00:22,  2.64it/s] 80%|███████▉  | 231/289 [01:27<00:21,  2.64it/s] 80%|████████  | 232/289 [01:28<00:21,  2.63it/s] 81%|████████  | 233/289 [01:28<00:21,  2.63it/s] 81%|████████  | 234/289 [01:29<00:20,  2.63it/s] 81%|████████▏ | 235/289 [01:29<00:20,  2.63it/s] 82%|████████▏ | 236/289 [01:29<00:20,  2.63it/s] 82%|████████▏ | 237/289 [01:30<00:19,  2.63it/s] 82%|████████▏ | 238/289 [01:30<00:19,  2.63it/s] 83%|████████▎ | 239/289 [01:31<00:19,  2.63it/s] 83%|████████▎ | 240/289 [01:31<00:18,  2.63it/s] 83%|████████▎ | 241/289 [01:31<00:18,  2.64it/s] 84%|████████▎ | 242/289 [01:32<00:17,  2.64it/s] 84%|████████▍ | 243/289 [01:32<00:17,  2.64it/s] 84%|████████▍ | 244/289 [01:32<00:17,  2.64it/s] 85%|████████▍ | 245/289 [01:33<00:16,  2.64it/s] 85%|████████▌ | 246/289 [01:33<00:16,  2.64it/s] 85%|████████▌ | 247/289 [01:34<00:15,  2.63it/s] 86%|████████▌ | 248/289 [01:34<00:15,  2.63it/s] 86%|████████▌ | 249/289 [01:34<00:15,  2.63it/s] 87%|████████▋ | 250/289 [01:35<00:14,  2.63it/s] 87%|████████▋ | 251/289 [01:35<00:14,  2.63it/s] 87%|████████▋ | 252/289 [01:35<00:14,  2.63it/s] 88%|████████▊ | 253/289 [01:36<00:13,  2.63it/s] 88%|████████▊ | 254/289 [01:36<00:13,  2.63it/s] 88%|████████▊ | 255/289 [01:37<00:12,  2.63it/s] 89%|████████▊ | 256/289 [01:37<00:12,  2.64it/s] 89%|████████▉ | 257/289 [01:37<00:12,  2.63it/s] 89%|████████▉ | 258/289 [01:38<00:11,  2.63it/s] 90%|████████▉ | 259/289 [01:38<00:11,  2.63it/s] 90%|████████▉ | 260/289 [01:39<00:11,  2.64it/s] 90%|█████████ | 261/289 [01:39<00:10,  2.64it/s] 91%|█████████ | 262/289 [01:39<00:10,  2.63it/s] 91%|█████████ | 263/289 [01:40<00:09,  2.64it/s] 91%|█████████▏| 264/289 [01:40<00:09,  2.64it/s] 92%|█████████▏| 265/289 [01:40<00:09,  2.64it/s] 92%|█████████▏| 266/289 [01:41<00:08,  2.64it/s] 92%|█████████▏| 267/289 [01:41<00:08,  2.64it/s] 93%|█████████▎| 268/289 [01:42<00:07,  2.64it/s] 93%|█████████▎| 269/289 [01:42<00:07,  2.64it/s] 93%|█████████▎| 270/289 [01:42<00:07,  2.64it/s] 94%|█████████▍| 271/289 [01:43<00:06,  2.64it/s] 94%|█████████▍| 272/289 [01:43<00:06,  2.63it/s] 94%|█████████▍| 273/289 [01:43<00:06,  2.63it/s] 95%|█████████▍| 274/289 [01:44<00:05,  2.63it/s] 95%|█████████▌| 275/289 [01:44<00:05,  2.63it/s] 96%|█████████▌| 276/289 [01:45<00:04,  2.63it/s] 96%|█████████▌| 277/289 [01:45<00:04,  2.63it/s] 96%|█████████▌| 278/289 [01:45<00:04,  2.64it/s] 97%|█████████▋| 279/289 [01:46<00:03,  2.64it/s] 97%|█████████▋| 280/289 [01:46<00:03,  2.64it/s] 97%|█████████▋| 281/289 [01:46<00:03,  2.64it/s] 98%|█████████▊| 282/289 [01:47<00:02,  2.64it/s] 98%|█████████▊| 283/289 [01:47<00:02,  2.64it/s] 98%|█████████▊| 284/289 [01:48<00:01,  2.64it/s] 99%|█████████▊| 285/289 [01:48<00:01,  2.64it/s] 99%|█████████▉| 286/289 [01:48<00:01,  2.64it/s] 99%|█████████▉| 287/289 [01:49<00:00,  2.63it/s]100%|█████████▉| 288/289 [01:49<00:00,  2.64it/s]100%|█████████▉| 288/289 [01:49<00:00,  2.62it/s]
[11/29 11:04:01 TiTok-Gen]: Data (t): 0.2664, 39.40/s/gpu Batch (t): 1.6243 LR: 0.000100 Step: 37050 Total Loss: 0.4073 Diff Loss: 0.4073 
[11/29 11:05:23 TiTok-Gen]: Data (t): 0.2478, 39.68/s/gpu Batch (t): 1.6127 LR: 0.000100 Step: 37100 Total Loss: 0.4073 Diff Loss: 0.4073 
[11/29 11:06:46 TiTok-Gen]: Data (t): 0.2544, 40.57/s/gpu Batch (t): 1.5777 LR: 0.000100 Step: 37150 Total Loss: 0.4082 Diff Loss: 0.4082 
[11/29 11:08:09 TiTok-Gen]: Data (t): 0.2517, 41.02/s/gpu Batch (t): 1.5602 LR: 0.000100 Step: 37200 Total Loss: 0.4074 Diff Loss: 0.4074 
[11/29 11:09:32 TiTok-Gen]: Data (t): 0.2532, 37.47/s/gpu Batch (t): 1.7080 LR: 0.000100 Step: 37250 Total Loss: 0.4084 Diff Loss: 0.4084 
[11/29 11:10:55 TiTok-Gen]: Data (t): 0.2532, 36.92/s/gpu Batch (t): 1.7336 LR: 0.000100 Step: 37300 Total Loss: 0.4085 Diff Loss: 0.4085 
[11/29 11:12:18 TiTok-Gen]: Data (t): 0.2683, 39.97/s/gpu Batch (t): 1.6013 LR: 0.000100 Step: 37350 Total Loss: 0.4084 Diff Loss: 0.4084 
[11/29 11:13:41 TiTok-Gen]: Data (t): 0.2474, 40.00/s/gpu Batch (t): 1.6000 LR: 0.000100 Step: 37400 Total Loss: 0.4092 Diff Loss: 0.4092 
[11/29 11:15:04 TiTok-Gen]: Data (t): 0.3031, 39.91/s/gpu Batch (t): 1.6036 LR: 0.000100 Step: 37450 Total Loss: 0.4073 Diff Loss: 0.4073 
[11/29 11:16:26 TiTok-Gen]: Data (t): 0.2480, 37.18/s/gpu Batch (t): 1.7213 LR: 0.000100 Step: 37500 Total Loss: 0.4086 Diff Loss: 0.4086 
[11/29 11:17:05 TiTok-Gen]: Epoch 59/1597 started.
[11/29 11:18:06 TiTok-Gen]: Data (t): 0.2490, 37.12/s/gpu Batch (t): 1.7242 LR: 0.000100 Step: 37550 Total Loss: 0.4072 Diff Loss: 0.4072 
[11/29 11:19:29 TiTok-Gen]: Data (t): 0.4246, 40.41/s/gpu Batch (t): 1.5839 LR: 0.000100 Step: 37600 Total Loss: 0.4069 Diff Loss: 0.4069 
[11/29 11:20:51 TiTok-Gen]: Data (t): 0.4553, 40.32/s/gpu Batch (t): 1.5871 LR: 0.000100 Step: 37650 Total Loss: 0.4094 Diff Loss: 0.4094 
[11/29 11:22:14 TiTok-Gen]: Data (t): 0.4679, 35.97/s/gpu Batch (t): 1.7792 LR: 0.000100 Step: 37700 Total Loss: 0.4074 Diff Loss: 0.4074 
[11/29 11:23:37 TiTok-Gen]: Data (t): 0.4174, 40.89/s/gpu Batch (t): 1.5650 LR: 0.000100 Step: 37750 Total Loss: 0.4071 Diff Loss: 0.4071 
[11/29 11:25:00 TiTok-Gen]: Data (t): 0.4504, 40.93/s/gpu Batch (t): 1.5636 LR: 0.000100 Step: 37800 Total Loss: 0.4076 Diff Loss: 0.4076 
[11/29 11:26:23 TiTok-Gen]: Data (t): 0.4295, 40.33/s/gpu Batch (t): 1.5870 LR: 0.000100 Step: 37850 Total Loss: 0.4081 Diff Loss: 0.4081 
[11/29 11:27:45 TiTok-Gen]: Data (t): 0.4625, 40.49/s/gpu Batch (t): 1.5806 LR: 0.000100 Step: 37900 Total Loss: 0.4088 Diff Loss: 0.4088 
[11/29 11:29:07 TiTok-Gen]: Data (t): 0.4516, 37.65/s/gpu Batch (t): 1.6999 LR: 0.000100 Step: 37950 Total Loss: 0.4086 Diff Loss: 0.4086 
[11/29 11:30:30 TiTok-Gen]: Data (t): 0.4623, 34.15/s/gpu Batch (t): 1.8742 LR: 0.000100 Step: 38000 Total Loss: 0.4070 Diff Loss: 0.4070 
[11/29 11:30:32 TiTok-Gen]: Generating images...
  0%|          | 0/289 [00:00<?, ?it/s]  0%|          | 1/289 [00:00<01:47,  2.67it/s]  1%|          | 2/289 [00:00<01:48,  2.64it/s]  1%|          | 3/289 [00:01<01:48,  2.63it/s]  1%|▏         | 4/289 [00:01<01:48,  2.62it/s]  2%|▏         | 5/289 [00:01<01:48,  2.62it/s]  2%|▏         | 6/289 [00:02<01:47,  2.62it/s]  2%|▏         | 7/289 [00:02<01:47,  2.62it/s]  3%|▎         | 8/289 [00:03<01:47,  2.62it/s]  3%|▎         | 9/289 [00:03<01:47,  2.62it/s]  3%|▎         | 10/289 [00:03<01:46,  2.62it/s]  4%|▍         | 11/289 [00:04<01:46,  2.61it/s]  4%|▍         | 12/289 [00:04<01:45,  2.62it/s]  4%|▍         | 13/289 [00:04<01:45,  2.62it/s]  5%|▍         | 14/289 [00:05<01:45,  2.62it/s]  5%|▌         | 15/289 [00:05<01:44,  2.62it/s]  6%|▌         | 16/289 [00:06<01:44,  2.62it/s]  6%|▌         | 17/289 [00:06<01:43,  2.63it/s]  6%|▌         | 18/289 [00:06<01:43,  2.62it/s]  7%|▋         | 19/289 [00:07<01:43,  2.62it/s]  7%|▋         | 20/289 [00:07<01:42,  2.62it/s]  7%|▋         | 21/289 [00:08<01:42,  2.62it/s]  8%|▊         | 22/289 [00:08<01:41,  2.63it/s]  8%|▊         | 23/289 [00:08<01:41,  2.62it/s]  8%|▊         | 24/289 [00:09<01:41,  2.62it/s]  9%|▊         | 25/289 [00:09<01:40,  2.62it/s]  9%|▉         | 26/289 [00:09<01:40,  2.63it/s]  9%|▉         | 27/289 [00:10<01:40,  2.61it/s] 10%|▉         | 28/289 [00:10<01:39,  2.62it/s] 10%|█         | 29/289 [00:11<01:39,  2.62it/s] 10%|█         | 30/289 [00:11<01:38,  2.62it/s] 11%|█         | 31/289 [00:11<01:38,  2.61it/s] 11%|█         | 32/289 [00:12<01:38,  2.62it/s] 11%|█▏        | 33/289 [00:12<01:37,  2.62it/s] 12%|█▏        | 34/289 [00:12<01:37,  2.62it/s] 12%|█▏        | 35/289 [00:13<01:36,  2.62it/s] 12%|█▏        | 36/289 [00:13<01:36,  2.62it/s] 13%|█▎        | 37/289 [00:14<01:35,  2.63it/s] 13%|█▎        | 38/289 [00:14<01:35,  2.63it/s] 13%|█▎        | 39/289 [00:14<01:35,  2.63it/s] 14%|█▍        | 40/289 [00:15<01:34,  2.63it/s] 14%|█▍        | 41/289 [00:15<01:34,  2.63it/s] 15%|█▍        | 42/289 [00:16<01:34,  2.63it/s] 15%|█▍        | 43/289 [00:16<01:33,  2.63it/s] 15%|█▌        | 44/289 [00:16<01:33,  2.63it/s] 16%|█▌        | 45/289 [00:17<01:33,  2.62it/s] 16%|█▌        | 46/289 [00:17<01:32,  2.62it/s] 16%|█▋        | 47/289 [00:17<01:32,  2.62it/s] 17%|█▋        | 48/289 [00:18<01:31,  2.62it/s] 17%|█▋        | 49/289 [00:18<01:31,  2.63it/s] 17%|█▋        | 50/289 [00:19<01:30,  2.63it/s] 18%|█▊        | 51/289 [00:19<01:30,  2.63it/s] 18%|█▊        | 52/289 [00:19<01:30,  2.62it/s] 18%|█▊        | 53/289 [00:20<01:29,  2.62it/s] 19%|█▊        | 54/289 [00:20<01:30,  2.60it/s] 19%|█▉        | 55/289 [00:20<01:29,  2.61it/s] 19%|█▉        | 56/289 [00:21<01:29,  2.62it/s] 20%|█▉        | 57/289 [00:21<01:28,  2.62it/s] 20%|██        | 58/289 [00:22<01:28,  2.62it/s] 20%|██        | 59/289 [00:22<01:27,  2.62it/s] 21%|██        | 60/289 [00:22<01:27,  2.62it/s] 21%|██        | 61/289 [00:23<01:26,  2.62it/s] 21%|██▏       | 62/289 [00:23<01:26,  2.63it/s] 22%|██▏       | 63/289 [00:24<01:26,  2.63it/s] 22%|██▏       | 64/289 [00:24<01:25,  2.63it/s] 22%|██▏       | 65/289 [00:24<01:25,  2.63it/s] 23%|██▎       | 66/289 [00:25<01:24,  2.63it/s] 23%|██▎       | 67/289 [00:25<01:24,  2.63it/s] 24%|██▎       | 68/289 [00:25<01:24,  2.62it/s] 24%|██▍       | 69/289 [00:26<01:23,  2.63it/s] 24%|██▍       | 70/289 [00:26<01:23,  2.63it/s] 25%|██▍       | 71/289 [00:27<01:23,  2.63it/s] 25%|██▍       | 72/289 [00:27<01:22,  2.63it/s] 25%|██▌       | 73/289 [00:27<01:22,  2.63it/s] 26%|██▌       | 74/289 [00:28<01:21,  2.63it/s] 26%|██▌       | 75/289 [00:28<01:21,  2.63it/s] 26%|██▋       | 76/289 [00:28<01:21,  2.63it/s] 27%|██▋       | 77/289 [00:29<01:20,  2.63it/s] 27%|██▋       | 78/289 [00:29<01:20,  2.63it/s] 27%|██▋       | 79/289 [00:30<01:19,  2.63it/s] 28%|██▊       | 80/289 [00:30<01:19,  2.63it/s] 28%|██▊       | 81/289 [00:30<01:19,  2.63it/s] 28%|██▊       | 82/289 [00:31<01:18,  2.63it/s] 29%|██▊       | 83/289 [00:31<01:18,  2.63it/s] 29%|██▉       | 84/289 [00:32<01:18,  2.63it/s] 29%|██▉       | 85/289 [00:32<01:17,  2.63it/s] 30%|██▉       | 86/289 [00:32<01:17,  2.63it/s] 30%|███       | 87/289 [00:33<01:16,  2.63it/s] 30%|███       | 88/289 [00:33<01:16,  2.63it/s] 31%|███       | 89/289 [00:33<01:16,  2.63it/s] 31%|███       | 90/289 [00:34<01:15,  2.63it/s] 31%|███▏      | 91/289 [00:34<01:15,  2.63it/s] 32%|███▏      | 92/289 [00:35<01:14,  2.63it/s] 32%|███▏      | 93/289 [00:35<01:14,  2.62it/s] 33%|███▎      | 94/289 [00:35<01:14,  2.62it/s] 33%|███▎      | 95/289 [00:36<01:13,  2.62it/s] 33%|███▎      | 96/289 [00:36<01:14,  2.61it/s] 34%|███▎      | 97/289 [00:36<01:13,  2.61it/s] 34%|███▍      | 98/289 [00:37<01:13,  2.62it/s] 34%|███▍      | 99/289 [00:37<01:12,  2.62it/s] 35%|███▍      | 100/289 [00:38<01:12,  2.62it/s] 35%|███▍      | 101/289 [00:38<01:11,  2.63it/s] 35%|███▌      | 102/289 [00:38<01:11,  2.63it/s] 36%|███▌      | 103/289 [00:39<01:11,  2.62it/s] 36%|███▌      | 104/289 [00:39<01:10,  2.62it/s] 36%|███▋      | 105/289 [00:40<01:10,  2.62it/s] 37%|███▋      | 106/289 [00:40<01:09,  2.62it/s] 37%|███▋      | 107/289 [00:40<01:09,  2.62it/s] 37%|███▋      | 108/289 [00:41<01:09,  2.62it/s] 38%|███▊      | 109/289 [00:41<01:08,  2.62it/s] 38%|███▊      | 110/289 [00:41<01:08,  2.63it/s] 38%|███▊      | 111/289 [00:42<01:07,  2.63it/s] 39%|███▉      | 112/289 [00:42<01:07,  2.63it/s] 39%|███▉      | 113/289 [00:43<01:07,  2.62it/s] 39%|███▉      | 114/289 [00:43<01:06,  2.62it/s] 40%|███▉      | 115/289 [00:43<01:06,  2.62it/s] 40%|████      | 116/289 [00:44<01:05,  2.62it/s] 40%|████      | 117/289 [00:44<01:05,  2.63it/s] 41%|████      | 118/289 [00:44<01:05,  2.63it/s] 41%|████      | 119/289 [00:45<01:04,  2.62it/s] 42%|████▏     | 120/289 [00:45<01:04,  2.63it/s] 42%|████▏     | 121/289 [00:46<01:03,  2.63it/s] 42%|████▏     | 122/289 [00:46<01:03,  2.63it/s] 43%|████▎     | 123/289 [00:46<01:03,  2.63it/s] 43%|████▎     | 124/289 [00:47<01:02,  2.63it/s] 43%|████▎     | 125/289 [00:47<01:02,  2.63it/s] 44%|████▎     | 126/289 [00:48<01:01,  2.63it/s] 44%|████▍     | 127/289 [00:48<01:01,  2.63it/s] 44%|████▍     | 128/289 [00:48<01:01,  2.63it/s] 45%|████▍     | 129/289 [00:49<01:00,  2.63it/s] 45%|████▍     | 130/289 [00:49<01:00,  2.63it/s] 45%|████▌     | 131/289 [00:49<01:00,  2.63it/s] 46%|████▌     | 132/289 [00:50<00:59,  2.63it/s] 46%|████▌     | 133/289 [00:50<00:59,  2.63it/s] 46%|████▋     | 134/289 [00:51<00:58,  2.63it/s] 47%|████▋     | 135/289 [00:51<00:58,  2.63it/s] 47%|████▋     | 136/289 [00:51<00:58,  2.63it/s] 47%|████▋     | 137/289 [00:52<00:57,  2.63it/s] 48%|████▊     | 138/289 [00:52<00:57,  2.63it/s] 48%|████▊     | 139/289 [00:52<00:57,  2.63it/s] 48%|████▊     | 140/289 [00:53<00:56,  2.63it/s] 49%|████▉     | 141/289 [00:53<00:56,  2.63it/s] 49%|████▉     | 142/289 [00:54<00:56,  2.62it/s] 49%|████▉     | 143/289 [00:54<00:55,  2.62it/s] 50%|████▉     | 144/289 [00:54<00:55,  2.62it/s] 50%|█████     | 145/289 [00:55<00:54,  2.62it/s] 51%|█████     | 146/289 [00:55<00:54,  2.63it/s] 51%|█████     | 147/289 [00:56<00:54,  2.63it/s] 51%|█████     | 148/289 [00:56<00:53,  2.63it/s] 52%|█████▏    | 149/289 [00:56<00:53,  2.63it/s] 52%|█████▏    | 150/289 [00:57<00:52,  2.63it/s] 52%|█████▏    | 151/289 [00:57<00:52,  2.63it/s] 53%|█████▎    | 152/289 [00:57<00:52,  2.63it/s] 53%|█████▎    | 153/289 [00:58<00:51,  2.63it/s] 53%|█████▎    | 154/289 [00:58<00:51,  2.63it/s] 54%|█████▎    | 155/289 [00:59<00:50,  2.63it/s] 54%|█████▍    | 156/289 [00:59<00:50,  2.63it/s] 54%|█████▍    | 157/289 [00:59<00:50,  2.62it/s] 55%|█████▍    | 158/289 [01:00<00:49,  2.62it/s] 55%|█████▌    | 159/289 [01:00<00:49,  2.63it/s] 55%|█████▌    | 160/289 [01:00<00:49,  2.63it/s] 56%|█████▌    | 161/289 [01:01<00:48,  2.63it/s] 56%|█████▌    | 162/289 [01:01<00:48,  2.61it/s] 56%|█████▋    | 163/289 [01:02<00:48,  2.62it/s] 57%|█████▋    | 164/289 [01:02<00:47,  2.62it/s] 57%|█████▋    | 165/289 [01:02<00:47,  2.62it/s] 57%|█████▋    | 166/289 [01:03<00:46,  2.63it/s] 58%|█████▊    | 167/289 [01:03<00:46,  2.63it/s] 58%|█████▊    | 168/289 [01:04<00:46,  2.63it/s] 58%|█████▊    | 169/289 [01:04<00:45,  2.63it/s] 59%|█████▉    | 170/289 [01:04<00:45,  2.63it/s] 59%|█████▉    | 171/289 [01:05<00:44,  2.63it/s] 60%|█████▉    | 172/289 [01:05<00:44,  2.63it/s] 60%|█████▉    | 173/289 [01:05<00:44,  2.62it/s] 60%|██████    | 174/289 [01:06<00:43,  2.63it/s] 61%|██████    | 175/289 [01:06<00:43,  2.63it/s] 61%|██████    | 176/289 [01:07<00:43,  2.62it/s] 61%|██████    | 177/289 [01:07<00:42,  2.62it/s] 62%|██████▏   | 178/289 [01:07<00:42,  2.62it/s] 62%|██████▏   | 179/289 [01:08<00:41,  2.62it/s] 62%|██████▏   | 180/289 [01:08<00:41,  2.62it/s] 63%|██████▎   | 181/289 [01:08<00:41,  2.62it/s] 63%|██████▎   | 182/289 [01:09<00:40,  2.63it/s] 63%|██████▎   | 183/289 [01:09<00:40,  2.63it/s] 64%|██████▎   | 184/289 [01:10<00:39,  2.63it/s] 64%|██████▍   | 185/289 [01:10<00:39,  2.63it/s] 64%|██████▍   | 186/289 [01:10<00:39,  2.63it/s] 65%|██████▍   | 187/289 [01:11<00:38,  2.62it/s] 65%|██████▌   | 188/289 [01:11<00:38,  2.63it/s] 65%|██████▌   | 189/289 [01:12<00:38,  2.63it/s] 66%|██████▌   | 190/289 [01:12<00:37,  2.63it/s] 66%|██████▌   | 191/289 [01:12<00:37,  2.63it/s] 66%|██████▋   | 192/289 [01:13<00:36,  2.63it/s] 67%|██████▋   | 193/289 [01:13<00:36,  2.63it/s] 67%|██████▋   | 194/289 [01:13<00:36,  2.63it/s] 67%|██████▋   | 195/289 [01:14<00:35,  2.63it/s] 68%|██████▊   | 196/289 [01:14<00:35,  2.63it/s] 68%|██████▊   | 197/289 [01:15<00:34,  2.63it/s] 69%|██████▊   | 198/289 [01:15<00:34,  2.63it/s] 69%|██████▉   | 199/289 [01:15<00:34,  2.63it/s] 69%|██████▉   | 200/289 [01:16<00:33,  2.63it/s] 70%|██████▉   | 201/289 [01:16<00:33,  2.63it/s] 70%|██████▉   | 202/289 [01:16<00:33,  2.63it/s] 70%|███████   | 203/289 [01:17<00:32,  2.63it/s] 71%|███████   | 204/289 [01:17<00:32,  2.63it/s] 71%|███████   | 205/289 [01:18<00:31,  2.63it/s] 71%|███████▏  | 206/289 [01:18<00:31,  2.63it/s] 72%|███████▏  | 207/289 [01:18<00:31,  2.63it/s] 72%|███████▏  | 208/289 [01:19<00:30,  2.63it/s] 72%|███████▏  | 209/289 [01:19<00:30,  2.63it/s] 73%|███████▎  | 210/289 [01:19<00:30,  2.63it/s] 73%|███████▎  | 211/289 [01:20<00:29,  2.63it/s] 73%|███████▎  | 212/289 [01:20<00:29,  2.63it/s] 74%|███████▎  | 213/289 [01:21<00:28,  2.63it/s] 74%|███████▍  | 214/289 [01:21<00:28,  2.63it/s] 74%|███████▍  | 215/289 [01:21<00:28,  2.63it/s] 75%|███████▍  | 216/289 [01:22<00:27,  2.64it/s] 75%|███████▌  | 217/289 [01:22<00:27,  2.64it/s] 75%|███████▌  | 218/289 [01:23<00:26,  2.64it/s] 76%|███████▌  | 219/289 [01:23<00:26,  2.64it/s] 76%|███████▌  | 220/289 [01:23<00:26,  2.64it/s] 76%|███████▋  | 221/289 [01:24<00:25,  2.64it/s] 77%|███████▋  | 222/289 [01:24<00:25,  2.64it/s] 77%|███████▋  | 223/289 [01:24<00:25,  2.64it/s] 78%|███████▊  | 224/289 [01:25<00:24,  2.64it/s] 78%|███████▊  | 225/289 [01:25<00:24,  2.64it/s] 78%|███████▊  | 226/289 [01:26<00:23,  2.64it/s] 79%|███████▊  | 227/289 [01:26<00:23,  2.64it/s] 79%|███████▉  | 228/289 [01:26<00:23,  2.63it/s] 79%|███████▉  | 229/289 [01:27<00:22,  2.64it/s] 80%|███████▉  | 230/289 [01:27<00:22,  2.64it/s] 80%|███████▉  | 231/289 [01:27<00:21,  2.64it/s] 80%|████████  | 232/289 [01:28<00:21,  2.64it/s] 81%|████████  | 233/289 [01:28<00:21,  2.63it/s] 81%|████████  | 234/289 [01:29<00:20,  2.63it/s] 81%|████████▏ | 235/289 [01:29<00:20,  2.63it/s] 82%|████████▏ | 236/289 [01:29<00:20,  2.63it/s] 82%|████████▏ | 237/289 [01:30<00:19,  2.63it/s] 82%|████████▏ | 238/289 [01:30<00:19,  2.61it/s] 83%|████████▎ | 239/289 [01:31<00:19,  2.62it/s] 83%|████████▎ | 240/289 [01:31<00:18,  2.62it/s] 83%|████████▎ | 241/289 [01:31<00:18,  2.63it/s] 84%|████████▎ | 242/289 [01:32<00:17,  2.63it/s] 84%|████████▍ | 243/289 [01:32<00:17,  2.63it/s] 84%|████████▍ | 244/289 [01:32<00:17,  2.63it/s] 85%|████████▍ | 245/289 [01:33<00:16,  2.63it/s] 85%|████████▌ | 246/289 [01:33<00:16,  2.63it/s] 85%|████████▌ | 247/289 [01:34<00:15,  2.63it/s] 86%|████████▌ | 248/289 [01:34<00:15,  2.63it/s] 86%|████████▌ | 249/289 [01:34<00:15,  2.63it/s] 87%|████████▋ | 250/289 [01:35<00:14,  2.63it/s] 87%|████████▋ | 251/289 [01:35<00:14,  2.63it/s] 87%|████████▋ | 252/289 [01:35<00:14,  2.63it/s] 88%|████████▊ | 253/289 [01:36<00:13,  2.63it/s] 88%|████████▊ | 254/289 [01:36<00:13,  2.62it/s] 88%|████████▊ | 255/289 [01:37<00:12,  2.62it/s] 89%|████████▊ | 256/289 [01:37<00:12,  2.63it/s] 89%|████████▉ | 257/289 [01:37<00:12,  2.63it/s] 89%|████████▉ | 258/289 [01:38<00:11,  2.63it/s] 90%|████████▉ | 259/289 [01:38<00:11,  2.63it/s] 90%|████████▉ | 260/289 [01:38<00:11,  2.63it/s] 90%|█████████ | 261/289 [01:39<00:10,  2.63it/s] 91%|█████████ | 262/289 [01:39<00:10,  2.63it/s] 91%|█████████ | 263/289 [01:40<00:09,  2.63it/s] 91%|█████████▏| 264/289 [01:40<00:09,  2.63it/s] 92%|█████████▏| 265/289 [01:40<00:09,  2.63it/s] 92%|█████████▏| 266/289 [01:41<00:08,  2.63it/s] 92%|█████████▏| 267/289 [01:41<00:08,  2.63it/s] 93%|█████████▎| 268/289 [01:42<00:07,  2.63it/s] 93%|█████████▎| 269/289 [01:42<00:07,  2.63it/s] 93%|█████████▎| 270/289 [01:42<00:07,  2.63it/s] 94%|█████████▍| 271/289 [01:43<00:06,  2.63it/s] 94%|█████████▍| 272/289 [01:43<00:06,  2.63it/s] 94%|█████████▍| 273/289 [01:43<00:06,  2.63it/s] 95%|█████████▍| 274/289 [01:44<00:05,  2.63it/s] 95%|█████████▌| 275/289 [01:44<00:05,  2.63it/s] 96%|█████████▌| 276/289 [01:45<00:04,  2.63it/s] 96%|█████████▌| 277/289 [01:45<00:04,  2.63it/s] 96%|█████████▌| 278/289 [01:45<00:04,  2.64it/s] 97%|█████████▋| 279/289 [01:46<00:03,  2.63it/s] 97%|█████████▋| 280/289 [01:46<00:03,  2.64it/s] 97%|█████████▋| 281/289 [01:46<00:03,  2.64it/s] 98%|█████████▊| 282/289 [01:47<00:02,  2.64it/s] 98%|█████████▊| 283/289 [01:47<00:02,  2.64it/s] 98%|█████████▊| 284/289 [01:48<00:01,  2.63it/s] 99%|█████████▊| 285/289 [01:48<00:01,  2.64it/s] 99%|█████████▉| 286/289 [01:48<00:01,  2.64it/s] 99%|█████████▉| 287/289 [01:49<00:00,  2.63it/s]100%|█████████▉| 288/289 [01:49<00:00,  2.64it/s]100%|█████████▉| 288/289 [01:49<00:00,  2.62it/s]
[11/29 11:33:45 TiTok-Gen]: Data (t): 0.4395, 37.15/s/gpu Batch (t): 1.7228 LR: 0.000100 Step: 38050 Total Loss: 0.4088 Diff Loss: 0.4088 
[11/29 11:35:07 TiTok-Gen]: Data (t): 0.4196, 40.16/s/gpu Batch (t): 1.5935 LR: 0.000100 Step: 38100 Total Loss: 0.4097 Diff Loss: 0.4097 
[11/29 11:36:28 TiTok-Gen]: Data (t): 0.4048, 41.48/s/gpu Batch (t): 1.5429 LR: 0.000100 Step: 38150 Total Loss: 0.4082 Diff Loss: 0.4082 
[11/29 11:36:45 TiTok-Gen]: Epoch 60/1597 started.
[11/29 11:38:11 TiTok-Gen]: Data (t): 0.2483, 40.43/s/gpu Batch (t): 1.5831 LR: 0.000100 Step: 38200 Total Loss: 0.4069 Diff Loss: 0.4069 
[11/29 11:39:34 TiTok-Gen]: Data (t): 0.2641, 36.67/s/gpu Batch (t): 1.7455 LR: 0.000100 Step: 38250 Total Loss: 0.4073 Diff Loss: 0.4073 
[11/29 11:40:57 TiTok-Gen]: Data (t): 0.3205, 37.31/s/gpu Batch (t): 1.7154 LR: 0.000100 Step: 38300 Total Loss: 0.4079 Diff Loss: 0.4079 
[11/29 11:42:19 TiTok-Gen]: Data (t): 0.2536, 40.80/s/gpu Batch (t): 1.5685 LR: 0.000100 Step: 38350 Total Loss: 0.4063 Diff Loss: 0.4063 
[11/29 11:43:42 TiTok-Gen]: Data (t): 0.2474, 39.92/s/gpu Batch (t): 1.6032 LR: 0.000100 Step: 38400 Total Loss: 0.4078 Diff Loss: 0.4078 
[11/29 11:45:05 TiTok-Gen]: Data (t): 0.2512, 37.07/s/gpu Batch (t): 1.7266 LR: 0.000100 Step: 38450 Total Loss: 0.4076 Diff Loss: 0.4076 
[11/29 11:46:28 TiTok-Gen]: Data (t): 0.2492, 37.47/s/gpu Batch (t): 1.7081 LR: 0.000100 Step: 38500 Total Loss: 0.4080 Diff Loss: 0.4080 
[11/29 11:47:51 TiTok-Gen]: Data (t): 0.2531, 37.04/s/gpu Batch (t): 1.7277 LR: 0.000100 Step: 38550 Total Loss: 0.4070 Diff Loss: 0.4070 
[11/29 11:49:14 TiTok-Gen]: Data (t): 0.2704, 41.05/s/gpu Batch (t): 1.5591 LR: 0.000100 Step: 38600 Total Loss: 0.4086 Diff Loss: 0.4086 
[11/29 11:50:36 TiTok-Gen]: Data (t): 0.2504, 40.09/s/gpu Batch (t): 1.5964 LR: 0.000100 Step: 38650 Total Loss: 0.4076 Diff Loss: 0.4076 
[11/29 11:51:59 TiTok-Gen]: Data (t): 0.3240, 40.16/s/gpu Batch (t): 1.5935 LR: 0.000100 Step: 38700 Total Loss: 0.4081 Diff Loss: 0.4081 
[11/29 11:53:22 TiTok-Gen]: Data (t): 0.3258, 40.32/s/gpu Batch (t): 1.5873 LR: 0.000100 Step: 38750 Total Loss: 0.4087 Diff Loss: 0.4087 
[11/29 11:54:37 TiTok-Gen]: Epoch 61/1597 started.
[11/29 11:55:02 TiTok-Gen]: Data (t): 0.2478, 40.30/s/gpu Batch (t): 1.5880 LR: 0.000100 Step: 38800 Total Loss: 0.4068 Diff Loss: 0.4068 
[11/29 11:56:25 TiTok-Gen]: Data (t): 0.3235, 38.40/s/gpu Batch (t): 1.6665 LR: 0.000100 Step: 38850 Total Loss: 0.4077 Diff Loss: 0.4077 
[11/29 11:57:48 TiTok-Gen]: Data (t): 0.2528, 39.22/s/gpu Batch (t): 1.6318 LR: 0.000100 Step: 38900 Total Loss: 0.4076 Diff Loss: 0.4076 
[11/29 11:59:11 TiTok-Gen]: Data (t): 0.2498, 39.51/s/gpu Batch (t): 1.6197 LR: 0.000100 Step: 38950 Total Loss: 0.4067 Diff Loss: 0.4067 
[11/29 12:00:34 TiTok-Gen]: Data (t): 0.2482, 31.66/s/gpu Batch (t): 2.0216 LR: 0.000100 Step: 39000 Total Loss: 0.4069 Diff Loss: 0.4069 
[11/29 12:00:35 TiTok-Gen]: Generating images...
  0%|          | 0/289 [00:00<?, ?it/s]  0%|          | 1/289 [00:00<01:48,  2.67it/s]  1%|          | 2/289 [00:00<01:49,  2.63it/s]  1%|          | 3/289 [00:01<01:49,  2.62it/s]  1%|▏         | 4/289 [00:01<01:49,  2.61it/s]  2%|▏         | 5/289 [00:01<01:49,  2.60it/s]  2%|▏         | 6/289 [00:02<01:48,  2.60it/s]  2%|▏         | 7/289 [00:02<01:48,  2.60it/s]  3%|▎         | 8/289 [00:03<01:48,  2.59it/s]  3%|▎         | 9/289 [00:03<01:48,  2.59it/s]  3%|▎         | 10/289 [00:03<01:47,  2.59it/s]  4%|▍         | 11/289 [00:04<01:47,  2.58it/s]  4%|▍         | 12/289 [00:04<01:47,  2.59it/s]  4%|▍         | 13/289 [00:05<01:46,  2.59it/s]  5%|▍         | 14/289 [00:05<01:46,  2.59it/s]  5%|▌         | 15/289 [00:05<01:45,  2.59it/s]  6%|▌         | 16/289 [00:06<01:45,  2.59it/s]  6%|▌         | 17/289 [00:06<01:44,  2.60it/s]  6%|▌         | 18/289 [00:06<01:44,  2.59it/s]  7%|▋         | 19/289 [00:07<01:44,  2.59it/s]  7%|▋         | 20/289 [00:07<01:43,  2.60it/s]  7%|▋         | 21/289 [00:08<01:43,  2.60it/s]  8%|▊         | 22/289 [00:08<01:42,  2.60it/s]  8%|▊         | 23/289 [00:08<01:42,  2.60it/s]  8%|▊         | 24/289 [00:09<01:41,  2.60it/s]  9%|▊         | 25/289 [00:09<01:41,  2.60it/s]  9%|▉         | 26/289 [00:10<01:41,  2.60it/s]  9%|▉         | 27/289 [00:10<01:40,  2.61it/s] 10%|▉         | 28/289 [00:10<01:40,  2.61it/s] 10%|█         | 29/289 [00:11<01:39,  2.61it/s] 10%|█         | 30/289 [00:11<01:39,  2.60it/s] 11%|█         | 31/289 [00:11<01:39,  2.58it/s] 11%|█         | 32/289 [00:12<01:39,  2.59it/s] 11%|█▏        | 33/289 [00:12<01:38,  2.60it/s] 12%|█▏        | 34/289 [00:13<01:38,  2.59it/s] 12%|█▏        | 35/289 [00:13<01:37,  2.60it/s] 12%|█▏        | 36/289 [00:13<01:37,  2.60it/s] 13%|█▎        | 37/289 [00:14<01:36,  2.60it/s] 13%|█▎        | 38/289 [00:14<01:36,  2.60it/s] 13%|█▎        | 39/289 [00:15<01:36,  2.60it/s] 14%|█▍        | 40/289 [00:15<01:35,  2.61it/s] 14%|█▍        | 41/289 [00:15<01:34,  2.61it/s] 15%|█▍        | 42/289 [00:16<01:34,  2.61it/s] 15%|█▍        | 43/289 [00:16<01:34,  2.61it/s] 15%|█▌        | 44/289 [00:16<01:33,  2.61it/s] 16%|█▌        | 45/289 [00:17<01:33,  2.61it/s] 16%|█▌        | 46/289 [00:17<01:33,  2.61it/s] 16%|█▋        | 47/289 [00:18<01:32,  2.61it/s] 17%|█▋        | 48/289 [00:18<01:32,  2.61it/s] 17%|█▋        | 49/289 [00:18<01:32,  2.61it/s] 17%|█▋        | 50/289 [00:19<01:31,  2.61it/s] 18%|█▊        | 51/289 [00:19<01:31,  2.61it/s] 18%|█▊        | 52/289 [00:19<01:30,  2.61it/s] 18%|█▊        | 53/289 [00:20<01:30,  2.61it/s] 19%|█▊        | 54/289 [00:20<01:30,  2.61it/s] 19%|█▉        | 55/289 [00:21<01:30,  2.59it/s] 19%|█▉        | 56/289 [00:21<01:29,  2.60it/s] 20%|█▉        | 57/289 [00:21<01:29,  2.58it/s] 20%|██        | 58/289 [00:22<01:29,  2.59it/s] 20%|██        | 59/289 [00:22<01:28,  2.60it/s] 21%|██        | 60/289 [00:23<01:27,  2.60it/s] 21%|██        | 61/289 [00:23<01:27,  2.60it/s] 21%|██▏       | 62/289 [00:23<01:27,  2.60it/s] 22%|██▏       | 63/289 [00:24<01:26,  2.60it/s] 22%|██▏       | 64/289 [00:24<01:26,  2.61it/s] 22%|██▏       | 65/289 [00:24<01:25,  2.61it/s] 23%|██▎       | 66/289 [00:25<01:25,  2.61it/s] 23%|██▎       | 67/289 [00:25<01:24,  2.61it/s] 24%|██▎       | 68/289 [00:26<01:24,  2.61it/s] 24%|██▍       | 69/289 [00:26<01:24,  2.61it/s] 24%|██▍       | 70/289 [00:26<01:23,  2.61it/s] 25%|██▍       | 71/289 [00:27<01:23,  2.61it/s] 25%|██▍       | 72/289 [00:27<01:23,  2.61it/s] 25%|██▌       | 73/289 [00:28<01:22,  2.61it/s] 26%|██▌       | 74/289 [00:28<01:22,  2.62it/s] 26%|██▌       | 75/289 [00:28<01:21,  2.62it/s] 26%|██▋       | 76/289 [00:29<01:21,  2.61it/s] 27%|██▋       | 77/289 [00:29<01:21,  2.62it/s] 27%|██▋       | 78/289 [00:29<01:20,  2.62it/s] 27%|██▋       | 79/289 [00:30<01:20,  2.61it/s] 28%|██▊       | 80/289 [00:30<01:19,  2.61it/s] 28%|██▊       | 81/289 [00:31<01:19,  2.62it/s] 28%|██▊       | 82/289 [00:31<01:19,  2.61it/s] 29%|██▊       | 83/289 [00:31<01:18,  2.61it/s] 29%|██▉       | 84/289 [00:32<01:18,  2.61it/s] 29%|██▉       | 85/289 [00:32<01:18,  2.61it/s] 30%|██▉       | 86/289 [00:33<01:17,  2.62it/s] 30%|███       | 87/289 [00:33<01:17,  2.60it/s] 30%|███       | 88/289 [00:33<01:17,  2.58it/s] 31%|███       | 89/289 [00:34<01:17,  2.58it/s] 31%|███       | 90/289 [00:34<01:16,  2.59it/s] 31%|███▏      | 91/289 [00:34<01:16,  2.60it/s] 32%|███▏      | 92/289 [00:35<01:15,  2.60it/s] 32%|███▏      | 93/289 [00:35<01:15,  2.61it/s] 33%|███▎      | 94/289 [00:36<01:15,  2.60it/s] 33%|███▎      | 95/289 [00:36<01:14,  2.60it/s] 33%|███▎      | 96/289 [00:36<01:13,  2.61it/s] 34%|███▎      | 97/289 [00:37<01:14,  2.59it/s] 34%|███▍      | 98/289 [00:37<01:13,  2.60it/s] 34%|███▍      | 99/289 [00:38<01:12,  2.61it/s] 35%|███▍      | 100/289 [00:38<01:12,  2.61it/s] 35%|███▍      | 101/289 [00:38<01:11,  2.62it/s] 35%|███▌      | 102/289 [00:39<01:11,  2.62it/s] 36%|███▌      | 103/289 [00:39<01:11,  2.61it/s] 36%|███▌      | 104/289 [00:39<01:10,  2.61it/s] 36%|███▋      | 105/289 [00:40<01:10,  2.61it/s] 37%|███▋      | 106/289 [00:40<01:10,  2.61it/s] 37%|███▋      | 107/289 [00:41<01:09,  2.61it/s] 37%|███▋      | 108/289 [00:41<01:09,  2.61it/s] 38%|███▊      | 109/289 [00:41<01:08,  2.61it/s] 38%|███▊      | 110/289 [00:42<01:08,  2.62it/s] 38%|███▊      | 111/289 [00:42<01:07,  2.62it/s] 39%|███▉      | 112/289 [00:43<01:07,  2.62it/s] 39%|███▉      | 113/289 [00:43<01:07,  2.62it/s] 39%|███▉      | 114/289 [00:43<01:06,  2.62it/s] 40%|███▉      | 115/289 [00:44<01:06,  2.62it/s] 40%|████      | 116/289 [00:44<01:06,  2.62it/s] 40%|████      | 117/289 [00:44<01:05,  2.62it/s] 41%|████      | 118/289 [00:45<01:05,  2.62it/s] 41%|████      | 119/289 [00:45<01:04,  2.62it/s] 42%|████▏     | 120/289 [00:46<01:04,  2.62it/s] 42%|████▏     | 121/289 [00:46<01:04,  2.62it/s] 42%|████▏     | 122/289 [00:46<01:03,  2.62it/s] 43%|████▎     | 123/289 [00:47<01:03,  2.62it/s] 43%|████▎     | 124/289 [00:47<01:02,  2.62it/s] 43%|████▎     | 125/289 [00:47<01:02,  2.62it/s] 44%|████▎     | 126/289 [00:48<01:02,  2.62it/s] 44%|████▍     | 127/289 [00:48<01:01,  2.62it/s] 44%|████▍     | 128/289 [00:49<01:01,  2.62it/s] 45%|████▍     | 129/289 [00:49<01:01,  2.62it/s] 45%|████▍     | 130/289 [00:49<01:00,  2.62it/s] 45%|████▌     | 131/289 [00:50<01:00,  2.62it/s] 46%|████▌     | 132/289 [00:50<00:59,  2.62it/s] 46%|████▌     | 133/289 [00:51<00:59,  2.62it/s] 46%|████▋     | 134/289 [00:51<00:59,  2.62it/s] 47%|████▋     | 135/289 [00:51<00:58,  2.62it/s] 47%|████▋     | 136/289 [00:52<00:58,  2.62it/s] 47%|████▋     | 137/289 [00:52<00:58,  2.62it/s] 48%|████▊     | 138/289 [00:52<00:57,  2.62it/s] 48%|████▊     | 139/289 [00:53<00:57,  2.62it/s] 48%|████▊     | 140/289 [00:53<00:56,  2.62it/s] 49%|████▉     | 141/289 [00:54<00:56,  2.62it/s] 49%|████▉     | 142/289 [00:54<00:56,  2.62it/s] 49%|████▉     | 143/289 [00:54<00:55,  2.62it/s] 50%|████▉     | 144/289 [00:55<00:55,  2.62it/s] 50%|█████     | 145/289 [00:55<00:54,  2.62it/s] 51%|█████     | 146/289 [00:55<00:54,  2.62it/s] 51%|█████     | 147/289 [00:56<00:54,  2.63it/s] 51%|█████     | 148/289 [00:56<00:53,  2.63it/s] 52%|█████▏    | 149/289 [00:57<00:53,  2.63it/s] 52%|█████▏    | 150/289 [00:57<00:53,  2.62it/s] 52%|█████▏    | 151/289 [00:57<00:52,  2.62it/s] 53%|█████▎    | 152/289 [00:58<00:52,  2.62it/s] 53%|█████▎    | 153/289 [00:58<00:51,  2.62it/s] 53%|█████▎    | 154/289 [00:59<00:51,  2.62it/s] 54%|█████▎    | 155/289 [00:59<00:51,  2.61it/s] 54%|█████▍    | 156/289 [00:59<00:50,  2.61it/s] 54%|█████▍    | 157/289 [01:00<00:50,  2.61it/s] 55%|█████▍    | 158/289 [01:00<00:50,  2.62it/s] 55%|█████▌    | 159/289 [01:00<00:50,  2.60it/s] 55%|█████▌    | 160/289 [01:01<00:49,  2.61it/s] 56%|█████▌    | 161/289 [01:01<00:48,  2.61it/s] 56%|█████▌    | 162/289 [01:02<00:48,  2.62it/s] 56%|█████▋    | 163/289 [01:02<00:48,  2.62it/s] 57%|█████▋    | 164/289 [01:02<00:47,  2.62it/s] 57%|█████▋    | 165/289 [01:03<00:47,  2.62it/s] 57%|█████▋    | 166/289 [01:03<00:47,  2.59it/s] 58%|█████▊    | 167/289 [01:04<00:47,  2.58it/s] 58%|█████▊    | 168/289 [01:04<00:46,  2.58it/s] 58%|█████▊    | 169/289 [01:04<00:46,  2.58it/s] 59%|█████▉    | 170/289 [01:05<00:45,  2.60it/s] 59%|█████▉    | 171/289 [01:05<00:45,  2.61it/s] 60%|█████▉    | 172/289 [01:05<00:44,  2.61it/s] 60%|█████▉    | 173/289 [01:06<00:44,  2.62it/s] 60%|██████    | 174/289 [01:06<00:43,  2.61it/s] 61%|██████    | 175/289 [01:07<00:43,  2.61it/s] 61%|██████    | 176/289 [01:07<00:43,  2.62it/s] 61%|██████    | 177/289 [01:07<00:42,  2.62it/s] 62%|██████▏   | 178/289 [01:08<00:42,  2.62it/s] 62%|██████▏   | 179/289 [01:08<00:42,  2.62it/s] 62%|██████▏   | 180/289 [01:08<00:41,  2.62it/s] 63%|██████▎   | 181/289 [01:09<00:41,  2.62it/s] 63%|██████▎   | 182/289 [01:09<00:40,  2.62it/s] 63%|██████▎   | 183/289 [01:10<00:40,  2.62it/s] 64%|██████▎   | 184/289 [01:10<00:40,  2.62it/s] 64%|██████▍   | 185/289 [01:10<00:39,  2.62it/s] 64%|██████▍   | 186/289 [01:11<00:39,  2.62it/s] 65%|██████▍   | 187/289 [01:11<00:38,  2.62it/s] 65%|██████▌   | 188/289 [01:12<00:38,  2.62it/s] 65%|██████▌   | 189/289 [01:12<00:38,  2.62it/s] 66%|██████▌   | 190/289 [01:12<00:37,  2.62it/s] 66%|██████▌   | 191/289 [01:13<00:37,  2.62it/s] 66%|██████▋   | 192/289 [01:13<00:36,  2.62it/s] 67%|██████▋   | 193/289 [01:13<00:36,  2.62it/s] 67%|██████▋   | 194/289 [01:14<00:36,  2.62it/s] 67%|██████▋   | 195/289 [01:14<00:35,  2.62it/s] 68%|██████▊   | 196/289 [01:15<00:35,  2.62it/s] 68%|██████▊   | 197/289 [01:15<00:35,  2.62it/s] 69%|██████▊   | 198/289 [01:15<00:34,  2.62it/s] 69%|██████▉   | 199/289 [01:16<00:34,  2.62it/s] 69%|██████▉   | 200/289 [01:16<00:33,  2.62it/s] 70%|██████▉   | 201/289 [01:17<00:33,  2.62it/s] 70%|██████▉   | 202/289 [01:17<00:33,  2.62it/s] 70%|███████   | 203/289 [01:17<00:32,  2.62it/s] 71%|███████   | 204/289 [01:18<00:32,  2.62it/s] 71%|███████   | 205/289 [01:18<00:32,  2.62it/s] 71%|███████▏  | 206/289 [01:18<00:31,  2.62it/s] 72%|███████▏  | 207/289 [01:19<00:31,  2.62it/s] 72%|███████▏  | 208/289 [01:19<00:30,  2.62it/s] 72%|███████▏  | 209/289 [01:20<00:30,  2.62it/s] 73%|███████▎  | 210/289 [01:20<00:30,  2.62it/s] 73%|███████▎  | 211/289 [01:20<00:29,  2.62it/s] 73%|███████▎  | 212/289 [01:21<00:29,  2.62it/s] 74%|███████▎  | 213/289 [01:21<00:29,  2.62it/s] 74%|███████▍  | 214/289 [01:21<00:28,  2.62it/s] 74%|███████▍  | 215/289 [01:22<00:28,  2.62it/s] 75%|███████▍  | 216/289 [01:22<00:27,  2.62it/s] 75%|███████▌  | 217/289 [01:23<00:27,  2.62it/s] 75%|███████▌  | 218/289 [01:23<00:27,  2.62it/s] 76%|███████▌  | 219/289 [01:23<00:26,  2.62it/s] 76%|███████▌  | 220/289 [01:24<00:26,  2.62it/s] 76%|███████▋  | 221/289 [01:24<00:25,  2.62it/s] 77%|███████▋  | 222/289 [01:25<00:25,  2.62it/s] 77%|███████▋  | 223/289 [01:25<00:25,  2.62it/s] 78%|███████▊  | 224/289 [01:25<00:24,  2.62it/s] 78%|███████▊  | 225/289 [01:26<00:24,  2.62it/s] 78%|███████▊  | 226/289 [01:26<00:24,  2.62it/s] 79%|███████▊  | 227/289 [01:26<00:23,  2.62it/s] 79%|███████▉  | 228/289 [01:27<00:23,  2.61it/s] 79%|███████▉  | 229/289 [01:27<00:22,  2.61it/s] 80%|███████▉  | 230/289 [01:28<00:22,  2.62it/s] 80%|███████▉  | 231/289 [01:28<00:22,  2.62it/s] 80%|████████  | 232/289 [01:28<00:21,  2.62it/s] 81%|████████  | 233/289 [01:29<00:21,  2.62it/s] 81%|████████  | 234/289 [01:29<00:21,  2.60it/s] 81%|████████▏ | 235/289 [01:29<00:20,  2.60it/s] 82%|████████▏ | 236/289 [01:30<00:20,  2.61it/s] 82%|████████▏ | 237/289 [01:30<00:19,  2.61it/s] 82%|████████▏ | 238/289 [01:31<00:19,  2.62it/s] 83%|████████▎ | 239/289 [01:31<00:19,  2.62it/s] 83%|████████▎ | 240/289 [01:31<00:18,  2.62it/s] 83%|████████▎ | 241/289 [01:32<00:18,  2.61it/s] 84%|████████▎ | 242/289 [01:32<00:17,  2.62it/s] 84%|████████▍ | 243/289 [01:33<00:17,  2.62it/s] 84%|████████▍ | 244/289 [01:33<00:17,  2.61it/s] 85%|████████▍ | 245/289 [01:33<00:16,  2.61it/s] 85%|████████▌ | 246/289 [01:34<00:16,  2.61it/s] 85%|████████▌ | 247/289 [01:34<00:16,  2.62it/s] 86%|████████▌ | 248/289 [01:34<00:15,  2.62it/s] 86%|████████▌ | 249/289 [01:35<00:15,  2.62it/s] 87%|████████▋ | 250/289 [01:35<00:14,  2.61it/s] 87%|████████▋ | 251/289 [01:36<00:14,  2.61it/s] 87%|████████▋ | 252/289 [01:36<00:14,  2.62it/s] 88%|████████▊ | 253/289 [01:36<00:13,  2.62it/s] 88%|████████▊ | 254/289 [01:37<00:13,  2.62it/s] 88%|████████▊ | 255/289 [01:37<00:13,  2.62it/s] 89%|████████▊ | 256/289 [01:38<00:12,  2.62it/s] 89%|████████▉ | 257/289 [01:38<00:12,  2.62it/s] 89%|████████▉ | 258/289 [01:38<00:11,  2.62it/s] 90%|████████▉ | 259/289 [01:39<00:11,  2.61it/s] 90%|████████▉ | 260/289 [01:39<00:11,  2.61it/s] 90%|█████████ | 261/289 [01:39<00:10,  2.61it/s] 91%|█████████ | 262/289 [01:40<00:10,  2.62it/s] 91%|█████████ | 263/289 [01:40<00:09,  2.62it/s] 91%|█████████▏| 264/289 [01:41<00:09,  2.62it/s] 92%|█████████▏| 265/289 [01:41<00:09,  2.62it/s] 92%|█████████▏| 266/289 [01:41<00:08,  2.62it/s] 92%|█████████▏| 267/289 [01:42<00:08,  2.62it/s] 93%|█████████▎| 268/289 [01:42<00:08,  2.62it/s] 93%|█████████▎| 269/289 [01:42<00:07,  2.62it/s] 93%|█████████▎| 270/289 [01:43<00:07,  2.62it/s] 94%|█████████▍| 271/289 [01:43<00:06,  2.62it/s] 94%|█████████▍| 272/289 [01:44<00:06,  2.62it/s] 94%|█████████▍| 273/289 [01:44<00:06,  2.62it/s] 95%|█████████▍| 274/289 [01:44<00:05,  2.62it/s] 95%|█████████▌| 275/289 [01:45<00:05,  2.62it/s] 96%|█████████▌| 276/289 [01:45<00:04,  2.62it/s] 96%|█████████▌| 277/289 [01:46<00:04,  2.62it/s] 96%|█████████▌| 278/289 [01:46<00:04,  2.62it/s] 97%|█████████▋| 279/289 [01:46<00:03,  2.62it/s] 97%|█████████▋| 280/289 [01:47<00:03,  2.62it/s] 97%|█████████▋| 281/289 [01:47<00:03,  2.62it/s] 98%|█████████▊| 282/289 [01:47<00:02,  2.62it/s] 98%|█████████▊| 283/289 [01:48<00:02,  2.62it/s] 98%|█████████▊| 284/289 [01:48<00:01,  2.62it/s] 99%|█████████▊| 285/289 [01:49<00:01,  2.62it/s] 99%|█████████▉| 286/289 [01:49<00:01,  2.62it/s] 99%|█████████▉| 287/289 [01:49<00:00,  2.62it/s]100%|█████████▉| 288/289 [01:50<00:00,  2.62it/s]100%|█████████▉| 288/289 [01:50<00:00,  2.60it/s]
[11/29 12:03:49 TiTok-Gen]: Data (t): 0.4563, 37.63/s/gpu Batch (t): 1.7009 LR: 0.000100 Step: 39050 Total Loss: 0.4074 Diff Loss: 0.4074 
[11/29 12:05:12 TiTok-Gen]: Data (t): 0.2532, 37.73/s/gpu Batch (t): 1.6964 LR: 0.000100 Step: 39100 Total Loss: 0.4079 Diff Loss: 0.4079 
[11/29 12:06:34 TiTok-Gen]: Data (t): 0.3390, 41.07/s/gpu Batch (t): 1.5583 LR: 0.000100 Step: 39150 Total Loss: 0.4094 Diff Loss: 0.4094 
[11/29 12:07:56 TiTok-Gen]: Data (t): 0.2491, 40.01/s/gpu Batch (t): 1.5996 LR: 0.000100 Step: 39200 Total Loss: 0.4085 Diff Loss: 0.4085 
[11/29 12:09:18 TiTok-Gen]: Data (t): 0.3235, 36.44/s/gpu Batch (t): 1.7563 LR: 0.000100 Step: 39250 Total Loss: 0.4072 Diff Loss: 0.4072 
[11/29 12:10:40 TiTok-Gen]: Data (t): 0.2496, 40.58/s/gpu Batch (t): 1.5773 LR: 0.000100 Step: 39300 Total Loss: 0.4090 Diff Loss: 0.4090 
[11/29 12:12:03 TiTok-Gen]: Data (t): 0.2486, 37.43/s/gpu Batch (t): 1.7099 LR: 0.000100 Step: 39350 Total Loss: 0.4081 Diff Loss: 0.4081 
[11/29 12:13:26 TiTok-Gen]: Data (t): 0.2542, 40.03/s/gpu Batch (t): 1.5987 LR: 0.000100 Step: 39400 Total Loss: 0.4090 Diff Loss: 0.4090 
[11/29 12:14:18 TiTok-Gen]: Epoch 62/1597 started.
[11/29 12:15:06 TiTok-Gen]: Data (t): 0.2492, 37.50/s/gpu Batch (t): 1.7066 LR: 0.000100 Step: 39450 Total Loss: 0.4069 Diff Loss: 0.4069 
[11/29 12:16:28 TiTok-Gen]: Data (t): 0.2467, 39.30/s/gpu Batch (t): 1.6285 LR: 0.000100 Step: 39500 Total Loss: 0.4080 Diff Loss: 0.4080 
[11/29 12:17:51 TiTok-Gen]: Data (t): 0.2559, 39.13/s/gpu Batch (t): 1.6356 LR: 0.000100 Step: 39550 Total Loss: 0.4067 Diff Loss: 0.4067 
[11/29 12:19:14 TiTok-Gen]: Data (t): 0.2563, 40.66/s/gpu Batch (t): 1.5740 LR: 0.000100 Step: 39600 Total Loss: 0.4064 Diff Loss: 0.4064 
srun: got SIGCONT
slurmstepd: error: *** JOB 6419175 ON SH-IDCA1404-10-140-54-11 CANCELLED AT 2025-11-29T12:20:20 ***
srun: Job step aborted: Waiting up to 2 seconds for job step to finish.
slurmstepd: error: *** STEP 6419175.0 ON SH-IDCA1404-10-140-54-11 CANCELLED AT 2025-11-29T12:20:20 ***
srun: Easily find out why your job was killed by following the link below:
	https://docs.phoenix.sensetime.com/FAQ/SlurmFAQ/Find-out-why-my-job-was-killed/
W1129 12:20:20.357000 50491 site-packages/torch/distributed/elastic/agent/server/api.py:719] Received Signals.SIGTERM death signal, shutting down workers
W1129 12:20:20.362000 3934 site-packages/torch/distributed/elastic/agent/server/api.py:719] Received Signals.SIGTERM death signal, shutting down workers
srun: forcing job termination
W1129 12:20:20.360000 50491 site-packages/torch/distributed/elastic/multiprocessing/api.py:897] Sending process 51120 closing signal SIGTERM
W1129 12:20:20.365000 3934 site-packages/torch/distributed/elastic/multiprocessing/api.py:897] Sending process 4298 closing signal SIGTERM
W1129 12:20:20.390000 16053 site-packages/torch/distributed/elastic/agent/server/api.py:719] Received Signals.SIGTERM death signal, shutting down workers
W1129 12:20:20.360000 118865 site-packages/torch/distributed/elastic/agent/server/api.py:719] Received Signals.SIGTERM death signal, shutting down workers
W1129 12:20:20.392000 16053 site-packages/torch/distributed/elastic/multiprocessing/api.py:897] Sending process 16295 closing signal SIGTERM
W1129 12:20:20.364000 50491 site-packages/torch/distributed/elastic/multiprocessing/api.py:897] Sending process 51123 closing signal SIGTERM
W1129 12:20:20.369000 3934 site-packages/torch/distributed/elastic/multiprocessing/api.py:897] Sending process 4299 closing signal SIGTERM
W1129 12:20:20.364000 118865 site-packages/torch/distributed/elastic/multiprocessing/api.py:897] Sending process 119204 closing signal SIGTERM
W1129 12:20:20.397000 16053 site-packages/torch/distributed/elastic/multiprocessing/api.py:897] Sending process 16298 closing signal SIGTERM
W1129 12:20:20.367000 50491 site-packages/torch/distributed/elastic/multiprocessing/api.py:897] Sending process 51124 closing signal SIGTERM
W1129 12:20:20.372000 3934 site-packages/torch/distributed/elastic/multiprocessing/api.py:897] Sending process 4300 closing signal SIGTERM
W1129 12:20:20.368000 118865 site-packages/torch/distributed/elastic/multiprocessing/api.py:897] Sending process 119205 closing signal SIGTERM
W1129 12:20:20.400000 16053 site-packages/torch/distributed/elastic/multiprocessing/api.py:897] Sending process 16299 closing signal SIGTERM
W1129 12:20:20.370000 50491 site-packages/torch/distributed/elastic/multiprocessing/api.py:897] Sending process 51125 closing signal SIGTERM
W1129 12:20:20.375000 3934 site-packages/torch/distributed/elastic/multiprocessing/api.py:897] Sending process 4301 closing signal SIGTERM
W1129 12:20:20.373000 118865 site-packages/torch/distributed/elastic/multiprocessing/api.py:897] Sending process 119206 closing signal SIGTERM
W1129 12:20:20.404000 16053 site-packages/torch/distributed/elastic/multiprocessing/api.py:897] Sending process 16300 closing signal SIGTERM
W1129 12:20:20.377000 118865 site-packages/torch/distributed/elastic/multiprocessing/api.py:897] Sending process 119207 closing signal SIGTERM
W1129 12:20:20.380000 118865 site-packages/torch/distributed/elastic/multiprocessing/api.py:897] Sending process 119208 closing signal SIGTERM
W1129 12:20:20.383000 118865 site-packages/torch/distributed/elastic/multiprocessing/api.py:897] Sending process 119209 closing signal SIGTERM
W1129 12:20:20.386000 118865 site-packages/torch/distributed/elastic/multiprocessing/api.py:897] Sending process 119210 closing signal SIGTERM
