/var/spool/slurmd/job6403978/slurm_script: line 10: /mnt/petrelfs/jianglihan/miniforge3/bin/activate: No such file or directory
Master IP: 127.0.0.1
Master Port: 29500
Command to run:
accelerate launch   --num_processes=8   --num_machines=1   --machine_rank=0   --main_process_ip=127.0.0.1   --main_process_port=29500   --mixed_precision=bf16   scripts/train_tokenizer.py config=configs/training/single_stage/quadtok_ss256_vae_repa.yaml
The following values were not passed to `accelerate launch` and had defaults used instead:
		More than one GPU was found, enabling multi-GPU training.
		If this was unintended please pass in `--num_processes=1`.
	`--dynamo_backend` was set to a value of `'no'`
To avoid this warning pass in values for each of the problematic parameters or run `accelerate config`.
attention mode is flash
attention mode is flash
attention mode is flash
attention mode is flash
attention mode is flash
attention mode is flash
attention mode is flash
attention mode is flash
Detected kernel version 3.10.0, which is below the recommended minimum of 5.5.0; this can cause the process to hang. It is recommended to upgrade the kernel to the minimum version or higher.
wandb: Tracking run with wandb version 0.23.0
wandb: W&B syncing is set to `offline` in this directory. Run `wandb online` or set WANDB_MODE=online to enable cloud syncing.
wandb: Run data is saved locally in /mnt/petrelfs/jianglihan/my_code/quadtok/wandb/offline-run-20251126_155951-mwxcou87
[11/26 15:59:54 Tokenizer]: Saving config to checkpoints/quadtok_sl256_vae_ts16-expandprob34-repa/config.yaml
[11/26 15:59:54 Tokenizer]: Config:
experiment:
  project: dynamic_tokenizer
  name: quadtok_sl256_vae_ts16-expandprob34-repa
  output_dir: checkpoints/quadtok_sl256_vae_ts16-expandprob34-repa
  max_train_examples: 685800000.0
  save_every: 50000
  eval_every: 50000
  generate_every: 500
  log_every: 50
  log_grad_norm_every: 1000
  resume: false
  explanation: null
  init_weight: null
  logging_dir: checkpoints/quadtok_sl256_vae_ts16-expandprob34-repa/logs
model:
  type: quadtok
  grad_checkpointing: false
  train_policy: false
  vq_model:
    quantize_mode: vae
    vit_enc_model_size: small
    vit_dec_model_size: small
    vit_enc_patch_size: 16
    vit_dec_patch_size: 16
    decoder_token_size: 256
    token_size: 16
  selector:
    token_size: 16
    num_patch_side_list:
    - 1
    - 2
    - 4
    - 8
    - 16
    - 32
    patch_size_list:
    - 16
    - 16
    - 16
    - 16
    - 16
    - 8
losses:
  discriminator_start: 300000
  quantizer_weight: 1.0
  discriminator_factor: 1.0
  discriminator_weight: 0.1
  perceptual_loss: lpips-convnext_s-1.0-0.1
  perceptual_weight: 1.1
  reconstruction_loss: l2
  reconstruction_weight: 1.0
  lecam_regularization_weight: 0.001
  kl_weight: 1.0e-06
  logvar_init: 0.0
  repa_param:
    model_type: dinov2-vit-b
    weight: 0.5
dataset:
  type: simple_image
  params:
    train_shards_path_or_url: pipe:rclone cat hoss:jianglihan/data/imagenet/imagenet-train-{000000..000070}.tar
    eval_shards_path_or_url: pipe:rclone cat hoss:jianglihan/data/imagenet/imagenet-val-{000000..000049}.tar
    num_workers_per_gpu: 12
  preprocessing:
    resize_shorter_edge: 256
    crop_size: 256
    random_crop: true
    random_flip: true
    res_ratio_filtering: true
optimizer:
  name: adamw
  params:
    learning_rate: 0.0001
    discriminator_learning_rate: 0.0001
    beta1: 0.9
    beta2: 0.999
    weight_decay: 0.0001
lr_scheduler:
  scheduler: cosine
  params:
    learning_rate: ${optimizer.params.learning_rate}
    warmup_steps: 10000
    end_lr: 1.0e-05
training:
  gradient_accumulation_steps: 1
  per_gpu_batch_size: 64
  mixed_precision: bf16
  enable_tf32: true
  enable_wandb: true
  use_ema: true
  seed: 42
  max_train_steps: 1000000
  num_generated_images: 2
  max_grad_norm: 1.0
config: configs/training/single_stage/quadtok_ss256_vae_repa.yaml

[11/26 15:59:54 Tokenizer]: Creating model and loss module.
[11/26 15:59:54 Tokenizer]: Creating model.
self.loss_weight_lpips, self.loss_weight_convnext: 1.0, 0.1
/mnt/petrelfs/jianglihan/my_code/dinov2/dinov2/layers/swiglu_ffn.py:51: UserWarning: xFormers is not available (SwiGLU)
  warnings.warn("xFormers is not available (SwiGLU)")
self.loss_weight_lpips, self.loss_weight_convnext: 1.0, 0.1
/mnt/petrelfs/jianglihan/my_code/dinov2/dinov2/layers/attention.py:33: UserWarning: xFormers is not available (Attention)
  warnings.warn("xFormers is not available (Attention)")
self.loss_weight_lpips, self.loss_weight_convnext: 1.0, 0.1
/mnt/petrelfs/jianglihan/my_code/dinov2/dinov2/layers/block.py:40: UserWarning: xFormers is not available (Block)
  warnings.warn("xFormers is not available (Block)")
/mnt/petrelfs/jianglihan/my_code/dinov2/dinov2/layers/swiglu_ffn.py:51: UserWarning: xFormers is not available (SwiGLU)
  warnings.warn("xFormers is not available (SwiGLU)")
/mnt/petrelfs/jianglihan/my_code/dinov2/dinov2/layers/swiglu_ffn.py:51: UserWarning: xFormers is not available (SwiGLU)
  warnings.warn("xFormers is not available (SwiGLU)")
/mnt/petrelfs/jianglihan/my_code/dinov2/dinov2/layers/attention.py:33: UserWarning: xFormers is not available (Attention)
  warnings.warn("xFormers is not available (Attention)")
/mnt/petrelfs/jianglihan/my_code/dinov2/dinov2/layers/attention.py:33: UserWarning: xFormers is not available (Attention)
  warnings.warn("xFormers is not available (Attention)")
/mnt/petrelfs/jianglihan/my_code/dinov2/dinov2/layers/block.py:40: UserWarning: xFormers is not available (Block)
  warnings.warn("xFormers is not available (Block)")
/mnt/petrelfs/jianglihan/my_code/dinov2/dinov2/layers/block.py:40: UserWarning: xFormers is not available (Block)
  warnings.warn("xFormers is not available (Block)")
self.loss_weight_lpips, self.loss_weight_convnext: 1.0, 0.1
self.loss_weight_lpips, self.loss_weight_convnext: 1.0, 0.1
self.loss_weight_lpips, self.loss_weight_convnext: 1.0, 0.1
self.loss_weight_lpips, self.loss_weight_convnext: 1.0, 0.1
/mnt/petrelfs/jianglihan/my_code/dinov2/dinov2/layers/swiglu_ffn.py:51: UserWarning: xFormers is not available (SwiGLU)
  warnings.warn("xFormers is not available (SwiGLU)")
/mnt/petrelfs/jianglihan/my_code/dinov2/dinov2/layers/attention.py:33: UserWarning: xFormers is not available (Attention)
  warnings.warn("xFormers is not available (Attention)")
/mnt/petrelfs/jianglihan/my_code/dinov2/dinov2/layers/block.py:40: UserWarning: xFormers is not available (Block)
  warnings.warn("xFormers is not available (Block)")
/mnt/petrelfs/jianglihan/my_code/dinov2/dinov2/layers/swiglu_ffn.py:51: UserWarning: xFormers is not available (SwiGLU)
  warnings.warn("xFormers is not available (SwiGLU)")
/mnt/petrelfs/jianglihan/my_code/dinov2/dinov2/layers/attention.py:33: UserWarning: xFormers is not available (Attention)
  warnings.warn("xFormers is not available (Attention)")
/mnt/petrelfs/jianglihan/my_code/dinov2/dinov2/layers/swiglu_ffn.py:51: UserWarning: xFormers is not available (SwiGLU)
  warnings.warn("xFormers is not available (SwiGLU)")
/mnt/petrelfs/jianglihan/my_code/dinov2/dinov2/layers/block.py:40: UserWarning: xFormers is not available (Block)
  warnings.warn("xFormers is not available (Block)")
/mnt/petrelfs/jianglihan/my_code/dinov2/dinov2/layers/swiglu_ffn.py:51: UserWarning: xFormers is not available (SwiGLU)
  warnings.warn("xFormers is not available (SwiGLU)")
/mnt/petrelfs/jianglihan/my_code/dinov2/dinov2/layers/attention.py:33: UserWarning: xFormers is not available (Attention)
  warnings.warn("xFormers is not available (Attention)")
/mnt/petrelfs/jianglihan/my_code/dinov2/dinov2/layers/block.py:40: UserWarning: xFormers is not available (Block)
  warnings.warn("xFormers is not available (Block)")
/mnt/petrelfs/jianglihan/my_code/dinov2/dinov2/layers/attention.py:33: UserWarning: xFormers is not available (Attention)
  warnings.warn("xFormers is not available (Attention)")
/mnt/petrelfs/jianglihan/my_code/dinov2/dinov2/layers/block.py:40: UserWarning: xFormers is not available (Block)
  warnings.warn("xFormers is not available (Block)")
self.train_transform: Compose(
    Resize(size=256, interpolation=bicubic, max_size=None, antialias=True)
    RandomCrop(size=(256, 256), padding=None)
    RandomHorizontalFlip(p=0.5)
    ToTensor()
    Normalize(mean=[0.0, 0.0, 0.0], std=[1.0, 1.0, 1.0])
)
self.eval_transform: Compose(
    Resize(size=256, interpolation=bilinear, max_size=None, antialias=True)
    CenterCrop(size=(256, 256))
    ToTensor()
    Normalize(mean=[0.0, 0.0, 0.0], std=[1.0, 1.0, 1.0])
)
self.train_transform: Compose(
    Resize(size=256, interpolation=bicubic, max_size=None, antialias=True)
    RandomCrop(size=(256, 256), padding=None)
    RandomHorizontalFlip(p=0.5)
    ToTensor()
    Normalize(mean=[0.0, 0.0, 0.0], std=[1.0, 1.0, 1.0])
)
self.eval_transform: Compose(
    Resize(size=256, interpolation=bilinear, max_size=None, antialias=True)
    CenterCrop(size=(256, 256))
    ToTensor()
    Normalize(mean=[0.0, 0.0, 0.0], std=[1.0, 1.0, 1.0])
)
self.train_transform: Compose(
    Resize(size=256, interpolation=bicubic, max_size=None, antialias=True)
    RandomCrop(size=(256, 256), padding=None)
    RandomHorizontalFlip(p=0.5)
    ToTensor()
    Normalize(mean=[0.0, 0.0, 0.0], std=[1.0, 1.0, 1.0])
)
self.eval_transform: Compose(
    Resize(size=256, interpolation=bilinear, max_size=None, antialias=True)
    CenterCrop(size=(256, 256))
    ToTensor()
    Normalize(mean=[0.0, 0.0, 0.0], std=[1.0, 1.0, 1.0])
)
self.train_transform: Compose(
    Resize(size=256, interpolation=bicubic, max_size=None, antialias=True)
    RandomCrop(size=(256, 256), padding=None)
    RandomHorizontalFlip(p=0.5)
    ToTensor()
    Normalize(mean=[0.0, 0.0, 0.0], std=[1.0, 1.0, 1.0])
)
self.eval_transform: Compose(
    Resize(size=256, interpolation=bilinear, max_size=None, antialias=True)
    CenterCrop(size=(256, 256))
    ToTensor()
    Normalize(mean=[0.0, 0.0, 0.0], std=[1.0, 1.0, 1.0])
)
self.train_transform: Compose(
    Resize(size=256, interpolation=bicubic, max_size=None, antialias=True)
    RandomCrop(size=(256, 256), padding=None)
    RandomHorizontalFlip(p=0.5)
    ToTensor()
    Normalize(mean=[0.0, 0.0, 0.0], std=[1.0, 1.0, 1.0])
)
self.eval_transform: Compose(
    Resize(size=256, interpolation=bilinear, max_size=None, antialias=True)
    CenterCrop(size=(256, 256))
    ToTensor()
    Normalize(mean=[0.0, 0.0, 0.0], std=[1.0, 1.0, 1.0])
)
self.train_transform: Compose(
    Resize(size=256, interpolation=bicubic, max_size=None, antialias=True)
    RandomCrop(size=(256, 256), padding=None)
    RandomHorizontalFlip(p=0.5)
    ToTensor()
    Normalize(mean=[0.0, 0.0, 0.0], std=[1.0, 1.0, 1.0])
)
self.eval_transform: Compose(
    Resize(size=256, interpolation=bilinear, max_size=None, antialias=True)
    CenterCrop(size=(256, 256))
    ToTensor()
    Normalize(mean=[0.0, 0.0, 0.0], std=[1.0, 1.0, 1.0])
)
self.train_transform: Compose(
    Resize(size=256, interpolation=bicubic, max_size=None, antialias=True)
    RandomCrop(size=(256, 256), padding=None)
    RandomHorizontalFlip(p=0.5)
    ToTensor()
    Normalize(mean=[0.0, 0.0, 0.0], std=[1.0, 1.0, 1.0])
)
self.eval_transform: Compose(
    Resize(size=256, interpolation=bilinear, max_size=None, antialias=True)
    CenterCrop(size=(256, 256))
    ToTensor()
    Normalize(mean=[0.0, 0.0, 0.0], std=[1.0, 1.0, 1.0])
)
===================================================================================================================================================================================================
Layer (type:depth-idx)                        Input Shape               Output Shape              Param #                   Param %                   Kernel Shape              Mult-Adds
===================================================================================================================================================================================================
QuadTok                                       [1, 3, 256, 256]          [1, 3, 256, 256]          --                             --                   --                        --
├─QuadTokEncoder: 1-1                         --                        [1, 256, 512]             132,096                     0.06%                   --                        --
│    └─Conv2d: 2-1                            [1, 3, 256, 256]          [1, 512, 16, 16]          393,728                     0.18%                   [16, 16]                  100,794,368
│    └─LayerNorm: 2-2                         [1, 257, 512]             [1, 257, 512]             1,024                       0.00%                   --                        1,024
│    └─ModuleList: 2-3                        --                        --                        --                             --                   --                        --
│    │    └─ResidualAttentionBlock: 3-1       [257, 1, 512]             [257, 1, 512]             --                             --                   --                        --
│    │    │    └─LayerNorm: 4-1               [257, 1, 512]             [257, 1, 512]             1,024                       0.00%                   --                        263,168
│    │    │    └─MultiheadAttention: 4-2      [257, 1, 512]             [257, 1, 512]             1,050,624                   0.49%                   --                        --
│    │    │    └─LayerNorm: 4-3               [257, 1, 512]             [257, 1, 512]             1,024                       0.00%                   --                        263,168
│    │    │    └─Sequential: 4-4              [257, 1, 512]             [257, 1, 512]             --                             --                   --                        --
│    │    │    │    └─Linear: 5-1             [257, 1, 512]             [257, 1, 2048]            1,050,624                   0.49%                   --                        270,010,368
│    │    │    │    └─GELU: 5-2               [257, 1, 2048]            [257, 1, 2048]            --                             --                   --                        --
│    │    │    │    └─Linear: 5-3             [257, 1, 2048]            [257, 1, 512]             1,049,088                   0.49%                   --                        269,615,616
│    │    └─ResidualAttentionBlock: 3-2       [257, 1, 512]             [257, 1, 512]             --                             --                   --                        --
│    │    │    └─LayerNorm: 4-5               [257, 1, 512]             [257, 1, 512]             1,024                       0.00%                   --                        263,168
│    │    │    └─MultiheadAttention: 4-6      [257, 1, 512]             [257, 1, 512]             1,050,624                   0.49%                   --                        --
│    │    │    └─LayerNorm: 4-7               [257, 1, 512]             [257, 1, 512]             1,024                       0.00%                   --                        263,168
│    │    │    └─Sequential: 4-8              [257, 1, 512]             [257, 1, 512]             --                             --                   --                        --
│    │    │    │    └─Linear: 5-4             [257, 1, 512]             [257, 1, 2048]            1,050,624                   0.49%                   --                        270,010,368
│    │    │    │    └─GELU: 5-5               [257, 1, 2048]            [257, 1, 2048]            --                             --                   --                        --
│    │    │    │    └─Linear: 5-6             [257, 1, 2048]            [257, 1, 512]             1,049,088                   0.49%                   --                        269,615,616
│    │    └─ResidualAttentionBlock: 3-3       [257, 1, 512]             [257, 1, 512]             --                             --                   --                        --
│    │    │    └─LayerNorm: 4-9               [257, 1, 512]             [257, 1, 512]             1,024                       0.00%                   --                        263,168
│    │    │    └─MultiheadAttention: 4-10     [257, 1, 512]             [257, 1, 512]             1,050,624                   0.49%                   --                        --
│    │    │    └─LayerNorm: 4-11              [257, 1, 512]             [257, 1, 512]             1,024                       0.00%                   --                        263,168
│    │    │    └─Sequential: 4-12             [257, 1, 512]             [257, 1, 512]             --                             --                   --                        --
│    │    │    │    └─Linear: 5-7             [257, 1, 512]             [257, 1, 2048]            1,050,624                   0.49%                   --                        270,010,368
│    │    │    │    └─GELU: 5-8               [257, 1, 2048]            [257, 1, 2048]            --                             --                   --                        --
│    │    │    │    └─Linear: 5-9             [257, 1, 2048]            [257, 1, 512]             1,049,088                   0.49%                   --                        269,615,616
│    │    └─ResidualAttentionBlock: 3-4       [257, 1, 512]             [257, 1, 512]             --                             --                   --                        --
│    │    │    └─LayerNorm: 4-13              [257, 1, 512]             [257, 1, 512]             1,024                       0.00%                   --                        263,168
│    │    │    └─MultiheadAttention: 4-14     [257, 1, 512]             [257, 1, 512]             1,050,624                   0.49%                   --                        --
│    │    │    └─LayerNorm: 4-15              [257, 1, 512]             [257, 1, 512]             1,024                       0.00%                   --                        263,168
│    │    │    └─Sequential: 4-16             [257, 1, 512]             [257, 1, 512]             --                             --                   --                        --
│    │    │    │    └─Linear: 5-10            [257, 1, 512]             [257, 1, 2048]            1,050,624                   0.49%                   --                        270,010,368
│    │    │    │    └─GELU: 5-11              [257, 1, 2048]            [257, 1, 2048]            --                             --                   --                        --
│    │    │    │    └─Linear: 5-12            [257, 1, 2048]            [257, 1, 512]             1,049,088                   0.49%                   --                        269,615,616
│    │    └─ResidualAttentionBlock: 3-5       [257, 1, 512]             [257, 1, 512]             --                             --                   --                        --
│    │    │    └─LayerNorm: 4-17              [257, 1, 512]             [257, 1, 512]             1,024                       0.00%                   --                        263,168
│    │    │    └─MultiheadAttention: 4-18     [257, 1, 512]             [257, 1, 512]             1,050,624                   0.49%                   --                        --
│    │    │    └─LayerNorm: 4-19              [257, 1, 512]             [257, 1, 512]             1,024                       0.00%                   --                        263,168
│    │    │    └─Sequential: 4-20             [257, 1, 512]             [257, 1, 512]             --                             --                   --                        --
│    │    │    │    └─Linear: 5-13            [257, 1, 512]             [257, 1, 2048]            1,050,624                   0.49%                   --                        270,010,368
│    │    │    │    └─GELU: 5-14              [257, 1, 2048]            [257, 1, 2048]            --                             --                   --                        --
│    │    │    │    └─Linear: 5-15            [257, 1, 2048]            [257, 1, 512]             1,049,088                   0.49%                   --                        269,615,616
│    │    └─ResidualAttentionBlock: 3-6       [257, 1, 512]             [257, 1, 512]             --                             --                   --                        --
│    │    │    └─LayerNorm: 4-21              [257, 1, 512]             [257, 1, 512]             1,024                       0.00%                   --                        263,168
│    │    │    └─MultiheadAttention: 4-22     [257, 1, 512]             [257, 1, 512]             1,050,624                   0.49%                   --                        --
│    │    │    └─LayerNorm: 4-23              [257, 1, 512]             [257, 1, 512]             1,024                       0.00%                   --                        263,168
│    │    │    └─Sequential: 4-24             [257, 1, 512]             [257, 1, 512]             --                             --                   --                        --
│    │    │    │    └─Linear: 5-16            [257, 1, 512]             [257, 1, 2048]            1,050,624                   0.49%                   --                        270,010,368
│    │    │    │    └─GELU: 5-17              [257, 1, 2048]            [257, 1, 2048]            --                             --                   --                        --
│    │    │    │    └─Linear: 5-18            [257, 1, 2048]            [257, 1, 512]             1,049,088                   0.49%                   --                        269,615,616
│    │    └─ResidualAttentionBlock: 3-7       [257, 1, 512]             [257, 1, 512]             --                             --                   --                        --
│    │    │    └─LayerNorm: 4-25              [257, 1, 512]             [257, 1, 512]             1,024                       0.00%                   --                        263,168
│    │    │    └─MultiheadAttention: 4-26     [257, 1, 512]             [257, 1, 512]             1,050,624                   0.49%                   --                        --
│    │    │    └─LayerNorm: 4-27              [257, 1, 512]             [257, 1, 512]             1,024                       0.00%                   --                        263,168
│    │    │    └─Sequential: 4-28             [257, 1, 512]             [257, 1, 512]             --                             --                   --                        --
│    │    │    │    └─Linear: 5-19            [257, 1, 512]             [257, 1, 2048]            1,050,624                   0.49%                   --                        270,010,368
│    │    │    │    └─GELU: 5-20              [257, 1, 2048]            [257, 1, 2048]            --                             --                   --                        --
│    │    │    │    └─Linear: 5-21            [257, 1, 2048]            [257, 1, 512]             1,049,088                   0.49%                   --                        269,615,616
│    │    └─ResidualAttentionBlock: 3-8       [257, 1, 512]             [257, 1, 512]             --                             --                   --                        --
│    │    │    └─LayerNorm: 4-29              [257, 1, 512]             [257, 1, 512]             1,024                       0.00%                   --                        263,168
│    │    │    └─MultiheadAttention: 4-30     [257, 1, 512]             [257, 1, 512]             1,050,624                   0.49%                   --                        --
│    │    │    └─LayerNorm: 4-31              [257, 1, 512]             [257, 1, 512]             1,024                       0.00%                   --                        263,168
│    │    │    └─Sequential: 4-32             [257, 1, 512]             [257, 1, 512]             --                             --                   --                        --
│    │    │    │    └─Linear: 5-22            [257, 1, 512]             [257, 1, 2048]            1,050,624                   0.49%                   --                        270,010,368
│    │    │    │    └─GELU: 5-23              [257, 1, 2048]            [257, 1, 2048]            --                             --                   --                        --
│    │    │    │    └─Linear: 5-24            [257, 1, 2048]            [257, 1, 512]             1,049,088                   0.49%                   --                        269,615,616
│    └─LayerNorm: 2-4                         [1, 256, 512]             [1, 256, 512]             1,024                       0.00%                   --                        1,024
│    └─Linear: 2-5                            [1, 256, 512]             [1, 256, 512]             262,656                     0.12%                   --                        262,656
├─QuadTokSelctor: 1-2                         [1, 256, 512]             [1, 32, 1, 313]           829,952                     0.39%                   --                        --
│    └─ModuleDict: 2-6                        --                        --                        --                             --                   --                        --
│    │    └─Embedding: 3-9                    [1]                       [1, 512]                  512                         0.00%                   --                        512
│    │    └─Embedding: 3-10                   [1]                       [1, 512]                  2,048                       0.00%                   --                        2,048
│    │    └─Embedding: 3-11                   [1]                       [1, 512]                  (recursive)               (recursive)               --                        2,048
│    │    └─Embedding: 3-12                   [1]                       [1, 512]                  (recursive)               (recursive)               --                        2,048
│    │    └─Embedding: 3-13                   [1]                       [1, 512]                  (recursive)               (recursive)               --                        2,048
│    │    └─Embedding: 3-14                   [1]                       [1, 512]                  8,192                       0.00%                   --                        8,192
│    │    └─Embedding: 3-15                   [1]                       [1, 512]                  (recursive)               (recursive)               --                        8,192
│    │    └─Embedding: 3-16                   [1]                       [1, 512]                  (recursive)               (recursive)               --                        8,192
│    │    └─Embedding: 3-17                   [1]                       [1, 512]                  (recursive)               (recursive)               --                        8,192
│    │    └─Embedding: 3-18                   [1]                       [1, 512]                  (recursive)               (recursive)               --                        8,192
│    │    └─Embedding: 3-19                   [1]                       [1, 512]                  (recursive)               (recursive)               --                        8,192
│    │    └─Embedding: 3-20                   [1]                       [1, 512]                  (recursive)               (recursive)               --                        8,192
│    │    └─Embedding: 3-21                   [1]                       [1, 512]                  (recursive)               (recursive)               --                        8,192
│    │    └─Embedding: 3-22                   [1]                       [1, 512]                  (recursive)               (recursive)               --                        8,192
│    │    └─Embedding: 3-23                   [1]                       [1, 512]                  (recursive)               (recursive)               --                        8,192
│    │    └─Embedding: 3-24                   [1]                       [1, 512]                  (recursive)               (recursive)               --                        8,192
│    │    └─Embedding: 3-25                   [1]                       [1, 512]                  (recursive)               (recursive)               --                        8,192
│    │    └─Embedding: 3-26                   [1]                       [1, 512]                  (recursive)               (recursive)               --                        8,192
│    │    └─Embedding: 3-27                   [1]                       [1, 512]                  (recursive)               (recursive)               --                        8,192
│    │    └─Embedding: 3-28                   [1]                       [1, 512]                  (recursive)               (recursive)               --                        8,192
│    │    └─Embedding: 3-29                   [1]                       [1, 512]                  (recursive)               (recursive)               --                        8,192
│    │    └─Embedding: 3-30                   [1]                       [1, 512]                  32,768                      0.02%                   --                        32,768
│    │    └─Embedding: 3-31                   [1]                       [1, 512]                  (recursive)               (recursive)               --                        32,768
│    │    └─Embedding: 3-32                   [1]                       [1, 512]                  (recursive)               (recursive)               --                        32,768
│    │    └─Embedding: 3-33                   [1]                       [1, 512]                  (recursive)               (recursive)               --                        32,768
│    │    └─Embedding: 3-34                   [1]                       [1, 512]                  (recursive)               (recursive)               --                        32,768
│    │    └─Embedding: 3-35                   [1]                       [1, 512]                  (recursive)               (recursive)               --                        32,768
│    │    └─Embedding: 3-36                   [1]                       [1, 512]                  (recursive)               (recursive)               --                        32,768
│    │    └─Embedding: 3-37                   [1]                       [1, 512]                  (recursive)               (recursive)               --                        32,768
│    │    └─Embedding: 3-38                   [1]                       [1, 512]                  (recursive)               (recursive)               --                        32,768
│    │    └─Embedding: 3-39                   [1]                       [1, 512]                  (recursive)               (recursive)               --                        32,768
│    │    └─Embedding: 3-40                   [1]                       [1, 512]                  (recursive)               (recursive)               --                        32,768
│    │    └─Embedding: 3-41                   [1]                       [1, 512]                  (recursive)               (recursive)               --                        32,768
│    │    └─Embedding: 3-42                   [1]                       [1, 512]                  (recursive)               (recursive)               --                        32,768
│    │    └─Embedding: 3-43                   [1]                       [1, 512]                  (recursive)               (recursive)               --                        32,768
│    │    └─Embedding: 3-44                   [1]                       [1, 512]                  (recursive)               (recursive)               --                        32,768
│    │    └─Embedding: 3-45                   [1]                       [1, 512]                  (recursive)               (recursive)               --                        32,768
│    │    └─Embedding: 3-46                   [1]                       [1, 512]                  (recursive)               (recursive)               --                        32,768
│    │    └─Embedding: 3-47                   [1]                       [1, 512]                  (recursive)               (recursive)               --                        32,768
│    │    └─Embedding: 3-48                   [1]                       [1, 512]                  (recursive)               (recursive)               --                        32,768
│    │    └─Embedding: 3-49                   [1]                       [1, 512]                  (recursive)               (recursive)               --                        32,768
│    │    └─Embedding: 3-50                   [1]                       [1, 512]                  (recursive)               (recursive)               --                        32,768
│    │    └─Embedding: 3-51                   [1]                       [1, 512]                  (recursive)               (recursive)               --                        32,768
│    │    └─Embedding: 3-52                   [1]                       [1, 512]                  (recursive)               (recursive)               --                        32,768
│    │    └─Embedding: 3-53                   [1]                       [1, 512]                  (recursive)               (recursive)               --                        32,768
│    │    └─Embedding: 3-54                   [1]                       [1, 512]                  (recursive)               (recursive)               --                        32,768
│    │    └─Embedding: 3-55                   [1]                       [1, 512]                  (recursive)               (recursive)               --                        32,768
│    │    └─Embedding: 3-56                   [1]                       [1, 512]                  (recursive)               (recursive)               --                        32,768
│    │    └─Embedding: 3-57                   [1]                       [1, 512]                  (recursive)               (recursive)               --                        32,768
│    │    └─Embedding: 3-58                   [1]                       [1, 512]                  (recursive)               (recursive)               --                        32,768
│    │    └─Embedding: 3-59                   [1]                       [1, 512]                  (recursive)               (recursive)               --                        32,768
│    │    └─Embedding: 3-60                   [1]                       [1, 512]                  (recursive)               (recursive)               --                        32,768
│    │    └─Embedding: 3-61                   [1]                       [1, 512]                  (recursive)               (recursive)               --                        32,768
│    │    └─Embedding: 3-62                   [1]                       [1, 512]                  (recursive)               (recursive)               --                        32,768
│    │    └─Embedding: 3-63                   [1]                       [1, 512]                  (recursive)               (recursive)               --                        32,768
│    │    └─Embedding: 3-64                   [1]                       [1, 512]                  (recursive)               (recursive)               --                        32,768
│    │    └─Embedding: 3-65                   [1]                       [1, 512]                  (recursive)               (recursive)               --                        32,768
│    │    └─Embedding: 3-66                   [1]                       [1, 512]                  (recursive)               (recursive)               --                        32,768
│    │    └─Embedding: 3-67                   [1]                       [1, 512]                  (recursive)               (recursive)               --                        32,768
│    │    └─Embedding: 3-68                   [1]                       [1, 512]                  (recursive)               (recursive)               --                        32,768
│    │    └─Embedding: 3-69                   [1]                       [1, 512]                  (recursive)               (recursive)               --                        32,768
│    │    └─Embedding: 3-70                   [1]                       [1, 512]                  (recursive)               (recursive)               --                        32,768
│    │    └─Embedding: 3-71                   [1]                       [1, 512]                  (recursive)               (recursive)               --                        32,768
│    │    └─Embedding: 3-72                   [1]                       [1, 512]                  (recursive)               (recursive)               --                        32,768
│    │    └─Embedding: 3-73                   [1]                       [1, 512]                  (recursive)               (recursive)               --                        32,768
│    │    └─Embedding: 3-74                   [1]                       [1, 512]                  (recursive)               (recursive)               --                        32,768
│    │    └─Embedding: 3-75                   [1]                       [1, 512]                  (recursive)               (recursive)               --                        32,768
│    │    └─Embedding: 3-76                   [1]                       [1, 512]                  (recursive)               (recursive)               --                        32,768
│    │    └─Embedding: 3-77                   [1]                       [1, 512]                  (recursive)               (recursive)               --                        32,768
│    │    └─Embedding: 3-78                   [1]                       [1, 512]                  (recursive)               (recursive)               --                        32,768
│    │    └─Embedding: 3-79                   [1]                       [1, 512]                  (recursive)               (recursive)               --                        32,768
│    │    └─Embedding: 3-80                   [1]                       [1, 512]                  (recursive)               (recursive)               --                        32,768
│    │    └─Embedding: 3-81                   [1]                       [1, 512]                  (recursive)               (recursive)               --                        32,768
│    │    └─Embedding: 3-82                   [1]                       [1, 512]                  (recursive)               (recursive)               --                        32,768
│    │    └─Embedding: 3-83                   [1]                       [1, 512]                  (recursive)               (recursive)               --                        32,768
│    │    └─Embedding: 3-84                   [1]                       [1, 512]                  (recursive)               (recursive)               --                        32,768
│    │    └─Embedding: 3-85                   [1]                       [1, 512]                  (recursive)               (recursive)               --                        32,768
│    │    └─Embedding: 3-86                   [1]                       [1, 512]                  (recursive)               (recursive)               --                        32,768
│    │    └─Embedding: 3-87                   [1]                       [1, 512]                  (recursive)               (recursive)               --                        32,768
│    │    └─Embedding: 3-88                   [1]                       [1, 512]                  (recursive)               (recursive)               --                        32,768
│    │    └─Embedding: 3-89                   [1]                       [1, 512]                  (recursive)               (recursive)               --                        32,768
│    │    └─Embedding: 3-90                   [1]                       [1, 512]                  (recursive)               (recursive)               --                        32,768
│    │    └─Embedding: 3-91                   [1]                       [1, 512]                  (recursive)               (recursive)               --                        32,768
│    │    └─Embedding: 3-92                   [1]                       [1, 512]                  (recursive)               (recursive)               --                        32,768
│    │    └─Embedding: 3-93                   [1]                       [1, 512]                  (recursive)               (recursive)               --                        32,768
│    │    └─Embedding: 3-94                   [1]                       [1, 512]                  131,072                     0.06%                   --                        131,072
│    │    └─Embedding: 3-95                   [1]                       [1, 512]                  (recursive)               (recursive)               --                        131,072
│    │    └─Embedding: 3-96                   [1]                       [1, 512]                  (recursive)               (recursive)               --                        131,072
│    │    └─Embedding: 3-97                   [1]                       [1, 512]                  (recursive)               (recursive)               --                        131,072
│    │    └─Embedding: 3-98                   [1]                       [1, 512]                  (recursive)               (recursive)               --                        131,072
│    │    └─Embedding: 3-99                   [1]                       [1, 512]                  (recursive)               (recursive)               --                        131,072
│    │    └─Embedding: 3-100                  [1]                       [1, 512]                  (recursive)               (recursive)               --                        131,072
│    │    └─Embedding: 3-101                  [1]                       [1, 512]                  (recursive)               (recursive)               --                        131,072
│    │    └─Embedding: 3-102                  [1]                       [1, 512]                  (recursive)               (recursive)               --                        131,072
│    │    └─Embedding: 3-103                  [1]                       [1, 512]                  (recursive)               (recursive)               --                        131,072
│    │    └─Embedding: 3-104                  [1]                       [1, 512]                  (recursive)               (recursive)               --                        131,072
│    │    └─Embedding: 3-105                  [1]                       [1, 512]                  (recursive)               (recursive)               --                        131,072
│    │    └─Embedding: 3-106                  [1]                       [1, 512]                  (recursive)               (recursive)               --                        131,072
│    │    └─Embedding: 3-107                  [1]                       [1, 512]                  (recursive)               (recursive)               --                        131,072
│    │    └─Embedding: 3-108                  [1]                       [1, 512]                  (recursive)               (recursive)               --                        131,072
│    │    └─Embedding: 3-109                  [1]                       [1, 512]                  (recursive)               (recursive)               --                        131,072
│    │    └─Embedding: 3-110                  [1]                       [1, 512]                  (recursive)               (recursive)               --                        131,072
│    │    └─Embedding: 3-111                  [1]                       [1, 512]                  (recursive)               (recursive)               --                        131,072
│    │    └─Embedding: 3-112                  [1]                       [1, 512]                  (recursive)               (recursive)               --                        131,072
│    │    └─Embedding: 3-113                  [1]                       [1, 512]                  (recursive)               (recursive)               --                        131,072
│    │    └─Embedding: 3-114                  [1]                       [1, 512]                  (recursive)               (recursive)               --                        131,072
│    │    └─Embedding: 3-115                  [1]                       [1, 512]                  (recursive)               (recursive)               --                        131,072
│    │    └─Embedding: 3-116                  [1]                       [1, 512]                  (recursive)               (recursive)               --                        131,072
│    │    └─Embedding: 3-117                  [1]                       [1, 512]                  (recursive)               (recursive)               --                        131,072
│    │    └─Embedding: 3-118                  [1]                       [1, 512]                  (recursive)               (recursive)               --                        131,072
│    │    └─Embedding: 3-119                  [1]                       [1, 512]                  (recursive)               (recursive)               --                        131,072
│    │    └─Embedding: 3-120                  [1]                       [1, 512]                  (recursive)               (recursive)               --                        131,072
│    │    └─Embedding: 3-121                  [1]                       [1, 512]                  (recursive)               (recursive)               --                        131,072
│    │    └─Embedding: 3-122                  [1]                       [1, 512]                  (recursive)               (recursive)               --                        131,072
│    │    └─Embedding: 3-123                  [1]                       [1, 512]                  (recursive)               (recursive)               --                        131,072
│    │    └─Embedding: 3-124                  [1]                       [1, 512]                  (recursive)               (recursive)               --                        131,072
│    │    └─Embedding: 3-125                  [1]                       [1, 512]                  (recursive)               (recursive)               --                        131,072
│    │    └─Embedding: 3-126                  [1]                       [1, 512]                  (recursive)               (recursive)               --                        131,072
│    │    └─Embedding: 3-127                  [1]                       [1, 512]                  (recursive)               (recursive)               --                        131,072
│    │    └─Embedding: 3-128                  [1]                       [1, 512]                  (recursive)               (recursive)               --                        131,072
│    │    └─Embedding: 3-129                  [1]                       [1, 512]                  (recursive)               (recursive)               --                        131,072
│    │    └─Embedding: 3-130                  [1]                       [1, 512]                  (recursive)               (recursive)               --                        131,072
│    │    └─Embedding: 3-131                  [1]                       [1, 512]                  (recursive)               (recursive)               --                        131,072
│    │    └─Embedding: 3-132                  [1]                       [1, 512]                  (recursive)               (recursive)               --                        131,072
│    │    └─Embedding: 3-133                  [1]                       [1, 512]                  (recursive)               (recursive)               --                        131,072
│    │    └─Embedding: 3-134                  [1]                       [1, 512]                  (recursive)               (recursive)               --                        131,072
│    │    └─Embedding: 3-135                  [1]                       [1, 512]                  (recursive)               (recursive)               --                        131,072
│    │    └─Embedding: 3-136                  [1]                       [1, 512]                  (recursive)               (recursive)               --                        131,072
│    │    └─Embedding: 3-137                  [1]                       [1, 512]                  (recursive)               (recursive)               --                        131,072
│    │    └─Embedding: 3-138                  [1]                       [1, 512]                  (recursive)               (recursive)               --                        131,072
│    │    └─Embedding: 3-139                  [1]                       [1, 512]                  (recursive)               (recursive)               --                        131,072
│    │    └─Embedding: 3-140                  [1]                       [1, 512]                  (recursive)               (recursive)               --                        131,072
│    │    └─Embedding: 3-141                  [1]                       [1, 512]                  (recursive)               (recursive)               --                        131,072
│    │    └─Embedding: 3-142                  [1]                       [1, 512]                  (recursive)               (recursive)               --                        131,072
│    │    └─Embedding: 3-143                  [1]                       [1, 512]                  (recursive)               (recursive)               --                        131,072
│    │    └─Embedding: 3-144                  [1]                       [1, 512]                  (recursive)               (recursive)               --                        131,072
│    │    └─Embedding: 3-145                  [1]                       [1, 512]                  (recursive)               (recursive)               --                        131,072
│    │    └─Embedding: 3-146                  [1]                       [1, 512]                  (recursive)               (recursive)               --                        131,072
│    │    └─Embedding: 3-147                  [1]                       [1, 512]                  (recursive)               (recursive)               --                        131,072
│    │    └─Embedding: 3-148                  [1]                       [1, 512]                  (recursive)               (recursive)               --                        131,072
│    │    └─Embedding: 3-149                  [1]                       [1, 512]                  (recursive)               (recursive)               --                        131,072
│    │    └─Embedding: 3-150                  [1]                       [1, 512]                  (recursive)               (recursive)               --                        131,072
│    │    └─Embedding: 3-151                  [1]                       [1, 512]                  (recursive)               (recursive)               --                        131,072
│    │    └─Embedding: 3-152                  [1]                       [1, 512]                  (recursive)               (recursive)               --                        131,072
│    │    └─Embedding: 3-153                  [1]                       [1, 512]                  (recursive)               (recursive)               --                        131,072
│    │    └─Embedding: 3-154                  [1]                       [1, 512]                  (recursive)               (recursive)               --                        131,072
│    │    └─Embedding: 3-155                  [1]                       [1, 512]                  (recursive)               (recursive)               --                        131,072
│    │    └─Embedding: 3-156                  [1]                       [1, 512]                  (recursive)               (recursive)               --                        131,072
│    │    └─Embedding: 3-157                  [1]                       [1, 512]                  (recursive)               (recursive)               --                        131,072
│    │    └─Embedding: 3-158                  [1]                       [1, 512]                  (recursive)               (recursive)               --                        131,072
│    │    └─Embedding: 3-159                  [1]                       [1, 512]                  (recursive)               (recursive)               --                        131,072
│    │    └─Embedding: 3-160                  [1]                       [1, 512]                  (recursive)               (recursive)               --                        131,072
│    │    └─Embedding: 3-161                  [1]                       [1, 512]                  (recursive)               (recursive)               --                        131,072
│    │    └─Embedding: 3-162                  [1]                       [1, 512]                  (recursive)               (recursive)               --                        131,072
│    │    └─Embedding: 3-163                  [1]                       [1, 512]                  (recursive)               (recursive)               --                        131,072
│    │    └─Embedding: 3-164                  [1]                       [1, 512]                  (recursive)               (recursive)               --                        131,072
│    │    └─Embedding: 3-165                  [1]                       [1, 512]                  (recursive)               (recursive)               --                        131,072
│    │    └─Embedding: 3-166                  [1]                       [1, 512]                  (recursive)               (recursive)               --                        131,072
│    │    └─Embedding: 3-167                  [1]                       [1, 512]                  (recursive)               (recursive)               --                        131,072
│    │    └─Embedding: 3-168                  [1]                       [1, 512]                  (recursive)               (recursive)               --                        131,072
│    │    └─Embedding: 3-169                  [1]                       [1, 512]                  (recursive)               (recursive)               --                        131,072
│    │    └─Embedding: 3-170                  [1]                       [1, 512]                  (recursive)               (recursive)               --                        131,072
│    │    └─Embedding: 3-171                  [1]                       [1, 512]                  (recursive)               (recursive)               --                        131,072
│    │    └─Embedding: 3-172                  [1]                       [1, 512]                  (recursive)               (recursive)               --                        131,072
│    │    └─Embedding: 3-173                  [1]                       [1, 512]                  (recursive)               (recursive)               --                        131,072
│    │    └─Embedding: 3-174                  [1]                       [1, 512]                  (recursive)               (recursive)               --                        131,072
│    │    └─Embedding: 3-175                  [1]                       [1, 512]                  (recursive)               (recursive)               --                        131,072
│    │    └─Embedding: 3-176                  [1]                       [1, 512]                  (recursive)               (recursive)               --                        131,072
│    │    └─Embedding: 3-177                  [1]                       [1, 512]                  (recursive)               (recursive)               --                        131,072
│    │    └─Embedding: 3-178                  [1]                       [1, 512]                  524,288                     0.24%                   --                        524,288
│    │    └─Embedding: 3-179                  [1]                       [1, 512]                  (recursive)               (recursive)               --                        524,288
│    │    └─Embedding: 3-180                  [1]                       [1, 512]                  (recursive)               (recursive)               --                        524,288
│    │    └─Embedding: 3-181                  [1]                       [1, 512]                  (recursive)               (recursive)               --                        524,288
│    │    └─Embedding: 3-182                  [1]                       [1, 512]                  (recursive)               (recursive)               --                        524,288
│    │    └─Embedding: 3-183                  [1]                       [1, 512]                  (recursive)               (recursive)               --                        524,288
│    │    └─Embedding: 3-184                  [1]                       [1, 512]                  (recursive)               (recursive)               --                        524,288
│    │    └─Embedding: 3-185                  [1]                       [1, 512]                  (recursive)               (recursive)               --                        524,288
│    │    └─Embedding: 3-186                  [1]                       [1, 512]                  (recursive)               (recursive)               --                        524,288
│    │    └─Embedding: 3-187                  [1]                       [1, 512]                  (recursive)               (recursive)               --                        524,288
│    │    └─Embedding: 3-188                  [1]                       [1, 512]                  (recursive)               (recursive)               --                        524,288
│    │    └─Embedding: 3-189                  [1]                       [1, 512]                  (recursive)               (recursive)               --                        524,288
│    │    └─Embedding: 3-190                  [1]                       [1, 512]                  (recursive)               (recursive)               --                        524,288
│    │    └─Embedding: 3-191                  [1]                       [1, 512]                  (recursive)               (recursive)               --                        524,288
│    │    └─Embedding: 3-192                  [1]                       [1, 512]                  (recursive)               (recursive)               --                        524,288
│    │    └─Embedding: 3-193                  [1]                       [1, 512]                  (recursive)               (recursive)               --                        524,288
│    │    └─Embedding: 3-194                  [1]                       [1, 512]                  (recursive)               (recursive)               --                        524,288
│    │    └─Embedding: 3-195                  [1]                       [1, 512]                  (recursive)               (recursive)               --                        524,288
│    │    └─Embedding: 3-196                  [1]                       [1, 512]                  (recursive)               (recursive)               --                        524,288
│    │    └─Embedding: 3-197                  [1]                       [1, 512]                  (recursive)               (recursive)               --                        524,288
│    │    └─Embedding: 3-198                  [1]                       [1, 512]                  (recursive)               (recursive)               --                        524,288
│    │    └─Embedding: 3-199                  [1]                       [1, 512]                  (recursive)               (recursive)               --                        524,288
│    │    └─Embedding: 3-200                  [1]                       [1, 512]                  (recursive)               (recursive)               --                        524,288
│    │    └─Embedding: 3-201                  [1]                       [1, 512]                  (recursive)               (recursive)               --                        524,288
│    │    └─Embedding: 3-202                  [1]                       [1, 512]                  (recursive)               (recursive)               --                        524,288
│    │    └─Embedding: 3-203                  [1]                       [1, 512]                  (recursive)               (recursive)               --                        524,288
│    │    └─Embedding: 3-204                  [1]                       [1, 512]                  (recursive)               (recursive)               --                        524,288
│    │    └─Embedding: 3-205                  [1]                       [1, 512]                  (recursive)               (recursive)               --                        524,288
│    │    └─Embedding: 3-206                  [1]                       [1, 512]                  (recursive)               (recursive)               --                        524,288
│    │    └─Embedding: 3-207                  [1]                       [1, 512]                  (recursive)               (recursive)               --                        524,288
│    │    └─Embedding: 3-208                  [1]                       [1, 512]                  (recursive)               (recursive)               --                        524,288
│    │    └─Embedding: 3-209                  [1]                       [1, 512]                  (recursive)               (recursive)               --                        524,288
│    │    └─Embedding: 3-210                  [1]                       [1, 512]                  (recursive)               (recursive)               --                        524,288
│    │    └─Embedding: 3-211                  [1]                       [1, 512]                  (recursive)               (recursive)               --                        524,288
│    │    └─Embedding: 3-212                  [1]                       [1, 512]                  (recursive)               (recursive)               --                        524,288
│    │    └─Embedding: 3-213                  [1]                       [1, 512]                  (recursive)               (recursive)               --                        524,288
│    │    └─Embedding: 3-214                  [1]                       [1, 512]                  (recursive)               (recursive)               --                        524,288
│    │    └─Embedding: 3-215                  [1]                       [1, 512]                  (recursive)               (recursive)               --                        524,288
│    │    └─Embedding: 3-216                  [1]                       [1, 512]                  (recursive)               (recursive)               --                        524,288
│    │    └─Embedding: 3-217                  [1]                       [1, 512]                  (recursive)               (recursive)               --                        524,288
│    │    └─Embedding: 3-218                  [1]                       [1, 512]                  (recursive)               (recursive)               --                        524,288
│    │    └─Embedding: 3-219                  [1]                       [1, 512]                  (recursive)               (recursive)               --                        524,288
│    │    └─Embedding: 3-220                  [1]                       [1, 512]                  (recursive)               (recursive)               --                        524,288
│    │    └─Embedding: 3-221                  [1]                       [1, 512]                  (recursive)               (recursive)               --                        524,288
│    │    └─Embedding: 3-222                  [1]                       [1, 512]                  (recursive)               (recursive)               --                        524,288
│    │    └─Embedding: 3-223                  [1]                       [1, 512]                  (recursive)               (recursive)               --                        524,288
│    │    └─Embedding: 3-224                  [1]                       [1, 512]                  (recursive)               (recursive)               --                        524,288
│    │    └─Embedding: 3-225                  [1]                       [1, 512]                  (recursive)               (recursive)               --                        524,288
│    │    └─Embedding: 3-226                  [1]                       [1, 512]                  (recursive)               (recursive)               --                        524,288
│    │    └─Embedding: 3-227                  [1]                       [1, 512]                  (recursive)               (recursive)               --                        524,288
│    │    └─Embedding: 3-228                  [1]                       [1, 512]                  (recursive)               (recursive)               --                        524,288
│    │    └─Embedding: 3-229                  [1]                       [1, 512]                  (recursive)               (recursive)               --                        524,288
│    │    └─Embedding: 3-230                  [1]                       [1, 512]                  (recursive)               (recursive)               --                        524,288
│    │    └─Embedding: 3-231                  [1]                       [1, 512]                  (recursive)               (recursive)               --                        524,288
│    │    └─Embedding: 3-232                  [1]                       [1, 512]                  (recursive)               (recursive)               --                        524,288
│    │    └─Embedding: 3-233                  [1]                       [1, 512]                  (recursive)               (recursive)               --                        524,288
│    │    └─Embedding: 3-234                  [1]                       [1, 512]                  (recursive)               (recursive)               --                        524,288
│    │    └─Embedding: 3-235                  [1]                       [1, 512]                  (recursive)               (recursive)               --                        524,288
│    │    └─Embedding: 3-236                  [1]                       [1, 512]                  (recursive)               (recursive)               --                        524,288
│    │    └─Embedding: 3-237                  [1]                       [1, 512]                  (recursive)               (recursive)               --                        524,288
│    │    └─Embedding: 3-238                  [1]                       [1, 512]                  (recursive)               (recursive)               --                        524,288
│    │    └─Embedding: 3-239                  [1]                       [1, 512]                  (recursive)               (recursive)               --                        524,288
│    │    └─Embedding: 3-240                  [1]                       [1, 512]                  (recursive)               (recursive)               --                        524,288
│    │    └─Embedding: 3-241                  [1]                       [1, 512]                  (recursive)               (recursive)               --                        524,288
│    │    └─Embedding: 3-242                  [1]                       [1, 512]                  (recursive)               (recursive)               --                        524,288
│    │    └─Embedding: 3-243                  [1]                       [1, 512]                  (recursive)               (recursive)               --                        524,288
│    │    └─Embedding: 3-244                  [1]                       [1, 512]                  (recursive)               (recursive)               --                        524,288
│    │    └─Embedding: 3-245                  [1]                       [1, 512]                  (recursive)               (recursive)               --                        524,288
│    │    └─Embedding: 3-246                  [1]                       [1, 512]                  (recursive)               (recursive)               --                        524,288
│    │    └─Embedding: 3-247                  [1]                       [1, 512]                  (recursive)               (recursive)               --                        524,288
│    │    └─Embedding: 3-248                  [1]                       [1, 512]                  (recursive)               (recursive)               --                        524,288
│    │    └─Embedding: 3-249                  [1]                       [1, 512]                  (recursive)               (recursive)               --                        524,288
│    │    └─Embedding: 3-250                  [1]                       [1, 512]                  (recursive)               (recursive)               --                        524,288
│    │    └─Embedding: 3-251                  [1]                       [1, 512]                  (recursive)               (recursive)               --                        524,288
│    │    └─Embedding: 3-252                  [1]                       [1, 512]                  (recursive)               (recursive)               --                        524,288
│    │    └─Embedding: 3-253                  [1]                       [1, 512]                  (recursive)               (recursive)               --                        524,288
│    │    └─Embedding: 3-254                  [1]                       [1, 512]                  (recursive)               (recursive)               --                        524,288
│    │    └─Embedding: 3-255                  [1]                       [1, 512]                  (recursive)               (recursive)               --                        524,288
│    │    └─Embedding: 3-256                  [1]                       [1, 512]                  (recursive)               (recursive)               --                        524,288
│    │    └─Embedding: 3-257                  [1]                       [1, 512]                  (recursive)               (recursive)               --                        524,288
│    │    └─Embedding: 3-258                  [1]                       [1, 512]                  (recursive)               (recursive)               --                        524,288
│    │    └─Embedding: 3-259                  [1]                       [1, 512]                  (recursive)               (recursive)               --                        524,288
│    │    └─Embedding: 3-260                  [1]                       [1, 512]                  (recursive)               (recursive)               --                        524,288
│    │    └─Embedding: 3-261                  [1]                       [1, 512]                  (recursive)               (recursive)               --                        524,288
│    │    └─Embedding: 3-262                  [1]                       [1, 512]                  (recursive)               (recursive)               --                        524,288
│    │    └─Embedding: 3-263                  [1]                       [1, 512]                  (recursive)               (recursive)               --                        524,288
│    │    └─Embedding: 3-264                  [1]                       [1, 512]                  (recursive)               (recursive)               --                        524,288
│    │    └─Embedding: 3-265                  [1]                       [1, 512]                  (recursive)               (recursive)               --                        524,288
│    │    └─Embedding: 3-266                  [1]                       [1, 512]                  (recursive)               (recursive)               --                        524,288
│    │    └─Embedding: 3-267                  [1]                       [1, 512]                  (recursive)               (recursive)               --                        524,288
│    │    └─Embedding: 3-268                  [1]                       [1, 512]                  (recursive)               (recursive)               --                        524,288
│    │    └─Embedding: 3-269                  [1]                       [1, 512]                  (recursive)               (recursive)               --                        524,288
│    │    └─Embedding: 3-270                  [1]                       [1, 512]                  (recursive)               (recursive)               --                        524,288
│    │    └─Embedding: 3-271                  [1]                       [1, 512]                  (recursive)               (recursive)               --                        524,288
│    │    └─Embedding: 3-272                  [1]                       [1, 512]                  (recursive)               (recursive)               --                        524,288
│    │    └─Embedding: 3-273                  [1]                       [1, 512]                  (recursive)               (recursive)               --                        524,288
│    │    └─Embedding: 3-274                  [1]                       [1, 512]                  (recursive)               (recursive)               --                        524,288
│    │    └─Embedding: 3-275                  [1]                       [1, 512]                  (recursive)               (recursive)               --                        524,288
│    │    └─Embedding: 3-276                  [1]                       [1, 512]                  (recursive)               (recursive)               --                        524,288
│    │    └─Embedding: 3-277                  [1]                       [1, 512]                  (recursive)               (recursive)               --                        524,288
│    │    └─Embedding: 3-278                  [1]                       [1, 512]                  (recursive)               (recursive)               --                        524,288
│    │    └─Embedding: 3-279                  [1]                       [1, 512]                  (recursive)               (recursive)               --                        524,288
│    │    └─Embedding: 3-280                  [1]                       [1, 512]                  (recursive)               (recursive)               --                        524,288
│    │    └─Embedding: 3-281                  [1]                       [1, 512]                  (recursive)               (recursive)               --                        524,288
│    │    └─Embedding: 3-282                  [1]                       [1, 512]                  (recursive)               (recursive)               --                        524,288
│    │    └─Embedding: 3-283                  [1]                       [1, 512]                  (recursive)               (recursive)               --                        524,288
│    │    └─Embedding: 3-284                  [1]                       [1, 512]                  (recursive)               (recursive)               --                        524,288
│    │    └─Embedding: 3-285                  [1]                       [1, 512]                  (recursive)               (recursive)               --                        524,288
│    │    └─Embedding: 3-286                  [1]                       [1, 512]                  (recursive)               (recursive)               --                        524,288
│    │    └─Embedding: 3-287                  [1]                       [1, 512]                  (recursive)               (recursive)               --                        524,288
│    │    └─Embedding: 3-288                  [1]                       [1, 512]                  (recursive)               (recursive)               --                        524,288
│    │    └─Embedding: 3-289                  [1]                       [1, 512]                  (recursive)               (recursive)               --                        524,288
│    │    └─Embedding: 3-290                  [1]                       [1, 512]                  (recursive)               (recursive)               --                        524,288
│    │    └─Embedding: 3-291                  [1]                       [1, 512]                  (recursive)               (recursive)               --                        524,288
│    │    └─Embedding: 3-292                  [1]                       [1, 512]                  (recursive)               (recursive)               --                        524,288
│    │    └─Embedding: 3-293                  [1]                       [1, 512]                  (recursive)               (recursive)               --                        524,288
│    │    └─Embedding: 3-294                  [1]                       [1, 512]                  (recursive)               (recursive)               --                        524,288
│    │    └─Embedding: 3-295                  [1]                       [1, 512]                  (recursive)               (recursive)               --                        524,288
│    │    └─Embedding: 3-296                  [1]                       [1, 512]                  (recursive)               (recursive)               --                        524,288
│    │    └─Embedding: 3-297                  [1]                       [1, 512]                  (recursive)               (recursive)               --                        524,288
│    │    └─Embedding: 3-298                  [1]                       [1, 512]                  (recursive)               (recursive)               --                        524,288
│    │    └─Embedding: 3-299                  [1]                       [1, 512]                  (recursive)               (recursive)               --                        524,288
│    │    └─Embedding: 3-300                  [1]                       [1, 512]                  (recursive)               (recursive)               --                        524,288
│    │    └─Embedding: 3-301                  [1]                       [1, 512]                  (recursive)               (recursive)               --                        524,288
│    │    └─Embedding: 3-302                  [1]                       [1, 512]                  (recursive)               (recursive)               --                        524,288
│    │    └─Embedding: 3-303                  [1]                       [1, 512]                  (recursive)               (recursive)               --                        524,288
│    │    └─Embedding: 3-304                  [1]                       [1, 512]                  (recursive)               (recursive)               --                        524,288
│    │    └─Embedding: 3-305                  [1]                       [1, 512]                  (recursive)               (recursive)               --                        524,288
│    │    └─Embedding: 3-306                  [1]                       [1, 512]                  (recursive)               (recursive)               --                        524,288
│    │    └─Embedding: 3-307                  [1]                       [1, 512]                  (recursive)               (recursive)               --                        524,288
│    │    └─Embedding: 3-308                  [1]                       [1, 512]                  (recursive)               (recursive)               --                        524,288
│    │    └─Embedding: 3-309                  [1]                       [1, 512]                  (recursive)               (recursive)               --                        524,288
│    │    └─Embedding: 3-310                  [1]                       [1, 512]                  (recursive)               (recursive)               --                        524,288
│    │    └─Embedding: 3-311                  [1]                       [1, 512]                  (recursive)               (recursive)               --                        524,288
│    │    └─Embedding: 3-312                  [1]                       [1, 512]                  (recursive)               (recursive)               --                        524,288
│    │    └─Embedding: 3-313                  [1]                       [1, 512]                  (recursive)               (recursive)               --                        524,288
│    │    └─Embedding: 3-314                  [1]                       [1, 512]                  (recursive)               (recursive)               --                        524,288
│    │    └─Embedding: 3-315                  [1]                       [1, 512]                  (recursive)               (recursive)               --                        524,288
│    │    └─Embedding: 3-316                  [1]                       [1, 512]                  (recursive)               (recursive)               --                        524,288
│    │    └─Embedding: 3-317                  [1]                       [1, 512]                  (recursive)               (recursive)               --                        524,288
│    │    └─Embedding: 3-318                  [1]                       [1, 512]                  (recursive)               (recursive)               --                        524,288
│    │    └─Embedding: 3-319                  [1]                       [1, 512]                  (recursive)               (recursive)               --                        524,288
│    │    └─Embedding: 3-320                  [1]                       [1, 512]                  (recursive)               (recursive)               --                        524,288
│    │    └─Embedding: 3-321                  [1]                       [1, 512]                  (recursive)               (recursive)               --                        524,288
│    └─LayerNorm: 2-7                         [1, 569, 512]             [1, 569, 512]             1,024                       0.00%                   --                        1,024
│    └─ModuleList: 2-8                        --                        --                        --                             --                   --                        --
│    │    └─ResidualAttentionBlock: 3-322     [569, 1, 512]             [569, 1, 512]             --                             --                   --                        --
│    │    │    └─LayerNorm: 4-33              [569, 1, 512]             [569, 1, 512]             1,024                       0.00%                   --                        582,656
│    │    │    └─MultiheadAttention: 4-34     [569, 1, 512]             [569, 1, 512]             1,050,624                   0.49%                   --                        --
│    │    │    └─LayerNorm: 4-35              [569, 1, 512]             [569, 1, 512]             1,024                       0.00%                   --                        582,656
│    │    │    └─Sequential: 4-36             [569, 1, 512]             [569, 1, 512]             --                             --                   --                        --
│    │    │    │    └─Linear: 5-25            [569, 1, 512]             [569, 1, 2048]            1,050,624                   0.49%                   --                        597,805,056
│    │    │    │    └─GELU: 5-26              [569, 1, 2048]            [569, 1, 2048]            --                             --                   --                        --
│    │    │    │    └─Linear: 5-27            [569, 1, 2048]            [569, 1, 512]             1,049,088                   0.49%                   --                        596,931,072
│    │    └─ResidualAttentionBlock: 3-323     [569, 1, 512]             [569, 1, 512]             --                             --                   --                        --
│    │    │    └─LayerNorm: 4-37              [569, 1, 512]             [569, 1, 512]             1,024                       0.00%                   --                        582,656
│    │    │    └─MultiheadAttention: 4-38     [569, 1, 512]             [569, 1, 512]             1,050,624                   0.49%                   --                        --
│    │    │    └─LayerNorm: 4-39              [569, 1, 512]             [569, 1, 512]             1,024                       0.00%                   --                        582,656
│    │    │    └─Sequential: 4-40             [569, 1, 512]             [569, 1, 512]             --                             --                   --                        --
│    │    │    │    └─Linear: 5-28            [569, 1, 512]             [569, 1, 2048]            1,050,624                   0.49%                   --                        597,805,056
│    │    │    │    └─GELU: 5-29              [569, 1, 2048]            [569, 1, 2048]            --                             --                   --                        --
│    │    │    │    └─Linear: 5-30            [569, 1, 2048]            [569, 1, 512]             1,049,088                   0.49%                   --                        596,931,072
│    │    └─ResidualAttentionBlock: 3-324     [569, 1, 512]             [569, 1, 512]             --                             --                   --                        --
│    │    │    └─LayerNorm: 4-41              [569, 1, 512]             [569, 1, 512]             1,024                       0.00%                   --                        582,656
│    │    │    └─MultiheadAttention: 4-42     [569, 1, 512]             [569, 1, 512]             1,050,624                   0.49%                   --                        --
│    │    │    └─LayerNorm: 4-43              [569, 1, 512]             [569, 1, 512]             1,024                       0.00%                   --                        582,656
│    │    │    └─Sequential: 4-44             [569, 1, 512]             [569, 1, 512]             --                             --                   --                        --
│    │    │    │    └─Linear: 5-31            [569, 1, 512]             [569, 1, 2048]            1,050,624                   0.49%                   --                        597,805,056
│    │    │    │    └─GELU: 5-32              [569, 1, 2048]            [569, 1, 2048]            --                             --                   --                        --
│    │    │    │    └─Linear: 5-33            [569, 1, 2048]            [569, 1, 512]             1,049,088                   0.49%                   --                        596,931,072
│    │    └─ResidualAttentionBlock: 3-325     [569, 1, 512]             [569, 1, 512]             --                             --                   --                        --
│    │    │    └─LayerNorm: 4-45              [569, 1, 512]             [569, 1, 512]             1,024                       0.00%                   --                        582,656
│    │    │    └─MultiheadAttention: 4-46     [569, 1, 512]             [569, 1, 512]             1,050,624                   0.49%                   --                        --
│    │    │    └─LayerNorm: 4-47              [569, 1, 512]             [569, 1, 512]             1,024                       0.00%                   --                        582,656
│    │    │    └─Sequential: 4-48             [569, 1, 512]             [569, 1, 512]             --                             --                   --                        --
│    │    │    │    └─Linear: 5-34            [569, 1, 512]             [569, 1, 2048]            1,050,624                   0.49%                   --                        597,805,056
│    │    │    │    └─GELU: 5-35              [569, 1, 2048]            [569, 1, 2048]            --                             --                   --                        --
│    │    │    │    └─Linear: 5-36            [569, 1, 2048]            [569, 1, 512]             1,049,088                   0.49%                   --                        596,931,072
│    │    └─ResidualAttentionBlock: 3-326     [569, 1, 512]             [569, 1, 512]             --                             --                   --                        --
│    │    │    └─LayerNorm: 4-49              [569, 1, 512]             [569, 1, 512]             1,024                       0.00%                   --                        582,656
│    │    │    └─MultiheadAttention: 4-50     [569, 1, 512]             [569, 1, 512]             1,050,624                   0.49%                   --                        --
│    │    │    └─LayerNorm: 4-51              [569, 1, 512]             [569, 1, 512]             1,024                       0.00%                   --                        582,656
│    │    │    └─Sequential: 4-52             [569, 1, 512]             [569, 1, 512]             --                             --                   --                        --
│    │    │    │    └─Linear: 5-37            [569, 1, 512]             [569, 1, 2048]            1,050,624                   0.49%                   --                        597,805,056
│    │    │    │    └─GELU: 5-38              [569, 1, 2048]            [569, 1, 2048]            --                             --                   --                        --
│    │    │    │    └─Linear: 5-39            [569, 1, 2048]            [569, 1, 512]             1,049,088                   0.49%                   --                        596,931,072
│    │    └─ResidualAttentionBlock: 3-327     [569, 1, 512]             [569, 1, 512]             --                             --                   --                        --
│    │    │    └─LayerNorm: 4-53              [569, 1, 512]             [569, 1, 512]             1,024                       0.00%                   --                        582,656
│    │    │    └─MultiheadAttention: 4-54     [569, 1, 512]             [569, 1, 512]             1,050,624                   0.49%                   --                        --
│    │    │    └─LayerNorm: 4-55              [569, 1, 512]             [569, 1, 512]             1,024                       0.00%                   --                        582,656
│    │    │    └─Sequential: 4-56             [569, 1, 512]             [569, 1, 512]             --                             --                   --                        --
│    │    │    │    └─Linear: 5-40            [569, 1, 512]             [569, 1, 2048]            1,050,624                   0.49%                   --                        597,805,056
│    │    │    │    └─GELU: 5-41              [569, 1, 2048]            [569, 1, 2048]            --                             --                   --                        --
│    │    │    │    └─Linear: 5-42            [569, 1, 2048]            [569, 1, 512]             1,049,088                   0.49%                   --                        596,931,072
│    │    └─ResidualAttentionBlock: 3-328     [569, 1, 512]             [569, 1, 512]             --                             --                   --                        --
│    │    │    └─LayerNorm: 4-57              [569, 1, 512]             [569, 1, 512]             1,024                       0.00%                   --                        582,656
│    │    │    └─MultiheadAttention: 4-58     [569, 1, 512]             [569, 1, 512]             1,050,624                   0.49%                   --                        --
│    │    │    └─LayerNorm: 4-59              [569, 1, 512]             [569, 1, 512]             1,024                       0.00%                   --                        582,656
│    │    │    └─Sequential: 4-60             [569, 1, 512]             [569, 1, 512]             --                             --                   --                        --
│    │    │    │    └─Linear: 5-43            [569, 1, 512]             [569, 1, 2048]            1,050,624                   0.49%                   --                        597,805,056
│    │    │    │    └─GELU: 5-44              [569, 1, 2048]            [569, 1, 2048]            --                             --                   --                        --
│    │    │    │    └─Linear: 5-45            [569, 1, 2048]            [569, 1, 512]             1,049,088                   0.49%                   --                        596,931,072
│    │    └─ResidualAttentionBlock: 3-329     [569, 1, 512]             [569, 1, 512]             --                             --                   --                        --
│    │    │    └─LayerNorm: 4-61              [569, 1, 512]             [569, 1, 512]             1,024                       0.00%                   --                        582,656
│    │    │    └─MultiheadAttention: 4-62     [569, 1, 512]             [569, 1, 512]             1,050,624                   0.49%                   --                        --
│    │    │    └─LayerNorm: 4-63              [569, 1, 512]             [569, 1, 512]             1,024                       0.00%                   --                        582,656
│    │    │    └─Sequential: 4-64             [569, 1, 512]             [569, 1, 512]             --                             --                   --                        --
│    │    │    │    └─Linear: 5-46            [569, 1, 512]             [569, 1, 2048]            1,050,624                   0.49%                   --                        597,805,056
│    │    │    │    └─GELU: 5-47              [569, 1, 2048]            [569, 1, 2048]            --                             --                   --                        --
│    │    │    │    └─Linear: 5-48            [569, 1, 2048]            [569, 1, 512]             1,049,088                   0.49%                   --                        596,931,072
│    └─LayerNorm: 2-9                         [1, 313, 512]             [1, 313, 512]             1,024                       0.00%                   --                        1,024
│    └─Linear: 2-10                           [1, 313, 512]             [1, 313, 32]              16,416                      0.01%                   --                        16,416
│    └─LayerNorm: 2-11                        [1, 256, 512]             [1, 256, 512]             1,024                       0.00%                   --                        1,024
│    └─Linear: 2-12                           [1, 256, 512]             [1, 256, 768]             393,984                     0.18%                   --                        393,984
├─QuadTokDecoder: 1-3                         [1, 313, 16]              [1, 3, 256, 256]          698,880                     0.33%                   --                        --
│    └─Linear: 2-13                           [1, 313, 16]              [1, 313, 512]             8,704                       0.00%                   --                        8,704
│    └─ModuleDict: 2-14                       --                        --                        --                             --                   --                        --
│    │    └─Embedding: 3-330                  [1]                       [1, 512]                  512                         0.00%                   --                        512
│    │    └─Embedding: 3-331                  [1]                       [1, 512]                  2,048                       0.00%                   --                        2,048
│    │    └─Embedding: 3-332                  [1]                       [1, 512]                  (recursive)               (recursive)               --                        2,048
│    │    └─Embedding: 3-333                  [1]                       [1, 512]                  (recursive)               (recursive)               --                        2,048
│    │    └─Embedding: 3-334                  [1]                       [1, 512]                  (recursive)               (recursive)               --                        2,048
│    │    └─Embedding: 3-335                  [1]                       [1, 512]                  8,192                       0.00%                   --                        8,192
│    │    └─Embedding: 3-336                  [1]                       [1, 512]                  (recursive)               (recursive)               --                        8,192
│    │    └─Embedding: 3-337                  [1]                       [1, 512]                  (recursive)               (recursive)               --                        8,192
│    │    └─Embedding: 3-338                  [1]                       [1, 512]                  (recursive)               (recursive)               --                        8,192
│    │    └─Embedding: 3-339                  [1]                       [1, 512]                  (recursive)               (recursive)               --                        8,192
│    │    └─Embedding: 3-340                  [1]                       [1, 512]                  (recursive)               (recursive)               --                        8,192
│    │    └─Embedding: 3-341                  [1]                       [1, 512]                  (recursive)               (recursive)               --                        8,192
│    │    └─Embedding: 3-342                  [1]                       [1, 512]                  (recursive)               (recursive)               --                        8,192
│    │    └─Embedding: 3-343                  [1]                       [1, 512]                  (recursive)               (recursive)               --                        8,192
│    │    └─Embedding: 3-344                  [1]                       [1, 512]                  (recursive)               (recursive)               --                        8,192
│    │    └─Embedding: 3-345                  [1]                       [1, 512]                  (recursive)               (recursive)               --                        8,192
│    │    └─Embedding: 3-346                  [1]                       [1, 512]                  (recursive)               (recursive)               --                        8,192
│    │    └─Embedding: 3-347                  [1]                       [1, 512]                  (recursive)               (recursive)               --                        8,192
│    │    └─Embedding: 3-348                  [1]                       [1, 512]                  (recursive)               (recursive)               --                        8,192
│    │    └─Embedding: 3-349                  [1]                       [1, 512]                  (recursive)               (recursive)               --                        8,192
│    │    └─Embedding: 3-350                  [1]                       [1, 512]                  (recursive)               (recursive)               --                        8,192
│    │    └─Embedding: 3-351                  [1]                       [1, 512]                  32,768                      0.02%                   --                        32,768
│    │    └─Embedding: 3-352                  [1]                       [1, 512]                  (recursive)               (recursive)               --                        32,768
│    │    └─Embedding: 3-353                  [1]                       [1, 512]                  (recursive)               (recursive)               --                        32,768
│    │    └─Embedding: 3-354                  [1]                       [1, 512]                  (recursive)               (recursive)               --                        32,768
│    │    └─Embedding: 3-355                  [1]                       [1, 512]                  (recursive)               (recursive)               --                        32,768
│    │    └─Embedding: 3-356                  [1]                       [1, 512]                  (recursive)               (recursive)               --                        32,768
│    │    └─Embedding: 3-357                  [1]                       [1, 512]                  (recursive)               (recursive)               --                        32,768
│    │    └─Embedding: 3-358                  [1]                       [1, 512]                  (recursive)               (recursive)               --                        32,768
│    │    └─Embedding: 3-359                  [1]                       [1, 512]                  (recursive)               (recursive)               --                        32,768
│    │    └─Embedding: 3-360                  [1]                       [1, 512]                  (recursive)               (recursive)               --                        32,768
│    │    └─Embedding: 3-361                  [1]                       [1, 512]                  (recursive)               (recursive)               --                        32,768
│    │    └─Embedding: 3-362                  [1]                       [1, 512]                  (recursive)               (recursive)               --                        32,768
│    │    └─Embedding: 3-363                  [1]                       [1, 512]                  (recursive)               (recursive)               --                        32,768
│    │    └─Embedding: 3-364                  [1]                       [1, 512]                  (recursive)               (recursive)               --                        32,768
│    │    └─Embedding: 3-365                  [1]                       [1, 512]                  (recursive)               (recursive)               --                        32,768
│    │    └─Embedding: 3-366                  [1]                       [1, 512]                  (recursive)               (recursive)               --                        32,768
│    │    └─Embedding: 3-367                  [1]                       [1, 512]                  (recursive)               (recursive)               --                        32,768
│    │    └─Embedding: 3-368                  [1]                       [1, 512]                  (recursive)               (recursive)               --                        32,768
│    │    └─Embedding: 3-369                  [1]                       [1, 512]                  (recursive)               (recursive)               --                        32,768
│    │    └─Embedding: 3-370                  [1]                       [1, 512]                  (recursive)               (recursive)               --                        32,768
│    │    └─Embedding: 3-371                  [1]                       [1, 512]                  (recursive)               (recursive)               --                        32,768
│    │    └─Embedding: 3-372                  [1]                       [1, 512]                  (recursive)               (recursive)               --                        32,768
│    │    └─Embedding: 3-373                  [1]                       [1, 512]                  (recursive)               (recursive)               --                        32,768
│    │    └─Embedding: 3-374                  [1]                       [1, 512]                  (recursive)               (recursive)               --                        32,768
│    │    └─Embedding: 3-375                  [1]                       [1, 512]                  (recursive)               (recursive)               --                        32,768
│    │    └─Embedding: 3-376                  [1]                       [1, 512]                  (recursive)               (recursive)               --                        32,768
│    │    └─Embedding: 3-377                  [1]                       [1, 512]                  (recursive)               (recursive)               --                        32,768
│    │    └─Embedding: 3-378                  [1]                       [1, 512]                  (recursive)               (recursive)               --                        32,768
│    │    └─Embedding: 3-379                  [1]                       [1, 512]                  (recursive)               (recursive)               --                        32,768
│    │    └─Embedding: 3-380                  [1]                       [1, 512]                  (recursive)               (recursive)               --                        32,768
│    │    └─Embedding: 3-381                  [1]                       [1, 512]                  (recursive)               (recursive)               --                        32,768
│    │    └─Embedding: 3-382                  [1]                       [1, 512]                  (recursive)               (recursive)               --                        32,768
│    │    └─Embedding: 3-383                  [1]                       [1, 512]                  (recursive)               (recursive)               --                        32,768
│    │    └─Embedding: 3-384                  [1]                       [1, 512]                  (recursive)               (recursive)               --                        32,768
│    │    └─Embedding: 3-385                  [1]                       [1, 512]                  (recursive)               (recursive)               --                        32,768
│    │    └─Embedding: 3-386                  [1]                       [1, 512]                  (recursive)               (recursive)               --                        32,768
│    │    └─Embedding: 3-387                  [1]                       [1, 512]                  (recursive)               (recursive)               --                        32,768
│    │    └─Embedding: 3-388                  [1]                       [1, 512]                  (recursive)               (recursive)               --                        32,768
│    │    └─Embedding: 3-389                  [1]                       [1, 512]                  (recursive)               (recursive)               --                        32,768
│    │    └─Embedding: 3-390                  [1]                       [1, 512]                  (recursive)               (recursive)               --                        32,768
│    │    └─Embedding: 3-391                  [1]                       [1, 512]                  (recursive)               (recursive)               --                        32,768
│    │    └─Embedding: 3-392                  [1]                       [1, 512]                  (recursive)               (recursive)               --                        32,768
│    │    └─Embedding: 3-393                  [1]                       [1, 512]                  (recursive)               (recursive)               --                        32,768
│    │    └─Embedding: 3-394                  [1]                       [1, 512]                  (recursive)               (recursive)               --                        32,768
│    │    └─Embedding: 3-395                  [1]                       [1, 512]                  (recursive)               (recursive)               --                        32,768
│    │    └─Embedding: 3-396                  [1]                       [1, 512]                  (recursive)               (recursive)               --                        32,768
│    │    └─Embedding: 3-397                  [1]                       [1, 512]                  (recursive)               (recursive)               --                        32,768
│    │    └─Embedding: 3-398                  [1]                       [1, 512]                  (recursive)               (recursive)               --                        32,768
│    │    └─Embedding: 3-399                  [1]                       [1, 512]                  (recursive)               (recursive)               --                        32,768
│    │    └─Embedding: 3-400                  [1]                       [1, 512]                  (recursive)               (recursive)               --                        32,768
│    │    └─Embedding: 3-401                  [1]                       [1, 512]                  (recursive)               (recursive)               --                        32,768
│    │    └─Embedding: 3-402                  [1]                       [1, 512]                  (recursive)               (recursive)               --                        32,768
│    │    └─Embedding: 3-403                  [1]                       [1, 512]                  (recursive)               (recursive)               --                        32,768
│    │    └─Embedding: 3-404                  [1]                       [1, 512]                  (recursive)               (recursive)               --                        32,768
│    │    └─Embedding: 3-405                  [1]                       [1, 512]                  (recursive)               (recursive)               --                        32,768
│    │    └─Embedding: 3-406                  [1]                       [1, 512]                  (recursive)               (recursive)               --                        32,768
│    │    └─Embedding: 3-407                  [1]                       [1, 512]                  (recursive)               (recursive)               --                        32,768
│    │    └─Embedding: 3-408                  [1]                       [1, 512]                  (recursive)               (recursive)               --                        32,768
│    │    └─Embedding: 3-409                  [1]                       [1, 512]                  (recursive)               (recursive)               --                        32,768
│    │    └─Embedding: 3-410                  [1]                       [1, 512]                  (recursive)               (recursive)               --                        32,768
│    │    └─Embedding: 3-411                  [1]                       [1, 512]                  (recursive)               (recursive)               --                        32,768
│    │    └─Embedding: 3-412                  [1]                       [1, 512]                  (recursive)               (recursive)               --                        32,768
│    │    └─Embedding: 3-413                  [1]                       [1, 512]                  (recursive)               (recursive)               --                        32,768
│    │    └─Embedding: 3-414                  [1]                       [1, 512]                  (recursive)               (recursive)               --                        32,768
│    │    └─Embedding: 3-415                  [1]                       [1, 512]                  131,072                     0.06%                   --                        131,072
│    │    └─Embedding: 3-416                  [1]                       [1, 512]                  (recursive)               (recursive)               --                        131,072
│    │    └─Embedding: 3-417                  [1]                       [1, 512]                  (recursive)               (recursive)               --                        131,072
│    │    └─Embedding: 3-418                  [1]                       [1, 512]                  (recursive)               (recursive)               --                        131,072
│    │    └─Embedding: 3-419                  [1]                       [1, 512]                  (recursive)               (recursive)               --                        131,072
│    │    └─Embedding: 3-420                  [1]                       [1, 512]                  (recursive)               (recursive)               --                        131,072
│    │    └─Embedding: 3-421                  [1]                       [1, 512]                  (recursive)               (recursive)               --                        131,072
│    │    └─Embedding: 3-422                  [1]                       [1, 512]                  (recursive)               (recursive)               --                        131,072
│    │    └─Embedding: 3-423                  [1]                       [1, 512]                  (recursive)               (recursive)               --                        131,072
│    │    └─Embedding: 3-424                  [1]                       [1, 512]                  (recursive)               (recursive)               --                        131,072
│    │    └─Embedding: 3-425                  [1]                       [1, 512]                  (recursive)               (recursive)               --                        131,072
│    │    └─Embedding: 3-426                  [1]                       [1, 512]                  (recursive)               (recursive)               --                        131,072
│    │    └─Embedding: 3-427                  [1]                       [1, 512]                  (recursive)               (recursive)               --                        131,072
│    │    └─Embedding: 3-428                  [1]                       [1, 512]                  (recursive)               (recursive)               --                        131,072
│    │    └─Embedding: 3-429                  [1]                       [1, 512]                  (recursive)               (recursive)               --                        131,072
│    │    └─Embedding: 3-430                  [1]                       [1, 512]                  (recursive)               (recursive)               --                        131,072
│    │    └─Embedding: 3-431                  [1]                       [1, 512]                  (recursive)               (recursive)               --                        131,072
│    │    └─Embedding: 3-432                  [1]                       [1, 512]                  (recursive)               (recursive)               --                        131,072
│    │    └─Embedding: 3-433                  [1]                       [1, 512]                  (recursive)               (recursive)               --                        131,072
│    │    └─Embedding: 3-434                  [1]                       [1, 512]                  (recursive)               (recursive)               --                        131,072
│    │    └─Embedding: 3-435                  [1]                       [1, 512]                  (recursive)               (recursive)               --                        131,072
│    │    └─Embedding: 3-436                  [1]                       [1, 512]                  (recursive)               (recursive)               --                        131,072
│    │    └─Embedding: 3-437                  [1]                       [1, 512]                  (recursive)               (recursive)               --                        131,072
│    │    └─Embedding: 3-438                  [1]                       [1, 512]                  (recursive)               (recursive)               --                        131,072
│    │    └─Embedding: 3-439                  [1]                       [1, 512]                  (recursive)               (recursive)               --                        131,072
│    │    └─Embedding: 3-440                  [1]                       [1, 512]                  (recursive)               (recursive)               --                        131,072
│    │    └─Embedding: 3-441                  [1]                       [1, 512]                  (recursive)               (recursive)               --                        131,072
│    │    └─Embedding: 3-442                  [1]                       [1, 512]                  (recursive)               (recursive)               --                        131,072
│    │    └─Embedding: 3-443                  [1]                       [1, 512]                  (recursive)               (recursive)               --                        131,072
│    │    └─Embedding: 3-444                  [1]                       [1, 512]                  (recursive)               (recursive)               --                        131,072
│    │    └─Embedding: 3-445                  [1]                       [1, 512]                  (recursive)               (recursive)               --                        131,072
│    │    └─Embedding: 3-446                  [1]                       [1, 512]                  (recursive)               (recursive)               --                        131,072
│    │    └─Embedding: 3-447                  [1]                       [1, 512]                  (recursive)               (recursive)               --                        131,072
│    │    └─Embedding: 3-448                  [1]                       [1, 512]                  (recursive)               (recursive)               --                        131,072
│    │    └─Embedding: 3-449                  [1]                       [1, 512]                  (recursive)               (recursive)               --                        131,072
│    │    └─Embedding: 3-450                  [1]                       [1, 512]                  (recursive)               (recursive)               --                        131,072
│    │    └─Embedding: 3-451                  [1]                       [1, 512]                  (recursive)               (recursive)               --                        131,072
│    │    └─Embedding: 3-452                  [1]                       [1, 512]                  (recursive)               (recursive)               --                        131,072
│    │    └─Embedding: 3-453                  [1]                       [1, 512]                  (recursive)               (recursive)               --                        131,072
│    │    └─Embedding: 3-454                  [1]                       [1, 512]                  (recursive)               (recursive)               --                        131,072
│    │    └─Embedding: 3-455                  [1]                       [1, 512]                  (recursive)               (recursive)               --                        131,072
│    │    └─Embedding: 3-456                  [1]                       [1, 512]                  (recursive)               (recursive)               --                        131,072
│    │    └─Embedding: 3-457                  [1]                       [1, 512]                  (recursive)               (recursive)               --                        131,072
│    │    └─Embedding: 3-458                  [1]                       [1, 512]                  (recursive)               (recursive)               --                        131,072
│    │    └─Embedding: 3-459                  [1]                       [1, 512]                  (recursive)               (recursive)               --                        131,072
│    │    └─Embedding: 3-460                  [1]                       [1, 512]                  (recursive)               (recursive)               --                        131,072
│    │    └─Embedding: 3-461                  [1]                       [1, 512]                  (recursive)               (recursive)               --                        131,072
│    │    └─Embedding: 3-462                  [1]                       [1, 512]                  (recursive)               (recursive)               --                        131,072
│    │    └─Embedding: 3-463                  [1]                       [1, 512]                  (recursive)               (recursive)               --                        131,072
│    │    └─Embedding: 3-464                  [1]                       [1, 512]                  (recursive)               (recursive)               --                        131,072
│    │    └─Embedding: 3-465                  [1]                       [1, 512]                  (recursive)               (recursive)               --                        131,072
│    │    └─Embedding: 3-466                  [1]                       [1, 512]                  (recursive)               (recursive)               --                        131,072
│    │    └─Embedding: 3-467                  [1]                       [1, 512]                  (recursive)               (recursive)               --                        131,072
│    │    └─Embedding: 3-468                  [1]                       [1, 512]                  (recursive)               (recursive)               --                        131,072
│    │    └─Embedding: 3-469                  [1]                       [1, 512]                  (recursive)               (recursive)               --                        131,072
│    │    └─Embedding: 3-470                  [1]                       [1, 512]                  (recursive)               (recursive)               --                        131,072
│    │    └─Embedding: 3-471                  [1]                       [1, 512]                  (recursive)               (recursive)               --                        131,072
│    │    └─Embedding: 3-472                  [1]                       [1, 512]                  (recursive)               (recursive)               --                        131,072
│    │    └─Embedding: 3-473                  [1]                       [1, 512]                  (recursive)               (recursive)               --                        131,072
│    │    └─Embedding: 3-474                  [1]                       [1, 512]                  (recursive)               (recursive)               --                        131,072
│    │    └─Embedding: 3-475                  [1]                       [1, 512]                  (recursive)               (recursive)               --                        131,072
│    │    └─Embedding: 3-476                  [1]                       [1, 512]                  (recursive)               (recursive)               --                        131,072
│    │    └─Embedding: 3-477                  [1]                       [1, 512]                  (recursive)               (recursive)               --                        131,072
│    │    └─Embedding: 3-478                  [1]                       [1, 512]                  (recursive)               (recursive)               --                        131,072
│    │    └─Embedding: 3-479                  [1]                       [1, 512]                  (recursive)               (recursive)               --                        131,072
│    │    └─Embedding: 3-480                  [1]                       [1, 512]                  (recursive)               (recursive)               --                        131,072
│    │    └─Embedding: 3-481                  [1]                       [1, 512]                  (recursive)               (recursive)               --                        131,072
│    │    └─Embedding: 3-482                  [1]                       [1, 512]                  (recursive)               (recursive)               --                        131,072
│    │    └─Embedding: 3-483                  [1]                       [1, 512]                  (recursive)               (recursive)               --                        131,072
│    │    └─Embedding: 3-484                  [1]                       [1, 512]                  (recursive)               (recursive)               --                        131,072
│    │    └─Embedding: 3-485                  [1]                       [1, 512]                  (recursive)               (recursive)               --                        131,072
│    │    └─Embedding: 3-486                  [1]                       [1, 512]                  (recursive)               (recursive)               --                        131,072
│    │    └─Embedding: 3-487                  [1]                       [1, 512]                  (recursive)               (recursive)               --                        131,072
│    │    └─Embedding: 3-488                  [1]                       [1, 512]                  (recursive)               (recursive)               --                        131,072
│    │    └─Embedding: 3-489                  [1]                       [1, 512]                  (recursive)               (recursive)               --                        131,072
│    │    └─Embedding: 3-490                  [1]                       [1, 512]                  (recursive)               (recursive)               --                        131,072
│    │    └─Embedding: 3-491                  [1]                       [1, 512]                  (recursive)               (recursive)               --                        131,072
│    │    └─Embedding: 3-492                  [1]                       [1, 512]                  (recursive)               (recursive)               --                        131,072
│    │    └─Embedding: 3-493                  [1]                       [1, 512]                  (recursive)               (recursive)               --                        131,072
│    │    └─Embedding: 3-494                  [1]                       [1, 512]                  (recursive)               (recursive)               --                        131,072
│    │    └─Embedding: 3-495                  [1]                       [1, 512]                  (recursive)               (recursive)               --                        131,072
│    │    └─Embedding: 3-496                  [1]                       [1, 512]                  (recursive)               (recursive)               --                        131,072
│    │    └─Embedding: 3-497                  [1]                       [1, 512]                  (recursive)               (recursive)               --                        131,072
│    │    └─Embedding: 3-498                  [1]                       [1, 512]                  (recursive)               (recursive)               --                        131,072
│    │    └─Embedding: 3-499                  [1]                       [1, 512]                  524,288                     0.24%                   --                        524,288
│    │    └─Embedding: 3-500                  [1]                       [1, 512]                  (recursive)               (recursive)               --                        524,288
│    │    └─Embedding: 3-501                  [1]                       [1, 512]                  (recursive)               (recursive)               --                        524,288
│    │    └─Embedding: 3-502                  [1]                       [1, 512]                  (recursive)               (recursive)               --                        524,288
│    │    └─Embedding: 3-503                  [1]                       [1, 512]                  (recursive)               (recursive)               --                        524,288
│    │    └─Embedding: 3-504                  [1]                       [1, 512]                  (recursive)               (recursive)               --                        524,288
│    │    └─Embedding: 3-505                  [1]                       [1, 512]                  (recursive)               (recursive)               --                        524,288
│    │    └─Embedding: 3-506                  [1]                       [1, 512]                  (recursive)               (recursive)               --                        524,288
│    │    └─Embedding: 3-507                  [1]                       [1, 512]                  (recursive)               (recursive)               --                        524,288
│    │    └─Embedding: 3-508                  [1]                       [1, 512]                  (recursive)               (recursive)               --                        524,288
│    │    └─Embedding: 3-509                  [1]                       [1, 512]                  (recursive)               (recursive)               --                        524,288
│    │    └─Embedding: 3-510                  [1]                       [1, 512]                  (recursive)               (recursive)               --                        524,288
│    │    └─Embedding: 3-511                  [1]                       [1, 512]                  (recursive)               (recursive)               --                        524,288
│    │    └─Embedding: 3-512                  [1]                       [1, 512]                  (recursive)               (recursive)               --                        524,288
│    │    └─Embedding: 3-513                  [1]                       [1, 512]                  (recursive)               (recursive)               --                        524,288
│    │    └─Embedding: 3-514                  [1]                       [1, 512]                  (recursive)               (recursive)               --                        524,288
│    │    └─Embedding: 3-515                  [1]                       [1, 512]                  (recursive)               (recursive)               --                        524,288
│    │    └─Embedding: 3-516                  [1]                       [1, 512]                  (recursive)               (recursive)               --                        524,288
│    │    └─Embedding: 3-517                  [1]                       [1, 512]                  (recursive)               (recursive)               --                        524,288
│    │    └─Embedding: 3-518                  [1]                       [1, 512]                  (recursive)               (recursive)               --                        524,288
│    │    └─Embedding: 3-519                  [1]                       [1, 512]                  (recursive)               (recursive)               --                        524,288
│    │    └─Embedding: 3-520                  [1]                       [1, 512]                  (recursive)               (recursive)               --                        524,288
│    │    └─Embedding: 3-521                  [1]                       [1, 512]                  (recursive)               (recursive)               --                        524,288
│    │    └─Embedding: 3-522                  [1]                       [1, 512]                  (recursive)               (recursive)               --                        524,288
│    │    └─Embedding: 3-523                  [1]                       [1, 512]                  (recursive)               (recursive)               --                        524,288
│    │    └─Embedding: 3-524                  [1]                       [1, 512]                  (recursive)               (recursive)               --                        524,288
│    │    └─Embedding: 3-525                  [1]                       [1, 512]                  (recursive)               (recursive)               --                        524,288
│    │    └─Embedding: 3-526                  [1]                       [1, 512]                  (recursive)               (recursive)               --                        524,288
│    │    └─Embedding: 3-527                  [1]                       [1, 512]                  (recursive)               (recursive)               --                        524,288
│    │    └─Embedding: 3-528                  [1]                       [1, 512]                  (recursive)               (recursive)               --                        524,288
│    │    └─Embedding: 3-529                  [1]                       [1, 512]                  (recursive)               (recursive)               --                        524,288
│    │    └─Embedding: 3-530                  [1]                       [1, 512]                  (recursive)               (recursive)               --                        524,288
│    │    └─Embedding: 3-531                  [1]                       [1, 512]                  (recursive)               (recursive)               --                        524,288
│    │    └─Embedding: 3-532                  [1]                       [1, 512]                  (recursive)               (recursive)               --                        524,288
│    │    └─Embedding: 3-533                  [1]                       [1, 512]                  (recursive)               (recursive)               --                        524,288
│    │    └─Embedding: 3-534                  [1]                       [1, 512]                  (recursive)               (recursive)               --                        524,288
│    │    └─Embedding: 3-535                  [1]                       [1, 512]                  (recursive)               (recursive)               --                        524,288
│    │    └─Embedding: 3-536                  [1]                       [1, 512]                  (recursive)               (recursive)               --                        524,288
│    │    └─Embedding: 3-537                  [1]                       [1, 512]                  (recursive)               (recursive)               --                        524,288
│    │    └─Embedding: 3-538                  [1]                       [1, 512]                  (recursive)               (recursive)               --                        524,288
│    │    └─Embedding: 3-539                  [1]                       [1, 512]                  (recursive)               (recursive)               --                        524,288
│    │    └─Embedding: 3-540                  [1]                       [1, 512]                  (recursive)               (recursive)               --                        524,288
│    │    └─Embedding: 3-541                  [1]                       [1, 512]                  (recursive)               (recursive)               --                        524,288
│    │    └─Embedding: 3-542                  [1]                       [1, 512]                  (recursive)               (recursive)               --                        524,288
│    │    └─Embedding: 3-543                  [1]                       [1, 512]                  (recursive)               (recursive)               --                        524,288
│    │    └─Embedding: 3-544                  [1]                       [1, 512]                  (recursive)               (recursive)               --                        524,288
│    │    └─Embedding: 3-545                  [1]                       [1, 512]                  (recursive)               (recursive)               --                        524,288
│    │    └─Embedding: 3-546                  [1]                       [1, 512]                  (recursive)               (recursive)               --                        524,288
│    │    └─Embedding: 3-547                  [1]                       [1, 512]                  (recursive)               (recursive)               --                        524,288
│    │    └─Embedding: 3-548                  [1]                       [1, 512]                  (recursive)               (recursive)               --                        524,288
│    │    └─Embedding: 3-549                  [1]                       [1, 512]                  (recursive)               (recursive)               --                        524,288
│    │    └─Embedding: 3-550                  [1]                       [1, 512]                  (recursive)               (recursive)               --                        524,288
│    │    └─Embedding: 3-551                  [1]                       [1, 512]                  (recursive)               (recursive)               --                        524,288
│    │    └─Embedding: 3-552                  [1]                       [1, 512]                  (recursive)               (recursive)               --                        524,288
│    │    └─Embedding: 3-553                  [1]                       [1, 512]                  (recursive)               (recursive)               --                        524,288
│    │    └─Embedding: 3-554                  [1]                       [1, 512]                  (recursive)               (recursive)               --                        524,288
│    │    └─Embedding: 3-555                  [1]                       [1, 512]                  (recursive)               (recursive)               --                        524,288
│    │    └─Embedding: 3-556                  [1]                       [1, 512]                  (recursive)               (recursive)               --                        524,288
│    │    └─Embedding: 3-557                  [1]                       [1, 512]                  (recursive)               (recursive)               --                        524,288
│    │    └─Embedding: 3-558                  [1]                       [1, 512]                  (recursive)               (recursive)               --                        524,288
│    │    └─Embedding: 3-559                  [1]                       [1, 512]                  (recursive)               (recursive)               --                        524,288
│    │    └─Embedding: 3-560                  [1]                       [1, 512]                  (recursive)               (recursive)               --                        524,288
│    │    └─Embedding: 3-561                  [1]                       [1, 512]                  (recursive)               (recursive)               --                        524,288
│    │    └─Embedding: 3-562                  [1]                       [1, 512]                  (recursive)               (recursive)               --                        524,288
│    │    └─Embedding: 3-563                  [1]                       [1, 512]                  (recursive)               (recursive)               --                        524,288
│    │    └─Embedding: 3-564                  [1]                       [1, 512]                  (recursive)               (recursive)               --                        524,288
│    │    └─Embedding: 3-565                  [1]                       [1, 512]                  (recursive)               (recursive)               --                        524,288
│    │    └─Embedding: 3-566                  [1]                       [1, 512]                  (recursive)               (recursive)               --                        524,288
│    │    └─Embedding: 3-567                  [1]                       [1, 512]                  (recursive)               (recursive)               --                        524,288
│    │    └─Embedding: 3-568                  [1]                       [1, 512]                  (recursive)               (recursive)               --                        524,288
│    │    └─Embedding: 3-569                  [1]                       [1, 512]                  (recursive)               (recursive)               --                        524,288
│    │    └─Embedding: 3-570                  [1]                       [1, 512]                  (recursive)               (recursive)               --                        524,288
│    │    └─Embedding: 3-571                  [1]                       [1, 512]                  (recursive)               (recursive)               --                        524,288
│    │    └─Embedding: 3-572                  [1]                       [1, 512]                  (recursive)               (recursive)               --                        524,288
│    │    └─Embedding: 3-573                  [1]                       [1, 512]                  (recursive)               (recursive)               --                        524,288
│    │    └─Embedding: 3-574                  [1]                       [1, 512]                  (recursive)               (recursive)               --                        524,288
│    │    └─Embedding: 3-575                  [1]                       [1, 512]                  (recursive)               (recursive)               --                        524,288
│    │    └─Embedding: 3-576                  [1]                       [1, 512]                  (recursive)               (recursive)               --                        524,288
│    │    └─Embedding: 3-577                  [1]                       [1, 512]                  (recursive)               (recursive)               --                        524,288
│    │    └─Embedding: 3-578                  [1]                       [1, 512]                  (recursive)               (recursive)               --                        524,288
│    │    └─Embedding: 3-579                  [1]                       [1, 512]                  (recursive)               (recursive)               --                        524,288
│    │    └─Embedding: 3-580                  [1]                       [1, 512]                  (recursive)               (recursive)               --                        524,288
│    │    └─Embedding: 3-581                  [1]                       [1, 512]                  (recursive)               (recursive)               --                        524,288
│    │    └─Embedding: 3-582                  [1]                       [1, 512]                  (recursive)               (recursive)               --                        524,288
│    │    └─Embedding: 3-583                  [1]                       [1, 512]                  (recursive)               (recursive)               --                        524,288
│    │    └─Embedding: 3-584                  [1]                       [1, 512]                  (recursive)               (recursive)               --                        524,288
│    │    └─Embedding: 3-585                  [1]                       [1, 512]                  (recursive)               (recursive)               --                        524,288
│    │    └─Embedding: 3-586                  [1]                       [1, 512]                  (recursive)               (recursive)               --                        524,288
│    │    └─Embedding: 3-587                  [1]                       [1, 512]                  (recursive)               (recursive)               --                        524,288
│    │    └─Embedding: 3-588                  [1]                       [1, 512]                  (recursive)               (recursive)               --                        524,288
│    │    └─Embedding: 3-589                  [1]                       [1, 512]                  (recursive)               (recursive)               --                        524,288
│    │    └─Embedding: 3-590                  [1]                       [1, 512]                  (recursive)               (recursive)               --                        524,288
│    │    └─Embedding: 3-591                  [1]                       [1, 512]                  (recursive)               (recursive)               --                        524,288
│    │    └─Embedding: 3-592                  [1]                       [1, 512]                  (recursive)               (recursive)               --                        524,288
│    │    └─Embedding: 3-593                  [1]                       [1, 512]                  (recursive)               (recursive)               --                        524,288
│    │    └─Embedding: 3-594                  [1]                       [1, 512]                  (recursive)               (recursive)               --                        524,288
│    │    └─Embedding: 3-595                  [1]                       [1, 512]                  (recursive)               (recursive)               --                        524,288
│    │    └─Embedding: 3-596                  [1]                       [1, 512]                  (recursive)               (recursive)               --                        524,288
│    │    └─Embedding: 3-597                  [1]                       [1, 512]                  (recursive)               (recursive)               --                        524,288
│    │    └─Embedding: 3-598                  [1]                       [1, 512]                  (recursive)               (recursive)               --                        524,288
│    │    └─Embedding: 3-599                  [1]                       [1, 512]                  (recursive)               (recursive)               --                        524,288
│    │    └─Embedding: 3-600                  [1]                       [1, 512]                  (recursive)               (recursive)               --                        524,288
│    │    └─Embedding: 3-601                  [1]                       [1, 512]                  (recursive)               (recursive)               --                        524,288
│    │    └─Embedding: 3-602                  [1]                       [1, 512]                  (recursive)               (recursive)               --                        524,288
│    │    └─Embedding: 3-603                  [1]                       [1, 512]                  (recursive)               (recursive)               --                        524,288
│    │    └─Embedding: 3-604                  [1]                       [1, 512]                  (recursive)               (recursive)               --                        524,288
│    │    └─Embedding: 3-605                  [1]                       [1, 512]                  (recursive)               (recursive)               --                        524,288
│    │    └─Embedding: 3-606                  [1]                       [1, 512]                  (recursive)               (recursive)               --                        524,288
│    │    └─Embedding: 3-607                  [1]                       [1, 512]                  (recursive)               (recursive)               --                        524,288
│    │    └─Embedding: 3-608                  [1]                       [1, 512]                  (recursive)               (recursive)               --                        524,288
│    │    └─Embedding: 3-609                  [1]                       [1, 512]                  (recursive)               (recursive)               --                        524,288
│    │    └─Embedding: 3-610                  [1]                       [1, 512]                  (recursive)               (recursive)               --                        524,288
│    │    └─Embedding: 3-611                  [1]                       [1, 512]                  (recursive)               (recursive)               --                        524,288
│    │    └─Embedding: 3-612                  [1]                       [1, 512]                  (recursive)               (recursive)               --                        524,288
│    │    └─Embedding: 3-613                  [1]                       [1, 512]                  (recursive)               (recursive)               --                        524,288
│    │    └─Embedding: 3-614                  [1]                       [1, 512]                  (recursive)               (recursive)               --                        524,288
│    │    └─Embedding: 3-615                  [1]                       [1, 512]                  (recursive)               (recursive)               --                        524,288
│    │    └─Embedding: 3-616                  [1]                       [1, 512]                  (recursive)               (recursive)               --                        524,288
│    │    └─Embedding: 3-617                  [1]                       [1, 512]                  (recursive)               (recursive)               --                        524,288
│    │    └─Embedding: 3-618                  [1]                       [1, 512]                  (recursive)               (recursive)               --                        524,288
│    │    └─Embedding: 3-619                  [1]                       [1, 512]                  (recursive)               (recursive)               --                        524,288
│    │    └─Embedding: 3-620                  [1]                       [1, 512]                  (recursive)               (recursive)               --                        524,288
│    │    └─Embedding: 3-621                  [1]                       [1, 512]                  (recursive)               (recursive)               --                        524,288
│    │    └─Embedding: 3-622                  [1]                       [1, 512]                  (recursive)               (recursive)               --                        524,288
│    │    └─Embedding: 3-623                  [1]                       [1, 512]                  (recursive)               (recursive)               --                        524,288
│    │    └─Embedding: 3-624                  [1]                       [1, 512]                  (recursive)               (recursive)               --                        524,288
│    │    └─Embedding: 3-625                  [1]                       [1, 512]                  (recursive)               (recursive)               --                        524,288
│    │    └─Embedding: 3-626                  [1]                       [1, 512]                  (recursive)               (recursive)               --                        524,288
│    │    └─Embedding: 3-627                  [1]                       [1, 512]                  (recursive)               (recursive)               --                        524,288
│    │    └─Embedding: 3-628                  [1]                       [1, 512]                  (recursive)               (recursive)               --                        524,288
│    │    └─Embedding: 3-629                  [1]                       [1, 512]                  (recursive)               (recursive)               --                        524,288
│    │    └─Embedding: 3-630                  [1]                       [1, 512]                  (recursive)               (recursive)               --                        524,288
│    │    └─Embedding: 3-631                  [1]                       [1, 512]                  (recursive)               (recursive)               --                        524,288
│    │    └─Embedding: 3-632                  [1]                       [1, 512]                  (recursive)               (recursive)               --                        524,288
│    │    └─Embedding: 3-633                  [1]                       [1, 512]                  (recursive)               (recursive)               --                        524,288
│    │    └─Embedding: 3-634                  [1]                       [1, 512]                  (recursive)               (recursive)               --                        524,288
│    │    └─Embedding: 3-635                  [1]                       [1, 512]                  (recursive)               (recursive)               --                        524,288
│    │    └─Embedding: 3-636                  [1]                       [1, 512]                  (recursive)               (recursive)               --                        524,288
│    │    └─Embedding: 3-637                  [1]                       [1, 512]                  (recursive)               (recursive)               --                        524,288
│    │    └─Embedding: 3-638                  [1]                       [1, 512]                  (recursive)               (recursive)               --                        524,288
│    │    └─Embedding: 3-639                  [1]                       [1, 512]                  (recursive)               (recursive)               --                        524,288
│    │    └─Embedding: 3-640                  [1]                       [1, 512]                  (recursive)               (recursive)               --                        524,288
│    │    └─Embedding: 3-641                  [1]                       [1, 512]                  (recursive)               (recursive)               --                        524,288
│    │    └─Embedding: 3-642                  [1]                       [1, 512]                  (recursive)               (recursive)               --                        524,288
│    └─LayerNorm: 2-15                        [1, 313, 512]             [1, 313, 512]             1,024                       0.00%                   --                        1,024
│    └─ModuleList: 2-16                       --                        --                        --                             --                   --                        --
│    │    └─ResidualAttentionBlock: 3-643     [313, 1, 512]             [313, 1, 512]             --                             --                   --                        --
│    │    │    └─LayerNorm: 4-65              [313, 1, 512]             [313, 1, 512]             1,024                       0.00%                   --                        320,512
│    │    │    └─MultiheadAttention: 4-66     [313, 1, 512]             [313, 1, 512]             1,050,624                   0.49%                   --                        --
│    │    │    └─LayerNorm: 4-67              [313, 1, 512]             [313, 1, 512]             1,024                       0.00%                   --                        320,512
│    │    │    └─Sequential: 4-68             [313, 1, 512]             [313, 1, 512]             --                             --                   --                        --
│    │    │    │    └─Linear: 5-49            [313, 1, 512]             [313, 1, 2048]            1,050,624                   0.49%                   --                        328,845,312
│    │    │    │    └─GELU: 5-50              [313, 1, 2048]            [313, 1, 2048]            --                             --                   --                        --
│    │    │    │    └─Linear: 5-51            [313, 1, 2048]            [313, 1, 512]             1,049,088                   0.49%                   --                        328,364,544
│    │    └─ResidualAttentionBlock: 3-644     [313, 1, 512]             [313, 1, 512]             --                             --                   --                        --
│    │    │    └─LayerNorm: 4-69              [313, 1, 512]             [313, 1, 512]             1,024                       0.00%                   --                        320,512
│    │    │    └─MultiheadAttention: 4-70     [313, 1, 512]             [313, 1, 512]             1,050,624                   0.49%                   --                        --
│    │    │    └─LayerNorm: 4-71              [313, 1, 512]             [313, 1, 512]             1,024                       0.00%                   --                        320,512
│    │    │    └─Sequential: 4-72             [313, 1, 512]             [313, 1, 512]             --                             --                   --                        --
│    │    │    │    └─Linear: 5-52            [313, 1, 512]             [313, 1, 2048]            1,050,624                   0.49%                   --                        328,845,312
│    │    │    │    └─GELU: 5-53              [313, 1, 2048]            [313, 1, 2048]            --                             --                   --                        --
│    │    │    │    └─Linear: 5-54            [313, 1, 2048]            [313, 1, 512]             1,049,088                   0.49%                   --                        328,364,544
│    │    └─ResidualAttentionBlock: 3-645     [313, 1, 512]             [313, 1, 512]             --                             --                   --                        --
│    │    │    └─LayerNorm: 4-73              [313, 1, 512]             [313, 1, 512]             1,024                       0.00%                   --                        320,512
│    │    │    └─MultiheadAttention: 4-74     [313, 1, 512]             [313, 1, 512]             1,050,624                   0.49%                   --                        --
│    │    │    └─LayerNorm: 4-75              [313, 1, 512]             [313, 1, 512]             1,024                       0.00%                   --                        320,512
│    │    │    └─Sequential: 4-76             [313, 1, 512]             [313, 1, 512]             --                             --                   --                        --
│    │    │    │    └─Linear: 5-55            [313, 1, 512]             [313, 1, 2048]            1,050,624                   0.49%                   --                        328,845,312
│    │    │    │    └─GELU: 5-56              [313, 1, 2048]            [313, 1, 2048]            --                             --                   --                        --
│    │    │    │    └─Linear: 5-57            [313, 1, 2048]            [313, 1, 512]             1,049,088                   0.49%                   --                        328,364,544
│    │    └─ResidualAttentionBlock: 3-646     [313, 1, 512]             [313, 1, 512]             --                             --                   --                        --
│    │    │    └─LayerNorm: 4-77              [313, 1, 512]             [313, 1, 512]             1,024                       0.00%                   --                        320,512
│    │    │    └─MultiheadAttention: 4-78     [313, 1, 512]             [313, 1, 512]             1,050,624                   0.49%                   --                        --
│    │    │    └─LayerNorm: 4-79              [313, 1, 512]             [313, 1, 512]             1,024                       0.00%                   --                        320,512
│    │    │    └─Sequential: 4-80             [313, 1, 512]             [313, 1, 512]             --                             --                   --                        --
│    │    │    │    └─Linear: 5-58            [313, 1, 512]             [313, 1, 2048]            1,050,624                   0.49%                   --                        328,845,312
│    │    │    │    └─GELU: 5-59              [313, 1, 2048]            [313, 1, 2048]            --                             --                   --                        --
│    │    │    │    └─Linear: 5-60            [313, 1, 2048]            [313, 1, 512]             1,049,088                   0.49%                   --                        328,364,544
│    │    └─ResidualAttentionBlock: 3-647     [313, 1, 512]             [313, 1, 512]             --                             --                   --                        --
│    │    │    └─LayerNorm: 4-81              [313, 1, 512]             [313, 1, 512]             1,024                       0.00%                   --                        320,512
│    │    │    └─MultiheadAttention: 4-82     [313, 1, 512]             [313, 1, 512]             1,050,624                   0.49%                   --                        --
│    │    │    └─LayerNorm: 4-83              [313, 1, 512]             [313, 1, 512]             1,024                       0.00%                   --                        320,512
│    │    │    └─Sequential: 4-84             [313, 1, 512]             [313, 1, 512]             --                             --                   --                        --
│    │    │    │    └─Linear: 5-61            [313, 1, 512]             [313, 1, 2048]            1,050,624                   0.49%                   --                        328,845,312
│    │    │    │    └─GELU: 5-62              [313, 1, 2048]            [313, 1, 2048]            --                             --                   --                        --
│    │    │    │    └─Linear: 5-63            [313, 1, 2048]            [313, 1, 512]             1,049,088                   0.49%                   --                        328,364,544
│    │    └─ResidualAttentionBlock: 3-648     [313, 1, 512]             [313, 1, 512]             --                             --                   --                        --
│    │    │    └─LayerNorm: 4-85              [313, 1, 512]             [313, 1, 512]             1,024                       0.00%                   --                        320,512
│    │    │    └─MultiheadAttention: 4-86     [313, 1, 512]             [313, 1, 512]             1,050,624                   0.49%                   --                        --
│    │    │    └─LayerNorm: 4-87              [313, 1, 512]             [313, 1, 512]             1,024                       0.00%                   --                        320,512
│    │    │    └─Sequential: 4-88             [313, 1, 512]             [313, 1, 512]             --                             --                   --                        --
│    │    │    │    └─Linear: 5-64            [313, 1, 512]             [313, 1, 2048]            1,050,624                   0.49%                   --                        328,845,312
│    │    │    │    └─GELU: 5-65              [313, 1, 2048]            [313, 1, 2048]            --                             --                   --                        --
│    │    │    │    └─Linear: 5-66            [313, 1, 2048]            [313, 1, 512]             1,049,088                   0.49%                   --                        328,364,544
│    │    └─ResidualAttentionBlock: 3-649     [313, 1, 512]             [313, 1, 512]             --                             --                   --                        --
│    │    │    └─LayerNorm: 4-89              [313, 1, 512]             [313, 1, 512]             1,024                       0.00%                   --                        320,512
│    │    │    └─MultiheadAttention: 4-90     [313, 1, 512]             [313, 1, 512]             1,050,624                   0.49%                   --                        --
│    │    │    └─LayerNorm: 4-91              [313, 1, 512]             [313, 1, 512]             1,024                       0.00%                   --                        320,512
│    │    │    └─Sequential: 4-92             [313, 1, 512]             [313, 1, 512]             --                             --                   --                        --
│    │    │    │    └─Linear: 5-67            [313, 1, 512]             [313, 1, 2048]            1,050,624                   0.49%                   --                        328,845,312
│    │    │    │    └─GELU: 5-68              [313, 1, 2048]            [313, 1, 2048]            --                             --                   --                        --
│    │    │    │    └─Linear: 5-69            [313, 1, 2048]            [313, 1, 512]             1,049,088                   0.49%                   --                        328,364,544
│    │    └─ResidualAttentionBlock: 3-650     [313, 1, 512]             [313, 1, 512]             --                             --                   --                        --
│    │    │    └─LayerNorm: 4-93              [313, 1, 512]             [313, 1, 512]             1,024                       0.00%                   --                        320,512
│    │    │    └─MultiheadAttention: 4-94     [313, 1, 512]             [313, 1, 512]             1,050,624                   0.49%                   --                        --
│    │    │    └─LayerNorm: 4-95              [313, 1, 512]             [313, 1, 512]             1,024                       0.00%                   --                        320,512
│    │    │    └─Sequential: 4-96             [313, 1, 512]             [313, 1, 512]             --                             --                   --                        --
│    │    │    │    └─Linear: 5-70            [313, 1, 512]             [313, 1, 2048]            1,050,624                   0.49%                   --                        328,845,312
│    │    │    │    └─GELU: 5-71              [313, 1, 2048]            [313, 1, 2048]            --                             --                   --                        --
│    │    │    │    └─Linear: 5-72            [313, 1, 2048]            [313, 1, 512]             1,049,088                   0.49%                   --                        328,364,544
│    └─LayerNorm: 2-17                        [1, 313, 512]             [1, 313, 512]             1,024                       0.00%                   --                        1,024
│    └─ModuleDict: 2-28                       --                        --                        (recursive)               (recursive)               --                        --
│    │    └─Sequential: 3-651                 [1, 512]                  [1, 512, 16, 16]          --                             --                   --                        --
│    │    │    └─Linear: 4-97                 [1, 512]                  [1, 131072]               67,239,936                 31.35%                   --                        67,239,936
│    │    │    └─Rearrange: 4-98              [1, 131072]               [1, 512, 16, 16]          --                             --                   --                        --
│    └─ModuleList: 2-27                       --                        --                        (recursive)               (recursive)               --                        --
│    │    └─Sequential: 3-652                 [1, 512, 16, 16]          [1, 256, 32, 32]          --                             --                   --                        --
│    │    │    └─Conv2d: 4-99                 [1, 512, 16, 16]          [1, 512, 16, 16]          2,359,808                   1.10%                   [3, 3]                    604,110,848
│    │    │    └─GroupNorm: 4-100             [1, 512, 16, 16]          [1, 512, 16, 16]          1,024                       0.00%                   --                        1,024
│    │    │    └─GELU: 4-101                  [1, 512, 16, 16]          [1, 512, 16, 16]          --                             --                   --                        --
│    │    │    └─ConvTranspose2d: 4-102       [1, 512, 16, 16]          [1, 256, 32, 32]          524,544                     0.24%                   [2, 2]                    537,133,056
│    └─ModuleDict: 2-28                       --                        --                        (recursive)               (recursive)               --                        --
│    │    └─Sequential: 3-653                 [1, 512]                  [1, 256, 16, 16]          --                             --                   --                        --
│    │    │    └─Linear: 4-103                [1, 512]                  [1, 65536]                33,619,968                 15.68%                   --                        33,619,968
│    │    │    └─Rearrange: 4-104             [1, 65536]                [1, 256, 16, 16]          --                             --                   --                        --
│    │    └─Sequential: 3-654                 [1, 512]                  [1, 256, 16, 16]          (recursive)               (recursive)               --                        --
│    │    │    └─Linear: 4-105                [1, 512]                  [1, 65536]                (recursive)               (recursive)               --                        33,619,968
│    │    │    └─Rearrange: 4-106             [1, 65536]                [1, 256, 16, 16]          --                        (recursive)               --                        --
│    │    └─Sequential: 3-655                 [1, 512]                  [1, 256, 16, 16]          (recursive)               (recursive)               --                        --
│    │    │    └─Linear: 4-107                [1, 512]                  [1, 65536]                (recursive)               (recursive)               --                        33,619,968
│    │    │    └─Rearrange: 4-108             [1, 65536]                [1, 256, 16, 16]          --                        (recursive)               --                        --
│    │    └─Sequential: 3-656                 [1, 512]                  [1, 256, 16, 16]          (recursive)               (recursive)               --                        --
│    │    │    └─Linear: 4-109                [1, 512]                  [1, 65536]                (recursive)               (recursive)               --                        33,619,968
│    │    │    └─Rearrange: 4-110             [1, 65536]                [1, 256, 16, 16]          --                        (recursive)               --                        --
│    └─ModuleList: 2-27                       --                        --                        (recursive)               (recursive)               --                        --
│    │    └─Sequential: 3-657                 [1, 256, 32, 32]          [1, 128, 64, 64]          --                             --                   --                        --
│    │    │    └─Conv2d: 4-111                [1, 256, 32, 32]          [1, 256, 32, 32]          590,080                     0.28%                   [3, 3]                    604,241,920
│    │    │    └─GroupNorm: 4-112             [1, 256, 32, 32]          [1, 256, 32, 32]          512                         0.00%                   --                        512
│    │    │    └─GELU: 4-113                  [1, 256, 32, 32]          [1, 256, 32, 32]          --                             --                   --                        --
│    │    │    └─ConvTranspose2d: 4-114       [1, 256, 32, 32]          [1, 128, 64, 64]          131,200                     0.06%                   [2, 2]                    537,395,200
│    └─ModuleDict: 2-28                       --                        --                        (recursive)               (recursive)               --                        --
│    │    └─Sequential: 3-658                 [1, 512]                  [1, 128, 16, 16]          --                             --                   --                        --
│    │    │    └─Linear: 4-115                [1, 512]                  [1, 32768]                16,809,984                  7.84%                   --                        16,809,984
│    │    │    └─Rearrange: 4-116             [1, 32768]                [1, 128, 16, 16]          --                             --                   --                        --
│    │    └─Sequential: 3-659                 [1, 512]                  [1, 128, 16, 16]          (recursive)               (recursive)               --                        --
│    │    │    └─Linear: 4-117                [1, 512]                  [1, 32768]                (recursive)               (recursive)               --                        16,809,984
│    │    │    └─Rearrange: 4-118             [1, 32768]                [1, 128, 16, 16]          --                        (recursive)               --                        --
│    │    └─Sequential: 3-660                 [1, 512]                  [1, 128, 16, 16]          (recursive)               (recursive)               --                        --
│    │    │    └─Linear: 4-119                [1, 512]                  [1, 32768]                (recursive)               (recursive)               --                        16,809,984
│    │    │    └─Rearrange: 4-120             [1, 32768]                [1, 128, 16, 16]          --                        (recursive)               --                        --
│    │    └─Sequential: 3-661                 [1, 512]                  [1, 128, 16, 16]          (recursive)               (recursive)               --                        --
│    │    │    └─Linear: 4-121                [1, 512]                  [1, 32768]                (recursive)               (recursive)               --                        16,809,984
│    │    │    └─Rearrange: 4-122             [1, 32768]                [1, 128, 16, 16]          --                        (recursive)               --                        --
│    │    └─Sequential: 3-662                 [1, 512]                  [1, 128, 16, 16]          (recursive)               (recursive)               --                        --
│    │    │    └─Linear: 4-123                [1, 512]                  [1, 32768]                (recursive)               (recursive)               --                        16,809,984
│    │    │    └─Rearrange: 4-124             [1, 32768]                [1, 128, 16, 16]          --                        (recursive)               --                        --
│    │    └─Sequential: 3-663                 [1, 512]                  [1, 128, 16, 16]          (recursive)               (recursive)               --                        --
│    │    │    └─Linear: 4-125                [1, 512]                  [1, 32768]                (recursive)               (recursive)               --                        16,809,984
│    │    │    └─Rearrange: 4-126             [1, 32768]                [1, 128, 16, 16]          --                        (recursive)               --                        --
│    │    └─Sequential: 3-664                 [1, 512]                  [1, 128, 16, 16]          (recursive)               (recursive)               --                        --
│    │    │    └─Linear: 4-127                [1, 512]                  [1, 32768]                (recursive)               (recursive)               --                        16,809,984
│    │    │    └─Rearrange: 4-128             [1, 32768]                [1, 128, 16, 16]          --                        (recursive)               --                        --
│    │    └─Sequential: 3-665                 [1, 512]                  [1, 128, 16, 16]          (recursive)               (recursive)               --                        --
│    │    │    └─Linear: 4-129                [1, 512]                  [1, 32768]                (recursive)               (recursive)               --                        16,809,984
│    │    │    └─Rearrange: 4-130             [1, 32768]                [1, 128, 16, 16]          --                        (recursive)               --                        --
│    │    └─Sequential: 3-666                 [1, 512]                  [1, 128, 16, 16]          (recursive)               (recursive)               --                        --
│    │    │    └─Linear: 4-131                [1, 512]                  [1, 32768]                (recursive)               (recursive)               --                        16,809,984
│    │    │    └─Rearrange: 4-132             [1, 32768]                [1, 128, 16, 16]          --                        (recursive)               --                        --
│    │    └─Sequential: 3-667                 [1, 512]                  [1, 128, 16, 16]          (recursive)               (recursive)               --                        --
│    │    │    └─Linear: 4-133                [1, 512]                  [1, 32768]                (recursive)               (recursive)               --                        16,809,984
│    │    │    └─Rearrange: 4-134             [1, 32768]                [1, 128, 16, 16]          --                        (recursive)               --                        --
│    │    └─Sequential: 3-668                 [1, 512]                  [1, 128, 16, 16]          (recursive)               (recursive)               --                        --
│    │    │    └─Linear: 4-135                [1, 512]                  [1, 32768]                (recursive)               (recursive)               --                        16,809,984
│    │    │    └─Rearrange: 4-136             [1, 32768]                [1, 128, 16, 16]          --                        (recursive)               --                        --
│    │    └─Sequential: 3-669                 [1, 512]                  [1, 128, 16, 16]          (recursive)               (recursive)               --                        --
│    │    │    └─Linear: 4-137                [1, 512]                  [1, 32768]                (recursive)               (recursive)               --                        16,809,984
│    │    │    └─Rearrange: 4-138             [1, 32768]                [1, 128, 16, 16]          --                        (recursive)               --                        --
│    │    └─Sequential: 3-670                 [1, 512]                  [1, 128, 16, 16]          (recursive)               (recursive)               --                        --
│    │    │    └─Linear: 4-139                [1, 512]                  [1, 32768]                (recursive)               (recursive)               --                        16,809,984
│    │    │    └─Rearrange: 4-140             [1, 32768]                [1, 128, 16, 16]          --                        (recursive)               --                        --
│    │    └─Sequential: 3-671                 [1, 512]                  [1, 128, 16, 16]          (recursive)               (recursive)               --                        --
│    │    │    └─Linear: 4-141                [1, 512]                  [1, 32768]                (recursive)               (recursive)               --                        16,809,984
│    │    │    └─Rearrange: 4-142             [1, 32768]                [1, 128, 16, 16]          --                        (recursive)               --                        --
│    │    └─Sequential: 3-672                 [1, 512]                  [1, 128, 16, 16]          (recursive)               (recursive)               --                        --
│    │    │    └─Linear: 4-143                [1, 512]                  [1, 32768]                (recursive)               (recursive)               --                        16,809,984
│    │    │    └─Rearrange: 4-144             [1, 32768]                [1, 128, 16, 16]          --                        (recursive)               --                        --
│    │    └─Sequential: 3-673                 [1, 512]                  [1, 128, 16, 16]          (recursive)               (recursive)               --                        --
│    │    │    └─Linear: 4-145                [1, 512]                  [1, 32768]                (recursive)               (recursive)               --                        16,809,984
│    │    │    └─Rearrange: 4-146             [1, 32768]                [1, 128, 16, 16]          --                        (recursive)               --                        --
│    └─ModuleList: 2-27                       --                        --                        (recursive)               (recursive)               --                        --
│    │    └─Sequential: 3-674                 [1, 128, 64, 64]          [1, 64, 128, 128]         --                             --                   --                        --
│    │    │    └─Conv2d: 4-147                [1, 128, 64, 64]          [1, 128, 64, 64]          147,584                     0.07%                   [3, 3]                    604,504,064
│    │    │    └─GroupNorm: 4-148             [1, 128, 64, 64]          [1, 128, 64, 64]          256                         0.00%                   --                        256
│    │    │    └─GELU: 4-149                  [1, 128, 64, 64]          [1, 128, 64, 64]          --                             --                   --                        --
│    │    │    └─ConvTranspose2d: 4-150       [1, 128, 64, 64]          [1, 64, 128, 128]         32,832                      0.02%                   [2, 2]                    537,919,488
│    └─ModuleDict: 2-28                       --                        --                        (recursive)               (recursive)               --                        --
│    │    └─Sequential: 3-675                 [1, 512]                  [1, 64, 16, 16]           --                             --                   --                        --
│    │    │    └─Linear: 4-151                [1, 512]                  [1, 16384]                8,404,992                   3.92%                   --                        8,404,992
│    │    │    └─Rearrange: 4-152             [1, 16384]                [1, 64, 16, 16]           --                             --                   --                        --
│    │    └─Sequential: 3-676                 [1, 512]                  [1, 64, 16, 16]           (recursive)               (recursive)               --                        --
│    │    │    └─Linear: 4-153                [1, 512]                  [1, 16384]                (recursive)               (recursive)               --                        8,404,992
│    │    │    └─Rearrange: 4-154             [1, 16384]                [1, 64, 16, 16]           --                        (recursive)               --                        --
│    │    └─Sequential: 3-677                 [1, 512]                  [1, 64, 16, 16]           (recursive)               (recursive)               --                        --
│    │    │    └─Linear: 4-155                [1, 512]                  [1, 16384]                (recursive)               (recursive)               --                        8,404,992
│    │    │    └─Rearrange: 4-156             [1, 16384]                [1, 64, 16, 16]           --                        (recursive)               --                        --
│    │    └─Sequential: 3-678                 [1, 512]                  [1, 64, 16, 16]           (recursive)               (recursive)               --                        --
│    │    │    └─Linear: 4-157                [1, 512]                  [1, 16384]                (recursive)               (recursive)               --                        8,404,992
│    │    │    └─Rearrange: 4-158             [1, 16384]                [1, 64, 16, 16]           --                        (recursive)               --                        --
│    │    └─Sequential: 3-679                 [1, 512]                  [1, 64, 16, 16]           (recursive)               (recursive)               --                        --
│    │    │    └─Linear: 4-159                [1, 512]                  [1, 16384]                (recursive)               (recursive)               --                        8,404,992
│    │    │    └─Rearrange: 4-160             [1, 16384]                [1, 64, 16, 16]           --                        (recursive)               --                        --
│    │    └─Sequential: 3-680                 [1, 512]                  [1, 64, 16, 16]           (recursive)               (recursive)               --                        --
│    │    │    └─Linear: 4-161                [1, 512]                  [1, 16384]                (recursive)               (recursive)               --                        8,404,992
│    │    │    └─Rearrange: 4-162             [1, 16384]                [1, 64, 16, 16]           --                        (recursive)               --                        --
│    │    └─Sequential: 3-681                 [1, 512]                  [1, 64, 16, 16]           (recursive)               (recursive)               --                        --
│    │    │    └─Linear: 4-163                [1, 512]                  [1, 16384]                (recursive)               (recursive)               --                        8,404,992
│    │    │    └─Rearrange: 4-164             [1, 16384]                [1, 64, 16, 16]           --                        (recursive)               --                        --
│    │    └─Sequential: 3-682                 [1, 512]                  [1, 64, 16, 16]           (recursive)               (recursive)               --                        --
│    │    │    └─Linear: 4-165                [1, 512]                  [1, 16384]                (recursive)               (recursive)               --                        8,404,992
│    │    │    └─Rearrange: 4-166             [1, 16384]                [1, 64, 16, 16]           --                        (recursive)               --                        --
│    │    └─Sequential: 3-683                 [1, 512]                  [1, 64, 16, 16]           (recursive)               (recursive)               --                        --
│    │    │    └─Linear: 4-167                [1, 512]                  [1, 16384]                (recursive)               (recursive)               --                        8,404,992
│    │    │    └─Rearrange: 4-168             [1, 16384]                [1, 64, 16, 16]           --                        (recursive)               --                        --
│    │    └─Sequential: 3-684                 [1, 512]                  [1, 64, 16, 16]           (recursive)               (recursive)               --                        --
│    │    │    └─Linear: 4-169                [1, 512]                  [1, 16384]                (recursive)               (recursive)               --                        8,404,992
│    │    │    └─Rearrange: 4-170             [1, 16384]                [1, 64, 16, 16]           --                        (recursive)               --                        --
│    │    └─Sequential: 3-685                 [1, 512]                  [1, 64, 16, 16]           (recursive)               (recursive)               --                        --
│    │    │    └─Linear: 4-171                [1, 512]                  [1, 16384]                (recursive)               (recursive)               --                        8,404,992
│    │    │    └─Rearrange: 4-172             [1, 16384]                [1, 64, 16, 16]           --                        (recursive)               --                        --
│    │    └─Sequential: 3-686                 [1, 512]                  [1, 64, 16, 16]           (recursive)               (recursive)               --                        --
│    │    │    └─Linear: 4-173                [1, 512]                  [1, 16384]                (recursive)               (recursive)               --                        8,404,992
│    │    │    └─Rearrange: 4-174             [1, 16384]                [1, 64, 16, 16]           --                        (recursive)               --                        --
│    │    └─Sequential: 3-687                 [1, 512]                  [1, 64, 16, 16]           (recursive)               (recursive)               --                        --
│    │    │    └─Linear: 4-175                [1, 512]                  [1, 16384]                (recursive)               (recursive)               --                        8,404,992
│    │    │    └─Rearrange: 4-176             [1, 16384]                [1, 64, 16, 16]           --                        (recursive)               --                        --
│    │    └─Sequential: 3-688                 [1, 512]                  [1, 64, 16, 16]           (recursive)               (recursive)               --                        --
│    │    │    └─Linear: 4-177                [1, 512]                  [1, 16384]                (recursive)               (recursive)               --                        8,404,992
│    │    │    └─Rearrange: 4-178             [1, 16384]                [1, 64, 16, 16]           --                        (recursive)               --                        --
│    │    └─Sequential: 3-689                 [1, 512]                  [1, 64, 16, 16]           (recursive)               (recursive)               --                        --
│    │    │    └─Linear: 4-179                [1, 512]                  [1, 16384]                (recursive)               (recursive)               --                        8,404,992
│    │    │    └─Rearrange: 4-180             [1, 16384]                [1, 64, 16, 16]           --                        (recursive)               --                        --
│    │    └─Sequential: 3-690                 [1, 512]                  [1, 64, 16, 16]           (recursive)               (recursive)               --                        --
│    │    │    └─Linear: 4-181                [1, 512]                  [1, 16384]                (recursive)               (recursive)               --                        8,404,992
│    │    │    └─Rearrange: 4-182             [1, 16384]                [1, 64, 16, 16]           --                        (recursive)               --                        --
│    │    └─Sequential: 3-691                 [1, 512]                  [1, 64, 16, 16]           (recursive)               (recursive)               --                        --
│    │    │    └─Linear: 4-183                [1, 512]                  [1, 16384]                (recursive)               (recursive)               --                        8,404,992
│    │    │    └─Rearrange: 4-184             [1, 16384]                [1, 64, 16, 16]           --                        (recursive)               --                        --
│    │    └─Sequential: 3-692                 [1, 512]                  [1, 64, 16, 16]           (recursive)               (recursive)               --                        --
│    │    │    └─Linear: 4-185                [1, 512]                  [1, 16384]                (recursive)               (recursive)               --                        8,404,992
│    │    │    └─Rearrange: 4-186             [1, 16384]                [1, 64, 16, 16]           --                        (recursive)               --                        --
│    │    └─Sequential: 3-693                 [1, 512]                  [1, 64, 16, 16]           (recursive)               (recursive)               --                        --
│    │    │    └─Linear: 4-187                [1, 512]                  [1, 16384]                (recursive)               (recursive)               --                        8,404,992
│    │    │    └─Rearrange: 4-188             [1, 16384]                [1, 64, 16, 16]           --                        (recursive)               --                        --
│    │    └─Sequential: 3-694                 [1, 512]                  [1, 64, 16, 16]           (recursive)               (recursive)               --                        --
│    │    │    └─Linear: 4-189                [1, 512]                  [1, 16384]                (recursive)               (recursive)               --                        8,404,992
│    │    │    └─Rearrange: 4-190             [1, 16384]                [1, 64, 16, 16]           --                        (recursive)               --                        --
│    │    └─Sequential: 3-695                 [1, 512]                  [1, 64, 16, 16]           (recursive)               (recursive)               --                        --
│    │    │    └─Linear: 4-191                [1, 512]                  [1, 16384]                (recursive)               (recursive)               --                        8,404,992
│    │    │    └─Rearrange: 4-192             [1, 16384]                [1, 64, 16, 16]           --                        (recursive)               --                        --
│    │    └─Sequential: 3-696                 [1, 512]                  [1, 64, 16, 16]           (recursive)               (recursive)               --                        --
│    │    │    └─Linear: 4-193                [1, 512]                  [1, 16384]                (recursive)               (recursive)               --                        8,404,992
│    │    │    └─Rearrange: 4-194             [1, 16384]                [1, 64, 16, 16]           --                        (recursive)               --                        --
│    │    └─Sequential: 3-697                 [1, 512]                  [1, 64, 16, 16]           (recursive)               (recursive)               --                        --
│    │    │    └─Linear: 4-195                [1, 512]                  [1, 16384]                (recursive)               (recursive)               --                        8,404,992
│    │    │    └─Rearrange: 4-196             [1, 16384]                [1, 64, 16, 16]           --                        (recursive)               --                        --
│    │    └─Sequential: 3-698                 [1, 512]                  [1, 64, 16, 16]           (recursive)               (recursive)               --                        --
│    │    │    └─Linear: 4-197                [1, 512]                  [1, 16384]                (recursive)               (recursive)               --                        8,404,992
│    │    │    └─Rearrange: 4-198             [1, 16384]                [1, 64, 16, 16]           --                        (recursive)               --                        --
│    │    └─Sequential: 3-699                 [1, 512]                  [1, 64, 16, 16]           (recursive)               (recursive)               --                        --
│    │    │    └─Linear: 4-199                [1, 512]                  [1, 16384]                (recursive)               (recursive)               --                        8,404,992
│    │    │    └─Rearrange: 4-200             [1, 16384]                [1, 64, 16, 16]           --                        (recursive)               --                        --
│    │    └─Sequential: 3-700                 [1, 512]                  [1, 64, 16, 16]           (recursive)               (recursive)               --                        --
│    │    │    └─Linear: 4-201                [1, 512]                  [1, 16384]                (recursive)               (recursive)               --                        8,404,992
│    │    │    └─Rearrange: 4-202             [1, 16384]                [1, 64, 16, 16]           --                        (recursive)               --                        --
│    │    └─Sequential: 3-701                 [1, 512]                  [1, 64, 16, 16]           (recursive)               (recursive)               --                        --
│    │    │    └─Linear: 4-203                [1, 512]                  [1, 16384]                (recursive)               (recursive)               --                        8,404,992
│    │    │    └─Rearrange: 4-204             [1, 16384]                [1, 64, 16, 16]           --                        (recursive)               --                        --
│    │    └─Sequential: 3-702                 [1, 512]                  [1, 64, 16, 16]           (recursive)               (recursive)               --                        --
│    │    │    └─Linear: 4-205                [1, 512]                  [1, 16384]                (recursive)               (recursive)               --                        8,404,992
│    │    │    └─Rearrange: 4-206             [1, 16384]                [1, 64, 16, 16]           --                        (recursive)               --                        --
│    │    └─Sequential: 3-703                 [1, 512]                  [1, 64, 16, 16]           (recursive)               (recursive)               --                        --
│    │    │    └─Linear: 4-207                [1, 512]                  [1, 16384]                (recursive)               (recursive)               --                        8,404,992
│    │    │    └─Rearrange: 4-208             [1, 16384]                [1, 64, 16, 16]           --                        (recursive)               --                        --
│    │    └─Sequential: 3-704                 [1, 512]                  [1, 64, 16, 16]           (recursive)               (recursive)               --                        --
│    │    │    └─Linear: 4-209                [1, 512]                  [1, 16384]                (recursive)               (recursive)               --                        8,404,992
│    │    │    └─Rearrange: 4-210             [1, 16384]                [1, 64, 16, 16]           --                        (recursive)               --                        --
│    │    └─Sequential: 3-705                 [1, 512]                  [1, 64, 16, 16]           (recursive)               (recursive)               --                        --
│    │    │    └─Linear: 4-211                [1, 512]                  [1, 16384]                (recursive)               (recursive)               --                        8,404,992
│    │    │    └─Rearrange: 4-212             [1, 16384]                [1, 64, 16, 16]           --                        (recursive)               --                        --
│    │    └─Sequential: 3-706                 [1, 512]                  [1, 64, 16, 16]           (recursive)               (recursive)               --                        --
│    │    │    └─Linear: 4-213                [1, 512]                  [1, 16384]                (recursive)               (recursive)               --                        8,404,992
│    │    │    └─Rearrange: 4-214             [1, 16384]                [1, 64, 16, 16]           --                        (recursive)               --                        --
│    │    └─Sequential: 3-707                 [1, 512]                  [1, 64, 16, 16]           (recursive)               (recursive)               --                        --
│    │    │    └─Linear: 4-215                [1, 512]                  [1, 16384]                (recursive)               (recursive)               --                        8,404,992
│    │    │    └─Rearrange: 4-216             [1, 16384]                [1, 64, 16, 16]           --                        (recursive)               --                        --
│    │    └─Sequential: 3-708                 [1, 512]                  [1, 64, 16, 16]           (recursive)               (recursive)               --                        --
│    │    │    └─Linear: 4-217                [1, 512]                  [1, 16384]                (recursive)               (recursive)               --                        8,404,992
│    │    │    └─Rearrange: 4-218             [1, 16384]                [1, 64, 16, 16]           --                        (recursive)               --                        --
│    │    └─Sequential: 3-709                 [1, 512]                  [1, 64, 16, 16]           (recursive)               (recursive)               --                        --
│    │    │    └─Linear: 4-219                [1, 512]                  [1, 16384]                (recursive)               (recursive)               --                        8,404,992
│    │    │    └─Rearrange: 4-220             [1, 16384]                [1, 64, 16, 16]           --                        (recursive)               --                        --
│    │    └─Sequential: 3-710                 [1, 512]                  [1, 64, 16, 16]           (recursive)               (recursive)               --                        --
│    │    │    └─Linear: 4-221                [1, 512]                  [1, 16384]                (recursive)               (recursive)               --                        8,404,992
│    │    │    └─Rearrange: 4-222             [1, 16384]                [1, 64, 16, 16]           --                        (recursive)               --                        --
│    │    └─Sequential: 3-711                 [1, 512]                  [1, 64, 16, 16]           (recursive)               (recursive)               --                        --
│    │    │    └─Linear: 4-223                [1, 512]                  [1, 16384]                (recursive)               (recursive)               --                        8,404,992
│    │    │    └─Rearrange: 4-224             [1, 16384]                [1, 64, 16, 16]           --                        (recursive)               --                        --
│    │    └─Sequential: 3-712                 [1, 512]                  [1, 64, 16, 16]           (recursive)               (recursive)               --                        --
│    │    │    └─Linear: 4-225                [1, 512]                  [1, 16384]                (recursive)               (recursive)               --                        8,404,992
│    │    │    └─Rearrange: 4-226             [1, 16384]                [1, 64, 16, 16]           --                        (recursive)               --                        --
│    │    └─Sequential: 3-713                 [1, 512]                  [1, 64, 16, 16]           (recursive)               (recursive)               --                        --
│    │    │    └─Linear: 4-227                [1, 512]                  [1, 16384]                (recursive)               (recursive)               --                        8,404,992
│    │    │    └─Rearrange: 4-228             [1, 16384]                [1, 64, 16, 16]           --                        (recursive)               --                        --
│    │    └─Sequential: 3-714                 [1, 512]                  [1, 64, 16, 16]           (recursive)               (recursive)               --                        --
│    │    │    └─Linear: 4-229                [1, 512]                  [1, 16384]                (recursive)               (recursive)               --                        8,404,992
│    │    │    └─Rearrange: 4-230             [1, 16384]                [1, 64, 16, 16]           --                        (recursive)               --                        --
│    │    └─Sequential: 3-715                 [1, 512]                  [1, 64, 16, 16]           (recursive)               (recursive)               --                        --
│    │    │    └─Linear: 4-231                [1, 512]                  [1, 16384]                (recursive)               (recursive)               --                        8,404,992
│    │    │    └─Rearrange: 4-232             [1, 16384]                [1, 64, 16, 16]           --                        (recursive)               --                        --
│    │    └─Sequential: 3-716                 [1, 512]                  [1, 64, 16, 16]           (recursive)               (recursive)               --                        --
│    │    │    └─Linear: 4-233                [1, 512]                  [1, 16384]                (recursive)               (recursive)               --                        8,404,992
│    │    │    └─Rearrange: 4-234             [1, 16384]                [1, 64, 16, 16]           --                        (recursive)               --                        --
│    │    └─Sequential: 3-717                 [1, 512]                  [1, 64, 16, 16]           (recursive)               (recursive)               --                        --
│    │    │    └─Linear: 4-235                [1, 512]                  [1, 16384]                (recursive)               (recursive)               --                        8,404,992
│    │    │    └─Rearrange: 4-236             [1, 16384]                [1, 64, 16, 16]           --                        (recursive)               --                        --
│    │    └─Sequential: 3-718                 [1, 512]                  [1, 64, 16, 16]           (recursive)               (recursive)               --                        --
│    │    │    └─Linear: 4-237                [1, 512]                  [1, 16384]                (recursive)               (recursive)               --                        8,404,992
│    │    │    └─Rearrange: 4-238             [1, 16384]                [1, 64, 16, 16]           --                        (recursive)               --                        --
│    │    └─Sequential: 3-719                 [1, 512]                  [1, 64, 16, 16]           (recursive)               (recursive)               --                        --
│    │    │    └─Linear: 4-239                [1, 512]                  [1, 16384]                (recursive)               (recursive)               --                        8,404,992
│    │    │    └─Rearrange: 4-240             [1, 16384]                [1, 64, 16, 16]           --                        (recursive)               --                        --
│    │    └─Sequential: 3-720                 [1, 512]                  [1, 64, 16, 16]           (recursive)               (recursive)               --                        --
│    │    │    └─Linear: 4-241                [1, 512]                  [1, 16384]                (recursive)               (recursive)               --                        8,404,992
│    │    │    └─Rearrange: 4-242             [1, 16384]                [1, 64, 16, 16]           --                        (recursive)               --                        --
│    │    └─Sequential: 3-721                 [1, 512]                  [1, 64, 16, 16]           (recursive)               (recursive)               --                        --
│    │    │    └─Linear: 4-243                [1, 512]                  [1, 16384]                (recursive)               (recursive)               --                        8,404,992
│    │    │    └─Rearrange: 4-244             [1, 16384]                [1, 64, 16, 16]           --                        (recursive)               --                        --
│    │    └─Sequential: 3-722                 [1, 512]                  [1, 64, 16, 16]           (recursive)               (recursive)               --                        --
│    │    │    └─Linear: 4-245                [1, 512]                  [1, 16384]                (recursive)               (recursive)               --                        8,404,992
│    │    │    └─Rearrange: 4-246             [1, 16384]                [1, 64, 16, 16]           --                        (recursive)               --                        --
│    │    └─Sequential: 3-723                 [1, 512]                  [1, 64, 16, 16]           (recursive)               (recursive)               --                        --
│    │    │    └─Linear: 4-247                [1, 512]                  [1, 16384]                (recursive)               (recursive)               --                        8,404,992
│    │    │    └─Rearrange: 4-248             [1, 16384]                [1, 64, 16, 16]           --                        (recursive)               --                        --
│    │    └─Sequential: 3-724                 [1, 512]                  [1, 64, 16, 16]           (recursive)               (recursive)               --                        --
│    │    │    └─Linear: 4-249                [1, 512]                  [1, 16384]                (recursive)               (recursive)               --                        8,404,992
│    │    │    └─Rearrange: 4-250             [1, 16384]                [1, 64, 16, 16]           --                        (recursive)               --                        --
│    │    └─Sequential: 3-725                 [1, 512]                  [1, 64, 16, 16]           (recursive)               (recursive)               --                        --
│    │    │    └─Linear: 4-251                [1, 512]                  [1, 16384]                (recursive)               (recursive)               --                        8,404,992
│    │    │    └─Rearrange: 4-252             [1, 16384]                [1, 64, 16, 16]           --                        (recursive)               --                        --
│    │    └─Sequential: 3-726                 [1, 512]                  [1, 64, 16, 16]           (recursive)               (recursive)               --                        --
│    │    │    └─Linear: 4-253                [1, 512]                  [1, 16384]                (recursive)               (recursive)               --                        8,404,992
│    │    │    └─Rearrange: 4-254             [1, 16384]                [1, 64, 16, 16]           --                        (recursive)               --                        --
│    │    └─Sequential: 3-727                 [1, 512]                  [1, 64, 16, 16]           (recursive)               (recursive)               --                        --
│    │    │    └─Linear: 4-255                [1, 512]                  [1, 16384]                (recursive)               (recursive)               --                        8,404,992
│    │    │    └─Rearrange: 4-256             [1, 16384]                [1, 64, 16, 16]           --                        (recursive)               --                        --
│    │    └─Sequential: 3-728                 [1, 512]                  [1, 64, 16, 16]           (recursive)               (recursive)               --                        --
│    │    │    └─Linear: 4-257                [1, 512]                  [1, 16384]                (recursive)               (recursive)               --                        8,404,992
│    │    │    └─Rearrange: 4-258             [1, 16384]                [1, 64, 16, 16]           --                        (recursive)               --                        --
│    │    └─Sequential: 3-729                 [1, 512]                  [1, 64, 16, 16]           (recursive)               (recursive)               --                        --
│    │    │    └─Linear: 4-259                [1, 512]                  [1, 16384]                (recursive)               (recursive)               --                        8,404,992
│    │    │    └─Rearrange: 4-260             [1, 16384]                [1, 64, 16, 16]           --                        (recursive)               --                        --
│    │    └─Sequential: 3-730                 [1, 512]                  [1, 64, 16, 16]           (recursive)               (recursive)               --                        --
│    │    │    └─Linear: 4-261                [1, 512]                  [1, 16384]                (recursive)               (recursive)               --                        8,404,992
│    │    │    └─Rearrange: 4-262             [1, 16384]                [1, 64, 16, 16]           --                        (recursive)               --                        --
│    │    └─Sequential: 3-731                 [1, 512]                  [1, 64, 16, 16]           (recursive)               (recursive)               --                        --
│    │    │    └─Linear: 4-263                [1, 512]                  [1, 16384]                (recursive)               (recursive)               --                        8,404,992
│    │    │    └─Rearrange: 4-264             [1, 16384]                [1, 64, 16, 16]           --                        (recursive)               --                        --
│    │    └─Sequential: 3-732                 [1, 512]                  [1, 64, 16, 16]           (recursive)               (recursive)               --                        --
│    │    │    └─Linear: 4-265                [1, 512]                  [1, 16384]                (recursive)               (recursive)               --                        8,404,992
│    │    │    └─Rearrange: 4-266             [1, 16384]                [1, 64, 16, 16]           --                        (recursive)               --                        --
│    │    └─Sequential: 3-733                 [1, 512]                  [1, 64, 16, 16]           (recursive)               (recursive)               --                        --
│    │    │    └─Linear: 4-267                [1, 512]                  [1, 16384]                (recursive)               (recursive)               --                        8,404,992
│    │    │    └─Rearrange: 4-268             [1, 16384]                [1, 64, 16, 16]           --                        (recursive)               --                        --
│    │    └─Sequential: 3-734                 [1, 512]                  [1, 64, 16, 16]           (recursive)               (recursive)               --                        --
│    │    │    └─Linear: 4-269                [1, 512]                  [1, 16384]                (recursive)               (recursive)               --                        8,404,992
│    │    │    └─Rearrange: 4-270             [1, 16384]                [1, 64, 16, 16]           --                        (recursive)               --                        --
│    │    └─Sequential: 3-735                 [1, 512]                  [1, 64, 16, 16]           (recursive)               (recursive)               --                        --
│    │    │    └─Linear: 4-271                [1, 512]                  [1, 16384]                (recursive)               (recursive)               --                        8,404,992
│    │    │    └─Rearrange: 4-272             [1, 16384]                [1, 64, 16, 16]           --                        (recursive)               --                        --
│    │    └─Sequential: 3-736                 [1, 512]                  [1, 64, 16, 16]           (recursive)               (recursive)               --                        --
│    │    │    └─Linear: 4-273                [1, 512]                  [1, 16384]                (recursive)               (recursive)               --                        8,404,992
│    │    │    └─Rearrange: 4-274             [1, 16384]                [1, 64, 16, 16]           --                        (recursive)               --                        --
│    │    └─Sequential: 3-737                 [1, 512]                  [1, 64, 16, 16]           (recursive)               (recursive)               --                        --
│    │    │    └─Linear: 4-275                [1, 512]                  [1, 16384]                (recursive)               (recursive)               --                        8,404,992
│    │    │    └─Rearrange: 4-276             [1, 16384]                [1, 64, 16, 16]           --                        (recursive)               --                        --
│    │    └─Sequential: 3-738                 [1, 512]                  [1, 64, 16, 16]           (recursive)               (recursive)               --                        --
│    │    │    └─Linear: 4-277                [1, 512]                  [1, 16384]                (recursive)               (recursive)               --                        8,404,992
│    │    │    └─Rearrange: 4-278             [1, 16384]                [1, 64, 16, 16]           --                        (recursive)               --                        --
│    └─ModuleList: 2-27                       --                        --                        (recursive)               (recursive)               --                        --
│    │    └─Sequential: 3-739                 [1, 64, 128, 128]         [1, 32, 256, 256]         --                             --                   --                        --
│    │    │    └─Conv2d: 4-279                [1, 64, 128, 128]         [1, 64, 128, 128]         36,928                      0.02%                   [3, 3]                    605,028,352
│    │    │    └─GroupNorm: 4-280             [1, 64, 128, 128]         [1, 64, 128, 128]         128                         0.00%                   --                        128
│    │    │    └─GELU: 4-281                  [1, 64, 128, 128]         [1, 64, 128, 128]         --                             --                   --                        --
│    │    │    └─ConvTranspose2d: 4-282       [1, 64, 128, 128]         [1, 32, 256, 256]         8,224                       0.00%                   [2, 2]                    538,968,064
│    └─ModuleDict: 2-28                       --                        --                        (recursive)               (recursive)               --                        --
│    │    └─Sequential: 3-740                 [1, 512]                  [1, 32, 16, 16]           --                             --                   --                        --
│    │    │    └─Linear: 4-283                [1, 512]                  [1, 8192]                 4,202,496                   1.96%                   --                        4,202,496
│    │    │    └─Rearrange: 4-284             [1, 8192]                 [1, 32, 16, 16]           --                             --                   --                        --
│    │    └─Sequential: 3-741                 [1, 512]                  [1, 32, 16, 16]           (recursive)               (recursive)               --                        --
│    │    │    └─Linear: 4-285                [1, 512]                  [1, 8192]                 (recursive)               (recursive)               --                        4,202,496
│    │    │    └─Rearrange: 4-286             [1, 8192]                 [1, 32, 16, 16]           --                        (recursive)               --                        --
│    │    └─Sequential: 3-742                 [1, 512]                  [1, 32, 16, 16]           (recursive)               (recursive)               --                        --
│    │    │    └─Linear: 4-287                [1, 512]                  [1, 8192]                 (recursive)               (recursive)               --                        4,202,496
│    │    │    └─Rearrange: 4-288             [1, 8192]                 [1, 32, 16, 16]           --                        (recursive)               --                        --
│    │    └─Sequential: 3-743                 [1, 512]                  [1, 32, 16, 16]           (recursive)               (recursive)               --                        --
│    │    │    └─Linear: 4-289                [1, 512]                  [1, 8192]                 (recursive)               (recursive)               --                        4,202,496
│    │    │    └─Rearrange: 4-290             [1, 8192]                 [1, 32, 16, 16]           --                        (recursive)               --                        --
│    │    └─Sequential: 3-744                 [1, 512]                  [1, 32, 16, 16]           (recursive)               (recursive)               --                        --
│    │    │    └─Linear: 4-291                [1, 512]                  [1, 8192]                 (recursive)               (recursive)               --                        4,202,496
│    │    │    └─Rearrange: 4-292             [1, 8192]                 [1, 32, 16, 16]           --                        (recursive)               --                        --
│    │    └─Sequential: 3-745                 [1, 512]                  [1, 32, 16, 16]           (recursive)               (recursive)               --                        --
│    │    │    └─Linear: 4-293                [1, 512]                  [1, 8192]                 (recursive)               (recursive)               --                        4,202,496
│    │    │    └─Rearrange: 4-294             [1, 8192]                 [1, 32, 16, 16]           --                        (recursive)               --                        --
│    │    └─Sequential: 3-746                 [1, 512]                  [1, 32, 16, 16]           (recursive)               (recursive)               --                        --
│    │    │    └─Linear: 4-295                [1, 512]                  [1, 8192]                 (recursive)               (recursive)               --                        4,202,496
│    │    │    └─Rearrange: 4-296             [1, 8192]                 [1, 32, 16, 16]           --                        (recursive)               --                        --
│    │    └─Sequential: 3-747                 [1, 512]                  [1, 32, 16, 16]           (recursive)               (recursive)               --                        --
│    │    │    └─Linear: 4-297                [1, 512]                  [1, 8192]                 (recursive)               (recursive)               --                        4,202,496
│    │    │    └─Rearrange: 4-298             [1, 8192]                 [1, 32, 16, 16]           --                        (recursive)               --                        --
│    │    └─Sequential: 3-748                 [1, 512]                  [1, 32, 16, 16]           (recursive)               (recursive)               --                        --
│    │    │    └─Linear: 4-299                [1, 512]                  [1, 8192]                 (recursive)               (recursive)               --                        4,202,496
│    │    │    └─Rearrange: 4-300             [1, 8192]                 [1, 32, 16, 16]           --                        (recursive)               --                        --
│    │    └─Sequential: 3-749                 [1, 512]                  [1, 32, 16, 16]           (recursive)               (recursive)               --                        --
│    │    │    └─Linear: 4-301                [1, 512]                  [1, 8192]                 (recursive)               (recursive)               --                        4,202,496
│    │    │    └─Rearrange: 4-302             [1, 8192]                 [1, 32, 16, 16]           --                        (recursive)               --                        --
│    │    └─Sequential: 3-750                 [1, 512]                  [1, 32, 16, 16]           (recursive)               (recursive)               --                        --
│    │    │    └─Linear: 4-303                [1, 512]                  [1, 8192]                 (recursive)               (recursive)               --                        4,202,496
│    │    │    └─Rearrange: 4-304             [1, 8192]                 [1, 32, 16, 16]           --                        (recursive)               --                        --
│    │    └─Sequential: 3-751                 [1, 512]                  [1, 32, 16, 16]           (recursive)               (recursive)               --                        --
│    │    │    └─Linear: 4-305                [1, 512]                  [1, 8192]                 (recursive)               (recursive)               --                        4,202,496
│    │    │    └─Rearrange: 4-306             [1, 8192]                 [1, 32, 16, 16]           --                        (recursive)               --                        --
│    │    └─Sequential: 3-752                 [1, 512]                  [1, 32, 16, 16]           (recursive)               (recursive)               --                        --
│    │    │    └─Linear: 4-307                [1, 512]                  [1, 8192]                 (recursive)               (recursive)               --                        4,202,496
│    │    │    └─Rearrange: 4-308             [1, 8192]                 [1, 32, 16, 16]           --                        (recursive)               --                        --
│    │    └─Sequential: 3-753                 [1, 512]                  [1, 32, 16, 16]           (recursive)               (recursive)               --                        --
│    │    │    └─Linear: 4-309                [1, 512]                  [1, 8192]                 (recursive)               (recursive)               --                        4,202,496
│    │    │    └─Rearrange: 4-310             [1, 8192]                 [1, 32, 16, 16]           --                        (recursive)               --                        --
│    │    └─Sequential: 3-754                 [1, 512]                  [1, 32, 16, 16]           (recursive)               (recursive)               --                        --
│    │    │    └─Linear: 4-311                [1, 512]                  [1, 8192]                 (recursive)               (recursive)               --                        4,202,496
│    │    │    └─Rearrange: 4-312             [1, 8192]                 [1, 32, 16, 16]           --                        (recursive)               --                        --
│    │    └─Sequential: 3-755                 [1, 512]                  [1, 32, 16, 16]           (recursive)               (recursive)               --                        --
│    │    │    └─Linear: 4-313                [1, 512]                  [1, 8192]                 (recursive)               (recursive)               --                        4,202,496
│    │    │    └─Rearrange: 4-314             [1, 8192]                 [1, 32, 16, 16]           --                        (recursive)               --                        --
│    │    └─Sequential: 3-756                 [1, 512]                  [1, 32, 16, 16]           (recursive)               (recursive)               --                        --
│    │    │    └─Linear: 4-315                [1, 512]                  [1, 8192]                 (recursive)               (recursive)               --                        4,202,496
│    │    │    └─Rearrange: 4-316             [1, 8192]                 [1, 32, 16, 16]           --                        (recursive)               --                        --
│    │    └─Sequential: 3-757                 [1, 512]                  [1, 32, 16, 16]           (recursive)               (recursive)               --                        --
│    │    │    └─Linear: 4-317                [1, 512]                  [1, 8192]                 (recursive)               (recursive)               --                        4,202,496
│    │    │    └─Rearrange: 4-318             [1, 8192]                 [1, 32, 16, 16]           --                        (recursive)               --                        --
│    │    └─Sequential: 3-758                 [1, 512]                  [1, 32, 16, 16]           (recursive)               (recursive)               --                        --
│    │    │    └─Linear: 4-319                [1, 512]                  [1, 8192]                 (recursive)               (recursive)               --                        4,202,496
│    │    │    └─Rearrange: 4-320             [1, 8192]                 [1, 32, 16, 16]           --                        (recursive)               --                        --
│    │    └─Sequential: 3-759                 [1, 512]                  [1, 32, 16, 16]           (recursive)               (recursive)               --                        --
│    │    │    └─Linear: 4-321                [1, 512]                  [1, 8192]                 (recursive)               (recursive)               --                        4,202,496
│    │    │    └─Rearrange: 4-322             [1, 8192]                 [1, 32, 16, 16]           --                        (recursive)               --                        --
│    │    └─Sequential: 3-760                 [1, 512]                  [1, 32, 16, 16]           (recursive)               (recursive)               --                        --
│    │    │    └─Linear: 4-323                [1, 512]                  [1, 8192]                 (recursive)               (recursive)               --                        4,202,496
│    │    │    └─Rearrange: 4-324             [1, 8192]                 [1, 32, 16, 16]           --                        (recursive)               --                        --
│    │    └─Sequential: 3-761                 [1, 512]                  [1, 32, 16, 16]           (recursive)               (recursive)               --                        --
│    │    │    └─Linear: 4-325                [1, 512]                  [1, 8192]                 (recursive)               (recursive)               --                        4,202,496
│    │    │    └─Rearrange: 4-326             [1, 8192]                 [1, 32, 16, 16]           --                        (recursive)               --                        --
│    │    └─Sequential: 3-762                 [1, 512]                  [1, 32, 16, 16]           (recursive)               (recursive)               --                        --
│    │    │    └─Linear: 4-327                [1, 512]                  [1, 8192]                 (recursive)               (recursive)               --                        4,202,496
│    │    │    └─Rearrange: 4-328             [1, 8192]                 [1, 32, 16, 16]           --                        (recursive)               --                        --
│    │    └─Sequential: 3-763                 [1, 512]                  [1, 32, 16, 16]           (recursive)               (recursive)               --                        --
│    │    │    └─Linear: 4-329                [1, 512]                  [1, 8192]                 (recursive)               (recursive)               --                        4,202,496
│    │    │    └─Rearrange: 4-330             [1, 8192]                 [1, 32, 16, 16]           --                        (recursive)               --                        --
│    │    └─Sequential: 3-764                 [1, 512]                  [1, 32, 16, 16]           (recursive)               (recursive)               --                        --
│    │    │    └─Linear: 4-331                [1, 512]                  [1, 8192]                 (recursive)               (recursive)               --                        4,202,496
│    │    │    └─Rearrange: 4-332             [1, 8192]                 [1, 32, 16, 16]           --                        (recursive)               --                        --
│    │    └─Sequential: 3-765                 [1, 512]                  [1, 32, 16, 16]           (recursive)               (recursive)               --                        --
│    │    │    └─Linear: 4-333                [1, 512]                  [1, 8192]                 (recursive)               (recursive)               --                        4,202,496
│    │    │    └─Rearrange: 4-334             [1, 8192]                 [1, 32, 16, 16]           --                        (recursive)               --                        --
│    │    └─Sequential: 3-766                 [1, 512]                  [1, 32, 16, 16]           (recursive)               (recursive)               --                        --
│    │    │    └─Linear: 4-335                [1, 512]                  [1, 8192]                 (recursive)               (recursive)               --                        4,202,496
│    │    │    └─Rearrange: 4-336             [1, 8192]                 [1, 32, 16, 16]           --                        (recursive)               --                        --
│    │    └─Sequential: 3-767                 [1, 512]                  [1, 32, 16, 16]           (recursive)               (recursive)               --                        --
│    │    │    └─Linear: 4-337                [1, 512]                  [1, 8192]                 (recursive)               (recursive)               --                        4,202,496
│    │    │    └─Rearrange: 4-338             [1, 8192]                 [1, 32, 16, 16]           --                        (recursive)               --                        --
│    │    └─Sequential: 3-768                 [1, 512]                  [1, 32, 16, 16]           (recursive)               (recursive)               --                        --
│    │    │    └─Linear: 4-339                [1, 512]                  [1, 8192]                 (recursive)               (recursive)               --                        4,202,496
│    │    │    └─Rearrange: 4-340             [1, 8192]                 [1, 32, 16, 16]           --                        (recursive)               --                        --
│    │    └─Sequential: 3-769                 [1, 512]                  [1, 32, 16, 16]           (recursive)               (recursive)               --                        --
│    │    │    └─Linear: 4-341                [1, 512]                  [1, 8192]                 (recursive)               (recursive)               --                        4,202,496
│    │    │    └─Rearrange: 4-342             [1, 8192]                 [1, 32, 16, 16]           --                        (recursive)               --                        --
│    │    └─Sequential: 3-770                 [1, 512]                  [1, 32, 16, 16]           (recursive)               (recursive)               --                        --
│    │    │    └─Linear: 4-343                [1, 512]                  [1, 8192]                 (recursive)               (recursive)               --                        4,202,496
│    │    │    └─Rearrange: 4-344             [1, 8192]                 [1, 32, 16, 16]           --                        (recursive)               --                        --
│    │    └─Sequential: 3-771                 [1, 512]                  [1, 32, 16, 16]           (recursive)               (recursive)               --                        --
│    │    │    └─Linear: 4-345                [1, 512]                  [1, 8192]                 (recursive)               (recursive)               --                        4,202,496
│    │    │    └─Rearrange: 4-346             [1, 8192]                 [1, 32, 16, 16]           --                        (recursive)               --                        --
│    │    └─Sequential: 3-772                 [1, 512]                  [1, 32, 16, 16]           (recursive)               (recursive)               --                        --
│    │    │    └─Linear: 4-347                [1, 512]                  [1, 8192]                 (recursive)               (recursive)               --                        4,202,496
│    │    │    └─Rearrange: 4-348             [1, 8192]                 [1, 32, 16, 16]           --                        (recursive)               --                        --
│    │    └─Sequential: 3-773                 [1, 512]                  [1, 32, 16, 16]           (recursive)               (recursive)               --                        --
│    │    │    └─Linear: 4-349                [1, 512]                  [1, 8192]                 (recursive)               (recursive)               --                        4,202,496
│    │    │    └─Rearrange: 4-350             [1, 8192]                 [1, 32, 16, 16]           --                        (recursive)               --                        --
│    │    └─Sequential: 3-774                 [1, 512]                  [1, 32, 16, 16]           (recursive)               (recursive)               --                        --
│    │    │    └─Linear: 4-351                [1, 512]                  [1, 8192]                 (recursive)               (recursive)               --                        4,202,496
│    │    │    └─Rearrange: 4-352             [1, 8192]                 [1, 32, 16, 16]           --                        (recursive)               --                        --
│    │    └─Sequential: 3-775                 [1, 512]                  [1, 32, 16, 16]           (recursive)               (recursive)               --                        --
│    │    │    └─Linear: 4-353                [1, 512]                  [1, 8192]                 (recursive)               (recursive)               --                        4,202,496
│    │    │    └─Rearrange: 4-354             [1, 8192]                 [1, 32, 16, 16]           --                        (recursive)               --                        --
│    │    └─Sequential: 3-776                 [1, 512]                  [1, 32, 16, 16]           (recursive)               (recursive)               --                        --
│    │    │    └─Linear: 4-355                [1, 512]                  [1, 8192]                 (recursive)               (recursive)               --                        4,202,496
│    │    │    └─Rearrange: 4-356             [1, 8192]                 [1, 32, 16, 16]           --                        (recursive)               --                        --
│    │    └─Sequential: 3-777                 [1, 512]                  [1, 32, 16, 16]           (recursive)               (recursive)               --                        --
│    │    │    └─Linear: 4-357                [1, 512]                  [1, 8192]                 (recursive)               (recursive)               --                        4,202,496
│    │    │    └─Rearrange: 4-358             [1, 8192]                 [1, 32, 16, 16]           --                        (recursive)               --                        --
│    │    └─Sequential: 3-778                 [1, 512]                  [1, 32, 16, 16]           (recursive)               (recursive)               --                        --
│    │    │    └─Linear: 4-359                [1, 512]                  [1, 8192]                 (recursive)               (recursive)               --                        4,202,496
│    │    │    └─Rearrange: 4-360             [1, 8192]                 [1, 32, 16, 16]           --                        (recursive)               --                        --
│    │    └─Sequential: 3-779                 [1, 512]                  [1, 32, 16, 16]           (recursive)               (recursive)               --                        --
│    │    │    └─Linear: 4-361                [1, 512]                  [1, 8192]                 (recursive)               (recursive)               --                        4,202,496
│    │    │    └─Rearrange: 4-362             [1, 8192]                 [1, 32, 16, 16]           --                        (recursive)               --                        --
│    │    └─Sequential: 3-780                 [1, 512]                  [1, 32, 16, 16]           (recursive)               (recursive)               --                        --
│    │    │    └─Linear: 4-363                [1, 512]                  [1, 8192]                 (recursive)               (recursive)               --                        4,202,496
│    │    │    └─Rearrange: 4-364             [1, 8192]                 [1, 32, 16, 16]           --                        (recursive)               --                        --
│    │    └─Sequential: 3-781                 [1, 512]                  [1, 32, 16, 16]           (recursive)               (recursive)               --                        --
│    │    │    └─Linear: 4-365                [1, 512]                  [1, 8192]                 (recursive)               (recursive)               --                        4,202,496
│    │    │    └─Rearrange: 4-366             [1, 8192]                 [1, 32, 16, 16]           --                        (recursive)               --                        --
│    │    └─Sequential: 3-782                 [1, 512]                  [1, 32, 16, 16]           (recursive)               (recursive)               --                        --
│    │    │    └─Linear: 4-367                [1, 512]                  [1, 8192]                 (recursive)               (recursive)               --                        4,202,496
│    │    │    └─Rearrange: 4-368             [1, 8192]                 [1, 32, 16, 16]           --                        (recursive)               --                        --
│    │    └─Sequential: 3-783                 [1, 512]                  [1, 32, 16, 16]           (recursive)               (recursive)               --                        --
│    │    │    └─Linear: 4-369                [1, 512]                  [1, 8192]                 (recursive)               (recursive)               --                        4,202,496
│    │    │    └─Rearrange: 4-370             [1, 8192]                 [1, 32, 16, 16]           --                        (recursive)               --                        --
│    │    └─Sequential: 3-784                 [1, 512]                  [1, 32, 16, 16]           (recursive)               (recursive)               --                        --
│    │    │    └─Linear: 4-371                [1, 512]                  [1, 8192]                 (recursive)               (recursive)               --                        4,202,496
│    │    │    └─Rearrange: 4-372             [1, 8192]                 [1, 32, 16, 16]           --                        (recursive)               --                        --
│    │    └─Sequential: 3-785                 [1, 512]                  [1, 32, 16, 16]           (recursive)               (recursive)               --                        --
│    │    │    └─Linear: 4-373                [1, 512]                  [1, 8192]                 (recursive)               (recursive)               --                        4,202,496
│    │    │    └─Rearrange: 4-374             [1, 8192]                 [1, 32, 16, 16]           --                        (recursive)               --                        --
│    │    └─Sequential: 3-786                 [1, 512]                  [1, 32, 16, 16]           (recursive)               (recursive)               --                        --
│    │    │    └─Linear: 4-375                [1, 512]                  [1, 8192]                 (recursive)               (recursive)               --                        4,202,496
│    │    │    └─Rearrange: 4-376             [1, 8192]                 [1, 32, 16, 16]           --                        (recursive)               --                        --
│    │    └─Sequential: 3-787                 [1, 512]                  [1, 32, 16, 16]           (recursive)               (recursive)               --                        --
│    │    │    └─Linear: 4-377                [1, 512]                  [1, 8192]                 (recursive)               (recursive)               --                        4,202,496
│    │    │    └─Rearrange: 4-378             [1, 8192]                 [1, 32, 16, 16]           --                        (recursive)               --                        --
│    │    └─Sequential: 3-788                 [1, 512]                  [1, 32, 16, 16]           (recursive)               (recursive)               --                        --
│    │    │    └─Linear: 4-379                [1, 512]                  [1, 8192]                 (recursive)               (recursive)               --                        4,202,496
│    │    │    └─Rearrange: 4-380             [1, 8192]                 [1, 32, 16, 16]           --                        (recursive)               --                        --
│    │    └─Sequential: 3-789                 [1, 512]                  [1, 32, 16, 16]           (recursive)               (recursive)               --                        --
│    │    │    └─Linear: 4-381                [1, 512]                  [1, 8192]                 (recursive)               (recursive)               --                        4,202,496
│    │    │    └─Rearrange: 4-382             [1, 8192]                 [1, 32, 16, 16]           --                        (recursive)               --                        --
│    │    └─Sequential: 3-790                 [1, 512]                  [1, 32, 16, 16]           (recursive)               (recursive)               --                        --
│    │    │    └─Linear: 4-383                [1, 512]                  [1, 8192]                 (recursive)               (recursive)               --                        4,202,496
│    │    │    └─Rearrange: 4-384             [1, 8192]                 [1, 32, 16, 16]           --                        (recursive)               --                        --
│    │    └─Sequential: 3-791                 [1, 512]                  [1, 32, 16, 16]           (recursive)               (recursive)               --                        --
│    │    │    └─Linear: 4-385                [1, 512]                  [1, 8192]                 (recursive)               (recursive)               --                        4,202,496
│    │    │    └─Rearrange: 4-386             [1, 8192]                 [1, 32, 16, 16]           --                        (recursive)               --                        --
│    │    └─Sequential: 3-792                 [1, 512]                  [1, 32, 16, 16]           (recursive)               (recursive)               --                        --
│    │    │    └─Linear: 4-387                [1, 512]                  [1, 8192]                 (recursive)               (recursive)               --                        4,202,496
│    │    │    └─Rearrange: 4-388             [1, 8192]                 [1, 32, 16, 16]           --                        (recursive)               --                        --
│    │    └─Sequential: 3-793                 [1, 512]                  [1, 32, 16, 16]           (recursive)               (recursive)               --                        --
│    │    │    └─Linear: 4-389                [1, 512]                  [1, 8192]                 (recursive)               (recursive)               --                        4,202,496
│    │    │    └─Rearrange: 4-390             [1, 8192]                 [1, 32, 16, 16]           --                        (recursive)               --                        --
│    │    └─Sequential: 3-794                 [1, 512]                  [1, 32, 16, 16]           (recursive)               (recursive)               --                        --
│    │    │    └─Linear: 4-391                [1, 512]                  [1, 8192]                 (recursive)               (recursive)               --                        4,202,496
│    │    │    └─Rearrange: 4-392             [1, 8192]                 [1, 32, 16, 16]           --                        (recursive)               --                        --
│    │    └─Sequential: 3-795                 [1, 512]                  [1, 32, 16, 16]           (recursive)               (recursive)               --                        --
│    │    │    └─Linear: 4-393                [1, 512]                  [1, 8192]                 (recursive)               (recursive)               --                        4,202,496
│    │    │    └─Rearrange: 4-394             [1, 8192]                 [1, 32, 16, 16]           --                        (recursive)               --                        --
│    │    └─Sequential: 3-796                 [1, 512]                  [1, 32, 16, 16]           (recursive)               (recursive)               --                        --
│    │    │    └─Linear: 4-395                [1, 512]                  [1, 8192]                 (recursive)               (recursive)               --                        4,202,496
│    │    │    └─Rearrange: 4-396             [1, 8192]                 [1, 32, 16, 16]           --                        (recursive)               --                        --
│    │    └─Sequential: 3-797                 [1, 512]                  [1, 32, 16, 16]           (recursive)               (recursive)               --                        --
│    │    │    └─Linear: 4-397                [1, 512]                  [1, 8192]                 (recursive)               (recursive)               --                        4,202,496
│    │    │    └─Rearrange: 4-398             [1, 8192]                 [1, 32, 16, 16]           --                        (recursive)               --                        --
│    │    └─Sequential: 3-798                 [1, 512]                  [1, 32, 16, 16]           (recursive)               (recursive)               --                        --
│    │    │    └─Linear: 4-399                [1, 512]                  [1, 8192]                 (recursive)               (recursive)               --                        4,202,496
│    │    │    └─Rearrange: 4-400             [1, 8192]                 [1, 32, 16, 16]           --                        (recursive)               --                        --
│    │    └─Sequential: 3-799                 [1, 512]                  [1, 32, 16, 16]           (recursive)               (recursive)               --                        --
│    │    │    └─Linear: 4-401                [1, 512]                  [1, 8192]                 (recursive)               (recursive)               --                        4,202,496
│    │    │    └─Rearrange: 4-402             [1, 8192]                 [1, 32, 16, 16]           --                        (recursive)               --                        --
│    │    └─Sequential: 3-800                 [1, 512]                  [1, 32, 16, 16]           (recursive)               (recursive)               --                        --
│    │    │    └─Linear: 4-403                [1, 512]                  [1, 8192]                 (recursive)               (recursive)               --                        4,202,496
│    │    │    └─Rearrange: 4-404             [1, 8192]                 [1, 32, 16, 16]           --                        (recursive)               --                        --
│    │    └─Sequential: 3-801                 [1, 512]                  [1, 32, 16, 16]           (recursive)               (recursive)               --                        --
│    │    │    └─Linear: 4-405                [1, 512]                  [1, 8192]                 (recursive)               (recursive)               --                        4,202,496
│    │    │    └─Rearrange: 4-406             [1, 8192]                 [1, 32, 16, 16]           --                        (recursive)               --                        --
│    │    └─Sequential: 3-802                 [1, 512]                  [1, 32, 16, 16]           (recursive)               (recursive)               --                        --
│    │    │    └─Linear: 4-407                [1, 512]                  [1, 8192]                 (recursive)               (recursive)               --                        4,202,496
│    │    │    └─Rearrange: 4-408             [1, 8192]                 [1, 32, 16, 16]           --                        (recursive)               --                        --
│    │    └─Sequential: 3-803                 [1, 512]                  [1, 32, 16, 16]           (recursive)               (recursive)               --                        --
│    │    │    └─Linear: 4-409                [1, 512]                  [1, 8192]                 (recursive)               (recursive)               --                        4,202,496
│    │    │    └─Rearrange: 4-410             [1, 8192]                 [1, 32, 16, 16]           --                        (recursive)               --                        --
│    │    └─Sequential: 3-804                 [1, 512]                  [1, 32, 16, 16]           (recursive)               (recursive)               --                        --
│    │    │    └─Linear: 4-411                [1, 512]                  [1, 8192]                 (recursive)               (recursive)               --                        4,202,496
│    │    │    └─Rearrange: 4-412             [1, 8192]                 [1, 32, 16, 16]           --                        (recursive)               --                        --
│    │    └─Sequential: 3-805                 [1, 512]                  [1, 32, 16, 16]           (recursive)               (recursive)               --                        --
│    │    │    └─Linear: 4-413                [1, 512]                  [1, 8192]                 (recursive)               (recursive)               --                        4,202,496
│    │    │    └─Rearrange: 4-414             [1, 8192]                 [1, 32, 16, 16]           --                        (recursive)               --                        --
│    │    └─Sequential: 3-806                 [1, 512]                  [1, 32, 16, 16]           (recursive)               (recursive)               --                        --
│    │    │    └─Linear: 4-415                [1, 512]                  [1, 8192]                 (recursive)               (recursive)               --                        4,202,496
│    │    │    └─Rearrange: 4-416             [1, 8192]                 [1, 32, 16, 16]           --                        (recursive)               --                        --
│    │    └─Sequential: 3-807                 [1, 512]                  [1, 32, 16, 16]           (recursive)               (recursive)               --                        --
│    │    │    └─Linear: 4-417                [1, 512]                  [1, 8192]                 (recursive)               (recursive)               --                        4,202,496
│    │    │    └─Rearrange: 4-418             [1, 8192]                 [1, 32, 16, 16]           --                        (recursive)               --                        --
│    │    └─Sequential: 3-808                 [1, 512]                  [1, 32, 16, 16]           (recursive)               (recursive)               --                        --
│    │    │    └─Linear: 4-419                [1, 512]                  [1, 8192]                 (recursive)               (recursive)               --                        4,202,496
│    │    │    └─Rearrange: 4-420             [1, 8192]                 [1, 32, 16, 16]           --                        (recursive)               --                        --
│    │    └─Sequential: 3-809                 [1, 512]                  [1, 32, 16, 16]           (recursive)               (recursive)               --                        --
│    │    │    └─Linear: 4-421                [1, 512]                  [1, 8192]                 (recursive)               (recursive)               --                        4,202,496
│    │    │    └─Rearrange: 4-422             [1, 8192]                 [1, 32, 16, 16]           --                        (recursive)               --                        --
│    │    └─Sequential: 3-810                 [1, 512]                  [1, 32, 16, 16]           (recursive)               (recursive)               --                        --
│    │    │    └─Linear: 4-423                [1, 512]                  [1, 8192]                 (recursive)               (recursive)               --                        4,202,496
│    │    │    └─Rearrange: 4-424             [1, 8192]                 [1, 32, 16, 16]           --                        (recursive)               --                        --
│    │    └─Sequential: 3-811                 [1, 512]                  [1, 32, 16, 16]           (recursive)               (recursive)               --                        --
│    │    │    └─Linear: 4-425                [1, 512]                  [1, 8192]                 (recursive)               (recursive)               --                        4,202,496
│    │    │    └─Rearrange: 4-426             [1, 8192]                 [1, 32, 16, 16]           --                        (recursive)               --                        --
│    │    └─Sequential: 3-812                 [1, 512]                  [1, 32, 16, 16]           (recursive)               (recursive)               --                        --
│    │    │    └─Linear: 4-427                [1, 512]                  [1, 8192]                 (recursive)               (recursive)               --                        4,202,496
│    │    │    └─Rearrange: 4-428             [1, 8192]                 [1, 32, 16, 16]           --                        (recursive)               --                        --
│    │    └─Sequential: 3-813                 [1, 512]                  [1, 32, 16, 16]           (recursive)               (recursive)               --                        --
│    │    │    └─Linear: 4-429                [1, 512]                  [1, 8192]                 (recursive)               (recursive)               --                        4,202,496
│    │    │    └─Rearrange: 4-430             [1, 8192]                 [1, 32, 16, 16]           --                        (recursive)               --                        --
│    │    └─Sequential: 3-814                 [1, 512]                  [1, 32, 16, 16]           (recursive)               (recursive)               --                        --
│    │    │    └─Linear: 4-431                [1, 512]                  [1, 8192]                 (recursive)               (recursive)               --                        4,202,496
│    │    │    └─Rearrange: 4-432             [1, 8192]                 [1, 32, 16, 16]           --                        (recursive)               --                        --
│    │    └─Sequential: 3-815                 [1, 512]                  [1, 32, 16, 16]           (recursive)               (recursive)               --                        --
│    │    │    └─Linear: 4-433                [1, 512]                  [1, 8192]                 (recursive)               (recursive)               --                        4,202,496
│    │    │    └─Rearrange: 4-434             [1, 8192]                 [1, 32, 16, 16]           --                        (recursive)               --                        --
│    │    └─Sequential: 3-816                 [1, 512]                  [1, 32, 16, 16]           (recursive)               (recursive)               --                        --
│    │    │    └─Linear: 4-435                [1, 512]                  [1, 8192]                 (recursive)               (recursive)               --                        4,202,496
│    │    │    └─Rearrange: 4-436             [1, 8192]                 [1, 32, 16, 16]           --                        (recursive)               --                        --
│    │    └─Sequential: 3-817                 [1, 512]                  [1, 32, 16, 16]           (recursive)               (recursive)               --                        --
│    │    │    └─Linear: 4-437                [1, 512]                  [1, 8192]                 (recursive)               (recursive)               --                        4,202,496
│    │    │    └─Rearrange: 4-438             [1, 8192]                 [1, 32, 16, 16]           --                        (recursive)               --                        --
│    │    └─Sequential: 3-818                 [1, 512]                  [1, 32, 16, 16]           (recursive)               (recursive)               --                        --
│    │    │    └─Linear: 4-439                [1, 512]                  [1, 8192]                 (recursive)               (recursive)               --                        4,202,496
│    │    │    └─Rearrange: 4-440             [1, 8192]                 [1, 32, 16, 16]           --                        (recursive)               --                        --
│    │    └─Sequential: 3-819                 [1, 512]                  [1, 32, 16, 16]           (recursive)               (recursive)               --                        --
│    │    │    └─Linear: 4-441                [1, 512]                  [1, 8192]                 (recursive)               (recursive)               --                        4,202,496
│    │    │    └─Rearrange: 4-442             [1, 8192]                 [1, 32, 16, 16]           --                        (recursive)               --                        --
│    │    └─Sequential: 3-820                 [1, 512]                  [1, 32, 16, 16]           (recursive)               (recursive)               --                        --
│    │    │    └─Linear: 4-443                [1, 512]                  [1, 8192]                 (recursive)               (recursive)               --                        4,202,496
│    │    │    └─Rearrange: 4-444             [1, 8192]                 [1, 32, 16, 16]           --                        (recursive)               --                        --
│    │    └─Sequential: 3-821                 [1, 512]                  [1, 32, 16, 16]           (recursive)               (recursive)               --                        --
│    │    │    └─Linear: 4-445                [1, 512]                  [1, 8192]                 (recursive)               (recursive)               --                        4,202,496
│    │    │    └─Rearrange: 4-446             [1, 8192]                 [1, 32, 16, 16]           --                        (recursive)               --                        --
│    │    └─Sequential: 3-822                 [1, 512]                  [1, 32, 16, 16]           (recursive)               (recursive)               --                        --
│    │    │    └─Linear: 4-447                [1, 512]                  [1, 8192]                 (recursive)               (recursive)               --                        4,202,496
│    │    │    └─Rearrange: 4-448             [1, 8192]                 [1, 32, 16, 16]           --                        (recursive)               --                        --
│    │    └─Sequential: 3-823                 [1, 512]                  [1, 32, 16, 16]           (recursive)               (recursive)               --                        --
│    │    │    └─Linear: 4-449                [1, 512]                  [1, 8192]                 (recursive)               (recursive)               --                        4,202,496
│    │    │    └─Rearrange: 4-450             [1, 8192]                 [1, 32, 16, 16]           --                        (recursive)               --                        --
│    └─ModuleList: 2-27                       --                        --                        (recursive)               (recursive)               --                        --
│    │    └─Sequential: 3-824                 [1, 32, 256, 256]         [1, 16, 256, 256]         --                             --                   --                        --
│    │    │    └─Conv2d: 4-451                [1, 32, 256, 256]         [1, 32, 256, 256]         9,248                       0.00%                   [3, 3]                    606,076,928
│    │    │    └─GroupNorm: 4-452             [1, 32, 256, 256]         [1, 32, 256, 256]         64                          0.00%                   --                        64
│    │    │    └─GELU: 4-453                  [1, 32, 256, 256]         [1, 32, 256, 256]         --                             --                   --                        --
│    │    │    └─Conv2d: 4-454                [1, 32, 256, 256]         [1, 16, 256, 256]         4,624                       0.00%                   [3, 3]                    303,038,464
│    └─ModuleDict: 2-28                       --                        --                        (recursive)               (recursive)               --                        --
│    │    └─Sequential: 3-825                 [1, 512]                  [1, 16, 8, 8]             --                             --                   --                        --
│    │    │    └─Linear: 4-455                [1, 512]                  [1, 1024]                 525,312                     0.24%                   --                        525,312
│    │    │    └─Rearrange: 4-456             [1, 1024]                 [1, 16, 8, 8]             --                             --                   --                        --
│    │    └─Sequential: 3-826                 [1, 512]                  [1, 16, 8, 8]             (recursive)               (recursive)               --                        --
│    │    │    └─Linear: 4-457                [1, 512]                  [1, 1024]                 (recursive)               (recursive)               --                        525,312
│    │    │    └─Rearrange: 4-458             [1, 1024]                 [1, 16, 8, 8]             --                        (recursive)               --                        --
│    │    └─Sequential: 3-827                 [1, 512]                  [1, 16, 8, 8]             (recursive)               (recursive)               --                        --
│    │    │    └─Linear: 4-459                [1, 512]                  [1, 1024]                 (recursive)               (recursive)               --                        525,312
│    │    │    └─Rearrange: 4-460             [1, 1024]                 [1, 16, 8, 8]             --                        (recursive)               --                        --
│    │    └─Sequential: 3-828                 [1, 512]                  [1, 16, 8, 8]             (recursive)               (recursive)               --                        --
│    │    │    └─Linear: 4-461                [1, 512]                  [1, 1024]                 (recursive)               (recursive)               --                        525,312
│    │    │    └─Rearrange: 4-462             [1, 1024]                 [1, 16, 8, 8]             --                        (recursive)               --                        --
│    │    └─Sequential: 3-829                 [1, 512]                  [1, 16, 8, 8]             (recursive)               (recursive)               --                        --
│    │    │    └─Linear: 4-463                [1, 512]                  [1, 1024]                 (recursive)               (recursive)               --                        525,312
│    │    │    └─Rearrange: 4-464             [1, 1024]                 [1, 16, 8, 8]             --                        (recursive)               --                        --
│    │    └─Sequential: 3-830                 [1, 512]                  [1, 16, 8, 8]             (recursive)               (recursive)               --                        --
│    │    │    └─Linear: 4-465                [1, 512]                  [1, 1024]                 (recursive)               (recursive)               --                        525,312
│    │    │    └─Rearrange: 4-466             [1, 1024]                 [1, 16, 8, 8]             --                        (recursive)               --                        --
│    │    └─Sequential: 3-831                 [1, 512]                  [1, 16, 8, 8]             (recursive)               (recursive)               --                        --
│    │    │    └─Linear: 4-467                [1, 512]                  [1, 1024]                 (recursive)               (recursive)               --                        525,312
│    │    │    └─Rearrange: 4-468             [1, 1024]                 [1, 16, 8, 8]             --                        (recursive)               --                        --
│    │    └─Sequential: 3-832                 [1, 512]                  [1, 16, 8, 8]             (recursive)               (recursive)               --                        --
│    │    │    └─Linear: 4-469                [1, 512]                  [1, 1024]                 (recursive)               (recursive)               --                        525,312
│    │    │    └─Rearrange: 4-470             [1, 1024]                 [1, 16, 8, 8]             --                        (recursive)               --                        --
│    │    └─Sequential: 3-833                 [1, 512]                  [1, 16, 8, 8]             (recursive)               (recursive)               --                        --
│    │    │    └─Linear: 4-471                [1, 512]                  [1, 1024]                 (recursive)               (recursive)               --                        525,312
│    │    │    └─Rearrange: 4-472             [1, 1024]                 [1, 16, 8, 8]             --                        (recursive)               --                        --
│    │    └─Sequential: 3-834                 [1, 512]                  [1, 16, 8, 8]             (recursive)               (recursive)               --                        --
│    │    │    └─Linear: 4-473                [1, 512]                  [1, 1024]                 (recursive)               (recursive)               --                        525,312
│    │    │    └─Rearrange: 4-474             [1, 1024]                 [1, 16, 8, 8]             --                        (recursive)               --                        --
│    │    └─Sequential: 3-835                 [1, 512]                  [1, 16, 8, 8]             (recursive)               (recursive)               --                        --
│    │    │    └─Linear: 4-475                [1, 512]                  [1, 1024]                 (recursive)               (recursive)               --                        525,312
│    │    │    └─Rearrange: 4-476             [1, 1024]                 [1, 16, 8, 8]             --                        (recursive)               --                        --
│    │    └─Sequential: 3-836                 [1, 512]                  [1, 16, 8, 8]             (recursive)               (recursive)               --                        --
│    │    │    └─Linear: 4-477                [1, 512]                  [1, 1024]                 (recursive)               (recursive)               --                        525,312
│    │    │    └─Rearrange: 4-478             [1, 1024]                 [1, 16, 8, 8]             --                        (recursive)               --                        --
│    │    └─Sequential: 3-837                 [1, 512]                  [1, 16, 8, 8]             (recursive)               (recursive)               --                        --
│    │    │    └─Linear: 4-479                [1, 512]                  [1, 1024]                 (recursive)               (recursive)               --                        525,312
│    │    │    └─Rearrange: 4-480             [1, 1024]                 [1, 16, 8, 8]             --                        (recursive)               --                        --
│    │    └─Sequential: 3-838                 [1, 512]                  [1, 16, 8, 8]             (recursive)               (recursive)               --                        --
│    │    │    └─Linear: 4-481                [1, 512]                  [1, 1024]                 (recursive)               (recursive)               --                        525,312
│    │    │    └─Rearrange: 4-482             [1, 1024]                 [1, 16, 8, 8]             --                        (recursive)               --                        --
│    │    └─Sequential: 3-839                 [1, 512]                  [1, 16, 8, 8]             (recursive)               (recursive)               --                        --
│    │    │    └─Linear: 4-483                [1, 512]                  [1, 1024]                 (recursive)               (recursive)               --                        525,312
│    │    │    └─Rearrange: 4-484             [1, 1024]                 [1, 16, 8, 8]             --                        (recursive)               --                        --
│    │    └─Sequential: 3-840                 [1, 512]                  [1, 16, 8, 8]             (recursive)               (recursive)               --                        --
│    │    │    └─Linear: 4-485                [1, 512]                  [1, 1024]                 (recursive)               (recursive)               --                        525,312
│    │    │    └─Rearrange: 4-486             [1, 1024]                 [1, 16, 8, 8]             --                        (recursive)               --                        --
│    │    └─Sequential: 3-841                 [1, 512]                  [1, 16, 8, 8]             (recursive)               (recursive)               --                        --
│    │    │    └─Linear: 4-487                [1, 512]                  [1, 1024]                 (recursive)               (recursive)               --                        525,312
│    │    │    └─Rearrange: 4-488             [1, 1024]                 [1, 16, 8, 8]             --                        (recursive)               --                        --
│    │    └─Sequential: 3-842                 [1, 512]                  [1, 16, 8, 8]             (recursive)               (recursive)               --                        --
│    │    │    └─Linear: 4-489                [1, 512]                  [1, 1024]                 (recursive)               (recursive)               --                        525,312
│    │    │    └─Rearrange: 4-490             [1, 1024]                 [1, 16, 8, 8]             --                        (recursive)               --                        --
│    │    └─Sequential: 3-843                 [1, 512]                  [1, 16, 8, 8]             (recursive)               (recursive)               --                        --
│    │    │    └─Linear: 4-491                [1, 512]                  [1, 1024]                 (recursive)               (recursive)               --                        525,312
│    │    │    └─Rearrange: 4-492             [1, 1024]                 [1, 16, 8, 8]             --                        (recursive)               --                        --
│    │    └─Sequential: 3-844                 [1, 512]                  [1, 16, 8, 8]             (recursive)               (recursive)               --                        --
│    │    │    └─Linear: 4-493                [1, 512]                  [1, 1024]                 (recursive)               (recursive)               --                        525,312
│    │    │    └─Rearrange: 4-494             [1, 1024]                 [1, 16, 8, 8]             --                        (recursive)               --                        --
│    │    └─Sequential: 3-845                 [1, 512]                  [1, 16, 8, 8]             (recursive)               (recursive)               --                        --
│    │    │    └─Linear: 4-495                [1, 512]                  [1, 1024]                 (recursive)               (recursive)               --                        525,312
│    │    │    └─Rearrange: 4-496             [1, 1024]                 [1, 16, 8, 8]             --                        (recursive)               --                        --
│    │    └─Sequential: 3-846                 [1, 512]                  [1, 16, 8, 8]             (recursive)               (recursive)               --                        --
│    │    │    └─Linear: 4-497                [1, 512]                  [1, 1024]                 (recursive)               (recursive)               --                        525,312
│    │    │    └─Rearrange: 4-498             [1, 1024]                 [1, 16, 8, 8]             --                        (recursive)               --                        --
│    │    └─Sequential: 3-847                 [1, 512]                  [1, 16, 8, 8]             (recursive)               (recursive)               --                        --
│    │    │    └─Linear: 4-499                [1, 512]                  [1, 1024]                 (recursive)               (recursive)               --                        525,312
│    │    │    └─Rearrange: 4-500             [1, 1024]                 [1, 16, 8, 8]             --                        (recursive)               --                        --
│    │    └─Sequential: 3-848                 [1, 512]                  [1, 16, 8, 8]             (recursive)               (recursive)               --                        --
│    │    │    └─Linear: 4-501                [1, 512]                  [1, 1024]                 (recursive)               (recursive)               --                        525,312
│    │    │    └─Rearrange: 4-502             [1, 1024]                 [1, 16, 8, 8]             --                        (recursive)               --                        --
│    │    └─Sequential: 3-849                 [1, 512]                  [1, 16, 8, 8]             (recursive)               (recursive)               --                        --
│    │    │    └─Linear: 4-503                [1, 512]                  [1, 1024]                 (recursive)               (recursive)               --                        525,312
│    │    │    └─Rearrange: 4-504             [1, 1024]                 [1, 16, 8, 8]             --                        (recursive)               --                        --
│    │    └─Sequential: 3-850                 [1, 512]                  [1, 16, 8, 8]             (recursive)               (recursive)               --                        --
│    │    │    └─Linear: 4-505                [1, 512]                  [1, 1024]                 (recursive)               (recursive)               --                        525,312
│    │    │    └─Rearrange: 4-506             [1, 1024]                 [1, 16, 8, 8]             --                        (recursive)               --                        --
│    │    └─Sequential: 3-851                 [1, 512]                  [1, 16, 8, 8]             (recursive)               (recursive)               --                        --
│    │    │    └─Linear: 4-507                [1, 512]                  [1, 1024]                 (recursive)               (recursive)               --                        525,312
│    │    │    └─Rearrange: 4-508             [1, 1024]                 [1, 16, 8, 8]             --                        (recursive)               --                        --
│    │    └─Sequential: 3-852                 [1, 512]                  [1, 16, 8, 8]             (recursive)               (recursive)               --                        --
│    │    │    └─Linear: 4-509                [1, 512]                  [1, 1024]                 (recursive)               (recursive)               --                        525,312
│    │    │    └─Rearrange: 4-510             [1, 1024]                 [1, 16, 8, 8]             --                        (recursive)               --                        --
│    │    └─Sequential: 3-853                 [1, 512]                  [1, 16, 8, 8]             (recursive)               (recursive)               --                        --
│    │    │    └─Linear: 4-511                [1, 512]                  [1, 1024]                 (recursive)               (recursive)               --                        525,312
│    │    │    └─Rearrange: 4-512             [1, 1024]                 [1, 16, 8, 8]             --                        (recursive)               --                        --
│    │    └─Sequential: 3-854                 [1, 512]                  [1, 16, 8, 8]             (recursive)               (recursive)               --                        --
│    │    │    └─Linear: 4-513                [1, 512]                  [1, 1024]                 (recursive)               (recursive)               --                        525,312
│    │    │    └─Rearrange: 4-514             [1, 1024]                 [1, 16, 8, 8]             --                        (recursive)               --                        --
│    │    └─Sequential: 3-855                 [1, 512]                  [1, 16, 8, 8]             (recursive)               (recursive)               --                        --
│    │    │    └─Linear: 4-515                [1, 512]                  [1, 1024]                 (recursive)               (recursive)               --                        525,312
│    │    │    └─Rearrange: 4-516             [1, 1024]                 [1, 16, 8, 8]             --                        (recursive)               --                        --
│    │    └─Sequential: 3-856                 [1, 512]                  [1, 16, 8, 8]             (recursive)               (recursive)               --                        --
│    │    │    └─Linear: 4-517                [1, 512]                  [1, 1024]                 (recursive)               (recursive)               --                        525,312
│    │    │    └─Rearrange: 4-518             [1, 1024]                 [1, 16, 8, 8]             --                        (recursive)               --                        --
│    │    └─Sequential: 3-857                 [1, 512]                  [1, 16, 8, 8]             (recursive)               (recursive)               --                        --
│    │    │    └─Linear: 4-519                [1, 512]                  [1, 1024]                 (recursive)               (recursive)               --                        525,312
│    │    │    └─Rearrange: 4-520             [1, 1024]                 [1, 16, 8, 8]             --                        (recursive)               --                        --
│    │    └─Sequential: 3-858                 [1, 512]                  [1, 16, 8, 8]             (recursive)               (recursive)               --                        --
│    │    │    └─Linear: 4-521                [1, 512]                  [1, 1024]                 (recursive)               (recursive)               --                        525,312
│    │    │    └─Rearrange: 4-522             [1, 1024]                 [1, 16, 8, 8]             --                        (recursive)               --                        --
│    │    └─Sequential: 3-859                 [1, 512]                  [1, 16, 8, 8]             (recursive)               (recursive)               --                        --
│    │    │    └─Linear: 4-523                [1, 512]                  [1, 1024]                 (recursive)               (recursive)               --                        525,312
│    │    │    └─Rearrange: 4-524             [1, 1024]                 [1, 16, 8, 8]             --                        (recursive)               --                        --
│    │    └─Sequential: 3-860                 [1, 512]                  [1, 16, 8, 8]             (recursive)               (recursive)               --                        --
│    │    │    └─Linear: 4-525                [1, 512]                  [1, 1024]                 (recursive)               (recursive)               --                        525,312
│    │    │    └─Rearrange: 4-526             [1, 1024]                 [1, 16, 8, 8]             --                        (recursive)               --                        --
│    │    └─Sequential: 3-861                 [1, 512]                  [1, 16, 8, 8]             (recursive)               (recursive)               --                        --
│    │    │    └─Linear: 4-527                [1, 512]                  [1, 1024]                 (recursive)               (recursive)               --                        525,312
│    │    │    └─Rearrange: 4-528             [1, 1024]                 [1, 16, 8, 8]             --                        (recursive)               --                        --
│    │    └─Sequential: 3-862                 [1, 512]                  [1, 16, 8, 8]             (recursive)               (recursive)               --                        --
│    │    │    └─Linear: 4-529                [1, 512]                  [1, 1024]                 (recursive)               (recursive)               --                        525,312
│    │    │    └─Rearrange: 4-530             [1, 1024]                 [1, 16, 8, 8]             --                        (recursive)               --                        --
│    │    └─Sequential: 3-863                 [1, 512]                  [1, 16, 8, 8]             (recursive)               (recursive)               --                        --
│    │    │    └─Linear: 4-531                [1, 512]                  [1, 1024]                 (recursive)               (recursive)               --                        525,312
│    │    │    └─Rearrange: 4-532             [1, 1024]                 [1, 16, 8, 8]             --                        (recursive)               --                        --
│    │    └─Sequential: 3-864                 [1, 512]                  [1, 16, 8, 8]             (recursive)               (recursive)               --                        --
│    │    │    └─Linear: 4-533                [1, 512]                  [1, 1024]                 (recursive)               (recursive)               --                        525,312
│    │    │    └─Rearrange: 4-534             [1, 1024]                 [1, 16, 8, 8]             --                        (recursive)               --                        --
│    │    └─Sequential: 3-865                 [1, 512]                  [1, 16, 8, 8]             (recursive)               (recursive)               --                        --
│    │    │    └─Linear: 4-535                [1, 512]                  [1, 1024]                 (recursive)               (recursive)               --                        525,312
│    │    │    └─Rearrange: 4-536             [1, 1024]                 [1, 16, 8, 8]             --                        (recursive)               --                        --
│    │    └─Sequential: 3-866                 [1, 512]                  [1, 16, 8, 8]             (recursive)               (recursive)               --                        --
│    │    │    └─Linear: 4-537                [1, 512]                  [1, 1024]                 (recursive)               (recursive)               --                        525,312
│    │    │    └─Rearrange: 4-538             [1, 1024]                 [1, 16, 8, 8]             --                        (recursive)               --                        --
│    │    └─Sequential: 3-867                 [1, 512]                  [1, 16, 8, 8]             (recursive)               (recursive)               --                        --
│    │    │    └─Linear: 4-539                [1, 512]                  [1, 1024]                 (recursive)               (recursive)               --                        525,312
│    │    │    └─Rearrange: 4-540             [1, 1024]                 [1, 16, 8, 8]             --                        (recursive)               --                        --
│    │    └─Sequential: 3-868                 [1, 512]                  [1, 16, 8, 8]             (recursive)               (recursive)               --                        --
│    │    │    └─Linear: 4-541                [1, 512]                  [1, 1024]                 (recursive)               (recursive)               --                        525,312
│    │    │    └─Rearrange: 4-542             [1, 1024]                 [1, 16, 8, 8]             --                        (recursive)               --                        --
│    │    └─Sequential: 3-869                 [1, 512]                  [1, 16, 8, 8]             (recursive)               (recursive)               --                        --
│    │    │    └─Linear: 4-543                [1, 512]                  [1, 1024]                 (recursive)               (recursive)               --                        525,312
│    │    │    └─Rearrange: 4-544             [1, 1024]                 [1, 16, 8, 8]             --                        (recursive)               --                        --
│    │    └─Sequential: 3-870                 [1, 512]                  [1, 16, 8, 8]             (recursive)               (recursive)               --                        --
│    │    │    └─Linear: 4-545                [1, 512]                  [1, 1024]                 (recursive)               (recursive)               --                        525,312
│    │    │    └─Rearrange: 4-546             [1, 1024]                 [1, 16, 8, 8]             --                        (recursive)               --                        --
│    │    └─Sequential: 3-871                 [1, 512]                  [1, 16, 8, 8]             (recursive)               (recursive)               --                        --
│    │    │    └─Linear: 4-547                [1, 512]                  [1, 1024]                 (recursive)               (recursive)               --                        525,312
│    │    │    └─Rearrange: 4-548             [1, 1024]                 [1, 16, 8, 8]             --                        (recursive)               --                        --
│    │    └─Sequential: 3-872                 [1, 512]                  [1, 16, 8, 8]             (recursive)               (recursive)               --                        --
│    │    │    └─Linear: 4-549                [1, 512]                  [1, 1024]                 (recursive)               (recursive)               --                        525,312
│    │    │    └─Rearrange: 4-550             [1, 1024]                 [1, 16, 8, 8]             --                        (recursive)               --                        --
│    │    └─Sequential: 3-873                 [1, 512]                  [1, 16, 8, 8]             (recursive)               (recursive)               --                        --
│    │    │    └─Linear: 4-551                [1, 512]                  [1, 1024]                 (recursive)               (recursive)               --                        525,312
│    │    │    └─Rearrange: 4-552             [1, 1024]                 [1, 16, 8, 8]             --                        (recursive)               --                        --
│    │    └─Sequential: 3-874                 [1, 512]                  [1, 16, 8, 8]             (recursive)               (recursive)               --                        --
│    │    │    └─Linear: 4-553                [1, 512]                  [1, 1024]                 (recursive)               (recursive)               --                        525,312
│    │    │    └─Rearrange: 4-554             [1, 1024]                 [1, 16, 8, 8]             --                        (recursive)               --                        --
│    │    └─Sequential: 3-875                 [1, 512]                  [1, 16, 8, 8]             (recursive)               (recursive)               --                        --
│    │    │    └─Linear: 4-555                [1, 512]                  [1, 1024]                 (recursive)               (recursive)               --                        525,312
│    │    │    └─Rearrange: 4-556             [1, 1024]                 [1, 16, 8, 8]             --                        (recursive)               --                        --
│    │    └─Sequential: 3-876                 [1, 512]                  [1, 16, 8, 8]             (recursive)               (recursive)               --                        --
│    │    │    └─Linear: 4-557                [1, 512]                  [1, 1024]                 (recursive)               (recursive)               --                        525,312
│    │    │    └─Rearrange: 4-558             [1, 1024]                 [1, 16, 8, 8]             --                        (recursive)               --                        --
│    │    └─Sequential: 3-877                 [1, 512]                  [1, 16, 8, 8]             (recursive)               (recursive)               --                        --
│    │    │    └─Linear: 4-559                [1, 512]                  [1, 1024]                 (recursive)               (recursive)               --                        525,312
│    │    │    └─Rearrange: 4-560             [1, 1024]                 [1, 16, 8, 8]             --                        (recursive)               --                        --
│    │    └─Sequential: 3-878                 [1, 512]                  [1, 16, 8, 8]             (recursive)               (recursive)               --                        --
│    │    │    └─Linear: 4-561                [1, 512]                  [1, 1024]                 (recursive)               (recursive)               --                        525,312
│    │    │    └─Rearrange: 4-562             [1, 1024]                 [1, 16, 8, 8]             --                        (recursive)               --                        --
│    │    └─Sequential: 3-879                 [1, 512]                  [1, 16, 8, 8]             (recursive)               (recursive)               --                        --
│    │    │    └─Linear: 4-563                [1, 512]                  [1, 1024]                 (recursive)               (recursive)               --                        525,312
│    │    │    └─Rearrange: 4-564             [1, 1024]                 [1, 16, 8, 8]             --                        (recursive)               --                        --
│    │    └─Sequential: 3-880                 [1, 512]                  [1, 16, 8, 8]             (recursive)               (recursive)               --                        --
│    │    │    └─Linear: 4-565                [1, 512]                  [1, 1024]                 (recursive)               (recursive)               --                        525,312
│    │    │    └─Rearrange: 4-566             [1, 1024]                 [1, 16, 8, 8]             --                        (recursive)               --                        --
│    │    └─Sequential: 3-881                 [1, 512]                  [1, 16, 8, 8]             (recursive)               (recursive)               --                        --
│    │    │    └─Linear: 4-567                [1, 512]                  [1, 1024]                 (recursive)               (recursive)               --                        525,312
│    │    │    └─Rearrange: 4-568             [1, 1024]                 [1, 16, 8, 8]             --                        (recursive)               --                        --
│    │    └─Sequential: 3-882                 [1, 512]                  [1, 16, 8, 8]             (recursive)               (recursive)               --                        --
│    │    │    └─Linear: 4-569                [1, 512]                  [1, 1024]                 (recursive)               (recursive)               --                        525,312
│    │    │    └─Rearrange: 4-570             [1, 1024]                 [1, 16, 8, 8]             --                        (recursive)               --                        --
│    │    └─Sequential: 3-883                 [1, 512]                  [1, 16, 8, 8]             (recursive)               (recursive)               --                        --
│    │    │    └─Linear: 4-571                [1, 512]                  [1, 1024]                 (recursive)               (recursive)               --                        525,312
│    │    │    └─Rearrange: 4-572             [1, 1024]                 [1, 16, 8, 8]             --                        (recursive)               --                        --
│    │    └─Sequential: 3-884                 [1, 512]                  [1, 16, 8, 8]             (recursive)               (recursive)               --                        --
│    │    │    └─Linear: 4-573                [1, 512]                  [1, 1024]                 (recursive)               (recursive)               --                        525,312
│    │    │    └─Rearrange: 4-574             [1, 1024]                 [1, 16, 8, 8]             --                        (recursive)               --                        --
│    │    └─Sequential: 3-885                 [1, 512]                  [1, 16, 8, 8]             (recursive)               (recursive)               --                        --
│    │    │    └─Linear: 4-575                [1, 512]                  [1, 1024]                 (recursive)               (recursive)               --                        525,312
│    │    │    └─Rearrange: 4-576             [1, 1024]                 [1, 16, 8, 8]             --                        (recursive)               --                        --
│    │    └─Sequential: 3-886                 [1, 512]                  [1, 16, 8, 8]             (recursive)               (recursive)               --                        --
│    │    │    └─Linear: 4-577                [1, 512]                  [1, 1024]                 (recursive)               (recursive)               --                        525,312
│    │    │    └─Rearrange: 4-578             [1, 1024]                 [1, 16, 8, 8]             --                        (recursive)               --                        --
│    │    └─Sequential: 3-887                 [1, 512]                  [1, 16, 8, 8]             (recursive)               (recursive)               --                        --
│    │    │    └─Linear: 4-579                [1, 512]                  [1, 1024]                 (recursive)               (recursive)               --                        525,312
│    │    │    └─Rearrange: 4-580             [1, 1024]                 [1, 16, 8, 8]             --                        (recursive)               --                        --
│    │    └─Sequential: 3-888                 [1, 512]                  [1, 16, 8, 8]             (recursive)               (recursive)               --                        --
│    │    │    └─Linear: 4-581                [1, 512]                  [1, 1024]                 (recursive)               (recursive)               --                        525,312
│    │    │    └─Rearrange: 4-582             [1, 1024]                 [1, 16, 8, 8]             --                        (recursive)               --                        --
│    │    └─Sequential: 3-889                 [1, 512]                  [1, 16, 8, 8]             (recursive)               (recursive)               --                        --
│    │    │    └─Linear: 4-583                [1, 512]                  [1, 1024]                 (recursive)               (recursive)               --                        525,312
│    │    │    └─Rearrange: 4-584             [1, 1024]                 [1, 16, 8, 8]             --                        (recursive)               --                        --
│    │    └─Sequential: 3-890                 [1, 512]                  [1, 16, 8, 8]             (recursive)               (recursive)               --                        --
│    │    │    └─Linear: 4-585                [1, 512]                  [1, 1024]                 (recursive)               (recursive)               --                        525,312
│    │    │    └─Rearrange: 4-586             [1, 1024]                 [1, 16, 8, 8]             --                        (recursive)               --                        --
│    │    └─Sequential: 3-891                 [1, 512]                  [1, 16, 8, 8]             (recursive)               (recursive)               --                        --
│    │    │    └─Linear: 4-587                [1, 512]                  [1, 1024]                 (recursive)               (recursive)               --                        525,312
│    │    │    └─Rearrange: 4-588             [1, 1024]                 [1, 16, 8, 8]             --                        (recursive)               --                        --
│    │    └─Sequential: 3-892                 [1, 512]                  [1, 16, 8, 8]             (recursive)               (recursive)               --                        --
│    │    │    └─Linear: 4-589                [1, 512]                  [1, 1024]                 (recursive)               (recursive)               --                        525,312
│    │    │    └─Rearrange: 4-590             [1, 1024]                 [1, 16, 8, 8]             --                        (recursive)               --                        --
│    │    └─Sequential: 3-893                 [1, 512]                  [1, 16, 8, 8]             (recursive)               (recursive)               --                        --
│    │    │    └─Linear: 4-591                [1, 512]                  [1, 1024]                 (recursive)               (recursive)               --                        525,312
│    │    │    └─Rearrange: 4-592             [1, 1024]                 [1, 16, 8, 8]             --                        (recursive)               --                        --
│    │    └─Sequential: 3-894                 [1, 512]                  [1, 16, 8, 8]             (recursive)               (recursive)               --                        --
│    │    │    └─Linear: 4-593                [1, 512]                  [1, 1024]                 (recursive)               (recursive)               --                        525,312
│    │    │    └─Rearrange: 4-594             [1, 1024]                 [1, 16, 8, 8]             --                        (recursive)               --                        --
│    │    └─Sequential: 3-895                 [1, 512]                  [1, 16, 8, 8]             (recursive)               (recursive)               --                        --
│    │    │    └─Linear: 4-595                [1, 512]                  [1, 1024]                 (recursive)               (recursive)               --                        525,312
│    │    │    └─Rearrange: 4-596             [1, 1024]                 [1, 16, 8, 8]             --                        (recursive)               --                        --
│    │    └─Sequential: 3-896                 [1, 512]                  [1, 16, 8, 8]             (recursive)               (recursive)               --                        --
│    │    │    └─Linear: 4-597                [1, 512]                  [1, 1024]                 (recursive)               (recursive)               --                        525,312
│    │    │    └─Rearrange: 4-598             [1, 1024]                 [1, 16, 8, 8]             --                        (recursive)               --                        --
│    │    └─Sequential: 3-897                 [1, 512]                  [1, 16, 8, 8]             (recursive)               (recursive)               --                        --
│    │    │    └─Linear: 4-599                [1, 512]                  [1, 1024]                 (recursive)               (recursive)               --                        525,312
│    │    │    └─Rearrange: 4-600             [1, 1024]                 [1, 16, 8, 8]             --                        (recursive)               --                        --
│    │    └─Sequential: 3-898                 [1, 512]                  [1, 16, 8, 8]             (recursive)               (recursive)               --                        --
│    │    │    └─Linear: 4-601                [1, 512]                  [1, 1024]                 (recursive)               (recursive)               --                        525,312
│    │    │    └─Rearrange: 4-602             [1, 1024]                 [1, 16, 8, 8]             --                        (recursive)               --                        --
│    │    └─Sequential: 3-899                 [1, 512]                  [1, 16, 8, 8]             (recursive)               (recursive)               --                        --
│    │    │    └─Linear: 4-603                [1, 512]                  [1, 1024]                 (recursive)               (recursive)               --                        525,312
│    │    │    └─Rearrange: 4-604             [1, 1024]                 [1, 16, 8, 8]             --                        (recursive)               --                        --
│    │    └─Sequential: 3-900                 [1, 512]                  [1, 16, 8, 8]             (recursive)               (recursive)               --                        --
│    │    │    └─Linear: 4-605                [1, 512]                  [1, 1024]                 (recursive)               (recursive)               --                        525,312
│    │    │    └─Rearrange: 4-606             [1, 1024]                 [1, 16, 8, 8]             --                        (recursive)               --                        --
│    │    └─Sequential: 3-901                 [1, 512]                  [1, 16, 8, 8]             (recursive)               (recursive)               --                        --
│    │    │    └─Linear: 4-607                [1, 512]                  [1, 1024]                 (recursive)               (recursive)               --                        525,312
│    │    │    └─Rearrange: 4-608             [1, 1024]                 [1, 16, 8, 8]             --                        (recursive)               --                        --
│    │    └─Sequential: 3-902                 [1, 512]                  [1, 16, 8, 8]             (recursive)               (recursive)               --                        --
│    │    │    └─Linear: 4-609                [1, 512]                  [1, 1024]                 (recursive)               (recursive)               --                        525,312
│    │    │    └─Rearrange: 4-610             [1, 1024]                 [1, 16, 8, 8]             --                        (recursive)               --                        --
│    │    └─Sequential: 3-903                 [1, 512]                  [1, 16, 8, 8]             (recursive)               (recursive)               --                        --
│    │    │    └─Linear: 4-611                [1, 512]                  [1, 1024]                 (recursive)               (recursive)               --                        525,312
│    │    │    └─Rearrange: 4-612             [1, 1024]                 [1, 16, 8, 8]             --                        (recursive)               --                        --
│    │    └─Sequential: 3-904                 [1, 512]                  [1, 16, 8, 8]             (recursive)               (recursive)               --                        --
│    │    │    └─Linear: 4-613                [1, 512]                  [1, 1024]                 (recursive)               (recursive)               --                        525,312
│    │    │    └─Rearrange: 4-614             [1, 1024]                 [1, 16, 8, 8]             --                        (recursive)               --                        --
│    │    └─Sequential: 3-905                 [1, 512]                  [1, 16, 8, 8]             (recursive)               (recursive)               --                        --
│    │    │    └─Linear: 4-615                [1, 512]                  [1, 1024]                 (recursive)               (recursive)               --                        525,312
│    │    │    └─Rearrange: 4-616             [1, 1024]                 [1, 16, 8, 8]             --                        (recursive)               --                        --
│    │    └─Sequential: 3-906                 [1, 512]                  [1, 16, 8, 8]             (recursive)               (recursive)               --                        --
│    │    │    └─Linear: 4-617                [1, 512]                  [1, 1024]                 (recursive)               (recursive)               --                        525,312
│    │    │    └─Rearrange: 4-618             [1, 1024]                 [1, 16, 8, 8]             --                        (recursive)               --                        --
│    │    └─Sequential: 3-907                 [1, 512]                  [1, 16, 8, 8]             (recursive)               (recursive)               --                        --
│    │    │    └─Linear: 4-619                [1, 512]                  [1, 1024]                 (recursive)               (recursive)               --                        525,312
│    │    │    └─Rearrange: 4-620             [1, 1024]                 [1, 16, 8, 8]             --                        (recursive)               --                        --
│    │    └─Sequential: 3-908                 [1, 512]                  [1, 16, 8, 8]             (recursive)               (recursive)               --                        --
│    │    │    └─Linear: 4-621                [1, 512]                  [1, 1024]                 (recursive)               (recursive)               --                        525,312
│    │    │    └─Rearrange: 4-622             [1, 1024]                 [1, 16, 8, 8]             --                        (recursive)               --                        --
│    │    └─Sequential: 3-909                 [1, 512]                  [1, 16, 8, 8]             (recursive)               (recursive)               --                        --
│    │    │    └─Linear: 4-623                [1, 512]                  [1, 1024]                 (recursive)               (recursive)               --                        525,312
│    │    │    └─Rearrange: 4-624             [1, 1024]                 [1, 16, 8, 8]             --                        (recursive)               --                        --
│    │    └─Sequential: 3-910                 [1, 512]                  [1, 16, 8, 8]             (recursive)               (recursive)               --                        --
│    │    │    └─Linear: 4-625                [1, 512]                  [1, 1024]                 (recursive)               (recursive)               --                        525,312
│    │    │    └─Rearrange: 4-626             [1, 1024]                 [1, 16, 8, 8]             --                        (recursive)               --                        --
│    │    └─Sequential: 3-911                 [1, 512]                  [1, 16, 8, 8]             (recursive)               (recursive)               --                        --
│    │    │    └─Linear: 4-627                [1, 512]                  [1, 1024]                 (recursive)               (recursive)               --                        525,312
│    │    │    └─Rearrange: 4-628             [1, 1024]                 [1, 16, 8, 8]             --                        (recursive)               --                        --
│    │    └─Sequential: 3-912                 [1, 512]                  [1, 16, 8, 8]             (recursive)               (recursive)               --                        --
│    │    │    └─Linear: 4-629                [1, 512]                  [1, 1024]                 (recursive)               (recursive)               --                        525,312
│    │    │    └─Rearrange: 4-630             [1, 1024]                 [1, 16, 8, 8]             --                        (recursive)               --                        --
│    │    └─Sequential: 3-913                 [1, 512]                  [1, 16, 8, 8]             (recursive)               (recursive)               --                        --
│    │    │    └─Linear: 4-631                [1, 512]                  [1, 1024]                 (recursive)               (recursive)               --                        525,312
│    │    │    └─Rearrange: 4-632             [1, 1024]                 [1, 16, 8, 8]             --                        (recursive)               --                        --
│    │    └─Sequential: 3-914                 [1, 512]                  [1, 16, 8, 8]             (recursive)               (recursive)               --                        --
│    │    │    └─Linear: 4-633                [1, 512]                  [1, 1024]                 (recursive)               (recursive)               --                        525,312
│    │    │    └─Rearrange: 4-634             [1, 1024]                 [1, 16, 8, 8]             --                        (recursive)               --                        --
│    │    └─Sequential: 3-915                 [1, 512]                  [1, 16, 8, 8]             (recursive)               (recursive)               --                        --
│    │    │    └─Linear: 4-635                [1, 512]                  [1, 1024]                 (recursive)               (recursive)               --                        525,312
│    │    │    └─Rearrange: 4-636             [1, 1024]                 [1, 16, 8, 8]             --                        (recursive)               --                        --
│    │    └─Sequential: 3-916                 [1, 512]                  [1, 16, 8, 8]             (recursive)               (recursive)               --                        --
│    │    │    └─Linear: 4-637                [1, 512]                  [1, 1024]                 (recursive)               (recursive)               --                        525,312
│    │    │    └─Rearrange: 4-638             [1, 1024]                 [1, 16, 8, 8]             --                        (recursive)               --                        --
│    │    └─Sequential: 3-917                 [1, 512]                  [1, 16, 8, 8]             (recursive)               (recursive)               --                        --
│    │    │    └─Linear: 4-639                [1, 512]                  [1, 1024]                 (recursive)               (recursive)               --                        525,312
│    │    │    └─Rearrange: 4-640             [1, 1024]                 [1, 16, 8, 8]             --                        (recursive)               --                        --
│    │    └─Sequential: 3-918                 [1, 512]                  [1, 16, 8, 8]             (recursive)               (recursive)               --                        --
│    │    │    └─Linear: 4-641                [1, 512]                  [1, 1024]                 (recursive)               (recursive)               --                        525,312
│    │    │    └─Rearrange: 4-642             [1, 1024]                 [1, 16, 8, 8]             --                        (recursive)               --                        --
│    │    └─Sequential: 3-919                 [1, 512]                  [1, 16, 8, 8]             (recursive)               (recursive)               --                        --
│    │    │    └─Linear: 4-643                [1, 512]                  [1, 1024]                 (recursive)               (recursive)               --                        525,312
│    │    │    └─Rearrange: 4-644             [1, 1024]                 [1, 16, 8, 8]             --                        (recursive)               --                        --
│    │    └─Sequential: 3-920                 [1, 512]                  [1, 16, 8, 8]             (recursive)               (recursive)               --                        --
│    │    │    └─Linear: 4-645                [1, 512]                  [1, 1024]                 (recursive)               (recursive)               --                        525,312
│    │    │    └─Rearrange: 4-646             [1, 1024]                 [1, 16, 8, 8]             --                        (recursive)               --                        --
│    │    └─Sequential: 3-921                 [1, 512]                  [1, 16, 8, 8]             (recursive)               (recursive)               --                        --
│    │    │    └─Linear: 4-647                [1, 512]                  [1, 1024]                 (recursive)               (recursive)               --                        525,312
│    │    │    └─Rearrange: 4-648             [1, 1024]                 [1, 16, 8, 8]             --                        (recursive)               --                        --
│    │    └─Sequential: 3-922                 [1, 512]                  [1, 16, 8, 8]             (recursive)               (recursive)               --                        --
│    │    │    └─Linear: 4-649                [1, 512]                  [1, 1024]                 (recursive)               (recursive)               --                        525,312
│    │    │    └─Rearrange: 4-650             [1, 1024]                 [1, 16, 8, 8]             --                        (recursive)               --                        --
│    │    └─Sequential: 3-923                 [1, 512]                  [1, 16, 8, 8]             (recursive)               (recursive)               --                        --
│    │    │    └─Linear: 4-651                [1, 512]                  [1, 1024]                 (recursive)               (recursive)               --                        525,312
│    │    │    └─Rearrange: 4-652             [1, 1024]                 [1, 16, 8, 8]             --                        (recursive)               --                        --
│    │    └─Sequential: 3-924                 [1, 512]                  [1, 16, 8, 8]             (recursive)               (recursive)               --                        --
│    │    │    └─Linear: 4-653                [1, 512]                  [1, 1024]                 (recursive)               (recursive)               --                        525,312
│    │    │    └─Rearrange: 4-654             [1, 1024]                 [1, 16, 8, 8]             --                        (recursive)               --                        --
│    │    └─Sequential: 3-925                 [1, 512]                  [1, 16, 8, 8]             (recursive)               (recursive)               --                        --
│    │    │    └─Linear: 4-655                [1, 512]                  [1, 1024]                 (recursive)               (recursive)               --                        525,312
│    │    │    └─Rearrange: 4-656             [1, 1024]                 [1, 16, 8, 8]             --                        (recursive)               --                        --
│    │    └─Sequential: 3-926                 [1, 512]                  [1, 16, 8, 8]             (recursive)               (recursive)               --                        --
│    │    │    └─Linear: 4-657                [1, 512]                  [1, 1024]                 (recursive)               (recursive)               --                        525,312
│    │    │    └─Rearrange: 4-658             [1, 1024]                 [1, 16, 8, 8]             --                        (recursive)               --                        --
│    │    └─Sequential: 3-927                 [1, 512]                  [1, 16, 8, 8]             (recursive)               (recursive)               --                        --
│    │    │    └─Linear: 4-659                [1, 512]                  [1, 1024]                 (recursive)               (recursive)               --                        525,312
│    │    │    └─Rearrange: 4-660             [1, 1024]                 [1, 16, 8, 8]             --                        (recursive)               --                        --
│    │    └─Sequential: 3-928                 [1, 512]                  [1, 16, 8, 8]             (recursive)               (recursive)               --                        --
│    │    │    └─Linear: 4-661                [1, 512]                  [1, 1024]                 (recursive)               (recursive)               --                        525,312
│    │    │    └─Rearrange: 4-662             [1, 1024]                 [1, 16, 8, 8]             --                        (recursive)               --                        --
│    │    └─Sequential: 3-929                 [1, 512]                  [1, 16, 8, 8]             (recursive)               (recursive)               --                        --
│    │    │    └─Linear: 4-663                [1, 512]                  [1, 1024]                 (recursive)               (recursive)               --                        525,312
│    │    │    └─Rearrange: 4-664             [1, 1024]                 [1, 16, 8, 8]             --                        (recursive)               --                        --
│    │    └─Sequential: 3-930                 [1, 512]                  [1, 16, 8, 8]             (recursive)               (recursive)               --                        --
│    │    │    └─Linear: 4-665                [1, 512]                  [1, 1024]                 (recursive)               (recursive)               --                        525,312
│    │    │    └─Rearrange: 4-666             [1, 1024]                 [1, 16, 8, 8]             --                        (recursive)               --                        --
│    │    └─Sequential: 3-931                 [1, 512]                  [1, 16, 8, 8]             (recursive)               (recursive)               --                        --
│    │    │    └─Linear: 4-667                [1, 512]                  [1, 1024]                 (recursive)               (recursive)               --                        525,312
│    │    │    └─Rearrange: 4-668             [1, 1024]                 [1, 16, 8, 8]             --                        (recursive)               --                        --
│    │    └─Sequential: 3-932                 [1, 512]                  [1, 16, 8, 8]             (recursive)               (recursive)               --                        --
│    │    │    └─Linear: 4-669                [1, 512]                  [1, 1024]                 (recursive)               (recursive)               --                        525,312
│    │    │    └─Rearrange: 4-670             [1, 1024]                 [1, 16, 8, 8]             --                        (recursive)               --                        --
│    │    └─Sequential: 3-933                 [1, 512]                  [1, 16, 8, 8]             (recursive)               (recursive)               --                        --
│    │    │    └─Linear: 4-671                [1, 512]                  [1, 1024]                 (recursive)               (recursive)               --                        525,312
│    │    │    └─Rearrange: 4-672             [1, 1024]                 [1, 16, 8, 8]             --                        (recursive)               --                        --
│    │    └─Sequential: 3-934                 [1, 512]                  [1, 16, 8, 8]             (recursive)               (recursive)               --                        --
│    │    │    └─Linear: 4-673                [1, 512]                  [1, 1024]                 (recursive)               (recursive)               --                        525,312
│    │    │    └─Rearrange: 4-674             [1, 1024]                 [1, 16, 8, 8]             --                        (recursive)               --                        --
│    │    └─Sequential: 3-935                 [1, 512]                  [1, 16, 8, 8]             (recursive)               (recursive)               --                        --
│    │    │    └─Linear: 4-675                [1, 512]                  [1, 1024]                 (recursive)               (recursive)               --                        525,312
│    │    │    └─Rearrange: 4-676             [1, 1024]                 [1, 16, 8, 8]             --                        (recursive)               --                        --
│    │    └─Sequential: 3-936                 [1, 512]                  [1, 16, 8, 8]             (recursive)               (recursive)               --                        --
│    │    │    └─Linear: 4-677                [1, 512]                  [1, 1024]                 (recursive)               (recursive)               --                        525,312
│    │    │    └─Rearrange: 4-678             [1, 1024]                 [1, 16, 8, 8]             --                        (recursive)               --                        --
│    │    └─Sequential: 3-937                 [1, 512]                  [1, 16, 8, 8]             (recursive)               (recursive)               --                        --
│    │    │    └─Linear: 4-679                [1, 512]                  [1, 1024]                 (recursive)               (recursive)               --                        525,312
│    │    │    └─Rearrange: 4-680             [1, 1024]                 [1, 16, 8, 8]             --                        (recursive)               --                        --
│    │    └─Sequential: 3-938                 [1, 512]                  [1, 16, 8, 8]             (recursive)               (recursive)               --                        --
│    │    │    └─Linear: 4-681                [1, 512]                  [1, 1024]                 (recursive)               (recursive)               --                        525,312
│    │    │    └─Rearrange: 4-682             [1, 1024]                 [1, 16, 8, 8]             --                        (recursive)               --                        --
│    │    └─Sequential: 3-939                 [1, 512]                  [1, 16, 8, 8]             (recursive)               (recursive)               --                        --
│    │    │    └─Linear: 4-683                [1, 512]                  [1, 1024]                 (recursive)               (recursive)               --                        525,312
│    │    │    └─Rearrange: 4-684             [1, 1024]                 [1, 16, 8, 8]             --                        (recursive)               --                        --
│    │    └─Sequential: 3-940                 [1, 512]                  [1, 16, 8, 8]             (recursive)               (recursive)               --                        --
│    │    │    └─Linear: 4-685                [1, 512]                  [1, 1024]                 (recursive)               (recursive)               --                        525,312
│    │    │    └─Rearrange: 4-686             [1, 1024]                 [1, 16, 8, 8]             --                        (recursive)               --                        --
│    │    └─Sequential: 3-941                 [1, 512]                  [1, 16, 8, 8]             (recursive)               (recursive)               --                        --
│    │    │    └─Linear: 4-687                [1, 512]                  [1, 1024]                 (recursive)               (recursive)               --                        525,312
│    │    │    └─Rearrange: 4-688             [1, 1024]                 [1, 16, 8, 8]             --                        (recursive)               --                        --
│    │    └─Sequential: 3-942                 [1, 512]                  [1, 16, 8, 8]             (recursive)               (recursive)               --                        --
│    │    │    └─Linear: 4-689                [1, 512]                  [1, 1024]                 (recursive)               (recursive)               --                        525,312
│    │    │    └─Rearrange: 4-690             [1, 1024]                 [1, 16, 8, 8]             --                        (recursive)               --                        --
│    │    └─Sequential: 3-943                 [1, 512]                  [1, 16, 8, 8]             (recursive)               (recursive)               --                        --
│    │    │    └─Linear: 4-691                [1, 512]                  [1, 1024]                 (recursive)               (recursive)               --                        525,312
│    │    │    └─Rearrange: 4-692             [1, 1024]                 [1, 16, 8, 8]             --                        (recursive)               --                        --
│    │    └─Sequential: 3-944                 [1, 512]                  [1, 16, 8, 8]             (recursive)               (recursive)               --                        --
│    │    │    └─Linear: 4-693                [1, 512]                  [1, 1024]                 (recursive)               (recursive)               --                        525,312
│    │    │    └─Rearrange: 4-694             [1, 1024]                 [1, 16, 8, 8]             --                        (recursive)               --                        --
│    │    └─Sequential: 3-945                 [1, 512]                  [1, 16, 8, 8]             (recursive)               (recursive)               --                        --
│    │    │    └─Linear: 4-695                [1, 512]                  [1, 1024]                 (recursive)               (recursive)               --                        525,312
│    │    │    └─Rearrange: 4-696             [1, 1024]                 [1, 16, 8, 8]             --                        (recursive)               --                        --
│    │    └─Sequential: 3-946                 [1, 512]                  [1, 16, 8, 8]             (recursive)               (recursive)               --                        --
│    │    │    └─Linear: 4-697                [1, 512]                  [1, 1024]                 (recursive)               (recursive)               --                        525,312
│    │    │    └─Rearrange: 4-698             [1, 1024]                 [1, 16, 8, 8]             --                        (recursive)               --                        --
│    │    └─Sequential: 3-947                 [1, 512]                  [1, 16, 8, 8]             (recursive)               (recursive)               --                        --
│    │    │    └─Linear: 4-699                [1, 512]                  [1, 1024]                 (recursive)               (recursive)               --                        525,312
│    │    │    └─Rearrange: 4-700             [1, 1024]                 [1, 16, 8, 8]             --                        (recursive)               --                        --
│    │    └─Sequential: 3-948                 [1, 512]                  [1, 16, 8, 8]             (recursive)               (recursive)               --                        --
│    │    │    └─Linear: 4-701                [1, 512]                  [1, 1024]                 (recursive)               (recursive)               --                        525,312
│    │    │    └─Rearrange: 4-702             [1, 1024]                 [1, 16, 8, 8]             --                        (recursive)               --                        --
│    │    └─Sequential: 3-949                 [1, 512]                  [1, 16, 8, 8]             (recursive)               (recursive)               --                        --
│    │    │    └─Linear: 4-703                [1, 512]                  [1, 1024]                 (recursive)               (recursive)               --                        525,312
│    │    │    └─Rearrange: 4-704             [1, 1024]                 [1, 16, 8, 8]             --                        (recursive)               --                        --
│    │    └─Sequential: 3-950                 [1, 512]                  [1, 16, 8, 8]             (recursive)               (recursive)               --                        --
│    │    │    └─Linear: 4-705                [1, 512]                  [1, 1024]                 (recursive)               (recursive)               --                        525,312
│    │    │    └─Rearrange: 4-706             [1, 1024]                 [1, 16, 8, 8]             --                        (recursive)               --                        --
│    │    └─Sequential: 3-951                 [1, 512]                  [1, 16, 8, 8]             (recursive)               (recursive)               --                        --
│    │    │    └─Linear: 4-707                [1, 512]                  [1, 1024]                 (recursive)               (recursive)               --                        525,312
│    │    │    └─Rearrange: 4-708             [1, 1024]                 [1, 16, 8, 8]             --                        (recursive)               --                        --
│    │    └─Sequential: 3-952                 [1, 512]                  [1, 16, 8, 8]             (recursive)               (recursive)               --                        --
│    │    │    └─Linear: 4-709                [1, 512]                  [1, 1024]                 (recursive)               (recursive)               --                        525,312
│    │    │    └─Rearrange: 4-710             [1, 1024]                 [1, 16, 8, 8]             --                        (recursive)               --                        --
│    │    └─Sequential: 3-953                 [1, 512]                  [1, 16, 8, 8]             (recursive)               (recursive)               --                        --
│    │    │    └─Linear: 4-711                [1, 512]                  [1, 1024]                 (recursive)               (recursive)               --                        525,312
│    │    │    └─Rearrange: 4-712             [1, 1024]                 [1, 16, 8, 8]             --                        (recursive)               --                        --
│    │    └─Sequential: 3-954                 [1, 512]                  [1, 16, 8, 8]             (recursive)               (recursive)               --                        --
│    │    │    └─Linear: 4-713                [1, 512]                  [1, 1024]                 (recursive)               (recursive)               --                        525,312
│    │    │    └─Rearrange: 4-714             [1, 1024]                 [1, 16, 8, 8]             --                        (recursive)               --                        --
│    │    └─Sequential: 3-955                 [1, 512]                  [1, 16, 8, 8]             (recursive)               (recursive)               --                        --
│    │    │    └─Linear: 4-715                [1, 512]                  [1, 1024]                 (recursive)               (recursive)               --                        525,312
│    │    │    └─Rearrange: 4-716             [1, 1024]                 [1, 16, 8, 8]             --                        (recursive)               --                        --
│    │    └─Sequential: 3-956                 [1, 512]                  [1, 16, 8, 8]             (recursive)               (recursive)               --                        --
│    │    │    └─Linear: 4-717                [1, 512]                  [1, 1024]                 (recursive)               (recursive)               --                        525,312
│    │    │    └─Rearrange: 4-718             [1, 1024]                 [1, 16, 8, 8]             --                        (recursive)               --                        --
│    │    └─Sequential: 3-957                 [1, 512]                  [1, 16, 8, 8]             (recursive)               (recursive)               --                        --
│    │    │    └─Linear: 4-719                [1, 512]                  [1, 1024]                 (recursive)               (recursive)               --                        525,312
│    │    │    └─Rearrange: 4-720             [1, 1024]                 [1, 16, 8, 8]             --                        (recursive)               --                        --
│    │    └─Sequential: 3-958                 [1, 512]                  [1, 16, 8, 8]             (recursive)               (recursive)               --                        --
│    │    │    └─Linear: 4-721                [1, 512]                  [1, 1024]                 (recursive)               (recursive)               --                        525,312
│    │    │    └─Rearrange: 4-722             [1, 1024]                 [1, 16, 8, 8]             --                        (recursive)               --                        --
│    │    └─Sequential: 3-959                 [1, 512]                  [1, 16, 8, 8]             (recursive)               (recursive)               --                        --
│    │    │    └─Linear: 4-723                [1, 512]                  [1, 1024]                 (recursive)               (recursive)               --                        525,312
│    │    │    └─Rearrange: 4-724             [1, 1024]                 [1, 16, 8, 8]             --                        (recursive)               --                        --
│    │    └─Sequential: 3-960                 [1, 512]                  [1, 16, 8, 8]             (recursive)               (recursive)               --                        --
│    │    │    └─Linear: 4-725                [1, 512]                  [1, 1024]                 (recursive)               (recursive)               --                        525,312
│    │    │    └─Rearrange: 4-726             [1, 1024]                 [1, 16, 8, 8]             --                        (recursive)               --                        --
│    │    └─Sequential: 3-961                 [1, 512]                  [1, 16, 8, 8]             (recursive)               (recursive)               --                        --
│    │    │    └─Linear: 4-727                [1, 512]                  [1, 1024]                 (recursive)               (recursive)               --                        525,312
│    │    │    └─Rearrange: 4-728             [1, 1024]                 [1, 16, 8, 8]             --                        (recursive)               --                        --
│    │    └─Sequential: 3-962                 [1, 512]                  [1, 16, 8, 8]             (recursive)               (recursive)               --                        --
│    │    │    └─Linear: 4-729                [1, 512]                  [1, 1024]                 (recursive)               (recursive)               --                        525,312
│    │    │    └─Rearrange: 4-730             [1, 1024]                 [1, 16, 8, 8]             --                        (recursive)               --                        --
│    │    └─Sequential: 3-963                 [1, 512]                  [1, 16, 8, 8]             (recursive)               (recursive)               --                        --
│    │    │    └─Linear: 4-731                [1, 512]                  [1, 1024]                 (recursive)               (recursive)               --                        525,312
│    │    │    └─Rearrange: 4-732             [1, 1024]                 [1, 16, 8, 8]             --                        (recursive)               --                        --
│    │    └─Sequential: 3-964                 [1, 512]                  [1, 16, 8, 8]             (recursive)               (recursive)               --                        --
│    │    │    └─Linear: 4-733                [1, 512]                  [1, 1024]                 (recursive)               (recursive)               --                        525,312
│    │    │    └─Rearrange: 4-734             [1, 1024]                 [1, 16, 8, 8]             --                        (recursive)               --                        --
│    │    └─Sequential: 3-965                 [1, 512]                  [1, 16, 8, 8]             (recursive)               (recursive)               --                        --
│    │    │    └─Linear: 4-735                [1, 512]                  [1, 1024]                 (recursive)               (recursive)               --                        525,312
│    │    │    └─Rearrange: 4-736             [1, 1024]                 [1, 16, 8, 8]             --                        (recursive)               --                        --
│    │    └─Sequential: 3-966                 [1, 512]                  [1, 16, 8, 8]             (recursive)               (recursive)               --                        --
│    │    │    └─Linear: 4-737                [1, 512]                  [1, 1024]                 (recursive)               (recursive)               --                        525,312
│    │    │    └─Rearrange: 4-738             [1, 1024]                 [1, 16, 8, 8]             --                        (recursive)               --                        --
│    │    └─Sequential: 3-967                 [1, 512]                  [1, 16, 8, 8]             (recursive)               (recursive)               --                        --
│    │    │    └─Linear: 4-739                [1, 512]                  [1, 1024]                 (recursive)               (recursive)               --                        525,312
│    │    │    └─Rearrange: 4-740             [1, 1024]                 [1, 16, 8, 8]             --                        (recursive)               --                        --
│    │    └─Sequential: 3-968                 [1, 512]                  [1, 16, 8, 8]             (recursive)               (recursive)               --                        --
│    │    │    └─Linear: 4-741                [1, 512]                  [1, 1024]                 (recursive)               (recursive)               --                        525,312
│    │    │    └─Rearrange: 4-742             [1, 1024]                 [1, 16, 8, 8]             --                        (recursive)               --                        --
│    └─Conv2d: 2-29                           [1, 16, 256, 256]         [1, 3, 256, 256]          435                         0.00%                   [3, 3]                    28,508,160
===================================================================================================================================================================================================
Total params: 214,448,739
Trainable params: 214,448,739
Non-trainable params: 0
Total mult-adds (G): 26.37
===================================================================================================================================================================================================
Input size (MB): 0.79
Forward/backward pass size (MB): 407.03
Params size (MB): 750.29
Estimated Total Size (MB): 1158.10
===================================================================================================================================================================================================
[11/26 16:00:03 Tokenizer]: ===================================================================================================================================================================================================
Layer (type:depth-idx)                        Input Shape               Output Shape              Param #                   Param %                   Kernel Shape              Mult-Adds
===================================================================================================================================================================================================
QuadTok                                       [1, 3, 256, 256]          [1, 3, 256, 256]          --                             --                   --                        --
├─QuadTokEncoder: 1-1                         --                        [1, 256, 512]             132,096                     0.06%                   --                        --
│    └─Conv2d: 2-1                            [1, 3, 256, 256]          [1, 512, 16, 16]          393,728                     0.18%                   [16, 16]                  100,794,368
│    └─LayerNorm: 2-2                         [1, 257, 512]             [1, 257, 512]             1,024                       0.00%                   --                        1,024
│    └─ModuleList: 2-3                        --                        --                        --                             --                   --                        --
│    │    └─ResidualAttentionBlock: 3-1       [257, 1, 512]             [257, 1, 512]             --                             --                   --                        --
│    │    │    └─LayerNorm: 4-1               [257, 1, 512]             [257, 1, 512]             1,024                       0.00%                   --                        263,168
│    │    │    └─MultiheadAttention: 4-2      [257, 1, 512]             [257, 1, 512]             1,050,624                   0.49%                   --                        --
│    │    │    └─LayerNorm: 4-3               [257, 1, 512]             [257, 1, 512]             1,024                       0.00%                   --                        263,168
│    │    │    └─Sequential: 4-4              [257, 1, 512]             [257, 1, 512]             --                             --                   --                        --
│    │    │    │    └─Linear: 5-1             [257, 1, 512]             [257, 1, 2048]            1,050,624                   0.49%                   --                        270,010,368
│    │    │    │    └─GELU: 5-2               [257, 1, 2048]            [257, 1, 2048]            --                             --                   --                        --
│    │    │    │    └─Linear: 5-3             [257, 1, 2048]            [257, 1, 512]             1,049,088                   0.49%                   --                        269,615,616
│    │    └─ResidualAttentionBlock: 3-2       [257, 1, 512]             [257, 1, 512]             --                             --                   --                        --
│    │    │    └─LayerNorm: 4-5               [257, 1, 512]             [257, 1, 512]             1,024                       0.00%                   --                        263,168
│    │    │    └─MultiheadAttention: 4-6      [257, 1, 512]             [257, 1, 512]             1,050,624                   0.49%                   --                        --
│    │    │    └─LayerNorm: 4-7               [257, 1, 512]             [257, 1, 512]             1,024                       0.00%                   --                        263,168
│    │    │    └─Sequential: 4-8              [257, 1, 512]             [257, 1, 512]             --                             --                   --                        --
│    │    │    │    └─Linear: 5-4             [257, 1, 512]             [257, 1, 2048]            1,050,624                   0.49%                   --                        270,010,368
│    │    │    │    └─GELU: 5-5               [257, 1, 2048]            [257, 1, 2048]            --                             --                   --                        --
│    │    │    │    └─Linear: 5-6             [257, 1, 2048]            [257, 1, 512]             1,049,088                   0.49%                   --                        269,615,616
│    │    └─ResidualAttentionBlock: 3-3       [257, 1, 512]             [257, 1, 512]             --                             --                   --                        --
│    │    │    └─LayerNorm: 4-9               [257, 1, 512]             [257, 1, 512]             1,024                       0.00%                   --                        263,168
│    │    │    └─MultiheadAttention: 4-10     [257, 1, 512]             [257, 1, 512]             1,050,624                   0.49%                   --                        --
│    │    │    └─LayerNorm: 4-11              [257, 1, 512]             [257, 1, 512]             1,024                       0.00%                   --                        263,168
│    │    │    └─Sequential: 4-12             [257, 1, 512]             [257, 1, 512]             --                             --                   --                        --
│    │    │    │    └─Linear: 5-7             [257, 1, 512]             [257, 1, 2048]            1,050,624                   0.49%                   --                        270,010,368
│    │    │    │    └─GELU: 5-8               [257, 1, 2048]            [257, 1, 2048]            --                             --                   --                        --
│    │    │    │    └─Linear: 5-9             [257, 1, 2048]            [257, 1, 512]             1,049,088                   0.49%                   --                        269,615,616
│    │    └─ResidualAttentionBlock: 3-4       [257, 1, 512]             [257, 1, 512]             --                             --                   --                        --
│    │    │    └─LayerNorm: 4-13              [257, 1, 512]             [257, 1, 512]             1,024                       0.00%                   --                        263,168
│    │    │    └─MultiheadAttention: 4-14     [257, 1, 512]             [257, 1, 512]             1,050,624                   0.49%                   --                        --
│    │    │    └─LayerNorm: 4-15              [257, 1, 512]             [257, 1, 512]             1,024                       0.00%                   --                        263,168
│    │    │    └─Sequential: 4-16             [257, 1, 512]             [257, 1, 512]             --                             --                   --                        --
│    │    │    │    └─Linear: 5-10            [257, 1, 512]             [257, 1, 2048]            1,050,624                   0.49%                   --                        270,010,368
│    │    │    │    └─GELU: 5-11              [257, 1, 2048]            [257, 1, 2048]            --                             --                   --                        --
│    │    │    │    └─Linear: 5-12            [257, 1, 2048]            [257, 1, 512]             1,049,088                   0.49%                   --                        269,615,616
│    │    └─ResidualAttentionBlock: 3-5       [257, 1, 512]             [257, 1, 512]             --                             --                   --                        --
│    │    │    └─LayerNorm: 4-17              [257, 1, 512]             [257, 1, 512]             1,024                       0.00%                   --                        263,168
│    │    │    └─MultiheadAttention: 4-18     [257, 1, 512]             [257, 1, 512]             1,050,624                   0.49%                   --                        --
│    │    │    └─LayerNorm: 4-19              [257, 1, 512]             [257, 1, 512]             1,024                       0.00%                   --                        263,168
│    │    │    └─Sequential: 4-20             [257, 1, 512]             [257, 1, 512]             --                             --                   --                        --
│    │    │    │    └─Linear: 5-13            [257, 1, 512]             [257, 1, 2048]            1,050,624                   0.49%                   --                        270,010,368
│    │    │    │    └─GELU: 5-14              [257, 1, 2048]            [257, 1, 2048]            --                             --                   --                        --
│    │    │    │    └─Linear: 5-15            [257, 1, 2048]            [257, 1, 512]             1,049,088                   0.49%                   --                        269,615,616
│    │    └─ResidualAttentionBlock: 3-6       [257, 1, 512]             [257, 1, 512]             --                             --                   --                        --
│    │    │    └─LayerNorm: 4-21              [257, 1, 512]             [257, 1, 512]             1,024                       0.00%                   --                        263,168
│    │    │    └─MultiheadAttention: 4-22     [257, 1, 512]             [257, 1, 512]             1,050,624                   0.49%                   --                        --
│    │    │    └─LayerNorm: 4-23              [257, 1, 512]             [257, 1, 512]             1,024                       0.00%                   --                        263,168
│    │    │    └─Sequential: 4-24             [257, 1, 512]             [257, 1, 512]             --                             --                   --                        --
│    │    │    │    └─Linear: 5-16            [257, 1, 512]             [257, 1, 2048]            1,050,624                   0.49%                   --                        270,010,368
│    │    │    │    └─GELU: 5-17              [257, 1, 2048]            [257, 1, 2048]            --                             --                   --                        --
│    │    │    │    └─Linear: 5-18            [257, 1, 2048]            [257, 1, 512]             1,049,088                   0.49%                   --                        269,615,616
│    │    └─ResidualAttentionBlock: 3-7       [257, 1, 512]             [257, 1, 512]             --                             --                   --                        --
│    │    │    └─LayerNorm: 4-25              [257, 1, 512]             [257, 1, 512]             1,024                       0.00%                   --                        263,168
│    │    │    └─MultiheadAttention: 4-26     [257, 1, 512]             [257, 1, 512]             1,050,624                   0.49%                   --                        --
│    │    │    └─LayerNorm: 4-27              [257, 1, 512]             [257, 1, 512]             1,024                       0.00%                   --                        263,168
│    │    │    └─Sequential: 4-28             [257, 1, 512]             [257, 1, 512]             --                             --                   --                        --
│    │    │    │    └─Linear: 5-19            [257, 1, 512]             [257, 1, 2048]            1,050,624                   0.49%                   --                        270,010,368
│    │    │    │    └─GELU: 5-20              [257, 1, 2048]            [257, 1, 2048]            --                             --                   --                        --
│    │    │    │    └─Linear: 5-21            [257, 1, 2048]            [257, 1, 512]             1,049,088                   0.49%                   --                        269,615,616
│    │    └─ResidualAttentionBlock: 3-8       [257, 1, 512]             [257, 1, 512]             --                             --                   --                        --
│    │    │    └─LayerNorm: 4-29              [257, 1, 512]             [257, 1, 512]             1,024                       0.00%                   --                        263,168
│    │    │    └─MultiheadAttention: 4-30     [257, 1, 512]             [257, 1, 512]             1,050,624                   0.49%                   --                        --
│    │    │    └─LayerNorm: 4-31              [257, 1, 512]             [257, 1, 512]             1,024                       0.00%                   --                        263,168
│    │    │    └─Sequential: 4-32             [257, 1, 512]             [257, 1, 512]             --                             --                   --                        --
│    │    │    │    └─Linear: 5-22            [257, 1, 512]             [257, 1, 2048]            1,050,624                   0.49%                   --                        270,010,368
│    │    │    │    └─GELU: 5-23              [257, 1, 2048]            [257, 1, 2048]            --                             --                   --                        --
│    │    │    │    └─Linear: 5-24            [257, 1, 2048]            [257, 1, 512]             1,049,088                   0.49%                   --                        269,615,616
│    └─LayerNorm: 2-4                         [1, 256, 512]             [1, 256, 512]             1,024                       0.00%                   --                        1,024
│    └─Linear: 2-5                            [1, 256, 512]             [1, 256, 512]             262,656                     0.12%                   --                        262,656
├─QuadTokSelctor: 1-2                         [1, 256, 512]             [1, 32, 1, 313]           829,952                     0.39%                   --                        --
│    └─ModuleDict: 2-6                        --                        --                        --                             --                   --                        --
│    │    └─Embedding: 3-9                    [1]                       [1, 512]                  512                         0.00%                   --                        512
│    │    └─Embedding: 3-10                   [1]                       [1, 512]                  2,048                       0.00%                   --                        2,048
│    │    └─Embedding: 3-11                   [1]                       [1, 512]                  (recursive)               (recursive)               --                        2,048
│    │    └─Embedding: 3-12                   [1]                       [1, 512]                  (recursive)               (recursive)               --                        2,048
│    │    └─Embedding: 3-13                   [1]                       [1, 512]                  (recursive)               (recursive)               --                        2,048
│    │    └─Embedding: 3-14                   [1]                       [1, 512]                  8,192                       0.00%                   --                        8,192
│    │    └─Embedding: 3-15                   [1]                       [1, 512]                  (recursive)               (recursive)               --                        8,192
│    │    └─Embedding: 3-16                   [1]                       [1, 512]                  (recursive)               (recursive)               --                        8,192
│    │    └─Embedding: 3-17                   [1]                       [1, 512]                  (recursive)               (recursive)               --                        8,192
│    │    └─Embedding: 3-18                   [1]                       [1, 512]                  (recursive)               (recursive)               --                        8,192
│    │    └─Embedding: 3-19                   [1]                       [1, 512]                  (recursive)               (recursive)               --                        8,192
│    │    └─Embedding: 3-20                   [1]                       [1, 512]                  (recursive)               (recursive)               --                        8,192
│    │    └─Embedding: 3-21                   [1]                       [1, 512]                  (recursive)               (recursive)               --                        8,192
│    │    └─Embedding: 3-22                   [1]                       [1, 512]                  (recursive)               (recursive)               --                        8,192
│    │    └─Embedding: 3-23                   [1]                       [1, 512]                  (recursive)               (recursive)               --                        8,192
│    │    └─Embedding: 3-24                   [1]                       [1, 512]                  (recursive)               (recursive)               --                        8,192
│    │    └─Embedding: 3-25                   [1]                       [1, 512]                  (recursive)               (recursive)               --                        8,192
│    │    └─Embedding: 3-26                   [1]                       [1, 512]                  (recursive)               (recursive)               --                        8,192
│    │    └─Embedding: 3-27                   [1]                       [1, 512]                  (recursive)               (recursive)               --                        8,192
│    │    └─Embedding: 3-28                   [1]                       [1, 512]                  (recursive)               (recursive)               --                        8,192
│    │    └─Embedding: 3-29                   [1]                       [1, 512]                  (recursive)               (recursive)               --                        8,192
│    │    └─Embedding: 3-30                   [1]                       [1, 512]                  32,768                      0.02%                   --                        32,768
│    │    └─Embedding: 3-31                   [1]                       [1, 512]                  (recursive)               (recursive)               --                        32,768
│    │    └─Embedding: 3-32                   [1]                       [1, 512]                  (recursive)               (recursive)               --                        32,768
│    │    └─Embedding: 3-33                   [1]                       [1, 512]                  (recursive)               (recursive)               --                        32,768
│    │    └─Embedding: 3-34                   [1]                       [1, 512]                  (recursive)               (recursive)               --                        32,768
│    │    └─Embedding: 3-35                   [1]                       [1, 512]                  (recursive)               (recursive)               --                        32,768
│    │    └─Embedding: 3-36                   [1]                       [1, 512]                  (recursive)               (recursive)               --                        32,768
│    │    └─Embedding: 3-37                   [1]                       [1, 512]                  (recursive)               (recursive)               --                        32,768
│    │    └─Embedding: 3-38                   [1]                       [1, 512]                  (recursive)               (recursive)               --                        32,768
│    │    └─Embedding: 3-39                   [1]                       [1, 512]                  (recursive)               (recursive)               --                        32,768
│    │    └─Embedding: 3-40                   [1]                       [1, 512]                  (recursive)               (recursive)               --                        32,768
│    │    └─Embedding: 3-41                   [1]                       [1, 512]                  (recursive)               (recursive)               --                        32,768
│    │    └─Embedding: 3-42                   [1]                       [1, 512]                  (recursive)               (recursive)               --                        32,768
│    │    └─Embedding: 3-43                   [1]                       [1, 512]                  (recursive)               (recursive)               --                        32,768
│    │    └─Embedding: 3-44                   [1]                       [1, 512]                  (recursive)               (recursive)               --                        32,768
│    │    └─Embedding: 3-45                   [1]                       [1, 512]                  (recursive)               (recursive)               --                        32,768
│    │    └─Embedding: 3-46                   [1]                       [1, 512]                  (recursive)               (recursive)               --                        32,768
│    │    └─Embedding: 3-47                   [1]                       [1, 512]                  (recursive)               (recursive)               --                        32,768
│    │    └─Embedding: 3-48                   [1]                       [1, 512]                  (recursive)               (recursive)               --                        32,768
│    │    └─Embedding: 3-49                   [1]                       [1, 512]                  (recursive)               (recursive)               --                        32,768
│    │    └─Embedding: 3-50                   [1]                       [1, 512]                  (recursive)               (recursive)               --                        32,768
│    │    └─Embedding: 3-51                   [1]                       [1, 512]                  (recursive)               (recursive)               --                        32,768
│    │    └─Embedding: 3-52                   [1]                       [1, 512]                  (recursive)               (recursive)               --                        32,768
│    │    └─Embedding: 3-53                   [1]                       [1, 512]                  (recursive)               (recursive)               --                        32,768
│    │    └─Embedding: 3-54                   [1]                       [1, 512]                  (recursive)               (recursive)               --                        32,768
│    │    └─Embedding: 3-55                   [1]                       [1, 512]                  (recursive)               (recursive)               --                        32,768
│    │    └─Embedding: 3-56                   [1]                       [1, 512]                  (recursive)               (recursive)               --                        32,768
│    │    └─Embedding: 3-57                   [1]                       [1, 512]                  (recursive)               (recursive)               --                        32,768
│    │    └─Embedding: 3-58                   [1]                       [1, 512]                  (recursive)               (recursive)               --                        32,768
│    │    └─Embedding: 3-59                   [1]                       [1, 512]                  (recursive)               (recursive)               --                        32,768
│    │    └─Embedding: 3-60                   [1]                       [1, 512]                  (recursive)               (recursive)               --                        32,768
│    │    └─Embedding: 3-61                   [1]                       [1, 512]                  (recursive)               (recursive)               --                        32,768
│    │    └─Embedding: 3-62                   [1]                       [1, 512]                  (recursive)               (recursive)               --                        32,768
│    │    └─Embedding: 3-63                   [1]                       [1, 512]                  (recursive)               (recursive)               --                        32,768
│    │    └─Embedding: 3-64                   [1]                       [1, 512]                  (recursive)               (recursive)               --                        32,768
│    │    └─Embedding: 3-65                   [1]                       [1, 512]                  (recursive)               (recursive)               --                        32,768
│    │    └─Embedding: 3-66                   [1]                       [1, 512]                  (recursive)               (recursive)               --                        32,768
│    │    └─Embedding: 3-67                   [1]                       [1, 512]                  (recursive)               (recursive)               --                        32,768
│    │    └─Embedding: 3-68                   [1]                       [1, 512]                  (recursive)               (recursive)               --                        32,768
│    │    └─Embedding: 3-69                   [1]                       [1, 512]                  (recursive)               (recursive)               --                        32,768
│    │    └─Embedding: 3-70                   [1]                       [1, 512]                  (recursive)               (recursive)               --                        32,768
│    │    └─Embedding: 3-71                   [1]                       [1, 512]                  (recursive)               (recursive)               --                        32,768
│    │    └─Embedding: 3-72                   [1]                       [1, 512]                  (recursive)               (recursive)               --                        32,768
│    │    └─Embedding: 3-73                   [1]                       [1, 512]                  (recursive)               (recursive)               --                        32,768
│    │    └─Embedding: 3-74                   [1]                       [1, 512]                  (recursive)               (recursive)               --                        32,768
│    │    └─Embedding: 3-75                   [1]                       [1, 512]                  (recursive)               (recursive)               --                        32,768
│    │    └─Embedding: 3-76                   [1]                       [1, 512]                  (recursive)               (recursive)               --                        32,768
│    │    └─Embedding: 3-77                   [1]                       [1, 512]                  (recursive)               (recursive)               --                        32,768
│    │    └─Embedding: 3-78                   [1]                       [1, 512]                  (recursive)               (recursive)               --                        32,768
│    │    └─Embedding: 3-79                   [1]                       [1, 512]                  (recursive)               (recursive)               --                        32,768
│    │    └─Embedding: 3-80                   [1]                       [1, 512]                  (recursive)               (recursive)               --                        32,768
│    │    └─Embedding: 3-81                   [1]                       [1, 512]                  (recursive)               (recursive)               --                        32,768
│    │    └─Embedding: 3-82                   [1]                       [1, 512]                  (recursive)               (recursive)               --                        32,768
│    │    └─Embedding: 3-83                   [1]                       [1, 512]                  (recursive)               (recursive)               --                        32,768
│    │    └─Embedding: 3-84                   [1]                       [1, 512]                  (recursive)               (recursive)               --                        32,768
│    │    └─Embedding: 3-85                   [1]                       [1, 512]                  (recursive)               (recursive)               --                        32,768
│    │    └─Embedding: 3-86                   [1]                       [1, 512]                  (recursive)               (recursive)               --                        32,768
│    │    └─Embedding: 3-87                   [1]                       [1, 512]                  (recursive)               (recursive)               --                        32,768
│    │    └─Embedding: 3-88                   [1]                       [1, 512]                  (recursive)               (recursive)               --                        32,768
│    │    └─Embedding: 3-89                   [1]                       [1, 512]                  (recursive)               (recursive)               --                        32,768
│    │    └─Embedding: 3-90                   [1]                       [1, 512]                  (recursive)               (recursive)               --                        32,768
│    │    └─Embedding: 3-91                   [1]                       [1, 512]                  (recursive)               (recursive)               --                        32,768
│    │    └─Embedding: 3-92                   [1]                       [1, 512]                  (recursive)               (recursive)               --                        32,768
│    │    └─Embedding: 3-93                   [1]                       [1, 512]                  (recursive)               (recursive)               --                        32,768
│    │    └─Embedding: 3-94                   [1]                       [1, 512]                  131,072                     0.06%                   --                        131,072
│    │    └─Embedding: 3-95                   [1]                       [1, 512]                  (recursive)               (recursive)               --                        131,072
│    │    └─Embedding: 3-96                   [1]                       [1, 512]                  (recursive)               (recursive)               --                        131,072
│    │    └─Embedding: 3-97                   [1]                       [1, 512]                  (recursive)               (recursive)               --                        131,072
│    │    └─Embedding: 3-98                   [1]                       [1, 512]                  (recursive)               (recursive)               --                        131,072
│    │    └─Embedding: 3-99                   [1]                       [1, 512]                  (recursive)               (recursive)               --                        131,072
│    │    └─Embedding: 3-100                  [1]                       [1, 512]                  (recursive)               (recursive)               --                        131,072
│    │    └─Embedding: 3-101                  [1]                       [1, 512]                  (recursive)               (recursive)               --                        131,072
│    │    └─Embedding: 3-102                  [1]                       [1, 512]                  (recursive)               (recursive)               --                        131,072
│    │    └─Embedding: 3-103                  [1]                       [1, 512]                  (recursive)               (recursive)               --                        131,072
│    │    └─Embedding: 3-104                  [1]                       [1, 512]                  (recursive)               (recursive)               --                        131,072
│    │    └─Embedding: 3-105                  [1]                       [1, 512]                  (recursive)               (recursive)               --                        131,072
│    │    └─Embedding: 3-106                  [1]                       [1, 512]                  (recursive)               (recursive)               --                        131,072
│    │    └─Embedding: 3-107                  [1]                       [1, 512]                  (recursive)               (recursive)               --                        131,072
│    │    └─Embedding: 3-108                  [1]                       [1, 512]                  (recursive)               (recursive)               --                        131,072
│    │    └─Embedding: 3-109                  [1]                       [1, 512]                  (recursive)               (recursive)               --                        131,072
│    │    └─Embedding: 3-110                  [1]                       [1, 512]                  (recursive)               (recursive)               --                        131,072
│    │    └─Embedding: 3-111                  [1]                       [1, 512]                  (recursive)               (recursive)               --                        131,072
│    │    └─Embedding: 3-112                  [1]                       [1, 512]                  (recursive)               (recursive)               --                        131,072
│    │    └─Embedding: 3-113                  [1]                       [1, 512]                  (recursive)               (recursive)               --                        131,072
│    │    └─Embedding: 3-114                  [1]                       [1, 512]                  (recursive)               (recursive)               --                        131,072
│    │    └─Embedding: 3-115                  [1]                       [1, 512]                  (recursive)               (recursive)               --                        131,072
│    │    └─Embedding: 3-116                  [1]                       [1, 512]                  (recursive)               (recursive)               --                        131,072
│    │    └─Embedding: 3-117                  [1]                       [1, 512]                  (recursive)               (recursive)               --                        131,072
│    │    └─Embedding: 3-118                  [1]                       [1, 512]                  (recursive)               (recursive)               --                        131,072
│    │    └─Embedding: 3-119                  [1]                       [1, 512]                  (recursive)               (recursive)               --                        131,072
│    │    └─Embedding: 3-120                  [1]                       [1, 512]                  (recursive)               (recursive)               --                        131,072
│    │    └─Embedding: 3-121                  [1]                       [1, 512]                  (recursive)               (recursive)               --                        131,072
│    │    └─Embedding: 3-122                  [1]                       [1, 512]                  (recursive)               (recursive)               --                        131,072
│    │    └─Embedding: 3-123                  [1]                       [1, 512]                  (recursive)               (recursive)               --                        131,072
│    │    └─Embedding: 3-124                  [1]                       [1, 512]                  (recursive)               (recursive)               --                        131,072
│    │    └─Embedding: 3-125                  [1]                       [1, 512]                  (recursive)               (recursive)               --                        131,072
│    │    └─Embedding: 3-126                  [1]                       [1, 512]                  (recursive)               (recursive)               --                        131,072
│    │    └─Embedding: 3-127                  [1]                       [1, 512]                  (recursive)               (recursive)               --                        131,072
│    │    └─Embedding: 3-128                  [1]                       [1, 512]                  (recursive)               (recursive)               --                        131,072
│    │    └─Embedding: 3-129                  [1]                       [1, 512]                  (recursive)               (recursive)               --                        131,072
│    │    └─Embedding: 3-130                  [1]                       [1, 512]                  (recursive)               (recursive)               --                        131,072
│    │    └─Embedding: 3-131                  [1]                       [1, 512]                  (recursive)               (recursive)               --                        131,072
│    │    └─Embedding: 3-132                  [1]                       [1, 512]                  (recursive)               (recursive)               --                        131,072
│    │    └─Embedding: 3-133                  [1]                       [1, 512]                  (recursive)               (recursive)               --                        131,072
│    │    └─Embedding: 3-134                  [1]                       [1, 512]                  (recursive)               (recursive)               --                        131,072
│    │    └─Embedding: 3-135                  [1]                       [1, 512]                  (recursive)               (recursive)               --                        131,072
│    │    └─Embedding: 3-136                  [1]                       [1, 512]                  (recursive)               (recursive)               --                        131,072
│    │    └─Embedding: 3-137                  [1]                       [1, 512]                  (recursive)               (recursive)               --                        131,072
│    │    └─Embedding: 3-138                  [1]                       [1, 512]                  (recursive)               (recursive)               --                        131,072
│    │    └─Embedding: 3-139                  [1]                       [1, 512]                  (recursive)               (recursive)               --                        131,072
│    │    └─Embedding: 3-140                  [1]                       [1, 512]                  (recursive)               (recursive)               --                        131,072
│    │    └─Embedding: 3-141                  [1]                       [1, 512]                  (recursive)               (recursive)               --                        131,072
│    │    └─Embedding: 3-142                  [1]                       [1, 512]                  (recursive)               (recursive)               --                        131,072
│    │    └─Embedding: 3-143                  [1]                       [1, 512]                  (recursive)               (recursive)               --                        131,072
│    │    └─Embedding: 3-144                  [1]                       [1, 512]                  (recursive)               (recursive)               --                        131,072
│    │    └─Embedding: 3-145                  [1]                       [1, 512]                  (recursive)               (recursive)               --                        131,072
│    │    └─Embedding: 3-146                  [1]                       [1, 512]                  (recursive)               (recursive)               --                        131,072
│    │    └─Embedding: 3-147                  [1]                       [1, 512]                  (recursive)               (recursive)               --                        131,072
│    │    └─Embedding: 3-148                  [1]                       [1, 512]                  (recursive)               (recursive)               --                        131,072
│    │    └─Embedding: 3-149                  [1]                       [1, 512]                  (recursive)               (recursive)               --                        131,072
│    │    └─Embedding: 3-150                  [1]                       [1, 512]                  (recursive)               (recursive)               --                        131,072
│    │    └─Embedding: 3-151                  [1]                       [1, 512]                  (recursive)               (recursive)               --                        131,072
│    │    └─Embedding: 3-152                  [1]                       [1, 512]                  (recursive)               (recursive)               --                        131,072
│    │    └─Embedding: 3-153                  [1]                       [1, 512]                  (recursive)               (recursive)               --                        131,072
│    │    └─Embedding: 3-154                  [1]                       [1, 512]                  (recursive)               (recursive)               --                        131,072
│    │    └─Embedding: 3-155                  [1]                       [1, 512]                  (recursive)               (recursive)               --                        131,072
│    │    └─Embedding: 3-156                  [1]                       [1, 512]                  (recursive)               (recursive)               --                        131,072
│    │    └─Embedding: 3-157                  [1]                       [1, 512]                  (recursive)               (recursive)               --                        131,072
│    │    └─Embedding: 3-158                  [1]                       [1, 512]                  (recursive)               (recursive)               --                        131,072
│    │    └─Embedding: 3-159                  [1]                       [1, 512]                  (recursive)               (recursive)               --                        131,072
│    │    └─Embedding: 3-160                  [1]                       [1, 512]                  (recursive)               (recursive)               --                        131,072
│    │    └─Embedding: 3-161                  [1]                       [1, 512]                  (recursive)               (recursive)               --                        131,072
│    │    └─Embedding: 3-162                  [1]                       [1, 512]                  (recursive)               (recursive)               --                        131,072
│    │    └─Embedding: 3-163                  [1]                       [1, 512]                  (recursive)               (recursive)               --                        131,072
│    │    └─Embedding: 3-164                  [1]                       [1, 512]                  (recursive)               (recursive)               --                        131,072
│    │    └─Embedding: 3-165                  [1]                       [1, 512]                  (recursive)               (recursive)               --                        131,072
│    │    └─Embedding: 3-166                  [1]                       [1, 512]                  (recursive)               (recursive)               --                        131,072
│    │    └─Embedding: 3-167                  [1]                       [1, 512]                  (recursive)               (recursive)               --                        131,072
│    │    └─Embedding: 3-168                  [1]                       [1, 512]                  (recursive)               (recursive)               --                        131,072
│    │    └─Embedding: 3-169                  [1]                       [1, 512]                  (recursive)               (recursive)               --                        131,072
│    │    └─Embedding: 3-170                  [1]                       [1, 512]                  (recursive)               (recursive)               --                        131,072
│    │    └─Embedding: 3-171                  [1]                       [1, 512]                  (recursive)               (recursive)               --                        131,072
│    │    └─Embedding: 3-172                  [1]                       [1, 512]                  (recursive)               (recursive)               --                        131,072
│    │    └─Embedding: 3-173                  [1]                       [1, 512]                  (recursive)               (recursive)               --                        131,072
│    │    └─Embedding: 3-174                  [1]                       [1, 512]                  (recursive)               (recursive)               --                        131,072
│    │    └─Embedding: 3-175                  [1]                       [1, 512]                  (recursive)               (recursive)               --                        131,072
│    │    └─Embedding: 3-176                  [1]                       [1, 512]                  (recursive)               (recursive)               --                        131,072
│    │    └─Embedding: 3-177                  [1]                       [1, 512]                  (recursive)               (recursive)               --                        131,072
│    │    └─Embedding: 3-178                  [1]                       [1, 512]                  524,288                     0.24%                   --                        524,288
│    │    └─Embedding: 3-179                  [1]                       [1, 512]                  (recursive)               (recursive)               --                        524,288
│    │    └─Embedding: 3-180                  [1]                       [1, 512]                  (recursive)               (recursive)               --                        524,288
│    │    └─Embedding: 3-181                  [1]                       [1, 512]                  (recursive)               (recursive)               --                        524,288
│    │    └─Embedding: 3-182                  [1]                       [1, 512]                  (recursive)               (recursive)               --                        524,288
│    │    └─Embedding: 3-183                  [1]                       [1, 512]                  (recursive)               (recursive)               --                        524,288
│    │    └─Embedding: 3-184                  [1]                       [1, 512]                  (recursive)               (recursive)               --                        524,288
│    │    └─Embedding: 3-185                  [1]                       [1, 512]                  (recursive)               (recursive)               --                        524,288
│    │    └─Embedding: 3-186                  [1]                       [1, 512]                  (recursive)               (recursive)               --                        524,288
│    │    └─Embedding: 3-187                  [1]                       [1, 512]                  (recursive)               (recursive)               --                        524,288
│    │    └─Embedding: 3-188                  [1]                       [1, 512]                  (recursive)               (recursive)               --                        524,288
│    │    └─Embedding: 3-189                  [1]                       [1, 512]                  (recursive)               (recursive)               --                        524,288
│    │    └─Embedding: 3-190                  [1]                       [1, 512]                  (recursive)               (recursive)               --                        524,288
│    │    └─Embedding: 3-191                  [1]                       [1, 512]                  (recursive)               (recursive)               --                        524,288
│    │    └─Embedding: 3-192                  [1]                       [1, 512]                  (recursive)               (recursive)               --                        524,288
│    │    └─Embedding: 3-193                  [1]                       [1, 512]                  (recursive)               (recursive)               --                        524,288
│    │    └─Embedding: 3-194                  [1]                       [1, 512]                  (recursive)               (recursive)               --                        524,288
│    │    └─Embedding: 3-195                  [1]                       [1, 512]                  (recursive)               (recursive)               --                        524,288
│    │    └─Embedding: 3-196                  [1]                       [1, 512]                  (recursive)               (recursive)               --                        524,288
│    │    └─Embedding: 3-197                  [1]                       [1, 512]                  (recursive)               (recursive)               --                        524,288
│    │    └─Embedding: 3-198                  [1]                       [1, 512]                  (recursive)               (recursive)               --                        524,288
│    │    └─Embedding: 3-199                  [1]                       [1, 512]                  (recursive)               (recursive)               --                        524,288
│    │    └─Embedding: 3-200                  [1]                       [1, 512]                  (recursive)               (recursive)               --                        524,288
│    │    └─Embedding: 3-201                  [1]                       [1, 512]                  (recursive)               (recursive)               --                        524,288
│    │    └─Embedding: 3-202                  [1]                       [1, 512]                  (recursive)               (recursive)               --                        524,288
│    │    └─Embedding: 3-203                  [1]                       [1, 512]                  (recursive)               (recursive)               --                        524,288
│    │    └─Embedding: 3-204                  [1]                       [1, 512]                  (recursive)               (recursive)               --                        524,288
│    │    └─Embedding: 3-205                  [1]                       [1, 512]                  (recursive)               (recursive)               --                        524,288
│    │    └─Embedding: 3-206                  [1]                       [1, 512]                  (recursive)               (recursive)               --                        524,288
│    │    └─Embedding: 3-207                  [1]                       [1, 512]                  (recursive)               (recursive)               --                        524,288
│    │    └─Embedding: 3-208                  [1]                       [1, 512]                  (recursive)               (recursive)               --                        524,288
│    │    └─Embedding: 3-209                  [1]                       [1, 512]                  (recursive)               (recursive)               --                        524,288
│    │    └─Embedding: 3-210                  [1]                       [1, 512]                  (recursive)               (recursive)               --                        524,288
│    │    └─Embedding: 3-211                  [1]                       [1, 512]                  (recursive)               (recursive)               --                        524,288
│    │    └─Embedding: 3-212                  [1]                       [1, 512]                  (recursive)               (recursive)               --                        524,288
│    │    └─Embedding: 3-213                  [1]                       [1, 512]                  (recursive)               (recursive)               --                        524,288
│    │    └─Embedding: 3-214                  [1]                       [1, 512]                  (recursive)               (recursive)               --                        524,288
│    │    └─Embedding: 3-215                  [1]                       [1, 512]                  (recursive)               (recursive)               --                        524,288
│    │    └─Embedding: 3-216                  [1]                       [1, 512]                  (recursive)               (recursive)               --                        524,288
│    │    └─Embedding: 3-217                  [1]                       [1, 512]                  (recursive)               (recursive)               --                        524,288
│    │    └─Embedding: 3-218                  [1]                       [1, 512]                  (recursive)               (recursive)               --                        524,288
│    │    └─Embedding: 3-219                  [1]                       [1, 512]                  (recursive)               (recursive)               --                        524,288
│    │    └─Embedding: 3-220                  [1]                       [1, 512]                  (recursive)               (recursive)               --                        524,288
│    │    └─Embedding: 3-221                  [1]                       [1, 512]                  (recursive)               (recursive)               --                        524,288
│    │    └─Embedding: 3-222                  [1]                       [1, 512]                  (recursive)               (recursive)               --                        524,288
│    │    └─Embedding: 3-223                  [1]                       [1, 512]                  (recursive)               (recursive)               --                        524,288
│    │    └─Embedding: 3-224                  [1]                       [1, 512]                  (recursive)               (recursive)               --                        524,288
│    │    └─Embedding: 3-225                  [1]                       [1, 512]                  (recursive)               (recursive)               --                        524,288
│    │    └─Embedding: 3-226                  [1]                       [1, 512]                  (recursive)               (recursive)               --                        524,288
│    │    └─Embedding: 3-227                  [1]                       [1, 512]                  (recursive)               (recursive)               --                        524,288
│    │    └─Embedding: 3-228                  [1]                       [1, 512]                  (recursive)               (recursive)               --                        524,288
│    │    └─Embedding: 3-229                  [1]                       [1, 512]                  (recursive)               (recursive)               --                        524,288
│    │    └─Embedding: 3-230                  [1]                       [1, 512]                  (recursive)               (recursive)               --                        524,288
│    │    └─Embedding: 3-231                  [1]                       [1, 512]                  (recursive)               (recursive)               --                        524,288
│    │    └─Embedding: 3-232                  [1]                       [1, 512]                  (recursive)               (recursive)               --                        524,288
│    │    └─Embedding: 3-233                  [1]                       [1, 512]                  (recursive)               (recursive)               --                        524,288
│    │    └─Embedding: 3-234                  [1]                       [1, 512]                  (recursive)               (recursive)               --                        524,288
│    │    └─Embedding: 3-235                  [1]                       [1, 512]                  (recursive)               (recursive)               --                        524,288
│    │    └─Embedding: 3-236                  [1]                       [1, 512]                  (recursive)               (recursive)               --                        524,288
│    │    └─Embedding: 3-237                  [1]                       [1, 512]                  (recursive)               (recursive)               --                        524,288
│    │    └─Embedding: 3-238                  [1]                       [1, 512]                  (recursive)               (recursive)               --                        524,288
│    │    └─Embedding: 3-239                  [1]                       [1, 512]                  (recursive)               (recursive)               --                        524,288
│    │    └─Embedding: 3-240                  [1]                       [1, 512]                  (recursive)               (recursive)               --                        524,288
│    │    └─Embedding: 3-241                  [1]                       [1, 512]                  (recursive)               (recursive)               --                        524,288
│    │    └─Embedding: 3-242                  [1]                       [1, 512]                  (recursive)               (recursive)               --                        524,288
│    │    └─Embedding: 3-243                  [1]                       [1, 512]                  (recursive)               (recursive)               --                        524,288
│    │    └─Embedding: 3-244                  [1]                       [1, 512]                  (recursive)               (recursive)               --                        524,288
│    │    └─Embedding: 3-245                  [1]                       [1, 512]                  (recursive)               (recursive)               --                        524,288
│    │    └─Embedding: 3-246                  [1]                       [1, 512]                  (recursive)               (recursive)               --                        524,288
│    │    └─Embedding: 3-247                  [1]                       [1, 512]                  (recursive)               (recursive)               --                        524,288
│    │    └─Embedding: 3-248                  [1]                       [1, 512]                  (recursive)               (recursive)               --                        524,288
│    │    └─Embedding: 3-249                  [1]                       [1, 512]                  (recursive)               (recursive)               --                        524,288
│    │    └─Embedding: 3-250                  [1]                       [1, 512]                  (recursive)               (recursive)               --                        524,288
│    │    └─Embedding: 3-251                  [1]                       [1, 512]                  (recursive)               (recursive)               --                        524,288
│    │    └─Embedding: 3-252                  [1]                       [1, 512]                  (recursive)               (recursive)               --                        524,288
│    │    └─Embedding: 3-253                  [1]                       [1, 512]                  (recursive)               (recursive)               --                        524,288
│    │    └─Embedding: 3-254                  [1]                       [1, 512]                  (recursive)               (recursive)               --                        524,288
│    │    └─Embedding: 3-255                  [1]                       [1, 512]                  (recursive)               (recursive)               --                        524,288
│    │    └─Embedding: 3-256                  [1]                       [1, 512]                  (recursive)               (recursive)               --                        524,288
│    │    └─Embedding: 3-257                  [1]                       [1, 512]                  (recursive)               (recursive)               --                        524,288
│    │    └─Embedding: 3-258                  [1]                       [1, 512]                  (recursive)               (recursive)               --                        524,288
│    │    └─Embedding: 3-259                  [1]                       [1, 512]                  (recursive)               (recursive)               --                        524,288
│    │    └─Embedding: 3-260                  [1]                       [1, 512]                  (recursive)               (recursive)               --                        524,288
│    │    └─Embedding: 3-261                  [1]                       [1, 512]                  (recursive)               (recursive)               --                        524,288
│    │    └─Embedding: 3-262                  [1]                       [1, 512]                  (recursive)               (recursive)               --                        524,288
│    │    └─Embedding: 3-263                  [1]                       [1, 512]                  (recursive)               (recursive)               --                        524,288
│    │    └─Embedding: 3-264                  [1]                       [1, 512]                  (recursive)               (recursive)               --                        524,288
│    │    └─Embedding: 3-265                  [1]                       [1, 512]                  (recursive)               (recursive)               --                        524,288
│    │    └─Embedding: 3-266                  [1]                       [1, 512]                  (recursive)               (recursive)               --                        524,288
│    │    └─Embedding: 3-267                  [1]                       [1, 512]                  (recursive)               (recursive)               --                        524,288
│    │    └─Embedding: 3-268                  [1]                       [1, 512]                  (recursive)               (recursive)               --                        524,288
│    │    └─Embedding: 3-269                  [1]                       [1, 512]                  (recursive)               (recursive)               --                        524,288
│    │    └─Embedding: 3-270                  [1]                       [1, 512]                  (recursive)               (recursive)               --                        524,288
│    │    └─Embedding: 3-271                  [1]                       [1, 512]                  (recursive)               (recursive)               --                        524,288
│    │    └─Embedding: 3-272                  [1]                       [1, 512]                  (recursive)               (recursive)               --                        524,288
│    │    └─Embedding: 3-273                  [1]                       [1, 512]                  (recursive)               (recursive)               --                        524,288
│    │    └─Embedding: 3-274                  [1]                       [1, 512]                  (recursive)               (recursive)               --                        524,288
│    │    └─Embedding: 3-275                  [1]                       [1, 512]                  (recursive)               (recursive)               --                        524,288
│    │    └─Embedding: 3-276                  [1]                       [1, 512]                  (recursive)               (recursive)               --                        524,288
│    │    └─Embedding: 3-277                  [1]                       [1, 512]                  (recursive)               (recursive)               --                        524,288
│    │    └─Embedding: 3-278                  [1]                       [1, 512]                  (recursive)               (recursive)               --                        524,288
│    │    └─Embedding: 3-279                  [1]                       [1, 512]                  (recursive)               (recursive)               --                        524,288
│    │    └─Embedding: 3-280                  [1]                       [1, 512]                  (recursive)               (recursive)               --                        524,288
│    │    └─Embedding: 3-281                  [1]                       [1, 512]                  (recursive)               (recursive)               --                        524,288
│    │    └─Embedding: 3-282                  [1]                       [1, 512]                  (recursive)               (recursive)               --                        524,288
│    │    └─Embedding: 3-283                  [1]                       [1, 512]                  (recursive)               (recursive)               --                        524,288
│    │    └─Embedding: 3-284                  [1]                       [1, 512]                  (recursive)               (recursive)               --                        524,288
│    │    └─Embedding: 3-285                  [1]                       [1, 512]                  (recursive)               (recursive)               --                        524,288
│    │    └─Embedding: 3-286                  [1]                       [1, 512]                  (recursive)               (recursive)               --                        524,288
│    │    └─Embedding: 3-287                  [1]                       [1, 512]                  (recursive)               (recursive)               --                        524,288
│    │    └─Embedding: 3-288                  [1]                       [1, 512]                  (recursive)               (recursive)               --                        524,288
│    │    └─Embedding: 3-289                  [1]                       [1, 512]                  (recursive)               (recursive)               --                        524,288
│    │    └─Embedding: 3-290                  [1]                       [1, 512]                  (recursive)               (recursive)               --                        524,288
│    │    └─Embedding: 3-291                  [1]                       [1, 512]                  (recursive)               (recursive)               --                        524,288
│    │    └─Embedding: 3-292                  [1]                       [1, 512]                  (recursive)               (recursive)               --                        524,288
│    │    └─Embedding: 3-293                  [1]                       [1, 512]                  (recursive)               (recursive)               --                        524,288
│    │    └─Embedding: 3-294                  [1]                       [1, 512]                  (recursive)               (recursive)               --                        524,288
│    │    └─Embedding: 3-295                  [1]                       [1, 512]                  (recursive)               (recursive)               --                        524,288
│    │    └─Embedding: 3-296                  [1]                       [1, 512]                  (recursive)               (recursive)               --                        524,288
│    │    └─Embedding: 3-297                  [1]                       [1, 512]                  (recursive)               (recursive)               --                        524,288
│    │    └─Embedding: 3-298                  [1]                       [1, 512]                  (recursive)               (recursive)               --                        524,288
│    │    └─Embedding: 3-299                  [1]                       [1, 512]                  (recursive)               (recursive)               --                        524,288
│    │    └─Embedding: 3-300                  [1]                       [1, 512]                  (recursive)               (recursive)               --                        524,288
│    │    └─Embedding: 3-301                  [1]                       [1, 512]                  (recursive)               (recursive)               --                        524,288
│    │    └─Embedding: 3-302                  [1]                       [1, 512]                  (recursive)               (recursive)               --                        524,288
│    │    └─Embedding: 3-303                  [1]                       [1, 512]                  (recursive)               (recursive)               --                        524,288
│    │    └─Embedding: 3-304                  [1]                       [1, 512]                  (recursive)               (recursive)               --                        524,288
│    │    └─Embedding: 3-305                  [1]                       [1, 512]                  (recursive)               (recursive)               --                        524,288
│    │    └─Embedding: 3-306                  [1]                       [1, 512]                  (recursive)               (recursive)               --                        524,288
│    │    └─Embedding: 3-307                  [1]                       [1, 512]                  (recursive)               (recursive)               --                        524,288
│    │    └─Embedding: 3-308                  [1]                       [1, 512]                  (recursive)               (recursive)               --                        524,288
│    │    └─Embedding: 3-309                  [1]                       [1, 512]                  (recursive)               (recursive)               --                        524,288
│    │    └─Embedding: 3-310                  [1]                       [1, 512]                  (recursive)               (recursive)               --                        524,288
│    │    └─Embedding: 3-311                  [1]                       [1, 512]                  (recursive)               (recursive)               --                        524,288
│    │    └─Embedding: 3-312                  [1]                       [1, 512]                  (recursive)               (recursive)               --                        524,288
│    │    └─Embedding: 3-313                  [1]                       [1, 512]                  (recursive)               (recursive)               --                        524,288
│    │    └─Embedding: 3-314                  [1]                       [1, 512]                  (recursive)               (recursive)               --                        524,288
│    │    └─Embedding: 3-315                  [1]                       [1, 512]                  (recursive)               (recursive)               --                        524,288
│    │    └─Embedding: 3-316                  [1]                       [1, 512]                  (recursive)               (recursive)               --                        524,288
│    │    └─Embedding: 3-317                  [1]                       [1, 512]                  (recursive)               (recursive)               --                        524,288
│    │    └─Embedding: 3-318                  [1]                       [1, 512]                  (recursive)               (recursive)               --                        524,288
│    │    └─Embedding: 3-319                  [1]                       [1, 512]                  (recursive)               (recursive)               --                        524,288
│    │    └─Embedding: 3-320                  [1]                       [1, 512]                  (recursive)               (recursive)               --                        524,288
│    │    └─Embedding: 3-321                  [1]                       [1, 512]                  (recursive)               (recursive)               --                        524,288
│    └─LayerNorm: 2-7                         [1, 569, 512]             [1, 569, 512]             1,024                       0.00%                   --                        1,024
│    └─ModuleList: 2-8                        --                        --                        --                             --                   --                        --
│    │    └─ResidualAttentionBlock: 3-322     [569, 1, 512]             [569, 1, 512]             --                             --                   --                        --
│    │    │    └─LayerNorm: 4-33              [569, 1, 512]             [569, 1, 512]             1,024                       0.00%                   --                        582,656
│    │    │    └─MultiheadAttention: 4-34     [569, 1, 512]             [569, 1, 512]             1,050,624                   0.49%                   --                        --
│    │    │    └─LayerNorm: 4-35              [569, 1, 512]             [569, 1, 512]             1,024                       0.00%                   --                        582,656
│    │    │    └─Sequential: 4-36             [569, 1, 512]             [569, 1, 512]             --                             --                   --                        --
│    │    │    │    └─Linear: 5-25            [569, 1, 512]             [569, 1, 2048]            1,050,624                   0.49%                   --                        597,805,056
│    │    │    │    └─GELU: 5-26              [569, 1, 2048]            [569, 1, 2048]            --                             --                   --                        --
│    │    │    │    └─Linear: 5-27            [569, 1, 2048]            [569, 1, 512]             1,049,088                   0.49%                   --                        596,931,072
│    │    └─ResidualAttentionBlock: 3-323     [569, 1, 512]             [569, 1, 512]             --                             --                   --                        --
│    │    │    └─LayerNorm: 4-37              [569, 1, 512]             [569, 1, 512]             1,024                       0.00%                   --                        582,656
│    │    │    └─MultiheadAttention: 4-38     [569, 1, 512]             [569, 1, 512]             1,050,624                   0.49%                   --                        --
│    │    │    └─LayerNorm: 4-39              [569, 1, 512]             [569, 1, 512]             1,024                       0.00%                   --                        582,656
│    │    │    └─Sequential: 4-40             [569, 1, 512]             [569, 1, 512]             --                             --                   --                        --
│    │    │    │    └─Linear: 5-28            [569, 1, 512]             [569, 1, 2048]            1,050,624                   0.49%                   --                        597,805,056
│    │    │    │    └─GELU: 5-29              [569, 1, 2048]            [569, 1, 2048]            --                             --                   --                        --
│    │    │    │    └─Linear: 5-30            [569, 1, 2048]            [569, 1, 512]             1,049,088                   0.49%                   --                        596,931,072
│    │    └─ResidualAttentionBlock: 3-324     [569, 1, 512]             [569, 1, 512]             --                             --                   --                        --
│    │    │    └─LayerNorm: 4-41              [569, 1, 512]             [569, 1, 512]             1,024                       0.00%                   --                        582,656
│    │    │    └─MultiheadAttention: 4-42     [569, 1, 512]             [569, 1, 512]             1,050,624                   0.49%                   --                        --
│    │    │    └─LayerNorm: 4-43              [569, 1, 512]             [569, 1, 512]             1,024                       0.00%                   --                        582,656
│    │    │    └─Sequential: 4-44             [569, 1, 512]             [569, 1, 512]             --                             --                   --                        --
│    │    │    │    └─Linear: 5-31            [569, 1, 512]             [569, 1, 2048]            1,050,624                   0.49%                   --                        597,805,056
│    │    │    │    └─GELU: 5-32              [569, 1, 2048]            [569, 1, 2048]            --                             --                   --                        --
│    │    │    │    └─Linear: 5-33            [569, 1, 2048]            [569, 1, 512]             1,049,088                   0.49%                   --                        596,931,072
│    │    └─ResidualAttentionBlock: 3-325     [569, 1, 512]             [569, 1, 512]             --                             --                   --                        --
│    │    │    └─LayerNorm: 4-45              [569, 1, 512]             [569, 1, 512]             1,024                       0.00%                   --                        582,656
│    │    │    └─MultiheadAttention: 4-46     [569, 1, 512]             [569, 1, 512]             1,050,624                   0.49%                   --                        --
│    │    │    └─LayerNorm: 4-47              [569, 1, 512]             [569, 1, 512]             1,024                       0.00%                   --                        582,656
│    │    │    └─Sequential: 4-48             [569, 1, 512]             [569, 1, 512]             --                             --                   --                        --
│    │    │    │    └─Linear: 5-34            [569, 1, 512]             [569, 1, 2048]            1,050,624                   0.49%                   --                        597,805,056
│    │    │    │    └─GELU: 5-35              [569, 1, 2048]            [569, 1, 2048]            --                             --                   --                        --
│    │    │    │    └─Linear: 5-36            [569, 1, 2048]            [569, 1, 512]             1,049,088                   0.49%                   --                        596,931,072
│    │    └─ResidualAttentionBlock: 3-326     [569, 1, 512]             [569, 1, 512]             --                             --                   --                        --
│    │    │    └─LayerNorm: 4-49              [569, 1, 512]             [569, 1, 512]             1,024                       0.00%                   --                        582,656
│    │    │    └─MultiheadAttention: 4-50     [569, 1, 512]             [569, 1, 512]             1,050,624                   0.49%                   --                        --
│    │    │    └─LayerNorm: 4-51              [569, 1, 512]             [569, 1, 512]             1,024                       0.00%                   --                        582,656
│    │    │    └─Sequential: 4-52             [569, 1, 512]             [569, 1, 512]             --                             --                   --                        --
│    │    │    │    └─Linear: 5-37            [569, 1, 512]             [569, 1, 2048]            1,050,624                   0.49%                   --                        597,805,056
│    │    │    │    └─GELU: 5-38              [569, 1, 2048]            [569, 1, 2048]            --                             --                   --                        --
│    │    │    │    └─Linear: 5-39            [569, 1, 2048]            [569, 1, 512]             1,049,088                   0.49%                   --                        596,931,072
│    │    └─ResidualAttentionBlock: 3-327     [569, 1, 512]             [569, 1, 512]             --                             --                   --                        --
│    │    │    └─LayerNorm: 4-53              [569, 1, 512]             [569, 1, 512]             1,024                       0.00%                   --                        582,656
│    │    │    └─MultiheadAttention: 4-54     [569, 1, 512]             [569, 1, 512]             1,050,624                   0.49%                   --                        --
│    │    │    └─LayerNorm: 4-55              [569, 1, 512]             [569, 1, 512]             1,024                       0.00%                   --                        582,656
│    │    │    └─Sequential: 4-56             [569, 1, 512]             [569, 1, 512]             --                             --                   --                        --
│    │    │    │    └─Linear: 5-40            [569, 1, 512]             [569, 1, 2048]            1,050,624                   0.49%                   --                        597,805,056
│    │    │    │    └─GELU: 5-41              [569, 1, 2048]            [569, 1, 2048]            --                             --                   --                        --
│    │    │    │    └─Linear: 5-42            [569, 1, 2048]            [569, 1, 512]             1,049,088                   0.49%                   --                        596,931,072
│    │    └─ResidualAttentionBlock: 3-328     [569, 1, 512]             [569, 1, 512]             --                             --                   --                        --
│    │    │    └─LayerNorm: 4-57              [569, 1, 512]             [569, 1, 512]             1,024                       0.00%                   --                        582,656
│    │    │    └─MultiheadAttention: 4-58     [569, 1, 512]             [569, 1, 512]             1,050,624                   0.49%                   --                        --
│    │    │    └─LayerNorm: 4-59              [569, 1, 512]             [569, 1, 512]             1,024                       0.00%                   --                        582,656
│    │    │    └─Sequential: 4-60             [569, 1, 512]             [569, 1, 512]             --                             --                   --                        --
│    │    │    │    └─Linear: 5-43            [569, 1, 512]             [569, 1, 2048]            1,050,624                   0.49%                   --                        597,805,056
│    │    │    │    └─GELU: 5-44              [569, 1, 2048]            [569, 1, 2048]            --                             --                   --                        --
│    │    │    │    └─Linear: 5-45            [569, 1, 2048]            [569, 1, 512]             1,049,088                   0.49%                   --                        596,931,072
│    │    └─ResidualAttentionBlock: 3-329     [569, 1, 512]             [569, 1, 512]             --                             --                   --                        --
│    │    │    └─LayerNorm: 4-61              [569, 1, 512]             [569, 1, 512]             1,024                       0.00%                   --                        582,656
│    │    │    └─MultiheadAttention: 4-62     [569, 1, 512]             [569, 1, 512]             1,050,624                   0.49%                   --                        --
│    │    │    └─LayerNorm: 4-63              [569, 1, 512]             [569, 1, 512]             1,024                       0.00%                   --                        582,656
│    │    │    └─Sequential: 4-64             [569, 1, 512]             [569, 1, 512]             --                             --                   --                        --
│    │    │    │    └─Linear: 5-46            [569, 1, 512]             [569, 1, 2048]            1,050,624                   0.49%                   --                        597,805,056
│    │    │    │    └─GELU: 5-47              [569, 1, 2048]            [569, 1, 2048]            --                             --                   --                        --
│    │    │    │    └─Linear: 5-48            [569, 1, 2048]            [569, 1, 512]             1,049,088                   0.49%                   --                        596,931,072
│    └─LayerNorm: 2-9                         [1, 313, 512]             [1, 313, 512]             1,024                       0.00%                   --                        1,024
│    └─Linear: 2-10                           [1, 313, 512]             [1, 313, 32]              16,416                      0.01%                   --                        16,416
│    └─LayerNorm: 2-11                        [1, 256, 512]             [1, 256, 512]             1,024                       0.00%                   --                        1,024
│    └─Linear: 2-12                           [1, 256, 512]             [1, 256, 768]             393,984                     0.18%                   --                        393,984
├─QuadTokDecoder: 1-3                         [1, 313, 16]              [1, 3, 256, 256]          698,880                     0.33%                   --                        --
│    └─Linear: 2-13                           [1, 313, 16]              [1, 313, 512]             8,704                       0.00%                   --                        8,704
│    └─ModuleDict: 2-14                       --                        --                        --                             --                   --                        --
│    │    └─Embedding: 3-330                  [1]                       [1, 512]                  512                         0.00%                   --                        512
│    │    └─Embedding: 3-331                  [1]                       [1, 512]                  2,048                       0.00%                   --                        2,048
│    │    └─Embedding: 3-332                  [1]                       [1, 512]                  (recursive)               (recursive)               --                        2,048
│    │    └─Embedding: 3-333                  [1]                       [1, 512]                  (recursive)               (recursive)               --                        2,048
│    │    └─Embedding: 3-334                  [1]                       [1, 512]                  (recursive)               (recursive)               --                        2,048
│    │    └─Embedding: 3-335                  [1]                       [1, 512]                  8,192                       0.00%                   --                        8,192
│    │    └─Embedding: 3-336                  [1]                       [1, 512]                  (recursive)               (recursive)               --                        8,192
│    │    └─Embedding: 3-337                  [1]                       [1, 512]                  (recursive)               (recursive)               --                        8,192
│    │    └─Embedding: 3-338                  [1]                       [1, 512]                  (recursive)               (recursive)               --                        8,192
│    │    └─Embedding: 3-339                  [1]                       [1, 512]                  (recursive)               (recursive)               --                        8,192
│    │    └─Embedding: 3-340                  [1]                       [1, 512]                  (recursive)               (recursive)               --                        8,192
│    │    └─Embedding: 3-341                  [1]                       [1, 512]                  (recursive)               (recursive)               --                        8,192
│    │    └─Embedding: 3-342                  [1]                       [1, 512]                  (recursive)               (recursive)               --                        8,192
│    │    └─Embedding: 3-343                  [1]                       [1, 512]                  (recursive)               (recursive)               --                        8,192
│    │    └─Embedding: 3-344                  [1]                       [1, 512]                  (recursive)               (recursive)               --                        8,192
│    │    └─Embedding: 3-345                  [1]                       [1, 512]                  (recursive)               (recursive)               --                        8,192
│    │    └─Embedding: 3-346                  [1]                       [1, 512]                  (recursive)               (recursive)               --                        8,192
│    │    └─Embedding: 3-347                  [1]                       [1, 512]                  (recursive)               (recursive)               --                        8,192
│    │    └─Embedding: 3-348                  [1]                       [1, 512]                  (recursive)               (recursive)               --                        8,192
│    │    └─Embedding: 3-349                  [1]                       [1, 512]                  (recursive)               (recursive)               --                        8,192
│    │    └─Embedding: 3-350                  [1]                       [1, 512]                  (recursive)               (recursive)               --                        8,192
│    │    └─Embedding: 3-351                  [1]                       [1, 512]                  32,768                      0.02%                   --                        32,768
│    │    └─Embedding: 3-352                  [1]                       [1, 512]                  (recursive)               (recursive)               --                        32,768
│    │    └─Embedding: 3-353                  [1]                       [1, 512]                  (recursive)               (recursive)               --                        32,768
│    │    └─Embedding: 3-354                  [1]                       [1, 512]                  (recursive)               (recursive)               --                        32,768
│    │    └─Embedding: 3-355                  [1]                       [1, 512]                  (recursive)               (recursive)               --                        32,768
│    │    └─Embedding: 3-356                  [1]                       [1, 512]                  (recursive)               (recursive)               --                        32,768
│    │    └─Embedding: 3-357                  [1]                       [1, 512]                  (recursive)               (recursive)               --                        32,768
│    │    └─Embedding: 3-358                  [1]                       [1, 512]                  (recursive)               (recursive)               --                        32,768
│    │    └─Embedding: 3-359                  [1]                       [1, 512]                  (recursive)               (recursive)               --                        32,768
│    │    └─Embedding: 3-360                  [1]                       [1, 512]                  (recursive)               (recursive)               --                        32,768
│    │    └─Embedding: 3-361                  [1]                       [1, 512]                  (recursive)               (recursive)               --                        32,768
│    │    └─Embedding: 3-362                  [1]                       [1, 512]                  (recursive)               (recursive)               --                        32,768
│    │    └─Embedding: 3-363                  [1]                       [1, 512]                  (recursive)               (recursive)               --                        32,768
│    │    └─Embedding: 3-364                  [1]                       [1, 512]                  (recursive)               (recursive)               --                        32,768
│    │    └─Embedding: 3-365                  [1]                       [1, 512]                  (recursive)               (recursive)               --                        32,768
│    │    └─Embedding: 3-366                  [1]                       [1, 512]                  (recursive)               (recursive)               --                        32,768
│    │    └─Embedding: 3-367                  [1]                       [1, 512]                  (recursive)               (recursive)               --                        32,768
│    │    └─Embedding: 3-368                  [1]                       [1, 512]                  (recursive)               (recursive)               --                        32,768
│    │    └─Embedding: 3-369                  [1]                       [1, 512]                  (recursive)               (recursive)               --                        32,768
│    │    └─Embedding: 3-370                  [1]                       [1, 512]                  (recursive)               (recursive)               --                        32,768
│    │    └─Embedding: 3-371                  [1]                       [1, 512]                  (recursive)               (recursive)               --                        32,768
│    │    └─Embedding: 3-372                  [1]                       [1, 512]                  (recursive)               (recursive)               --                        32,768
│    │    └─Embedding: 3-373                  [1]                       [1, 512]                  (recursive)               (recursive)               --                        32,768
│    │    └─Embedding: 3-374                  [1]                       [1, 512]                  (recursive)               (recursive)               --                        32,768
│    │    └─Embedding: 3-375                  [1]                       [1, 512]                  (recursive)               (recursive)               --                        32,768
│    │    └─Embedding: 3-376                  [1]                       [1, 512]                  (recursive)               (recursive)               --                        32,768
│    │    └─Embedding: 3-377                  [1]                       [1, 512]                  (recursive)               (recursive)               --                        32,768
│    │    └─Embedding: 3-378                  [1]                       [1, 512]                  (recursive)               (recursive)               --                        32,768
│    │    └─Embedding: 3-379                  [1]                       [1, 512]                  (recursive)               (recursive)               --                        32,768
│    │    └─Embedding: 3-380                  [1]                       [1, 512]                  (recursive)               (recursive)               --                        32,768
│    │    └─Embedding: 3-381                  [1]                       [1, 512]                  (recursive)               (recursive)               --                        32,768
│    │    └─Embedding: 3-382                  [1]                       [1, 512]                  (recursive)               (recursive)               --                        32,768
│    │    └─Embedding: 3-383                  [1]                       [1, 512]                  (recursive)               (recursive)               --                        32,768
│    │    └─Embedding: 3-384                  [1]                       [1, 512]                  (recursive)               (recursive)               --                        32,768
│    │    └─Embedding: 3-385                  [1]                       [1, 512]                  (recursive)               (recursive)               --                        32,768
│    │    └─Embedding: 3-386                  [1]                       [1, 512]                  (recursive)               (recursive)               --                        32,768
│    │    └─Embedding: 3-387                  [1]                       [1, 512]                  (recursive)               (recursive)               --                        32,768
│    │    └─Embedding: 3-388                  [1]                       [1, 512]                  (recursive)               (recursive)               --                        32,768
│    │    └─Embedding: 3-389                  [1]                       [1, 512]                  (recursive)               (recursive)               --                        32,768
│    │    └─Embedding: 3-390                  [1]                       [1, 512]                  (recursive)               (recursive)               --                        32,768
│    │    └─Embedding: 3-391                  [1]                       [1, 512]                  (recursive)               (recursive)               --                        32,768
│    │    └─Embedding: 3-392                  [1]                       [1, 512]                  (recursive)               (recursive)               --                        32,768
│    │    └─Embedding: 3-393                  [1]                       [1, 512]                  (recursive)               (recursive)               --                        32,768
│    │    └─Embedding: 3-394                  [1]                       [1, 512]                  (recursive)               (recursive)               --                        32,768
│    │    └─Embedding: 3-395                  [1]                       [1, 512]                  (recursive)               (recursive)               --                        32,768
│    │    └─Embedding: 3-396                  [1]                       [1, 512]                  (recursive)               (recursive)               --                        32,768
│    │    └─Embedding: 3-397                  [1]                       [1, 512]                  (recursive)               (recursive)               --                        32,768
│    │    └─Embedding: 3-398                  [1]                       [1, 512]                  (recursive)               (recursive)               --                        32,768
│    │    └─Embedding: 3-399                  [1]                       [1, 512]                  (recursive)               (recursive)               --                        32,768
│    │    └─Embedding: 3-400                  [1]                       [1, 512]                  (recursive)               (recursive)               --                        32,768
│    │    └─Embedding: 3-401                  [1]                       [1, 512]                  (recursive)               (recursive)               --                        32,768
│    │    └─Embedding: 3-402                  [1]                       [1, 512]                  (recursive)               (recursive)               --                        32,768
│    │    └─Embedding: 3-403                  [1]                       [1, 512]                  (recursive)               (recursive)               --                        32,768
│    │    └─Embedding: 3-404                  [1]                       [1, 512]                  (recursive)               (recursive)               --                        32,768
│    │    └─Embedding: 3-405                  [1]                       [1, 512]                  (recursive)               (recursive)               --                        32,768
│    │    └─Embedding: 3-406                  [1]                       [1, 512]                  (recursive)               (recursive)               --                        32,768
│    │    └─Embedding: 3-407                  [1]                       [1, 512]                  (recursive)               (recursive)               --                        32,768
│    │    └─Embedding: 3-408                  [1]                       [1, 512]                  (recursive)               (recursive)               --                        32,768
│    │    └─Embedding: 3-409                  [1]                       [1, 512]                  (recursive)               (recursive)               --                        32,768
│    │    └─Embedding: 3-410                  [1]                       [1, 512]                  (recursive)               (recursive)               --                        32,768
│    │    └─Embedding: 3-411                  [1]                       [1, 512]                  (recursive)               (recursive)               --                        32,768
│    │    └─Embedding: 3-412                  [1]                       [1, 512]                  (recursive)               (recursive)               --                        32,768
│    │    └─Embedding: 3-413                  [1]                       [1, 512]                  (recursive)               (recursive)               --                        32,768
│    │    └─Embedding: 3-414                  [1]                       [1, 512]                  (recursive)               (recursive)               --                        32,768
│    │    └─Embedding: 3-415                  [1]                       [1, 512]                  131,072                     0.06%                   --                        131,072
│    │    └─Embedding: 3-416                  [1]                       [1, 512]                  (recursive)               (recursive)               --                        131,072
│    │    └─Embedding: 3-417                  [1]                       [1, 512]                  (recursive)               (recursive)               --                        131,072
│    │    └─Embedding: 3-418                  [1]                       [1, 512]                  (recursive)               (recursive)               --                        131,072
│    │    └─Embedding: 3-419                  [1]                       [1, 512]                  (recursive)               (recursive)               --                        131,072
│    │    └─Embedding: 3-420                  [1]                       [1, 512]                  (recursive)               (recursive)               --                        131,072
│    │    └─Embedding: 3-421                  [1]                       [1, 512]                  (recursive)               (recursive)               --                        131,072
│    │    └─Embedding: 3-422                  [1]                       [1, 512]                  (recursive)               (recursive)               --                        131,072
│    │    └─Embedding: 3-423                  [1]                       [1, 512]                  (recursive)               (recursive)               --                        131,072
│    │    └─Embedding: 3-424                  [1]                       [1, 512]                  (recursive)               (recursive)               --                        131,072
│    │    └─Embedding: 3-425                  [1]                       [1, 512]                  (recursive)               (recursive)               --                        131,072
│    │    └─Embedding: 3-426                  [1]                       [1, 512]                  (recursive)               (recursive)               --                        131,072
│    │    └─Embedding: 3-427                  [1]                       [1, 512]                  (recursive)               (recursive)               --                        131,072
│    │    └─Embedding: 3-428                  [1]                       [1, 512]                  (recursive)               (recursive)               --                        131,072
│    │    └─Embedding: 3-429                  [1]                       [1, 512]                  (recursive)               (recursive)               --                        131,072
│    │    └─Embedding: 3-430                  [1]                       [1, 512]                  (recursive)               (recursive)               --                        131,072
│    │    └─Embedding: 3-431                  [1]                       [1, 512]                  (recursive)               (recursive)               --                        131,072
│    │    └─Embedding: 3-432                  [1]                       [1, 512]                  (recursive)               (recursive)               --                        131,072
│    │    └─Embedding: 3-433                  [1]                       [1, 512]                  (recursive)               (recursive)               --                        131,072
│    │    └─Embedding: 3-434                  [1]                       [1, 512]                  (recursive)               (recursive)               --                        131,072
│    │    └─Embedding: 3-435                  [1]                       [1, 512]                  (recursive)               (recursive)               --                        131,072
│    │    └─Embedding: 3-436                  [1]                       [1, 512]                  (recursive)               (recursive)               --                        131,072
│    │    └─Embedding: 3-437                  [1]                       [1, 512]                  (recursive)               (recursive)               --                        131,072
│    │    └─Embedding: 3-438                  [1]                       [1, 512]                  (recursive)               (recursive)               --                        131,072
│    │    └─Embedding: 3-439                  [1]                       [1, 512]                  (recursive)               (recursive)               --                        131,072
│    │    └─Embedding: 3-440                  [1]                       [1, 512]                  (recursive)               (recursive)               --                        131,072
│    │    └─Embedding: 3-441                  [1]                       [1, 512]                  (recursive)               (recursive)               --                        131,072
│    │    └─Embedding: 3-442                  [1]                       [1, 512]                  (recursive)               (recursive)               --                        131,072
│    │    └─Embedding: 3-443                  [1]                       [1, 512]                  (recursive)               (recursive)               --                        131,072
│    │    └─Embedding: 3-444                  [1]                       [1, 512]                  (recursive)               (recursive)               --                        131,072
│    │    └─Embedding: 3-445                  [1]                       [1, 512]                  (recursive)               (recursive)               --                        131,072
│    │    └─Embedding: 3-446                  [1]                       [1, 512]                  (recursive)               (recursive)               --                        131,072
│    │    └─Embedding: 3-447                  [1]                       [1, 512]                  (recursive)               (recursive)               --                        131,072
│    │    └─Embedding: 3-448                  [1]                       [1, 512]                  (recursive)               (recursive)               --                        131,072
│    │    └─Embedding: 3-449                  [1]                       [1, 512]                  (recursive)               (recursive)               --                        131,072
│    │    └─Embedding: 3-450                  [1]                       [1, 512]                  (recursive)               (recursive)               --                        131,072
│    │    └─Embedding: 3-451                  [1]                       [1, 512]                  (recursive)               (recursive)               --                        131,072
│    │    └─Embedding: 3-452                  [1]                       [1, 512]                  (recursive)               (recursive)               --                        131,072
│    │    └─Embedding: 3-453                  [1]                       [1, 512]                  (recursive)               (recursive)               --                        131,072
│    │    └─Embedding: 3-454                  [1]                       [1, 512]                  (recursive)               (recursive)               --                        131,072
│    │    └─Embedding: 3-455                  [1]                       [1, 512]                  (recursive)               (recursive)               --                        131,072
│    │    └─Embedding: 3-456                  [1]                       [1, 512]                  (recursive)               (recursive)               --                        131,072
│    │    └─Embedding: 3-457                  [1]                       [1, 512]                  (recursive)               (recursive)               --                        131,072
│    │    └─Embedding: 3-458                  [1]                       [1, 512]                  (recursive)               (recursive)               --                        131,072
│    │    └─Embedding: 3-459                  [1]                       [1, 512]                  (recursive)               (recursive)               --                        131,072
│    │    └─Embedding: 3-460                  [1]                       [1, 512]                  (recursive)               (recursive)               --                        131,072
│    │    └─Embedding: 3-461                  [1]                       [1, 512]                  (recursive)               (recursive)               --                        131,072
│    │    └─Embedding: 3-462                  [1]                       [1, 512]                  (recursive)               (recursive)               --                        131,072
│    │    └─Embedding: 3-463                  [1]                       [1, 512]                  (recursive)               (recursive)               --                        131,072
│    │    └─Embedding: 3-464                  [1]                       [1, 512]                  (recursive)               (recursive)               --                        131,072
│    │    └─Embedding: 3-465                  [1]                       [1, 512]                  (recursive)               (recursive)               --                        131,072
│    │    └─Embedding: 3-466                  [1]                       [1, 512]                  (recursive)               (recursive)               --                        131,072
│    │    └─Embedding: 3-467                  [1]                       [1, 512]                  (recursive)               (recursive)               --                        131,072
│    │    └─Embedding: 3-468                  [1]                       [1, 512]                  (recursive)               (recursive)               --                        131,072
│    │    └─Embedding: 3-469                  [1]                       [1, 512]                  (recursive)               (recursive)               --                        131,072
│    │    └─Embedding: 3-470                  [1]                       [1, 512]                  (recursive)               (recursive)               --                        131,072
│    │    └─Embedding: 3-471                  [1]                       [1, 512]                  (recursive)               (recursive)               --                        131,072
│    │    └─Embedding: 3-472                  [1]                       [1, 512]                  (recursive)               (recursive)               --                        131,072
│    │    └─Embedding: 3-473                  [1]                       [1, 512]                  (recursive)               (recursive)               --                        131,072
│    │    └─Embedding: 3-474                  [1]                       [1, 512]                  (recursive)               (recursive)               --                        131,072
│    │    └─Embedding: 3-475                  [1]                       [1, 512]                  (recursive)               (recursive)               --                        131,072
│    │    └─Embedding: 3-476                  [1]                       [1, 512]                  (recursive)               (recursive)               --                        131,072
│    │    └─Embedding: 3-477                  [1]                       [1, 512]                  (recursive)               (recursive)               --                        131,072
│    │    └─Embedding: 3-478                  [1]                       [1, 512]                  (recursive)               (recursive)               --                        131,072
│    │    └─Embedding: 3-479                  [1]                       [1, 512]                  (recursive)               (recursive)               --                        131,072
│    │    └─Embedding: 3-480                  [1]                       [1, 512]                  (recursive)               (recursive)               --                        131,072
│    │    └─Embedding: 3-481                  [1]                       [1, 512]                  (recursive)               (recursive)               --                        131,072
│    │    └─Embedding: 3-482                  [1]                       [1, 512]                  (recursive)               (recursive)               --                        131,072
│    │    └─Embedding: 3-483                  [1]                       [1, 512]                  (recursive)               (recursive)               --                        131,072
│    │    └─Embedding: 3-484                  [1]                       [1, 512]                  (recursive)               (recursive)               --                        131,072
│    │    └─Embedding: 3-485                  [1]                       [1, 512]                  (recursive)               (recursive)               --                        131,072
│    │    └─Embedding: 3-486                  [1]                       [1, 512]                  (recursive)               (recursive)               --                        131,072
│    │    └─Embedding: 3-487                  [1]                       [1, 512]                  (recursive)               (recursive)               --                        131,072
│    │    └─Embedding: 3-488                  [1]                       [1, 512]                  (recursive)               (recursive)               --                        131,072
│    │    └─Embedding: 3-489                  [1]                       [1, 512]                  (recursive)               (recursive)               --                        131,072
│    │    └─Embedding: 3-490                  [1]                       [1, 512]                  (recursive)               (recursive)               --                        131,072
│    │    └─Embedding: 3-491                  [1]                       [1, 512]                  (recursive)               (recursive)               --                        131,072
│    │    └─Embedding: 3-492                  [1]                       [1, 512]                  (recursive)               (recursive)               --                        131,072
│    │    └─Embedding: 3-493                  [1]                       [1, 512]                  (recursive)               (recursive)               --                        131,072
│    │    └─Embedding: 3-494                  [1]                       [1, 512]                  (recursive)               (recursive)               --                        131,072
│    │    └─Embedding: 3-495                  [1]                       [1, 512]                  (recursive)               (recursive)               --                        131,072
│    │    └─Embedding: 3-496                  [1]                       [1, 512]                  (recursive)               (recursive)               --                        131,072
│    │    └─Embedding: 3-497                  [1]                       [1, 512]                  (recursive)               (recursive)               --                        131,072
│    │    └─Embedding: 3-498                  [1]                       [1, 512]                  (recursive)               (recursive)               --                        131,072
│    │    └─Embedding: 3-499                  [1]                       [1, 512]                  524,288                     0.24%                   --                        524,288
│    │    └─Embedding: 3-500                  [1]                       [1, 512]                  (recursive)               (recursive)               --                        524,288
│    │    └─Embedding: 3-501                  [1]                       [1, 512]                  (recursive)               (recursive)               --                        524,288
│    │    └─Embedding: 3-502                  [1]                       [1, 512]                  (recursive)               (recursive)               --                        524,288
│    │    └─Embedding: 3-503                  [1]                       [1, 512]                  (recursive)               (recursive)               --                        524,288
│    │    └─Embedding: 3-504                  [1]                       [1, 512]                  (recursive)               (recursive)               --                        524,288
│    │    └─Embedding: 3-505                  [1]                       [1, 512]                  (recursive)               (recursive)               --                        524,288
│    │    └─Embedding: 3-506                  [1]                       [1, 512]                  (recursive)               (recursive)               --                        524,288
│    │    └─Embedding: 3-507                  [1]                       [1, 512]                  (recursive)               (recursive)               --                        524,288
│    │    └─Embedding: 3-508                  [1]                       [1, 512]                  (recursive)               (recursive)               --                        524,288
│    │    └─Embedding: 3-509                  [1]                       [1, 512]                  (recursive)               (recursive)               --                        524,288
│    │    └─Embedding: 3-510                  [1]                       [1, 512]                  (recursive)               (recursive)               --                        524,288
│    │    └─Embedding: 3-511                  [1]                       [1, 512]                  (recursive)               (recursive)               --                        524,288
│    │    └─Embedding: 3-512                  [1]                       [1, 512]                  (recursive)               (recursive)               --                        524,288
│    │    └─Embedding: 3-513                  [1]                       [1, 512]                  (recursive)               (recursive)               --                        524,288
│    │    └─Embedding: 3-514                  [1]                       [1, 512]                  (recursive)               (recursive)               --                        524,288
│    │    └─Embedding: 3-515                  [1]                       [1, 512]                  (recursive)               (recursive)               --                        524,288
│    │    └─Embedding: 3-516                  [1]                       [1, 512]                  (recursive)               (recursive)               --                        524,288
│    │    └─Embedding: 3-517                  [1]                       [1, 512]                  (recursive)               (recursive)               --                        524,288
│    │    └─Embedding: 3-518                  [1]                       [1, 512]                  (recursive)               (recursive)               --                        524,288
│    │    └─Embedding: 3-519                  [1]                       [1, 512]                  (recursive)               (recursive)               --                        524,288
│    │    └─Embedding: 3-520                  [1]                       [1, 512]                  (recursive)               (recursive)               --                        524,288
│    │    └─Embedding: 3-521                  [1]                       [1, 512]                  (recursive)               (recursive)               --                        524,288
│    │    └─Embedding: 3-522                  [1]                       [1, 512]                  (recursive)               (recursive)               --                        524,288
│    │    └─Embedding: 3-523                  [1]                       [1, 512]                  (recursive)               (recursive)               --                        524,288
│    │    └─Embedding: 3-524                  [1]                       [1, 512]                  (recursive)               (recursive)               --                        524,288
│    │    └─Embedding: 3-525                  [1]                       [1, 512]                  (recursive)               (recursive)               --                        524,288
│    │    └─Embedding: 3-526                  [1]                       [1, 512]                  (recursive)               (recursive)               --                        524,288
│    │    └─Embedding: 3-527                  [1]                       [1, 512]                  (recursive)               (recursive)               --                        524,288
│    │    └─Embedding: 3-528                  [1]                       [1, 512]                  (recursive)               (recursive)               --                        524,288
│    │    └─Embedding: 3-529                  [1]                       [1, 512]                  (recursive)               (recursive)               --                        524,288
│    │    └─Embedding: 3-530                  [1]                       [1, 512]                  (recursive)               (recursive)               --                        524,288
│    │    └─Embedding: 3-531                  [1]                       [1, 512]                  (recursive)               (recursive)               --                        524,288
│    │    └─Embedding: 3-532                  [1]                       [1, 512]                  (recursive)               (recursive)               --                        524,288
│    │    └─Embedding: 3-533                  [1]                       [1, 512]                  (recursive)               (recursive)               --                        524,288
│    │    └─Embedding: 3-534                  [1]                       [1, 512]                  (recursive)               (recursive)               --                        524,288
│    │    └─Embedding: 3-535                  [1]                       [1, 512]                  (recursive)               (recursive)               --                        524,288
│    │    └─Embedding: 3-536                  [1]                       [1, 512]                  (recursive)               (recursive)               --                        524,288
│    │    └─Embedding: 3-537                  [1]                       [1, 512]                  (recursive)               (recursive)               --                        524,288
│    │    └─Embedding: 3-538                  [1]                       [1, 512]                  (recursive)               (recursive)               --                        524,288
│    │    └─Embedding: 3-539                  [1]                       [1, 512]                  (recursive)               (recursive)               --                        524,288
│    │    └─Embedding: 3-540                  [1]                       [1, 512]                  (recursive)               (recursive)               --                        524,288
│    │    └─Embedding: 3-541                  [1]                       [1, 512]                  (recursive)               (recursive)               --                        524,288
│    │    └─Embedding: 3-542                  [1]                       [1, 512]                  (recursive)               (recursive)               --                        524,288
│    │    └─Embedding: 3-543                  [1]                       [1, 512]                  (recursive)               (recursive)               --                        524,288
│    │    └─Embedding: 3-544                  [1]                       [1, 512]                  (recursive)               (recursive)               --                        524,288
│    │    └─Embedding: 3-545                  [1]                       [1, 512]                  (recursive)               (recursive)               --                        524,288
│    │    └─Embedding: 3-546                  [1]                       [1, 512]                  (recursive)               (recursive)               --                        524,288
│    │    └─Embedding: 3-547                  [1]                       [1, 512]                  (recursive)               (recursive)               --                        524,288
│    │    └─Embedding: 3-548                  [1]                       [1, 512]                  (recursive)               (recursive)               --                        524,288
│    │    └─Embedding: 3-549                  [1]                       [1, 512]                  (recursive)               (recursive)               --                        524,288
│    │    └─Embedding: 3-550                  [1]                       [1, 512]                  (recursive)               (recursive)               --                        524,288
│    │    └─Embedding: 3-551                  [1]                       [1, 512]                  (recursive)               (recursive)               --                        524,288
│    │    └─Embedding: 3-552                  [1]                       [1, 512]                  (recursive)               (recursive)               --                        524,288
│    │    └─Embedding: 3-553                  [1]                       [1, 512]                  (recursive)               (recursive)               --                        524,288
│    │    └─Embedding: 3-554                  [1]                       [1, 512]                  (recursive)               (recursive)               --                        524,288
│    │    └─Embedding: 3-555                  [1]                       [1, 512]                  (recursive)               (recursive)               --                        524,288
│    │    └─Embedding: 3-556                  [1]                       [1, 512]                  (recursive)               (recursive)               --                        524,288
│    │    └─Embedding: 3-557                  [1]                       [1, 512]                  (recursive)               (recursive)               --                        524,288
│    │    └─Embedding: 3-558                  [1]                       [1, 512]                  (recursive)               (recursive)               --                        524,288
│    │    └─Embedding: 3-559                  [1]                       [1, 512]                  (recursive)               (recursive)               --                        524,288
│    │    └─Embedding: 3-560                  [1]                       [1, 512]                  (recursive)               (recursive)               --                        524,288
│    │    └─Embedding: 3-561                  [1]                       [1, 512]                  (recursive)               (recursive)               --                        524,288
│    │    └─Embedding: 3-562                  [1]                       [1, 512]                  (recursive)               (recursive)               --                        524,288
│    │    └─Embedding: 3-563                  [1]                       [1, 512]                  (recursive)               (recursive)               --                        524,288
│    │    └─Embedding: 3-564                  [1]                       [1, 512]                  (recursive)               (recursive)               --                        524,288
│    │    └─Embedding: 3-565                  [1]                       [1, 512]                  (recursive)               (recursive)               --                        524,288
│    │    └─Embedding: 3-566                  [1]                       [1, 512]                  (recursive)               (recursive)               --                        524,288
│    │    └─Embedding: 3-567                  [1]                       [1, 512]                  (recursive)               (recursive)               --                        524,288
│    │    └─Embedding: 3-568                  [1]                       [1, 512]                  (recursive)               (recursive)               --                        524,288
│    │    └─Embedding: 3-569                  [1]                       [1, 512]                  (recursive)               (recursive)               --                        524,288
│    │    └─Embedding: 3-570                  [1]                       [1, 512]                  (recursive)               (recursive)               --                        524,288
│    │    └─Embedding: 3-571                  [1]                       [1, 512]                  (recursive)               (recursive)               --                        524,288
│    │    └─Embedding: 3-572                  [1]                       [1, 512]                  (recursive)               (recursive)               --                        524,288
│    │    └─Embedding: 3-573                  [1]                       [1, 512]                  (recursive)               (recursive)               --                        524,288
│    │    └─Embedding: 3-574                  [1]                       [1, 512]                  (recursive)               (recursive)               --                        524,288
│    │    └─Embedding: 3-575                  [1]                       [1, 512]                  (recursive)               (recursive)               --                        524,288
│    │    └─Embedding: 3-576                  [1]                       [1, 512]                  (recursive)               (recursive)               --                        524,288
│    │    └─Embedding: 3-577                  [1]                       [1, 512]                  (recursive)               (recursive)               --                        524,288
│    │    └─Embedding: 3-578                  [1]                       [1, 512]                  (recursive)               (recursive)               --                        524,288
│    │    └─Embedding: 3-579                  [1]                       [1, 512]                  (recursive)               (recursive)               --                        524,288
│    │    └─Embedding: 3-580                  [1]                       [1, 512]                  (recursive)               (recursive)               --                        524,288
│    │    └─Embedding: 3-581                  [1]                       [1, 512]                  (recursive)               (recursive)               --                        524,288
│    │    └─Embedding: 3-582                  [1]                       [1, 512]                  (recursive)               (recursive)               --                        524,288
│    │    └─Embedding: 3-583                  [1]                       [1, 512]                  (recursive)               (recursive)               --                        524,288
│    │    └─Embedding: 3-584                  [1]                       [1, 512]                  (recursive)               (recursive)               --                        524,288
│    │    └─Embedding: 3-585                  [1]                       [1, 512]                  (recursive)               (recursive)               --                        524,288
│    │    └─Embedding: 3-586                  [1]                       [1, 512]                  (recursive)               (recursive)               --                        524,288
│    │    └─Embedding: 3-587                  [1]                       [1, 512]                  (recursive)               (recursive)               --                        524,288
│    │    └─Embedding: 3-588                  [1]                       [1, 512]                  (recursive)               (recursive)               --                        524,288
│    │    └─Embedding: 3-589                  [1]                       [1, 512]                  (recursive)               (recursive)               --                        524,288
│    │    └─Embedding: 3-590                  [1]                       [1, 512]                  (recursive)               (recursive)               --                        524,288
│    │    └─Embedding: 3-591                  [1]                       [1, 512]                  (recursive)               (recursive)               --                        524,288
│    │    └─Embedding: 3-592                  [1]                       [1, 512]                  (recursive)               (recursive)               --                        524,288
│    │    └─Embedding: 3-593                  [1]                       [1, 512]                  (recursive)               (recursive)               --                        524,288
│    │    └─Embedding: 3-594                  [1]                       [1, 512]                  (recursive)               (recursive)               --                        524,288
│    │    └─Embedding: 3-595                  [1]                       [1, 512]                  (recursive)               (recursive)               --                        524,288
│    │    └─Embedding: 3-596                  [1]                       [1, 512]                  (recursive)               (recursive)               --                        524,288
│    │    └─Embedding: 3-597                  [1]                       [1, 512]                  (recursive)               (recursive)               --                        524,288
│    │    └─Embedding: 3-598                  [1]                       [1, 512]                  (recursive)               (recursive)               --                        524,288
│    │    └─Embedding: 3-599                  [1]                       [1, 512]                  (recursive)               (recursive)               --                        524,288
│    │    └─Embedding: 3-600                  [1]                       [1, 512]                  (recursive)               (recursive)               --                        524,288
│    │    └─Embedding: 3-601                  [1]                       [1, 512]                  (recursive)               (recursive)               --                        524,288
│    │    └─Embedding: 3-602                  [1]                       [1, 512]                  (recursive)               (recursive)               --                        524,288
│    │    └─Embedding: 3-603                  [1]                       [1, 512]                  (recursive)               (recursive)               --                        524,288
│    │    └─Embedding: 3-604                  [1]                       [1, 512]                  (recursive)               (recursive)               --                        524,288
│    │    └─Embedding: 3-605                  [1]                       [1, 512]                  (recursive)               (recursive)               --                        524,288
│    │    └─Embedding: 3-606                  [1]                       [1, 512]                  (recursive)               (recursive)               --                        524,288
│    │    └─Embedding: 3-607                  [1]                       [1, 512]                  (recursive)               (recursive)               --                        524,288
│    │    └─Embedding: 3-608                  [1]                       [1, 512]                  (recursive)               (recursive)               --                        524,288
│    │    └─Embedding: 3-609                  [1]                       [1, 512]                  (recursive)               (recursive)               --                        524,288
│    │    └─Embedding: 3-610                  [1]                       [1, 512]                  (recursive)               (recursive)               --                        524,288
│    │    └─Embedding: 3-611                  [1]                       [1, 512]                  (recursive)               (recursive)               --                        524,288
│    │    └─Embedding: 3-612                  [1]                       [1, 512]                  (recursive)               (recursive)               --                        524,288
│    │    └─Embedding: 3-613                  [1]                       [1, 512]                  (recursive)               (recursive)               --                        524,288
│    │    └─Embedding: 3-614                  [1]                       [1, 512]                  (recursive)               (recursive)               --                        524,288
│    │    └─Embedding: 3-615                  [1]                       [1, 512]                  (recursive)               (recursive)               --                        524,288
│    │    └─Embedding: 3-616                  [1]                       [1, 512]                  (recursive)               (recursive)               --                        524,288
│    │    └─Embedding: 3-617                  [1]                       [1, 512]                  (recursive)               (recursive)               --                        524,288
│    │    └─Embedding: 3-618                  [1]                       [1, 512]                  (recursive)               (recursive)               --                        524,288
│    │    └─Embedding: 3-619                  [1]                       [1, 512]                  (recursive)               (recursive)               --                        524,288
│    │    └─Embedding: 3-620                  [1]                       [1, 512]                  (recursive)               (recursive)               --                        524,288
│    │    └─Embedding: 3-621                  [1]                       [1, 512]                  (recursive)               (recursive)               --                        524,288
│    │    └─Embedding: 3-622                  [1]                       [1, 512]                  (recursive)               (recursive)               --                        524,288
│    │    └─Embedding: 3-623                  [1]                       [1, 512]                  (recursive)               (recursive)               --                        524,288
│    │    └─Embedding: 3-624                  [1]                       [1, 512]                  (recursive)               (recursive)               --                        524,288
│    │    └─Embedding: 3-625                  [1]                       [1, 512]                  (recursive)               (recursive)               --                        524,288
│    │    └─Embedding: 3-626                  [1]                       [1, 512]                  (recursive)               (recursive)               --                        524,288
│    │    └─Embedding: 3-627                  [1]                       [1, 512]                  (recursive)               (recursive)               --                        524,288
│    │    └─Embedding: 3-628                  [1]                       [1, 512]                  (recursive)               (recursive)               --                        524,288
│    │    └─Embedding: 3-629                  [1]                       [1, 512]                  (recursive)               (recursive)               --                        524,288
│    │    └─Embedding: 3-630                  [1]                       [1, 512]                  (recursive)               (recursive)               --                        524,288
│    │    └─Embedding: 3-631                  [1]                       [1, 512]                  (recursive)               (recursive)               --                        524,288
│    │    └─Embedding: 3-632                  [1]                       [1, 512]                  (recursive)               (recursive)               --                        524,288
│    │    └─Embedding: 3-633                  [1]                       [1, 512]                  (recursive)               (recursive)               --                        524,288
│    │    └─Embedding: 3-634                  [1]                       [1, 512]                  (recursive)               (recursive)               --                        524,288
│    │    └─Embedding: 3-635                  [1]                       [1, 512]                  (recursive)               (recursive)               --                        524,288
│    │    └─Embedding: 3-636                  [1]                       [1, 512]                  (recursive)               (recursive)               --                        524,288
│    │    └─Embedding: 3-637                  [1]                       [1, 512]                  (recursive)               (recursive)               --                        524,288
│    │    └─Embedding: 3-638                  [1]                       [1, 512]                  (recursive)               (recursive)               --                        524,288
│    │    └─Embedding: 3-639                  [1]                       [1, 512]                  (recursive)               (recursive)               --                        524,288
│    │    └─Embedding: 3-640                  [1]                       [1, 512]                  (recursive)               (recursive)               --                        524,288
│    │    └─Embedding: 3-641                  [1]                       [1, 512]                  (recursive)               (recursive)               --                        524,288
│    │    └─Embedding: 3-642                  [1]                       [1, 512]                  (recursive)               (recursive)               --                        524,288
│    └─LayerNorm: 2-15                        [1, 313, 512]             [1, 313, 512]             1,024                       0.00%                   --                        1,024
│    └─ModuleList: 2-16                       --                        --                        --                             --                   --                        --
│    │    └─ResidualAttentionBlock: 3-643     [313, 1, 512]             [313, 1, 512]             --                             --                   --                        --
│    │    │    └─LayerNorm: 4-65              [313, 1, 512]             [313, 1, 512]             1,024                       0.00%                   --                        320,512
│    │    │    └─MultiheadAttention: 4-66     [313, 1, 512]             [313, 1, 512]             1,050,624                   0.49%                   --                        --
│    │    │    └─LayerNorm: 4-67              [313, 1, 512]             [313, 1, 512]             1,024                       0.00%                   --                        320,512
│    │    │    └─Sequential: 4-68             [313, 1, 512]             [313, 1, 512]             --                             --                   --                        --
│    │    │    │    └─Linear: 5-49            [313, 1, 512]             [313, 1, 2048]            1,050,624                   0.49%                   --                        328,845,312
│    │    │    │    └─GELU: 5-50              [313, 1, 2048]            [313, 1, 2048]            --                             --                   --                        --
│    │    │    │    └─Linear: 5-51            [313, 1, 2048]            [313, 1, 512]             1,049,088                   0.49%                   --                        328,364,544
│    │    └─ResidualAttentionBlock: 3-644     [313, 1, 512]             [313, 1, 512]             --                             --                   --                        --
│    │    │    └─LayerNorm: 4-69              [313, 1, 512]             [313, 1, 512]             1,024                       0.00%                   --                        320,512
│    │    │    └─MultiheadAttention: 4-70     [313, 1, 512]             [313, 1, 512]             1,050,624                   0.49%                   --                        --
│    │    │    └─LayerNorm: 4-71              [313, 1, 512]             [313, 1, 512]             1,024                       0.00%                   --                        320,512
│    │    │    └─Sequential: 4-72             [313, 1, 512]             [313, 1, 512]             --                             --                   --                        --
│    │    │    │    └─Linear: 5-52            [313, 1, 512]             [313, 1, 2048]            1,050,624                   0.49%                   --                        328,845,312
│    │    │    │    └─GELU: 5-53              [313, 1, 2048]            [313, 1, 2048]            --                             --                   --                        --
│    │    │    │    └─Linear: 5-54            [313, 1, 2048]            [313, 1, 512]             1,049,088                   0.49%                   --                        328,364,544
│    │    └─ResidualAttentionBlock: 3-645     [313, 1, 512]             [313, 1, 512]             --                             --                   --                        --
│    │    │    └─LayerNorm: 4-73              [313, 1, 512]             [313, 1, 512]             1,024                       0.00%                   --                        320,512
│    │    │    └─MultiheadAttention: 4-74     [313, 1, 512]             [313, 1, 512]             1,050,624                   0.49%                   --                        --
│    │    │    └─LayerNorm: 4-75              [313, 1, 512]             [313, 1, 512]             1,024                       0.00%                   --                        320,512
│    │    │    └─Sequential: 4-76             [313, 1, 512]             [313, 1, 512]             --                             --                   --                        --
│    │    │    │    └─Linear: 5-55            [313, 1, 512]             [313, 1, 2048]            1,050,624                   0.49%                   --                        328,845,312
│    │    │    │    └─GELU: 5-56              [313, 1, 2048]            [313, 1, 2048]            --                             --                   --                        --
│    │    │    │    └─Linear: 5-57            [313, 1, 2048]            [313, 1, 512]             1,049,088                   0.49%                   --                        328,364,544
│    │    └─ResidualAttentionBlock: 3-646     [313, 1, 512]             [313, 1, 512]             --                             --                   --                        --
│    │    │    └─LayerNorm: 4-77              [313, 1, 512]             [313, 1, 512]             1,024                       0.00%                   --                        320,512
│    │    │    └─MultiheadAttention: 4-78     [313, 1, 512]             [313, 1, 512]             1,050,624                   0.49%                   --                        --
│    │    │    └─LayerNorm: 4-79              [313, 1, 512]             [313, 1, 512]             1,024                       0.00%                   --                        320,512
│    │    │    └─Sequential: 4-80             [313, 1, 512]             [313, 1, 512]             --                             --                   --                        --
│    │    │    │    └─Linear: 5-58            [313, 1, 512]             [313, 1, 2048]            1,050,624                   0.49%                   --                        328,845,312
│    │    │    │    └─GELU: 5-59              [313, 1, 2048]            [313, 1, 2048]            --                             --                   --                        --
│    │    │    │    └─Linear: 5-60            [313, 1, 2048]            [313, 1, 512]             1,049,088                   0.49%                   --                        328,364,544
│    │    └─ResidualAttentionBlock: 3-647     [313, 1, 512]             [313, 1, 512]             --                             --                   --                        --
│    │    │    └─LayerNorm: 4-81              [313, 1, 512]             [313, 1, 512]             1,024                       0.00%                   --                        320,512
│    │    │    └─MultiheadAttention: 4-82     [313, 1, 512]             [313, 1, 512]             1,050,624                   0.49%                   --                        --
│    │    │    └─LayerNorm: 4-83              [313, 1, 512]             [313, 1, 512]             1,024                       0.00%                   --                        320,512
│    │    │    └─Sequential: 4-84             [313, 1, 512]             [313, 1, 512]             --                             --                   --                        --
│    │    │    │    └─Linear: 5-61            [313, 1, 512]             [313, 1, 2048]            1,050,624                   0.49%                   --                        328,845,312
│    │    │    │    └─GELU: 5-62              [313, 1, 2048]            [313, 1, 2048]            --                             --                   --                        --
│    │    │    │    └─Linear: 5-63            [313, 1, 2048]            [313, 1, 512]             1,049,088                   0.49%                   --                        328,364,544
│    │    └─ResidualAttentionBlock: 3-648     [313, 1, 512]             [313, 1, 512]             --                             --                   --                        --
│    │    │    └─LayerNorm: 4-85              [313, 1, 512]             [313, 1, 512]             1,024                       0.00%                   --                        320,512
│    │    │    └─MultiheadAttention: 4-86     [313, 1, 512]             [313, 1, 512]             1,050,624                   0.49%                   --                        --
│    │    │    └─LayerNorm: 4-87              [313, 1, 512]             [313, 1, 512]             1,024                       0.00%                   --                        320,512
│    │    │    └─Sequential: 4-88             [313, 1, 512]             [313, 1, 512]             --                             --                   --                        --
│    │    │    │    └─Linear: 5-64            [313, 1, 512]             [313, 1, 2048]            1,050,624                   0.49%                   --                        328,845,312
│    │    │    │    └─GELU: 5-65              [313, 1, 2048]            [313, 1, 2048]            --                             --                   --                        --
│    │    │    │    └─Linear: 5-66            [313, 1, 2048]            [313, 1, 512]             1,049,088                   0.49%                   --                        328,364,544
│    │    └─ResidualAttentionBlock: 3-649     [313, 1, 512]             [313, 1, 512]             --                             --                   --                        --
│    │    │    └─LayerNorm: 4-89              [313, 1, 512]             [313, 1, 512]             1,024                       0.00%                   --                        320,512
│    │    │    └─MultiheadAttention: 4-90     [313, 1, 512]             [313, 1, 512]             1,050,624                   0.49%                   --                        --
│    │    │    └─LayerNorm: 4-91              [313, 1, 512]             [313, 1, 512]             1,024                       0.00%                   --                        320,512
│    │    │    └─Sequential: 4-92             [313, 1, 512]             [313, 1, 512]             --                             --                   --                        --
│    │    │    │    └─Linear: 5-67            [313, 1, 512]             [313, 1, 2048]            1,050,624                   0.49%                   --                        328,845,312
│    │    │    │    └─GELU: 5-68              [313, 1, 2048]            [313, 1, 2048]            --                             --                   --                        --
│    │    │    │    └─Linear: 5-69            [313, 1, 2048]            [313, 1, 512]             1,049,088                   0.49%                   --                        328,364,544
│    │    └─ResidualAttentionBlock: 3-650     [313, 1, 512]             [313, 1, 512]             --                             --                   --                        --
│    │    │    └─LayerNorm: 4-93              [313, 1, 512]             [313, 1, 512]             1,024                       0.00%                   --                        320,512
│    │    │    └─MultiheadAttention: 4-94     [313, 1, 512]             [313, 1, 512]             1,050,624                   0.49%                   --                        --
│    │    │    └─LayerNorm: 4-95              [313, 1, 512]             [313, 1, 512]             1,024                       0.00%                   --                        320,512
│    │    │    └─Sequential: 4-96             [313, 1, 512]             [313, 1, 512]             --                             --                   --                        --
│    │    │    │    └─Linear: 5-70            [313, 1, 512]             [313, 1, 2048]            1,050,624                   0.49%                   --                        328,845,312
│    │    │    │    └─GELU: 5-71              [313, 1, 2048]            [313, 1, 2048]            --                             --                   --                        --
│    │    │    │    └─Linear: 5-72            [313, 1, 2048]            [313, 1, 512]             1,049,088                   0.49%                   --                        328,364,544
│    └─LayerNorm: 2-17                        [1, 313, 512]             [1, 313, 512]             1,024                       0.00%                   --                        1,024
│    └─ModuleDict: 2-28                       --                        --                        (recursive)               (recursive)               --                        --
│    │    └─Sequential: 3-651                 [1, 512]                  [1, 512, 16, 16]          --                             --                   --                        --
│    │    │    └─Linear: 4-97                 [1, 512]                  [1, 131072]               67,239,936                 31.35%                   --                        67,239,936
│    │    │    └─Rearrange: 4-98              [1, 131072]               [1, 512, 16, 16]          --                             --                   --                        --
│    └─ModuleList: 2-27                       --                        --                        (recursive)               (recursive)               --                        --
│    │    └─Sequential: 3-652                 [1, 512, 16, 16]          [1, 256, 32, 32]          --                             --                   --                        --
│    │    │    └─Conv2d: 4-99                 [1, 512, 16, 16]          [1, 512, 16, 16]          2,359,808                   1.10%                   [3, 3]                    604,110,848
│    │    │    └─GroupNorm: 4-100             [1, 512, 16, 16]          [1, 512, 16, 16]          1,024                       0.00%                   --                        1,024
│    │    │    └─GELU: 4-101                  [1, 512, 16, 16]          [1, 512, 16, 16]          --                             --                   --                        --
│    │    │    └─ConvTranspose2d: 4-102       [1, 512, 16, 16]          [1, 256, 32, 32]          524,544                     0.24%                   [2, 2]                    537,133,056
│    └─ModuleDict: 2-28                       --                        --                        (recursive)               (recursive)               --                        --
│    │    └─Sequential: 3-653                 [1, 512]                  [1, 256, 16, 16]          --                             --                   --                        --
│    │    │    └─Linear: 4-103                [1, 512]                  [1, 65536]                33,619,968                 15.68%                   --                        33,619,968
│    │    │    └─Rearrange: 4-104             [1, 65536]                [1, 256, 16, 16]          --                             --                   --                        --
│    │    └─Sequential: 3-654                 [1, 512]                  [1, 256, 16, 16]          (recursive)               (recursive)               --                        --
│    │    │    └─Linear: 4-105                [1, 512]                  [1, 65536]                (recursive)               (recursive)               --                        33,619,968
│    │    │    └─Rearrange: 4-106             [1, 65536]                [1, 256, 16, 16]          --                        (recursive)               --                        --
│    │    └─Sequential: 3-655                 [1, 512]                  [1, 256, 16, 16]          (recursive)               (recursive)               --                        --
│    │    │    └─Linear: 4-107                [1, 512]                  [1, 65536]                (recursive)               (recursive)               --                        33,619,968
│    │    │    └─Rearrange: 4-108             [1, 65536]                [1, 256, 16, 16]          --                        (recursive)               --                        --
│    │    └─Sequential: 3-656                 [1, 512]                  [1, 256, 16, 16]          (recursive)               (recursive)               --                        --
│    │    │    └─Linear: 4-109                [1, 512]                  [1, 65536]                (recursive)               (recursive)               --                        33,619,968
│    │    │    └─Rearrange: 4-110             [1, 65536]                [1, 256, 16, 16]          --                        (recursive)               --                        --
│    └─ModuleList: 2-27                       --                        --                        (recursive)               (recursive)               --                        --
│    │    └─Sequential: 3-657                 [1, 256, 32, 32]          [1, 128, 64, 64]          --                             --                   --                        --
│    │    │    └─Conv2d: 4-111                [1, 256, 32, 32]          [1, 256, 32, 32]          590,080                     0.28%                   [3, 3]                    604,241,920
│    │    │    └─GroupNorm: 4-112             [1, 256, 32, 32]          [1, 256, 32, 32]          512                         0.00%                   --                        512
│    │    │    └─GELU: 4-113                  [1, 256, 32, 32]          [1, 256, 32, 32]          --                             --                   --                        --
│    │    │    └─ConvTranspose2d: 4-114       [1, 256, 32, 32]          [1, 128, 64, 64]          131,200                     0.06%                   [2, 2]                    537,395,200
│    └─ModuleDict: 2-28                       --                        --                        (recursive)               (recursive)               --                        --
│    │    └─Sequential: 3-658                 [1, 512]                  [1, 128, 16, 16]          --                             --                   --                        --
│    │    │    └─Linear: 4-115                [1, 512]                  [1, 32768]                16,809,984                  7.84%                   --                        16,809,984
│    │    │    └─Rearrange: 4-116             [1, 32768]                [1, 128, 16, 16]          --                             --                   --                        --
│    │    └─Sequential: 3-659                 [1, 512]                  [1, 128, 16, 16]          (recursive)               (recursive)               --                        --
│    │    │    └─Linear: 4-117                [1, 512]                  [1, 32768]                (recursive)               (recursive)               --                        16,809,984
│    │    │    └─Rearrange: 4-118             [1, 32768]                [1, 128, 16, 16]          --                        (recursive)               --                        --
│    │    └─Sequential: 3-660                 [1, 512]                  [1, 128, 16, 16]          (recursive)               (recursive)               --                        --
│    │    │    └─Linear: 4-119                [1, 512]                  [1, 32768]                (recursive)               (recursive)               --                        16,809,984
│    │    │    └─Rearrange: 4-120             [1, 32768]                [1, 128, 16, 16]          --                        (recursive)               --                        --
│    │    └─Sequential: 3-661                 [1, 512]                  [1, 128, 16, 16]          (recursive)               (recursive)               --                        --
│    │    │    └─Linear: 4-121                [1, 512]                  [1, 32768]                (recursive)               (recursive)               --                        16,809,984
│    │    │    └─Rearrange: 4-122             [1, 32768]                [1, 128, 16, 16]          --                        (recursive)               --                        --
│    │    └─Sequential: 3-662                 [1, 512]                  [1, 128, 16, 16]          (recursive)               (recursive)               --                        --
│    │    │    └─Linear: 4-123                [1, 512]                  [1, 32768]                (recursive)               (recursive)               --                        16,809,984
│    │    │    └─Rearrange: 4-124             [1, 32768]                [1, 128, 16, 16]          --                        (recursive)               --                        --
│    │    └─Sequential: 3-663                 [1, 512]                  [1, 128, 16, 16]          (recursive)               (recursive)               --                        --
│    │    │    └─Linear: 4-125                [1, 512]                  [1, 32768]                (recursive)               (recursive)               --                        16,809,984
│    │    │    └─Rearrange: 4-126             [1, 32768]                [1, 128, 16, 16]          --                        (recursive)               --                        --
│    │    └─Sequential: 3-664                 [1, 512]                  [1, 128, 16, 16]          (recursive)               (recursive)               --                        --
│    │    │    └─Linear: 4-127                [1, 512]                  [1, 32768]                (recursive)               (recursive)               --                        16,809,984
│    │    │    └─Rearrange: 4-128             [1, 32768]                [1, 128, 16, 16]          --                        (recursive)               --                        --
│    │    └─Sequential: 3-665                 [1, 512]                  [1, 128, 16, 16]          (recursive)               (recursive)               --                        --
│    │    │    └─Linear: 4-129                [1, 512]                  [1, 32768]                (recursive)               (recursive)               --                        16,809,984
│    │    │    └─Rearrange: 4-130             [1, 32768]                [1, 128, 16, 16]          --                        (recursive)               --                        --
│    │    └─Sequential: 3-666                 [1, 512]                  [1, 128, 16, 16]          (recursive)               (recursive)               --                        --
│    │    │    └─Linear: 4-131                [1, 512]                  [1, 32768]                (recursive)               (recursive)               --                        16,809,984
│    │    │    └─Rearrange: 4-132             [1, 32768]                [1, 128, 16, 16]          --                        (recursive)               --                        --
│    │    └─Sequential: 3-667                 [1, 512]                  [1, 128, 16, 16]          (recursive)               (recursive)               --                        --
│    │    │    └─Linear: 4-133                [1, 512]                  [1, 32768]                (recursive)               (recursive)               --                        16,809,984
│    │    │    └─Rearrange: 4-134             [1, 32768]                [1, 128, 16, 16]          --                        (recursive)               --                        --
│    │    └─Sequential: 3-668                 [1, 512]                  [1, 128, 16, 16]          (recursive)               (recursive)               --                        --
│    │    │    └─Linear: 4-135                [1, 512]                  [1, 32768]                (recursive)               (recursive)               --                        16,809,984
│    │    │    └─Rearrange: 4-136             [1, 32768]                [1, 128, 16, 16]          --                        (recursive)               --                        --
│    │    └─Sequential: 3-669                 [1, 512]                  [1, 128, 16, 16]          (recursive)               (recursive)               --                        --
│    │    │    └─Linear: 4-137                [1, 512]                  [1, 32768]                (recursive)               (recursive)               --                        16,809,984
│    │    │    └─Rearrange: 4-138             [1, 32768]                [1, 128, 16, 16]          --                        (recursive)               --                        --
│    │    └─Sequential: 3-670                 [1, 512]                  [1, 128, 16, 16]          (recursive)               (recursive)               --                        --
│    │    │    └─Linear: 4-139                [1, 512]                  [1, 32768]                (recursive)               (recursive)               --                        16,809,984
│    │    │    └─Rearrange: 4-140             [1, 32768]                [1, 128, 16, 16]          --                        (recursive)               --                        --
│    │    └─Sequential: 3-671                 [1, 512]                  [1, 128, 16, 16]          (recursive)               (recursive)               --                        --
│    │    │    └─Linear: 4-141                [1, 512]                  [1, 32768]                (recursive)               (recursive)               --                        16,809,984
│    │    │    └─Rearrange: 4-142             [1, 32768]                [1, 128, 16, 16]          --                        (recursive)               --                        --
│    │    └─Sequential: 3-672                 [1, 512]                  [1, 128, 16, 16]          (recursive)               (recursive)               --                        --
│    │    │    └─Linear: 4-143                [1, 512]                  [1, 32768]                (recursive)               (recursive)               --                        16,809,984
│    │    │    └─Rearrange: 4-144             [1, 32768]                [1, 128, 16, 16]          --                        (recursive)               --                        --
│    │    └─Sequential: 3-673                 [1, 512]                  [1, 128, 16, 16]          (recursive)               (recursive)               --                        --
│    │    │    └─Linear: 4-145                [1, 512]                  [1, 32768]                (recursive)               (recursive)               --                        16,809,984
│    │    │    └─Rearrange: 4-146             [1, 32768]                [1, 128, 16, 16]          --                        (recursive)               --                        --
│    └─ModuleList: 2-27                       --                        --                        (recursive)               (recursive)               --                        --
│    │    └─Sequential: 3-674                 [1, 128, 64, 64]          [1, 64, 128, 128]         --                             --                   --                        --
│    │    │    └─Conv2d: 4-147                [1, 128, 64, 64]          [1, 128, 64, 64]          147,584                     0.07%                   [3, 3]                    604,504,064
│    │    │    └─GroupNorm: 4-148             [1, 128, 64, 64]          [1, 128, 64, 64]          256                         0.00%                   --                        256
│    │    │    └─GELU: 4-149                  [1, 128, 64, 64]          [1, 128, 64, 64]          --                             --                   --                        --
│    │    │    └─ConvTranspose2d: 4-150       [1, 128, 64, 64]          [1, 64, 128, 128]         32,832                      0.02%                   [2, 2]                    537,919,488
│    └─ModuleDict: 2-28                       --                        --                        (recursive)               (recursive)               --                        --
│    │    └─Sequential: 3-675                 [1, 512]                  [1, 64, 16, 16]           --                             --                   --                        --
│    │    │    └─Linear: 4-151                [1, 512]                  [1, 16384]                8,404,992                   3.92%                   --                        8,404,992
│    │    │    └─Rearrange: 4-152             [1, 16384]                [1, 64, 16, 16]           --                             --                   --                        --
│    │    └─Sequential: 3-676                 [1, 512]                  [1, 64, 16, 16]           (recursive)               (recursive)               --                        --
│    │    │    └─Linear: 4-153                [1, 512]                  [1, 16384]                (recursive)               (recursive)               --                        8,404,992
│    │    │    └─Rearrange: 4-154             [1, 16384]                [1, 64, 16, 16]           --                        (recursive)               --                        --
│    │    └─Sequential: 3-677                 [1, 512]                  [1, 64, 16, 16]           (recursive)               (recursive)               --                        --
│    │    │    └─Linear: 4-155                [1, 512]                  [1, 16384]                (recursive)               (recursive)               --                        8,404,992
│    │    │    └─Rearrange: 4-156             [1, 16384]                [1, 64, 16, 16]           --                        (recursive)               --                        --
│    │    └─Sequential: 3-678                 [1, 512]                  [1, 64, 16, 16]           (recursive)               (recursive)               --                        --
│    │    │    └─Linear: 4-157                [1, 512]                  [1, 16384]                (recursive)               (recursive)               --                        8,404,992
│    │    │    └─Rearrange: 4-158             [1, 16384]                [1, 64, 16, 16]           --                        (recursive)               --                        --
│    │    └─Sequential: 3-679                 [1, 512]                  [1, 64, 16, 16]           (recursive)               (recursive)               --                        --
│    │    │    └─Linear: 4-159                [1, 512]                  [1, 16384]                (recursive)               (recursive)               --                        8,404,992
│    │    │    └─Rearrange: 4-160             [1, 16384]                [1, 64, 16, 16]           --                        (recursive)               --                        --
│    │    └─Sequential: 3-680                 [1, 512]                  [1, 64, 16, 16]           (recursive)               (recursive)               --                        --
│    │    │    └─Linear: 4-161                [1, 512]                  [1, 16384]                (recursive)               (recursive)               --                        8,404,992
│    │    │    └─Rearrange: 4-162             [1, 16384]                [1, 64, 16, 16]           --                        (recursive)               --                        --
│    │    └─Sequential: 3-681                 [1, 512]                  [1, 64, 16, 16]           (recursive)               (recursive)               --                        --
│    │    │    └─Linear: 4-163                [1, 512]                  [1, 16384]                (recursive)               (recursive)               --                        8,404,992
│    │    │    └─Rearrange: 4-164             [1, 16384]                [1, 64, 16, 16]           --                        (recursive)               --                        --
│    │    └─Sequential: 3-682                 [1, 512]                  [1, 64, 16, 16]           (recursive)               (recursive)               --                        --
│    │    │    └─Linear: 4-165                [1, 512]                  [1, 16384]                (recursive)               (recursive)               --                        8,404,992
│    │    │    └─Rearrange: 4-166             [1, 16384]                [1, 64, 16, 16]           --                        (recursive)               --                        --
│    │    └─Sequential: 3-683                 [1, 512]                  [1, 64, 16, 16]           (recursive)               (recursive)               --                        --
│    │    │    └─Linear: 4-167                [1, 512]                  [1, 16384]                (recursive)               (recursive)               --                        8,404,992
│    │    │    └─Rearrange: 4-168             [1, 16384]                [1, 64, 16, 16]           --                        (recursive)               --                        --
│    │    └─Sequential: 3-684                 [1, 512]                  [1, 64, 16, 16]           (recursive)               (recursive)               --                        --
│    │    │    └─Linear: 4-169                [1, 512]                  [1, 16384]                (recursive)               (recursive)               --                        8,404,992
│    │    │    └─Rearrange: 4-170             [1, 16384]                [1, 64, 16, 16]           --                        (recursive)               --                        --
│    │    └─Sequential: 3-685                 [1, 512]                  [1, 64, 16, 16]           (recursive)               (recursive)               --                        --
│    │    │    └─Linear: 4-171                [1, 512]                  [1, 16384]                (recursive)               (recursive)               --                        8,404,992
│    │    │    └─Rearrange: 4-172             [1, 16384]                [1, 64, 16, 16]           --                        (recursive)               --                        --
│    │    └─Sequential: 3-686                 [1, 512]                  [1, 64, 16, 16]           (recursive)               (recursive)               --                        --
│    │    │    └─Linear: 4-173                [1, 512]                  [1, 16384]                (recursive)               (recursive)               --                        8,404,992
│    │    │    └─Rearrange: 4-174             [1, 16384]                [1, 64, 16, 16]           --                        (recursive)               --                        --
│    │    └─Sequential: 3-687                 [1, 512]                  [1, 64, 16, 16]           (recursive)               (recursive)               --                        --
│    │    │    └─Linear: 4-175                [1, 512]                  [1, 16384]                (recursive)               (recursive)               --                        8,404,992
│    │    │    └─Rearrange: 4-176             [1, 16384]                [1, 64, 16, 16]           --                        (recursive)               --                        --
│    │    └─Sequential: 3-688                 [1, 512]                  [1, 64, 16, 16]           (recursive)               (recursive)               --                        --
│    │    │    └─Linear: 4-177                [1, 512]                  [1, 16384]                (recursive)               (recursive)               --                        8,404,992
│    │    │    └─Rearrange: 4-178             [1, 16384]                [1, 64, 16, 16]           --                        (recursive)               --                        --
│    │    └─Sequential: 3-689                 [1, 512]                  [1, 64, 16, 16]           (recursive)               (recursive)               --                        --
│    │    │    └─Linear: 4-179                [1, 512]                  [1, 16384]                (recursive)               (recursive)               --                        8,404,992
│    │    │    └─Rearrange: 4-180             [1, 16384]                [1, 64, 16, 16]           --                        (recursive)               --                        --
│    │    └─Sequential: 3-690                 [1, 512]                  [1, 64, 16, 16]           (recursive)               (recursive)               --                        --
│    │    │    └─Linear: 4-181                [1, 512]                  [1, 16384]                (recursive)               (recursive)               --                        8,404,992
│    │    │    └─Rearrange: 4-182             [1, 16384]                [1, 64, 16, 16]           --                        (recursive)               --                        --
│    │    └─Sequential: 3-691                 [1, 512]                  [1, 64, 16, 16]           (recursive)               (recursive)               --                        --
│    │    │    └─Linear: 4-183                [1, 512]                  [1, 16384]                (recursive)               (recursive)               --                        8,404,992
│    │    │    └─Rearrange: 4-184             [1, 16384]                [1, 64, 16, 16]           --                        (recursive)               --                        --
│    │    └─Sequential: 3-692                 [1, 512]                  [1, 64, 16, 16]           (recursive)               (recursive)               --                        --
│    │    │    └─Linear: 4-185                [1, 512]                  [1, 16384]                (recursive)               (recursive)               --                        8,404,992
│    │    │    └─Rearrange: 4-186             [1, 16384]                [1, 64, 16, 16]           --                        (recursive)               --                        --
│    │    └─Sequential: 3-693                 [1, 512]                  [1, 64, 16, 16]           (recursive)               (recursive)               --                        --
│    │    │    └─Linear: 4-187                [1, 512]                  [1, 16384]                (recursive)               (recursive)               --                        8,404,992
│    │    │    └─Rearrange: 4-188             [1, 16384]                [1, 64, 16, 16]           --                        (recursive)               --                        --
│    │    └─Sequential: 3-694                 [1, 512]                  [1, 64, 16, 16]           (recursive)               (recursive)               --                        --
│    │    │    └─Linear: 4-189                [1, 512]                  [1, 16384]                (recursive)               (recursive)               --                        8,404,992
│    │    │    └─Rearrange: 4-190             [1, 16384]                [1, 64, 16, 16]           --                        (recursive)               --                        --
│    │    └─Sequential: 3-695                 [1, 512]                  [1, 64, 16, 16]           (recursive)               (recursive)               --                        --
│    │    │    └─Linear: 4-191                [1, 512]                  [1, 16384]                (recursive)               (recursive)               --                        8,404,992
│    │    │    └─Rearrange: 4-192             [1, 16384]                [1, 64, 16, 16]           --                        (recursive)               --                        --
│    │    └─Sequential: 3-696                 [1, 512]                  [1, 64, 16, 16]           (recursive)               (recursive)               --                        --
│    │    │    └─Linear: 4-193                [1, 512]                  [1, 16384]                (recursive)               (recursive)               --                        8,404,992
│    │    │    └─Rearrange: 4-194             [1, 16384]                [1, 64, 16, 16]           --                        (recursive)               --                        --
│    │    └─Sequential: 3-697                 [1, 512]                  [1, 64, 16, 16]           (recursive)               (recursive)               --                        --
│    │    │    └─Linear: 4-195                [1, 512]                  [1, 16384]                (recursive)               (recursive)               --                        8,404,992
│    │    │    └─Rearrange: 4-196             [1, 16384]                [1, 64, 16, 16]           --                        (recursive)               --                        --
│    │    └─Sequential: 3-698                 [1, 512]                  [1, 64, 16, 16]           (recursive)               (recursive)               --                        --
│    │    │    └─Linear: 4-197                [1, 512]                  [1, 16384]                (recursive)               (recursive)               --                        8,404,992
│    │    │    └─Rearrange: 4-198             [1, 16384]                [1, 64, 16, 16]           --                        (recursive)               --                        --
│    │    └─Sequential: 3-699                 [1, 512]                  [1, 64, 16, 16]           (recursive)               (recursive)               --                        --
│    │    │    └─Linear: 4-199                [1, 512]                  [1, 16384]                (recursive)               (recursive)               --                        8,404,992
│    │    │    └─Rearrange: 4-200             [1, 16384]                [1, 64, 16, 16]           --                        (recursive)               --                        --
│    │    └─Sequential: 3-700                 [1, 512]                  [1, 64, 16, 16]           (recursive)               (recursive)               --                        --
│    │    │    └─Linear: 4-201                [1, 512]                  [1, 16384]                (recursive)               (recursive)               --                        8,404,992
│    │    │    └─Rearrange: 4-202             [1, 16384]                [1, 64, 16, 16]           --                        (recursive)               --                        --
│    │    └─Sequential: 3-701                 [1, 512]                  [1, 64, 16, 16]           (recursive)               (recursive)               --                        --
│    │    │    └─Linear: 4-203                [1, 512]                  [1, 16384]                (recursive)               (recursive)               --                        8,404,992
│    │    │    └─Rearrange: 4-204             [1, 16384]                [1, 64, 16, 16]           --                        (recursive)               --                        --
│    │    └─Sequential: 3-702                 [1, 512]                  [1, 64, 16, 16]           (recursive)               (recursive)               --                        --
│    │    │    └─Linear: 4-205                [1, 512]                  [1, 16384]                (recursive)               (recursive)               --                        8,404,992
│    │    │    └─Rearrange: 4-206             [1, 16384]                [1, 64, 16, 16]           --                        (recursive)               --                        --
│    │    └─Sequential: 3-703                 [1, 512]                  [1, 64, 16, 16]           (recursive)               (recursive)               --                        --
│    │    │    └─Linear: 4-207                [1, 512]                  [1, 16384]                (recursive)               (recursive)               --                        8,404,992
│    │    │    └─Rearrange: 4-208             [1, 16384]                [1, 64, 16, 16]           --                        (recursive)               --                        --
│    │    └─Sequential: 3-704                 [1, 512]                  [1, 64, 16, 16]           (recursive)               (recursive)               --                        --
│    │    │    └─Linear: 4-209                [1, 512]                  [1, 16384]                (recursive)               (recursive)               --                        8,404,992
│    │    │    └─Rearrange: 4-210             [1, 16384]                [1, 64, 16, 16]           --                        (recursive)               --                        --
│    │    └─Sequential: 3-705                 [1, 512]                  [1, 64, 16, 16]           (recursive)               (recursive)               --                        --
│    │    │    └─Linear: 4-211                [1, 512]                  [1, 16384]                (recursive)               (recursive)               --                        8,404,992
│    │    │    └─Rearrange: 4-212             [1, 16384]                [1, 64, 16, 16]           --                        (recursive)               --                        --
│    │    └─Sequential: 3-706                 [1, 512]                  [1, 64, 16, 16]           (recursive)               (recursive)               --                        --
│    │    │    └─Linear: 4-213                [1, 512]                  [1, 16384]                (recursive)               (recursive)               --                        8,404,992
│    │    │    └─Rearrange: 4-214             [1, 16384]                [1, 64, 16, 16]           --                        (recursive)               --                        --
│    │    └─Sequential: 3-707                 [1, 512]                  [1, 64, 16, 16]           (recursive)               (recursive)               --                        --
│    │    │    └─Linear: 4-215                [1, 512]                  [1, 16384]                (recursive)               (recursive)               --                        8,404,992
│    │    │    └─Rearrange: 4-216             [1, 16384]                [1, 64, 16, 16]           --                        (recursive)               --                        --
│    │    └─Sequential: 3-708                 [1, 512]                  [1, 64, 16, 16]           (recursive)               (recursive)               --                        --
│    │    │    └─Linear: 4-217                [1, 512]                  [1, 16384]                (recursive)               (recursive)               --                        8,404,992
│    │    │    └─Rearrange: 4-218             [1, 16384]                [1, 64, 16, 16]           --                        (recursive)               --                        --
│    │    └─Sequential: 3-709                 [1, 512]                  [1, 64, 16, 16]           (recursive)               (recursive)               --                        --
│    │    │    └─Linear: 4-219                [1, 512]                  [1, 16384]                (recursive)               (recursive)               --                        8,404,992
│    │    │    └─Rearrange: 4-220             [1, 16384]                [1, 64, 16, 16]           --                        (recursive)               --                        --
│    │    └─Sequential: 3-710                 [1, 512]                  [1, 64, 16, 16]           (recursive)               (recursive)               --                        --
│    │    │    └─Linear: 4-221                [1, 512]                  [1, 16384]                (recursive)               (recursive)               --                        8,404,992
│    │    │    └─Rearrange: 4-222             [1, 16384]                [1, 64, 16, 16]           --                        (recursive)               --                        --
│    │    └─Sequential: 3-711                 [1, 512]                  [1, 64, 16, 16]           (recursive)               (recursive)               --                        --
│    │    │    └─Linear: 4-223                [1, 512]                  [1, 16384]                (recursive)               (recursive)               --                        8,404,992
│    │    │    └─Rearrange: 4-224             [1, 16384]                [1, 64, 16, 16]           --                        (recursive)               --                        --
│    │    └─Sequential: 3-712                 [1, 512]                  [1, 64, 16, 16]           (recursive)               (recursive)               --                        --
│    │    │    └─Linear: 4-225                [1, 512]                  [1, 16384]                (recursive)               (recursive)               --                        8,404,992
│    │    │    └─Rearrange: 4-226             [1, 16384]                [1, 64, 16, 16]           --                        (recursive)               --                        --
│    │    └─Sequential: 3-713                 [1, 512]                  [1, 64, 16, 16]           (recursive)               (recursive)               --                        --
│    │    │    └─Linear: 4-227                [1, 512]                  [1, 16384]                (recursive)               (recursive)               --                        8,404,992
│    │    │    └─Rearrange: 4-228             [1, 16384]                [1, 64, 16, 16]           --                        (recursive)               --                        --
│    │    └─Sequential: 3-714                 [1, 512]                  [1, 64, 16, 16]           (recursive)               (recursive)               --                        --
│    │    │    └─Linear: 4-229                [1, 512]                  [1, 16384]                (recursive)               (recursive)               --                        8,404,992
│    │    │    └─Rearrange: 4-230             [1, 16384]                [1, 64, 16, 16]           --                        (recursive)               --                        --
│    │    └─Sequential: 3-715                 [1, 512]                  [1, 64, 16, 16]           (recursive)               (recursive)               --                        --
│    │    │    └─Linear: 4-231                [1, 512]                  [1, 16384]                (recursive)               (recursive)               --                        8,404,992
│    │    │    └─Rearrange: 4-232             [1, 16384]                [1, 64, 16, 16]           --                        (recursive)               --                        --
│    │    └─Sequential: 3-716                 [1, 512]                  [1, 64, 16, 16]           (recursive)               (recursive)               --                        --
│    │    │    └─Linear: 4-233                [1, 512]                  [1, 16384]                (recursive)               (recursive)               --                        8,404,992
│    │    │    └─Rearrange: 4-234             [1, 16384]                [1, 64, 16, 16]           --                        (recursive)               --                        --
│    │    └─Sequential: 3-717                 [1, 512]                  [1, 64, 16, 16]           (recursive)               (recursive)               --                        --
│    │    │    └─Linear: 4-235                [1, 512]                  [1, 16384]                (recursive)               (recursive)               --                        8,404,992
│    │    │    └─Rearrange: 4-236             [1, 16384]                [1, 64, 16, 16]           --                        (recursive)               --                        --
│    │    └─Sequential: 3-718                 [1, 512]                  [1, 64, 16, 16]           (recursive)               (recursive)               --                        --
│    │    │    └─Linear: 4-237                [1, 512]                  [1, 16384]                (recursive)               (recursive)               --                        8,404,992
│    │    │    └─Rearrange: 4-238             [1, 16384]                [1, 64, 16, 16]           --                        (recursive)               --                        --
│    │    └─Sequential: 3-719                 [1, 512]                  [1, 64, 16, 16]           (recursive)               (recursive)               --                        --
│    │    │    └─Linear: 4-239                [1, 512]                  [1, 16384]                (recursive)               (recursive)               --                        8,404,992
│    │    │    └─Rearrange: 4-240             [1, 16384]                [1, 64, 16, 16]           --                        (recursive)               --                        --
│    │    └─Sequential: 3-720                 [1, 512]                  [1, 64, 16, 16]           (recursive)               (recursive)               --                        --
│    │    │    └─Linear: 4-241                [1, 512]                  [1, 16384]                (recursive)               (recursive)               --                        8,404,992
│    │    │    └─Rearrange: 4-242             [1, 16384]                [1, 64, 16, 16]           --                        (recursive)               --                        --
│    │    └─Sequential: 3-721                 [1, 512]                  [1, 64, 16, 16]           (recursive)               (recursive)               --                        --
│    │    │    └─Linear: 4-243                [1, 512]                  [1, 16384]                (recursive)               (recursive)               --                        8,404,992
│    │    │    └─Rearrange: 4-244             [1, 16384]                [1, 64, 16, 16]           --                        (recursive)               --                        --
│    │    └─Sequential: 3-722                 [1, 512]                  [1, 64, 16, 16]           (recursive)               (recursive)               --                        --
│    │    │    └─Linear: 4-245                [1, 512]                  [1, 16384]                (recursive)               (recursive)               --                        8,404,992
│    │    │    └─Rearrange: 4-246             [1, 16384]                [1, 64, 16, 16]           --                        (recursive)               --                        --
│    │    └─Sequential: 3-723                 [1, 512]                  [1, 64, 16, 16]           (recursive)               (recursive)               --                        --
│    │    │    └─Linear: 4-247                [1, 512]                  [1, 16384]                (recursive)               (recursive)               --                        8,404,992
│    │    │    └─Rearrange: 4-248             [1, 16384]                [1, 64, 16, 16]           --                        (recursive)               --                        --
│    │    └─Sequential: 3-724                 [1, 512]                  [1, 64, 16, 16]           (recursive)               (recursive)               --                        --
│    │    │    └─Linear: 4-249                [1, 512]                  [1, 16384]                (recursive)               (recursive)               --                        8,404,992
│    │    │    └─Rearrange: 4-250             [1, 16384]                [1, 64, 16, 16]           --                        (recursive)               --                        --
│    │    └─Sequential: 3-725                 [1, 512]                  [1, 64, 16, 16]           (recursive)               (recursive)               --                        --
│    │    │    └─Linear: 4-251                [1, 512]                  [1, 16384]                (recursive)               (recursive)               --                        8,404,992
│    │    │    └─Rearrange: 4-252             [1, 16384]                [1, 64, 16, 16]           --                        (recursive)               --                        --
│    │    └─Sequential: 3-726                 [1, 512]                  [1, 64, 16, 16]           (recursive)               (recursive)               --                        --
│    │    │    └─Linear: 4-253                [1, 512]                  [1, 16384]                (recursive)               (recursive)               --                        8,404,992
│    │    │    └─Rearrange: 4-254             [1, 16384]                [1, 64, 16, 16]           --                        (recursive)               --                        --
│    │    └─Sequential: 3-727                 [1, 512]                  [1, 64, 16, 16]           (recursive)               (recursive)               --                        --
│    │    │    └─Linear: 4-255                [1, 512]                  [1, 16384]                (recursive)               (recursive)               --                        8,404,992
│    │    │    └─Rearrange: 4-256             [1, 16384]                [1, 64, 16, 16]           --                        (recursive)               --                        --
│    │    └─Sequential: 3-728                 [1, 512]                  [1, 64, 16, 16]           (recursive)               (recursive)               --                        --
│    │    │    └─Linear: 4-257                [1, 512]                  [1, 16384]                (recursive)               (recursive)               --                        8,404,992
│    │    │    └─Rearrange: 4-258             [1, 16384]                [1, 64, 16, 16]           --                        (recursive)               --                        --
│    │    └─Sequential: 3-729                 [1, 512]                  [1, 64, 16, 16]           (recursive)               (recursive)               --                        --
│    │    │    └─Linear: 4-259                [1, 512]                  [1, 16384]                (recursive)               (recursive)               --                        8,404,992
│    │    │    └─Rearrange: 4-260             [1, 16384]                [1, 64, 16, 16]           --                        (recursive)               --                        --
│    │    └─Sequential: 3-730                 [1, 512]                  [1, 64, 16, 16]           (recursive)               (recursive)               --                        --
│    │    │    └─Linear: 4-261                [1, 512]                  [1, 16384]                (recursive)               (recursive)               --                        8,404,992
│    │    │    └─Rearrange: 4-262             [1, 16384]                [1, 64, 16, 16]           --                        (recursive)               --                        --
│    │    └─Sequential: 3-731                 [1, 512]                  [1, 64, 16, 16]           (recursive)               (recursive)               --                        --
│    │    │    └─Linear: 4-263                [1, 512]                  [1, 16384]                (recursive)               (recursive)               --                        8,404,992
│    │    │    └─Rearrange: 4-264             [1, 16384]                [1, 64, 16, 16]           --                        (recursive)               --                        --
│    │    └─Sequential: 3-732                 [1, 512]                  [1, 64, 16, 16]           (recursive)               (recursive)               --                        --
│    │    │    └─Linear: 4-265                [1, 512]                  [1, 16384]                (recursive)               (recursive)               --                        8,404,992
│    │    │    └─Rearrange: 4-266             [1, 16384]                [1, 64, 16, 16]           --                        (recursive)               --                        --
│    │    └─Sequential: 3-733                 [1, 512]                  [1, 64, 16, 16]           (recursive)               (recursive)               --                        --
│    │    │    └─Linear: 4-267                [1, 512]                  [1, 16384]                (recursive)               (recursive)               --                        8,404,992
│    │    │    └─Rearrange: 4-268             [1, 16384]                [1, 64, 16, 16]           --                        (recursive)               --                        --
│    │    └─Sequential: 3-734                 [1, 512]                  [1, 64, 16, 16]           (recursive)               (recursive)               --                        --
│    │    │    └─Linear: 4-269                [1, 512]                  [1, 16384]                (recursive)               (recursive)               --                        8,404,992
│    │    │    └─Rearrange: 4-270             [1, 16384]                [1, 64, 16, 16]           --                        (recursive)               --                        --
│    │    └─Sequential: 3-735                 [1, 512]                  [1, 64, 16, 16]           (recursive)               (recursive)               --                        --
│    │    │    └─Linear: 4-271                [1, 512]                  [1, 16384]                (recursive)               (recursive)               --                        8,404,992
│    │    │    └─Rearrange: 4-272             [1, 16384]                [1, 64, 16, 16]           --                        (recursive)               --                        --
│    │    └─Sequential: 3-736                 [1, 512]                  [1, 64, 16, 16]           (recursive)               (recursive)               --                        --
│    │    │    └─Linear: 4-273                [1, 512]                  [1, 16384]                (recursive)               (recursive)               --                        8,404,992
│    │    │    └─Rearrange: 4-274             [1, 16384]                [1, 64, 16, 16]           --                        (recursive)               --                        --
│    │    └─Sequential: 3-737                 [1, 512]                  [1, 64, 16, 16]           (recursive)               (recursive)               --                        --
│    │    │    └─Linear: 4-275                [1, 512]                  [1, 16384]                (recursive)               (recursive)               --                        8,404,992
│    │    │    └─Rearrange: 4-276             [1, 16384]                [1, 64, 16, 16]           --                        (recursive)               --                        --
│    │    └─Sequential: 3-738                 [1, 512]                  [1, 64, 16, 16]           (recursive)               (recursive)               --                        --
│    │    │    └─Linear: 4-277                [1, 512]                  [1, 16384]                (recursive)               (recursive)               --                        8,404,992
│    │    │    └─Rearrange: 4-278             [1, 16384]                [1, 64, 16, 16]           --                        (recursive)               --                        --
│    └─ModuleList: 2-27                       --                        --                        (recursive)               (recursive)               --                        --
│    │    └─Sequential: 3-739                 [1, 64, 128, 128]         [1, 32, 256, 256]         --                             --                   --                        --
│    │    │    └─Conv2d: 4-279                [1, 64, 128, 128]         [1, 64, 128, 128]         36,928                      0.02%                   [3, 3]                    605,028,352
│    │    │    └─GroupNorm: 4-280             [1, 64, 128, 128]         [1, 64, 128, 128]         128                         0.00%                   --                        128
│    │    │    └─GELU: 4-281                  [1, 64, 128, 128]         [1, 64, 128, 128]         --                             --                   --                        --
│    │    │    └─ConvTranspose2d: 4-282       [1, 64, 128, 128]         [1, 32, 256, 256]         8,224                       0.00%                   [2, 2]                    538,968,064
│    └─ModuleDict: 2-28                       --                        --                        (recursive)               (recursive)               --                        --
│    │    └─Sequential: 3-740                 [1, 512]                  [1, 32, 16, 16]           --                             --                   --                        --
│    │    │    └─Linear: 4-283                [1, 512]                  [1, 8192]                 4,202,496                   1.96%                   --                        4,202,496
│    │    │    └─Rearrange: 4-284             [1, 8192]                 [1, 32, 16, 16]           --                             --                   --                        --
│    │    └─Sequential: 3-741                 [1, 512]                  [1, 32, 16, 16]           (recursive)               (recursive)               --                        --
│    │    │    └─Linear: 4-285                [1, 512]                  [1, 8192]                 (recursive)               (recursive)               --                        4,202,496
│    │    │    └─Rearrange: 4-286             [1, 8192]                 [1, 32, 16, 16]           --                        (recursive)               --                        --
│    │    └─Sequential: 3-742                 [1, 512]                  [1, 32, 16, 16]           (recursive)               (recursive)               --                        --
│    │    │    └─Linear: 4-287                [1, 512]                  [1, 8192]                 (recursive)               (recursive)               --                        4,202,496
│    │    │    └─Rearrange: 4-288             [1, 8192]                 [1, 32, 16, 16]           --                        (recursive)               --                        --
│    │    └─Sequential: 3-743                 [1, 512]                  [1, 32, 16, 16]           (recursive)               (recursive)               --                        --
│    │    │    └─Linear: 4-289                [1, 512]                  [1, 8192]                 (recursive)               (recursive)               --                        4,202,496
│    │    │    └─Rearrange: 4-290             [1, 8192]                 [1, 32, 16, 16]           --                        (recursive)               --                        --
│    │    └─Sequential: 3-744                 [1, 512]                  [1, 32, 16, 16]           (recursive)               (recursive)               --                        --
│    │    │    └─Linear: 4-291                [1, 512]                  [1, 8192]                 (recursive)               (recursive)               --                        4,202,496
│    │    │    └─Rearrange: 4-292             [1, 8192]                 [1, 32, 16, 16]           --                        (recursive)               --                        --
│    │    └─Sequential: 3-745                 [1, 512]                  [1, 32, 16, 16]           (recursive)               (recursive)               --                        --
│    │    │    └─Linear: 4-293                [1, 512]                  [1, 8192]                 (recursive)               (recursive)               --                        4,202,496
│    │    │    └─Rearrange: 4-294             [1, 8192]                 [1, 32, 16, 16]           --                        (recursive)               --                        --
│    │    └─Sequential: 3-746                 [1, 512]                  [1, 32, 16, 16]           (recursive)               (recursive)               --                        --
│    │    │    └─Linear: 4-295                [1, 512]                  [1, 8192]                 (recursive)               (recursive)               --                        4,202,496
│    │    │    └─Rearrange: 4-296             [1, 8192]                 [1, 32, 16, 16]           --                        (recursive)               --                        --
│    │    └─Sequential: 3-747                 [1, 512]                  [1, 32, 16, 16]           (recursive)               (recursive)               --                        --
│    │    │    └─Linear: 4-297                [1, 512]                  [1, 8192]                 (recursive)               (recursive)               --                        4,202,496
│    │    │    └─Rearrange: 4-298             [1, 8192]                 [1, 32, 16, 16]           --                        (recursive)               --                        --
│    │    └─Sequential: 3-748                 [1, 512]                  [1, 32, 16, 16]           (recursive)               (recursive)               --                        --
│    │    │    └─Linear: 4-299                [1, 512]                  [1, 8192]                 (recursive)               (recursive)               --                        4,202,496
│    │    │    └─Rearrange: 4-300             [1, 8192]                 [1, 32, 16, 16]           --                        (recursive)               --                        --
│    │    └─Sequential: 3-749                 [1, 512]                  [1, 32, 16, 16]           (recursive)               (recursive)               --                        --
│    │    │    └─Linear: 4-301                [1, 512]                  [1, 8192]                 (recursive)               (recursive)               --                        4,202,496
│    │    │    └─Rearrange: 4-302             [1, 8192]                 [1, 32, 16, 16]           --                        (recursive)               --                        --
│    │    └─Sequential: 3-750                 [1, 512]                  [1, 32, 16, 16]           (recursive)               (recursive)               --                        --
│    │    │    └─Linear: 4-303                [1, 512]                  [1, 8192]                 (recursive)               (recursive)               --                        4,202,496
│    │    │    └─Rearrange: 4-304             [1, 8192]                 [1, 32, 16, 16]           --                        (recursive)               --                        --
│    │    └─Sequential: 3-751                 [1, 512]                  [1, 32, 16, 16]           (recursive)               (recursive)               --                        --
│    │    │    └─Linear: 4-305                [1, 512]                  [1, 8192]                 (recursive)               (recursive)               --                        4,202,496
│    │    │    └─Rearrange: 4-306             [1, 8192]                 [1, 32, 16, 16]           --                        (recursive)               --                        --
│    │    └─Sequential: 3-752                 [1, 512]                  [1, 32, 16, 16]           (recursive)               (recursive)               --                        --
│    │    │    └─Linear: 4-307                [1, 512]                  [1, 8192]                 (recursive)               (recursive)               --                        4,202,496
│    │    │    └─Rearrange: 4-308             [1, 8192]                 [1, 32, 16, 16]           --                        (recursive)               --                        --
│    │    └─Sequential: 3-753                 [1, 512]                  [1, 32, 16, 16]           (recursive)               (recursive)               --                        --
│    │    │    └─Linear: 4-309                [1, 512]                  [1, 8192]                 (recursive)               (recursive)               --                        4,202,496
│    │    │    └─Rearrange: 4-310             [1, 8192]                 [1, 32, 16, 16]           --                        (recursive)               --                        --
│    │    └─Sequential: 3-754                 [1, 512]                  [1, 32, 16, 16]           (recursive)               (recursive)               --                        --
│    │    │    └─Linear: 4-311                [1, 512]                  [1, 8192]                 (recursive)               (recursive)               --                        4,202,496
│    │    │    └─Rearrange: 4-312             [1, 8192]                 [1, 32, 16, 16]           --                        (recursive)               --                        --
│    │    └─Sequential: 3-755                 [1, 512]                  [1, 32, 16, 16]           (recursive)               (recursive)               --                        --
│    │    │    └─Linear: 4-313                [1, 512]                  [1, 8192]                 (recursive)               (recursive)               --                        4,202,496
│    │    │    └─Rearrange: 4-314             [1, 8192]                 [1, 32, 16, 16]           --                        (recursive)               --                        --
│    │    └─Sequential: 3-756                 [1, 512]                  [1, 32, 16, 16]           (recursive)               (recursive)               --                        --
│    │    │    └─Linear: 4-315                [1, 512]                  [1, 8192]                 (recursive)               (recursive)               --                        4,202,496
│    │    │    └─Rearrange: 4-316             [1, 8192]                 [1, 32, 16, 16]           --                        (recursive)               --                        --
│    │    └─Sequential: 3-757                 [1, 512]                  [1, 32, 16, 16]           (recursive)               (recursive)               --                        --
│    │    │    └─Linear: 4-317                [1, 512]                  [1, 8192]                 (recursive)               (recursive)               --                        4,202,496
│    │    │    └─Rearrange: 4-318             [1, 8192]                 [1, 32, 16, 16]           --                        (recursive)               --                        --
│    │    └─Sequential: 3-758                 [1, 512]                  [1, 32, 16, 16]           (recursive)               (recursive)               --                        --
│    │    │    └─Linear: 4-319                [1, 512]                  [1, 8192]                 (recursive)               (recursive)               --                        4,202,496
│    │    │    └─Rearrange: 4-320             [1, 8192]                 [1, 32, 16, 16]           --                        (recursive)               --                        --
│    │    └─Sequential: 3-759                 [1, 512]                  [1, 32, 16, 16]           (recursive)               (recursive)               --                        --
│    │    │    └─Linear: 4-321                [1, 512]                  [1, 8192]                 (recursive)               (recursive)               --                        4,202,496
│    │    │    └─Rearrange: 4-322             [1, 8192]                 [1, 32, 16, 16]           --                        (recursive)               --                        --
│    │    └─Sequential: 3-760                 [1, 512]                  [1, 32, 16, 16]           (recursive)               (recursive)               --                        --
│    │    │    └─Linear: 4-323                [1, 512]                  [1, 8192]                 (recursive)               (recursive)               --                        4,202,496
│    │    │    └─Rearrange: 4-324             [1, 8192]                 [1, 32, 16, 16]           --                        (recursive)               --                        --
│    │    └─Sequential: 3-761                 [1, 512]                  [1, 32, 16, 16]           (recursive)               (recursive)               --                        --
│    │    │    └─Linear: 4-325                [1, 512]                  [1, 8192]                 (recursive)               (recursive)               --                        4,202,496
│    │    │    └─Rearrange: 4-326             [1, 8192]                 [1, 32, 16, 16]           --                        (recursive)               --                        --
│    │    └─Sequential: 3-762                 [1, 512]                  [1, 32, 16, 16]           (recursive)               (recursive)               --                        --
│    │    │    └─Linear: 4-327                [1, 512]                  [1, 8192]                 (recursive)               (recursive)               --                        4,202,496
│    │    │    └─Rearrange: 4-328             [1, 8192]                 [1, 32, 16, 16]           --                        (recursive)               --                        --
│    │    └─Sequential: 3-763                 [1, 512]                  [1, 32, 16, 16]           (recursive)               (recursive)               --                        --
│    │    │    └─Linear: 4-329                [1, 512]                  [1, 8192]                 (recursive)               (recursive)               --                        4,202,496
│    │    │    └─Rearrange: 4-330             [1, 8192]                 [1, 32, 16, 16]           --                        (recursive)               --                        --
│    │    └─Sequential: 3-764                 [1, 512]                  [1, 32, 16, 16]           (recursive)               (recursive)               --                        --
│    │    │    └─Linear: 4-331                [1, 512]                  [1, 8192]                 (recursive)               (recursive)               --                        4,202,496
│    │    │    └─Rearrange: 4-332             [1, 8192]                 [1, 32, 16, 16]           --                        (recursive)               --                        --
│    │    └─Sequential: 3-765                 [1, 512]                  [1, 32, 16, 16]           (recursive)               (recursive)               --                        --
│    │    │    └─Linear: 4-333                [1, 512]                  [1, 8192]                 (recursive)               (recursive)               --                        4,202,496
│    │    │    └─Rearrange: 4-334             [1, 8192]                 [1, 32, 16, 16]           --                        (recursive)               --                        --
│    │    └─Sequential: 3-766                 [1, 512]                  [1, 32, 16, 16]           (recursive)               (recursive)               --                        --
│    │    │    └─Linear: 4-335                [1, 512]                  [1, 8192]                 (recursive)               (recursive)               --                        4,202,496
│    │    │    └─Rearrange: 4-336             [1, 8192]                 [1, 32, 16, 16]           --                        (recursive)               --                        --
│    │    └─Sequential: 3-767                 [1, 512]                  [1, 32, 16, 16]           (recursive)               (recursive)               --                        --
│    │    │    └─Linear: 4-337                [1, 512]                  [1, 8192]                 (recursive)               (recursive)               --                        4,202,496
│    │    │    └─Rearrange: 4-338             [1, 8192]                 [1, 32, 16, 16]           --                        (recursive)               --                        --
│    │    └─Sequential: 3-768                 [1, 512]                  [1, 32, 16, 16]           (recursive)               (recursive)               --                        --
│    │    │    └─Linear: 4-339                [1, 512]                  [1, 8192]                 (recursive)               (recursive)               --                        4,202,496
│    │    │    └─Rearrange: 4-340             [1, 8192]                 [1, 32, 16, 16]           --                        (recursive)               --                        --
│    │    └─Sequential: 3-769                 [1, 512]                  [1, 32, 16, 16]           (recursive)               (recursive)               --                        --
│    │    │    └─Linear: 4-341                [1, 512]                  [1, 8192]                 (recursive)               (recursive)               --                        4,202,496
│    │    │    └─Rearrange: 4-342             [1, 8192]                 [1, 32, 16, 16]           --                        (recursive)               --                        --
│    │    └─Sequential: 3-770                 [1, 512]                  [1, 32, 16, 16]           (recursive)               (recursive)               --                        --
│    │    │    └─Linear: 4-343                [1, 512]                  [1, 8192]                 (recursive)               (recursive)               --                        4,202,496
│    │    │    └─Rearrange: 4-344             [1, 8192]                 [1, 32, 16, 16]           --                        (recursive)               --                        --
│    │    └─Sequential: 3-771                 [1, 512]                  [1, 32, 16, 16]           (recursive)               (recursive)               --                        --
│    │    │    └─Linear: 4-345                [1, 512]                  [1, 8192]                 (recursive)               (recursive)               --                        4,202,496
│    │    │    └─Rearrange: 4-346             [1, 8192]                 [1, 32, 16, 16]           --                        (recursive)               --                        --
│    │    └─Sequential: 3-772                 [1, 512]                  [1, 32, 16, 16]           (recursive)               (recursive)               --                        --
│    │    │    └─Linear: 4-347                [1, 512]                  [1, 8192]                 (recursive)               (recursive)               --                        4,202,496
│    │    │    └─Rearrange: 4-348             [1, 8192]                 [1, 32, 16, 16]           --                        (recursive)               --                        --
│    │    └─Sequential: 3-773                 [1, 512]                  [1, 32, 16, 16]           (recursive)               (recursive)               --                        --
│    │    │    └─Linear: 4-349                [1, 512]                  [1, 8192]                 (recursive)               (recursive)               --                        4,202,496
│    │    │    └─Rearrange: 4-350             [1, 8192]                 [1, 32, 16, 16]           --                        (recursive)               --                        --
│    │    └─Sequential: 3-774                 [1, 512]                  [1, 32, 16, 16]           (recursive)               (recursive)               --                        --
│    │    │    └─Linear: 4-351                [1, 512]                  [1, 8192]                 (recursive)               (recursive)               --                        4,202,496
│    │    │    └─Rearrange: 4-352             [1, 8192]                 [1, 32, 16, 16]           --                        (recursive)               --                        --
│    │    └─Sequential: 3-775                 [1, 512]                  [1, 32, 16, 16]           (recursive)               (recursive)               --                        --
│    │    │    └─Linear: 4-353                [1, 512]                  [1, 8192]                 (recursive)               (recursive)               --                        4,202,496
│    │    │    └─Rearrange: 4-354             [1, 8192]                 [1, 32, 16, 16]           --                        (recursive)               --                        --
│    │    └─Sequential: 3-776                 [1, 512]                  [1, 32, 16, 16]           (recursive)               (recursive)               --                        --
│    │    │    └─Linear: 4-355                [1, 512]                  [1, 8192]                 (recursive)               (recursive)               --                        4,202,496
│    │    │    └─Rearrange: 4-356             [1, 8192]                 [1, 32, 16, 16]           --                        (recursive)               --                        --
│    │    └─Sequential: 3-777                 [1, 512]                  [1, 32, 16, 16]           (recursive)               (recursive)               --                        --
│    │    │    └─Linear: 4-357                [1, 512]                  [1, 8192]                 (recursive)               (recursive)               --                        4,202,496
│    │    │    └─Rearrange: 4-358             [1, 8192]                 [1, 32, 16, 16]           --                        (recursive)               --                        --
│    │    └─Sequential: 3-778                 [1, 512]                  [1, 32, 16, 16]           (recursive)               (recursive)               --                        --
│    │    │    └─Linear: 4-359                [1, 512]                  [1, 8192]                 (recursive)               (recursive)               --                        4,202,496
│    │    │    └─Rearrange: 4-360             [1, 8192]                 [1, 32, 16, 16]           --                        (recursive)               --                        --
│    │    └─Sequential: 3-779                 [1, 512]                  [1, 32, 16, 16]           (recursive)               (recursive)               --                        --
│    │    │    └─Linear: 4-361                [1, 512]                  [1, 8192]                 (recursive)               (recursive)               --                        4,202,496
│    │    │    └─Rearrange: 4-362             [1, 8192]                 [1, 32, 16, 16]           --                        (recursive)               --                        --
│    │    └─Sequential: 3-780                 [1, 512]                  [1, 32, 16, 16]           (recursive)               (recursive)               --                        --
│    │    │    └─Linear: 4-363                [1, 512]                  [1, 8192]                 (recursive)               (recursive)               --                        4,202,496
│    │    │    └─Rearrange: 4-364             [1, 8192]                 [1, 32, 16, 16]           --                        (recursive)               --                        --
│    │    └─Sequential: 3-781                 [1, 512]                  [1, 32, 16, 16]           (recursive)               (recursive)               --                        --
│    │    │    └─Linear: 4-365                [1, 512]                  [1, 8192]                 (recursive)               (recursive)               --                        4,202,496
│    │    │    └─Rearrange: 4-366             [1, 8192]                 [1, 32, 16, 16]           --                        (recursive)               --                        --
│    │    └─Sequential: 3-782                 [1, 512]                  [1, 32, 16, 16]           (recursive)               (recursive)               --                        --
│    │    │    └─Linear: 4-367                [1, 512]                  [1, 8192]                 (recursive)               (recursive)               --                        4,202,496
│    │    │    └─Rearrange: 4-368             [1, 8192]                 [1, 32, 16, 16]           --                        (recursive)               --                        --
│    │    └─Sequential: 3-783                 [1, 512]                  [1, 32, 16, 16]           (recursive)               (recursive)               --                        --
│    │    │    └─Linear: 4-369                [1, 512]                  [1, 8192]                 (recursive)               (recursive)               --                        4,202,496
│    │    │    └─Rearrange: 4-370             [1, 8192]                 [1, 32, 16, 16]           --                        (recursive)               --                        --
│    │    └─Sequential: 3-784                 [1, 512]                  [1, 32, 16, 16]           (recursive)               (recursive)               --                        --
│    │    │    └─Linear: 4-371                [1, 512]                  [1, 8192]                 (recursive)               (recursive)               --                        4,202,496
│    │    │    └─Rearrange: 4-372             [1, 8192]                 [1, 32, 16, 16]           --                        (recursive)               --                        --
│    │    └─Sequential: 3-785                 [1, 512]                  [1, 32, 16, 16]           (recursive)               (recursive)               --                        --
│    │    │    └─Linear: 4-373                [1, 512]                  [1, 8192]                 (recursive)               (recursive)               --                        4,202,496
│    │    │    └─Rearrange: 4-374             [1, 8192]                 [1, 32, 16, 16]           --                        (recursive)               --                        --
│    │    └─Sequential: 3-786                 [1, 512]                  [1, 32, 16, 16]           (recursive)               (recursive)               --                        --
│    │    │    └─Linear: 4-375                [1, 512]                  [1, 8192]                 (recursive)               (recursive)               --                        4,202,496
│    │    │    └─Rearrange: 4-376             [1, 8192]                 [1, 32, 16, 16]           --                        (recursive)               --                        --
│    │    └─Sequential: 3-787                 [1, 512]                  [1, 32, 16, 16]           (recursive)               (recursive)               --                        --
│    │    │    └─Linear: 4-377                [1, 512]                  [1, 8192]                 (recursive)               (recursive)               --                        4,202,496
│    │    │    └─Rearrange: 4-378             [1, 8192]                 [1, 32, 16, 16]           --                        (recursive)               --                        --
│    │    └─Sequential: 3-788                 [1, 512]                  [1, 32, 16, 16]           (recursive)               (recursive)               --                        --
│    │    │    └─Linear: 4-379                [1, 512]                  [1, 8192]                 (recursive)               (recursive)               --                        4,202,496
│    │    │    └─Rearrange: 4-380             [1, 8192]                 [1, 32, 16, 16]           --                        (recursive)               --                        --
│    │    └─Sequential: 3-789                 [1, 512]                  [1, 32, 16, 16]           (recursive)               (recursive)               --                        --
│    │    │    └─Linear: 4-381                [1, 512]                  [1, 8192]                 (recursive)               (recursive)               --                        4,202,496
│    │    │    └─Rearrange: 4-382             [1, 8192]                 [1, 32, 16, 16]           --                        (recursive)               --                        --
│    │    └─Sequential: 3-790                 [1, 512]                  [1, 32, 16, 16]           (recursive)               (recursive)               --                        --
│    │    │    └─Linear: 4-383                [1, 512]                  [1, 8192]                 (recursive)               (recursive)               --                        4,202,496
│    │    │    └─Rearrange: 4-384             [1, 8192]                 [1, 32, 16, 16]           --                        (recursive)               --                        --
│    │    └─Sequential: 3-791                 [1, 512]                  [1, 32, 16, 16]           (recursive)               (recursive)               --                        --
│    │    │    └─Linear: 4-385                [1, 512]                  [1, 8192]                 (recursive)               (recursive)               --                        4,202,496
│    │    │    └─Rearrange: 4-386             [1, 8192]                 [1, 32, 16, 16]           --                        (recursive)               --                        --
│    │    └─Sequential: 3-792                 [1, 512]                  [1, 32, 16, 16]           (recursive)               (recursive)               --                        --
│    │    │    └─Linear: 4-387                [1, 512]                  [1, 8192]                 (recursive)               (recursive)               --                        4,202,496
│    │    │    └─Rearrange: 4-388             [1, 8192]                 [1, 32, 16, 16]           --                        (recursive)               --                        --
│    │    └─Sequential: 3-793                 [1, 512]                  [1, 32, 16, 16]           (recursive)               (recursive)               --                        --
│    │    │    └─Linear: 4-389                [1, 512]                  [1, 8192]                 (recursive)               (recursive)               --                        4,202,496
│    │    │    └─Rearrange: 4-390             [1, 8192]                 [1, 32, 16, 16]           --                        (recursive)               --                        --
│    │    └─Sequential: 3-794                 [1, 512]                  [1, 32, 16, 16]           (recursive)               (recursive)               --                        --
│    │    │    └─Linear: 4-391                [1, 512]                  [1, 8192]                 (recursive)               (recursive)               --                        4,202,496
│    │    │    └─Rearrange: 4-392             [1, 8192]                 [1, 32, 16, 16]           --                        (recursive)               --                        --
│    │    └─Sequential: 3-795                 [1, 512]                  [1, 32, 16, 16]           (recursive)               (recursive)               --                        --
│    │    │    └─Linear: 4-393                [1, 512]                  [1, 8192]                 (recursive)               (recursive)               --                        4,202,496
│    │    │    └─Rearrange: 4-394             [1, 8192]                 [1, 32, 16, 16]           --                        (recursive)               --                        --
│    │    └─Sequential: 3-796                 [1, 512]                  [1, 32, 16, 16]           (recursive)               (recursive)               --                        --
│    │    │    └─Linear: 4-395                [1, 512]                  [1, 8192]                 (recursive)               (recursive)               --                        4,202,496
│    │    │    └─Rearrange: 4-396             [1, 8192]                 [1, 32, 16, 16]           --                        (recursive)               --                        --
│    │    └─Sequential: 3-797                 [1, 512]                  [1, 32, 16, 16]           (recursive)               (recursive)               --                        --
│    │    │    └─Linear: 4-397                [1, 512]                  [1, 8192]                 (recursive)               (recursive)               --                        4,202,496
│    │    │    └─Rearrange: 4-398             [1, 8192]                 [1, 32, 16, 16]           --                        (recursive)               --                        --
│    │    └─Sequential: 3-798                 [1, 512]                  [1, 32, 16, 16]           (recursive)               (recursive)               --                        --
│    │    │    └─Linear: 4-399                [1, 512]                  [1, 8192]                 (recursive)               (recursive)               --                        4,202,496
│    │    │    └─Rearrange: 4-400             [1, 8192]                 [1, 32, 16, 16]           --                        (recursive)               --                        --
│    │    └─Sequential: 3-799                 [1, 512]                  [1, 32, 16, 16]           (recursive)               (recursive)               --                        --
│    │    │    └─Linear: 4-401                [1, 512]                  [1, 8192]                 (recursive)               (recursive)               --                        4,202,496
│    │    │    └─Rearrange: 4-402             [1, 8192]                 [1, 32, 16, 16]           --                        (recursive)               --                        --
│    │    └─Sequential: 3-800                 [1, 512]                  [1, 32, 16, 16]           (recursive)               (recursive)               --                        --
│    │    │    └─Linear: 4-403                [1, 512]                  [1, 8192]                 (recursive)               (recursive)               --                        4,202,496
│    │    │    └─Rearrange: 4-404             [1, 8192]                 [1, 32, 16, 16]           --                        (recursive)               --                        --
│    │    └─Sequential: 3-801                 [1, 512]                  [1, 32, 16, 16]           (recursive)               (recursive)               --                        --
│    │    │    └─Linear: 4-405                [1, 512]                  [1, 8192]                 (recursive)               (recursive)               --                        4,202,496
│    │    │    └─Rearrange: 4-406             [1, 8192]                 [1, 32, 16, 16]           --                        (recursive)               --                        --
│    │    └─Sequential: 3-802                 [1, 512]                  [1, 32, 16, 16]           (recursive)               (recursive)               --                        --
│    │    │    └─Linear: 4-407                [1, 512]                  [1, 8192]                 (recursive)               (recursive)               --                        4,202,496
│    │    │    └─Rearrange: 4-408             [1, 8192]                 [1, 32, 16, 16]           --                        (recursive)               --                        --
│    │    └─Sequential: 3-803                 [1, 512]                  [1, 32, 16, 16]           (recursive)               (recursive)               --                        --
│    │    │    └─Linear: 4-409                [1, 512]                  [1, 8192]                 (recursive)               (recursive)               --                        4,202,496
│    │    │    └─Rearrange: 4-410             [1, 8192]                 [1, 32, 16, 16]           --                        (recursive)               --                        --
│    │    └─Sequential: 3-804                 [1, 512]                  [1, 32, 16, 16]           (recursive)               (recursive)               --                        --
│    │    │    └─Linear: 4-411                [1, 512]                  [1, 8192]                 (recursive)               (recursive)               --                        4,202,496
│    │    │    └─Rearrange: 4-412             [1, 8192]                 [1, 32, 16, 16]           --                        (recursive)               --                        --
│    │    └─Sequential: 3-805                 [1, 512]                  [1, 32, 16, 16]           (recursive)               (recursive)               --                        --
│    │    │    └─Linear: 4-413                [1, 512]                  [1, 8192]                 (recursive)               (recursive)               --                        4,202,496
│    │    │    └─Rearrange: 4-414             [1, 8192]                 [1, 32, 16, 16]           --                        (recursive)               --                        --
│    │    └─Sequential: 3-806                 [1, 512]                  [1, 32, 16, 16]           (recursive)               (recursive)               --                        --
│    │    │    └─Linear: 4-415                [1, 512]                  [1, 8192]                 (recursive)               (recursive)               --                        4,202,496
│    │    │    └─Rearrange: 4-416             [1, 8192]                 [1, 32, 16, 16]           --                        (recursive)               --                        --
│    │    └─Sequential: 3-807                 [1, 512]                  [1, 32, 16, 16]           (recursive)               (recursive)               --                        --
│    │    │    └─Linear: 4-417                [1, 512]                  [1, 8192]                 (recursive)               (recursive)               --                        4,202,496
│    │    │    └─Rearrange: 4-418             [1, 8192]                 [1, 32, 16, 16]           --                        (recursive)               --                        --
│    │    └─Sequential: 3-808                 [1, 512]                  [1, 32, 16, 16]           (recursive)               (recursive)               --                        --
│    │    │    └─Linear: 4-419                [1, 512]                  [1, 8192]                 (recursive)               (recursive)               --                        4,202,496
│    │    │    └─Rearrange: 4-420             [1, 8192]                 [1, 32, 16, 16]           --                        (recursive)               --                        --
│    │    └─Sequential: 3-809                 [1, 512]                  [1, 32, 16, 16]           (recursive)               (recursive)               --                        --
│    │    │    └─Linear: 4-421                [1, 512]                  [1, 8192]                 (recursive)               (recursive)               --                        4,202,496
│    │    │    └─Rearrange: 4-422             [1, 8192]                 [1, 32, 16, 16]           --                        (recursive)               --                        --
│    │    └─Sequential: 3-810                 [1, 512]                  [1, 32, 16, 16]           (recursive)               (recursive)               --                        --
│    │    │    └─Linear: 4-423                [1, 512]                  [1, 8192]                 (recursive)               (recursive)               --                        4,202,496
│    │    │    └─Rearrange: 4-424             [1, 8192]                 [1, 32, 16, 16]           --                        (recursive)               --                        --
│    │    └─Sequential: 3-811                 [1, 512]                  [1, 32, 16, 16]           (recursive)               (recursive)               --                        --
│    │    │    └─Linear: 4-425                [1, 512]                  [1, 8192]                 (recursive)               (recursive)               --                        4,202,496
│    │    │    └─Rearrange: 4-426             [1, 8192]                 [1, 32, 16, 16]           --                        (recursive)               --                        --
│    │    └─Sequential: 3-812                 [1, 512]                  [1, 32, 16, 16]           (recursive)               (recursive)               --                        --
│    │    │    └─Linear: 4-427                [1, 512]                  [1, 8192]                 (recursive)               (recursive)               --                        4,202,496
│    │    │    └─Rearrange: 4-428             [1, 8192]                 [1, 32, 16, 16]           --                        (recursive)               --                        --
│    │    └─Sequential: 3-813                 [1, 512]                  [1, 32, 16, 16]           (recursive)               (recursive)               --                        --
│    │    │    └─Linear: 4-429                [1, 512]                  [1, 8192]                 (recursive)               (recursive)               --                        4,202,496
│    │    │    └─Rearrange: 4-430             [1, 8192]                 [1, 32, 16, 16]           --                        (recursive)               --                        --
│    │    └─Sequential: 3-814                 [1, 512]                  [1, 32, 16, 16]           (recursive)               (recursive)               --                        --
│    │    │    └─Linear: 4-431                [1, 512]                  [1, 8192]                 (recursive)               (recursive)               --                        4,202,496
│    │    │    └─Rearrange: 4-432             [1, 8192]                 [1, 32, 16, 16]           --                        (recursive)               --                        --
│    │    └─Sequential: 3-815                 [1, 512]                  [1, 32, 16, 16]           (recursive)               (recursive)               --                        --
│    │    │    └─Linear: 4-433                [1, 512]                  [1, 8192]                 (recursive)               (recursive)               --                        4,202,496
│    │    │    └─Rearrange: 4-434             [1, 8192]                 [1, 32, 16, 16]           --                        (recursive)               --                        --
│    │    └─Sequential: 3-816                 [1, 512]                  [1, 32, 16, 16]           (recursive)               (recursive)               --                        --
│    │    │    └─Linear: 4-435                [1, 512]                  [1, 8192]                 (recursive)               (recursive)               --                        4,202,496
│    │    │    └─Rearrange: 4-436             [1, 8192]                 [1, 32, 16, 16]           --                        (recursive)               --                        --
│    │    └─Sequential: 3-817                 [1, 512]                  [1, 32, 16, 16]           (recursive)               (recursive)               --                        --
│    │    │    └─Linear: 4-437                [1, 512]                  [1, 8192]                 (recursive)               (recursive)               --                        4,202,496
│    │    │    └─Rearrange: 4-438             [1, 8192]                 [1, 32, 16, 16]           --                        (recursive)               --                        --
│    │    └─Sequential: 3-818                 [1, 512]                  [1, 32, 16, 16]           (recursive)               (recursive)               --                        --
│    │    │    └─Linear: 4-439                [1, 512]                  [1, 8192]                 (recursive)               (recursive)               --                        4,202,496
│    │    │    └─Rearrange: 4-440             [1, 8192]                 [1, 32, 16, 16]           --                        (recursive)               --                        --
│    │    └─Sequential: 3-819                 [1, 512]                  [1, 32, 16, 16]           (recursive)               (recursive)               --                        --
│    │    │    └─Linear: 4-441                [1, 512]                  [1, 8192]                 (recursive)               (recursive)               --                        4,202,496
│    │    │    └─Rearrange: 4-442             [1, 8192]                 [1, 32, 16, 16]           --                        (recursive)               --                        --
│    │    └─Sequential: 3-820                 [1, 512]                  [1, 32, 16, 16]           (recursive)               (recursive)               --                        --
│    │    │    └─Linear: 4-443                [1, 512]                  [1, 8192]                 (recursive)               (recursive)               --                        4,202,496
│    │    │    └─Rearrange: 4-444             [1, 8192]                 [1, 32, 16, 16]           --                        (recursive)               --                        --
│    │    └─Sequential: 3-821                 [1, 512]                  [1, 32, 16, 16]           (recursive)               (recursive)               --                        --
│    │    │    └─Linear: 4-445                [1, 512]                  [1, 8192]                 (recursive)               (recursive)               --                        4,202,496
│    │    │    └─Rearrange: 4-446             [1, 8192]                 [1, 32, 16, 16]           --                        (recursive)               --                        --
│    │    └─Sequential: 3-822                 [1, 512]                  [1, 32, 16, 16]           (recursive)               (recursive)               --                        --
│    │    │    └─Linear: 4-447                [1, 512]                  [1, 8192]                 (recursive)               (recursive)               --                        4,202,496
│    │    │    └─Rearrange: 4-448             [1, 8192]                 [1, 32, 16, 16]           --                        (recursive)               --                        --
│    │    └─Sequential: 3-823                 [1, 512]                  [1, 32, 16, 16]           (recursive)               (recursive)               --                        --
│    │    │    └─Linear: 4-449                [1, 512]                  [1, 8192]                 (recursive)               (recursive)               --                        4,202,496
│    │    │    └─Rearrange: 4-450             [1, 8192]                 [1, 32, 16, 16]           --                        (recursive)               --                        --
│    └─ModuleList: 2-27                       --                        --                        (recursive)               (recursive)               --                        --
│    │    └─Sequential: 3-824                 [1, 32, 256, 256]         [1, 16, 256, 256]         --                             --                   --                        --
│    │    │    └─Conv2d: 4-451                [1, 32, 256, 256]         [1, 32, 256, 256]         9,248                       0.00%                   [3, 3]                    606,076,928
│    │    │    └─GroupNorm: 4-452             [1, 32, 256, 256]         [1, 32, 256, 256]         64                          0.00%                   --                        64
│    │    │    └─GELU: 4-453                  [1, 32, 256, 256]         [1, 32, 256, 256]         --                             --                   --                        --
│    │    │    └─Conv2d: 4-454                [1, 32, 256, 256]         [1, 16, 256, 256]         4,624                       0.00%                   [3, 3]                    303,038,464
│    └─ModuleDict: 2-28                       --                        --                        (recursive)               (recursive)               --                        --
│    │    └─Sequential: 3-825                 [1, 512]                  [1, 16, 8, 8]             --                             --                   --                        --
│    │    │    └─Linear: 4-455                [1, 512]                  [1, 1024]                 525,312                     0.24%                   --                        525,312
│    │    │    └─Rearrange: 4-456             [1, 1024]                 [1, 16, 8, 8]             --                             --                   --                        --
│    │    └─Sequential: 3-826                 [1, 512]                  [1, 16, 8, 8]             (recursive)               (recursive)               --                        --
│    │    │    └─Linear: 4-457                [1, 512]                  [1, 1024]                 (recursive)               (recursive)               --                        525,312
│    │    │    └─Rearrange: 4-458             [1, 1024]                 [1, 16, 8, 8]             --                        (recursive)               --                        --
│    │    └─Sequential: 3-827                 [1, 512]                  [1, 16, 8, 8]             (recursive)               (recursive)               --                        --
│    │    │    └─Linear: 4-459                [1, 512]                  [1, 1024]                 (recursive)               (recursive)               --                        525,312
│    │    │    └─Rearrange: 4-460             [1, 1024]                 [1, 16, 8, 8]             --                        (recursive)               --                        --
│    │    └─Sequential: 3-828                 [1, 512]                  [1, 16, 8, 8]             (recursive)               (recursive)               --                        --
│    │    │    └─Linear: 4-461                [1, 512]                  [1, 1024]                 (recursive)               (recursive)               --                        525,312
│    │    │    └─Rearrange: 4-462             [1, 1024]                 [1, 16, 8, 8]             --                        (recursive)               --                        --
│    │    └─Sequential: 3-829                 [1, 512]                  [1, 16, 8, 8]             (recursive)               (recursive)               --                        --
│    │    │    └─Linear: 4-463                [1, 512]                  [1, 1024]                 (recursive)               (recursive)               --                        525,312
│    │    │    └─Rearrange: 4-464             [1, 1024]                 [1, 16, 8, 8]             --                        (recursive)               --                        --
│    │    └─Sequential: 3-830                 [1, 512]                  [1, 16, 8, 8]             (recursive)               (recursive)               --                        --
│    │    │    └─Linear: 4-465                [1, 512]                  [1, 1024]                 (recursive)               (recursive)               --                        525,312
│    │    │    └─Rearrange: 4-466             [1, 1024]                 [1, 16, 8, 8]             --                        (recursive)               --                        --
│    │    └─Sequential: 3-831                 [1, 512]                  [1, 16, 8, 8]             (recursive)               (recursive)               --                        --
│    │    │    └─Linear: 4-467                [1, 512]                  [1, 1024]                 (recursive)               (recursive)               --                        525,312
│    │    │    └─Rearrange: 4-468             [1, 1024]                 [1, 16, 8, 8]             --                        (recursive)               --                        --
│    │    └─Sequential: 3-832                 [1, 512]                  [1, 16, 8, 8]             (recursive)               (recursive)               --                        --
│    │    │    └─Linear: 4-469                [1, 512]                  [1, 1024]                 (recursive)               (recursive)               --                        525,312
│    │    │    └─Rearrange: 4-470             [1, 1024]                 [1, 16, 8, 8]             --                        (recursive)               --                        --
│    │    └─Sequential: 3-833                 [1, 512]                  [1, 16, 8, 8]             (recursive)               (recursive)               --                        --
│    │    │    └─Linear: 4-471                [1, 512]                  [1, 1024]                 (recursive)               (recursive)               --                        525,312
│    │    │    └─Rearrange: 4-472             [1, 1024]                 [1, 16, 8, 8]             --                        (recursive)               --                        --
│    │    └─Sequential: 3-834                 [1, 512]                  [1, 16, 8, 8]             (recursive)               (recursive)               --                        --
│    │    │    └─Linear: 4-473                [1, 512]                  [1, 1024]                 (recursive)               (recursive)               --                        525,312
│    │    │    └─Rearrange: 4-474             [1, 1024]                 [1, 16, 8, 8]             --                        (recursive)               --                        --
│    │    └─Sequential: 3-835                 [1, 512]                  [1, 16, 8, 8]             (recursive)               (recursive)               --                        --
│    │    │    └─Linear: 4-475                [1, 512]                  [1, 1024]                 (recursive)               (recursive)               --                        525,312
│    │    │    └─Rearrange: 4-476             [1, 1024]                 [1, 16, 8, 8]             --                        (recursive)               --                        --
│    │    └─Sequential: 3-836                 [1, 512]                  [1, 16, 8, 8]             (recursive)               (recursive)               --                        --
│    │    │    └─Linear: 4-477                [1, 512]                  [1, 1024]                 (recursive)               (recursive)               --                        525,312
│    │    │    └─Rearrange: 4-478             [1, 1024]                 [1, 16, 8, 8]             --                        (recursive)               --                        --
│    │    └─Sequential: 3-837                 [1, 512]                  [1, 16, 8, 8]             (recursive)               (recursive)               --                        --
│    │    │    └─Linear: 4-479                [1, 512]                  [1, 1024]                 (recursive)               (recursive)               --                        525,312
│    │    │    └─Rearrange: 4-480             [1, 1024]                 [1, 16, 8, 8]             --                        (recursive)               --                        --
│    │    └─Sequential: 3-838                 [1, 512]                  [1, 16, 8, 8]             (recursive)               (recursive)               --                        --
│    │    │    └─Linear: 4-481                [1, 512]                  [1, 1024]                 (recursive)               (recursive)               --                        525,312
│    │    │    └─Rearrange: 4-482             [1, 1024]                 [1, 16, 8, 8]             --                        (recursive)               --                        --
│    │    └─Sequential: 3-839                 [1, 512]                  [1, 16, 8, 8]             (recursive)               (recursive)               --                        --
│    │    │    └─Linear: 4-483                [1, 512]                  [1, 1024]                 (recursive)               (recursive)               --                        525,312
│    │    │    └─Rearrange: 4-484             [1, 1024]                 [1, 16, 8, 8]             --                        (recursive)               --                        --
│    │    └─Sequential: 3-840                 [1, 512]                  [1, 16, 8, 8]             (recursive)               (recursive)               --                        --
│    │    │    └─Linear: 4-485                [1, 512]                  [1, 1024]                 (recursive)               (recursive)               --                        525,312
│    │    │    └─Rearrange: 4-486             [1, 1024]                 [1, 16, 8, 8]             --                        (recursive)               --                        --
│    │    └─Sequential: 3-841                 [1, 512]                  [1, 16, 8, 8]             (recursive)               (recursive)               --                        --
│    │    │    └─Linear: 4-487                [1, 512]                  [1, 1024]                 (recursive)               (recursive)               --                        525,312
│    │    │    └─Rearrange: 4-488             [1, 1024]                 [1, 16, 8, 8]             --                        (recursive)               --                        --
│    │    └─Sequential: 3-842                 [1, 512]                  [1, 16, 8, 8]             (recursive)               (recursive)               --                        --
│    │    │    └─Linear: 4-489                [1, 512]                  [1, 1024]                 (recursive)               (recursive)               --                        525,312
│    │    │    └─Rearrange: 4-490             [1, 1024]                 [1, 16, 8, 8]             --                        (recursive)               --                        --
│    │    └─Sequential: 3-843                 [1, 512]                  [1, 16, 8, 8]             (recursive)               (recursive)               --                        --
│    │    │    └─Linear: 4-491                [1, 512]                  [1, 1024]                 (recursive)               (recursive)               --                        525,312
│    │    │    └─Rearrange: 4-492             [1, 1024]                 [1, 16, 8, 8]             --                        (recursive)               --                        --
│    │    └─Sequential: 3-844                 [1, 512]                  [1, 16, 8, 8]             (recursive)               (recursive)               --                        --
│    │    │    └─Linear: 4-493                [1, 512]                  [1, 1024]                 (recursive)               (recursive)               --                        525,312
│    │    │    └─Rearrange: 4-494             [1, 1024]                 [1, 16, 8, 8]             --                        (recursive)               --                        --
│    │    └─Sequential: 3-845                 [1, 512]                  [1, 16, 8, 8]             (recursive)               (recursive)               --                        --
│    │    │    └─Linear: 4-495                [1, 512]                  [1, 1024]                 (recursive)               (recursive)               --                        525,312
│    │    │    └─Rearrange: 4-496             [1, 1024]                 [1, 16, 8, 8]             --                        (recursive)               --                        --
│    │    └─Sequential: 3-846                 [1, 512]                  [1, 16, 8, 8]             (recursive)               (recursive)               --                        --
│    │    │    └─Linear: 4-497                [1, 512]                  [1, 1024]                 (recursive)               (recursive)               --                        525,312
│    │    │    └─Rearrange: 4-498             [1, 1024]                 [1, 16, 8, 8]             --                        (recursive)               --                        --
│    │    └─Sequential: 3-847                 [1, 512]                  [1, 16, 8, 8]             (recursive)               (recursive)               --                        --
│    │    │    └─Linear: 4-499                [1, 512]                  [1, 1024]                 (recursive)               (recursive)               --                        525,312
│    │    │    └─Rearrange: 4-500             [1, 1024]                 [1, 16, 8, 8]             --                        (recursive)               --                        --
│    │    └─Sequential: 3-848                 [1, 512]                  [1, 16, 8, 8]             (recursive)               (recursive)               --                        --
│    │    │    └─Linear: 4-501                [1, 512]                  [1, 1024]                 (recursive)               (recursive)               --                        525,312
│    │    │    └─Rearrange: 4-502             [1, 1024]                 [1, 16, 8, 8]             --                        (recursive)               --                        --
│    │    └─Sequential: 3-849                 [1, 512]                  [1, 16, 8, 8]             (recursive)               (recursive)               --                        --
│    │    │    └─Linear: 4-503                [1, 512]                  [1, 1024]                 (recursive)               (recursive)               --                        525,312
│    │    │    └─Rearrange: 4-504             [1, 1024]                 [1, 16, 8, 8]             --                        (recursive)               --                        --
│    │    └─Sequential: 3-850                 [1, 512]                  [1, 16, 8, 8]             (recursive)               (recursive)               --                        --
│    │    │    └─Linear: 4-505                [1, 512]                  [1, 1024]                 (recursive)               (recursive)               --                        525,312
│    │    │    └─Rearrange: 4-506             [1, 1024]                 [1, 16, 8, 8]             --                        (recursive)               --                        --
│    │    └─Sequential: 3-851                 [1, 512]                  [1, 16, 8, 8]             (recursive)               (recursive)               --                        --
│    │    │    └─Linear: 4-507                [1, 512]                  [1, 1024]                 (recursive)               (recursive)               --                        525,312
│    │    │    └─Rearrange: 4-508             [1, 1024]                 [1, 16, 8, 8]             --                        (recursive)               --                        --
│    │    └─Sequential: 3-852                 [1, 512]                  [1, 16, 8, 8]             (recursive)               (recursive)               --                        --
│    │    │    └─Linear: 4-509                [1, 512]                  [1, 1024]                 (recursive)               (recursive)               --                        525,312
│    │    │    └─Rearrange: 4-510             [1, 1024]                 [1, 16, 8, 8]             --                        (recursive)               --                        --
│    │    └─Sequential: 3-853                 [1, 512]                  [1, 16, 8, 8]             (recursive)               (recursive)               --                        --
│    │    │    └─Linear: 4-511                [1, 512]                  [1, 1024]                 (recursive)               (recursive)               --                        525,312
│    │    │    └─Rearrange: 4-512             [1, 1024]                 [1, 16, 8, 8]             --                        (recursive)               --                        --
│    │    └─Sequential: 3-854                 [1, 512]                  [1, 16, 8, 8]             (recursive)               (recursive)               --                        --
│    │    │    └─Linear: 4-513                [1, 512]                  [1, 1024]                 (recursive)               (recursive)               --                        525,312
│    │    │    └─Rearrange: 4-514             [1, 1024]                 [1, 16, 8, 8]             --                        (recursive)               --                        --
│    │    └─Sequential: 3-855                 [1, 512]                  [1, 16, 8, 8]             (recursive)               (recursive)               --                        --
│    │    │    └─Linear: 4-515                [1, 512]                  [1, 1024]                 (recursive)               (recursive)               --                        525,312
│    │    │    └─Rearrange: 4-516             [1, 1024]                 [1, 16, 8, 8]             --                        (recursive)               --                        --
│    │    └─Sequential: 3-856                 [1, 512]                  [1, 16, 8, 8]             (recursive)               (recursive)               --                        --
│    │    │    └─Linear: 4-517                [1, 512]                  [1, 1024]                 (recursive)               (recursive)               --                        525,312
│    │    │    └─Rearrange: 4-518             [1, 1024]                 [1, 16, 8, 8]             --                        (recursive)               --                        --
│    │    └─Sequential: 3-857                 [1, 512]                  [1, 16, 8, 8]             (recursive)               (recursive)               --                        --
│    │    │    └─Linear: 4-519                [1, 512]                  [1, 1024]                 (recursive)               (recursive)               --                        525,312
│    │    │    └─Rearrange: 4-520             [1, 1024]                 [1, 16, 8, 8]             --                        (recursive)               --                        --
│    │    └─Sequential: 3-858                 [1, 512]                  [1, 16, 8, 8]             (recursive)               (recursive)               --                        --
│    │    │    └─Linear: 4-521                [1, 512]                  [1, 1024]                 (recursive)               (recursive)               --                        525,312
│    │    │    └─Rearrange: 4-522             [1, 1024]                 [1, 16, 8, 8]             --                        (recursive)               --                        --
│    │    └─Sequential: 3-859                 [1, 512]                  [1, 16, 8, 8]             (recursive)               (recursive)               --                        --
│    │    │    └─Linear: 4-523                [1, 512]                  [1, 1024]                 (recursive)               (recursive)               --                        525,312
│    │    │    └─Rearrange: 4-524             [1, 1024]                 [1, 16, 8, 8]             --                        (recursive)               --                        --
│    │    └─Sequential: 3-860                 [1, 512]                  [1, 16, 8, 8]             (recursive)               (recursive)               --                        --
│    │    │    └─Linear: 4-525                [1, 512]                  [1, 1024]                 (recursive)               (recursive)               --                        525,312
│    │    │    └─Rearrange: 4-526             [1, 1024]                 [1, 16, 8, 8]             --                        (recursive)               --                        --
│    │    └─Sequential: 3-861                 [1, 512]                  [1, 16, 8, 8]             (recursive)               (recursive)               --                        --
│    │    │    └─Linear: 4-527                [1, 512]                  [1, 1024]                 (recursive)               (recursive)               --                        525,312
│    │    │    └─Rearrange: 4-528             [1, 1024]                 [1, 16, 8, 8]             --                        (recursive)               --                        --
│    │    └─Sequential: 3-862                 [1, 512]                  [1, 16, 8, 8]             (recursive)               (recursive)               --                        --
│    │    │    └─Linear: 4-529                [1, 512]                  [1, 1024]                 (recursive)               (recursive)               --                        525,312
│    │    │    └─Rearrange: 4-530             [1, 1024]                 [1, 16, 8, 8]             --                        (recursive)               --                        --
│    │    └─Sequential: 3-863                 [1, 512]                  [1, 16, 8, 8]             (recursive)               (recursive)               --                        --
│    │    │    └─Linear: 4-531                [1, 512]                  [1, 1024]                 (recursive)               (recursive)               --                        525,312
│    │    │    └─Rearrange: 4-532             [1, 1024]                 [1, 16, 8, 8]             --                        (recursive)               --                        --
│    │    └─Sequential: 3-864                 [1, 512]                  [1, 16, 8, 8]             (recursive)               (recursive)               --                        --
│    │    │    └─Linear: 4-533                [1, 512]                  [1, 1024]                 (recursive)               (recursive)               --                        525,312
│    │    │    └─Rearrange: 4-534             [1, 1024]                 [1, 16, 8, 8]             --                        (recursive)               --                        --
│    │    └─Sequential: 3-865                 [1, 512]                  [1, 16, 8, 8]             (recursive)               (recursive)               --                        --
│    │    │    └─Linear: 4-535                [1, 512]                  [1, 1024]                 (recursive)               (recursive)               --                        525,312
│    │    │    └─Rearrange: 4-536             [1, 1024]                 [1, 16, 8, 8]             --                        (recursive)               --                        --
│    │    └─Sequential: 3-866                 [1, 512]                  [1, 16, 8, 8]             (recursive)               (recursive)               --                        --
│    │    │    └─Linear: 4-537                [1, 512]                  [1, 1024]                 (recursive)               (recursive)               --                        525,312
│    │    │    └─Rearrange: 4-538             [1, 1024]                 [1, 16, 8, 8]             --                        (recursive)               --                        --
│    │    └─Sequential: 3-867                 [1, 512]                  [1, 16, 8, 8]             (recursive)               (recursive)               --                        --
│    │    │    └─Linear: 4-539                [1, 512]                  [1, 1024]                 (recursive)               (recursive)               --                        525,312
│    │    │    └─Rearrange: 4-540             [1, 1024]                 [1, 16, 8, 8]             --                        (recursive)               --                        --
│    │    └─Sequential: 3-868                 [1, 512]                  [1, 16, 8, 8]             (recursive)               (recursive)               --                        --
│    │    │    └─Linear: 4-541                [1, 512]                  [1, 1024]                 (recursive)               (recursive)               --                        525,312
│    │    │    └─Rearrange: 4-542             [1, 1024]                 [1, 16, 8, 8]             --                        (recursive)               --                        --
│    │    └─Sequential: 3-869                 [1, 512]                  [1, 16, 8, 8]             (recursive)               (recursive)               --                        --
│    │    │    └─Linear: 4-543                [1, 512]                  [1, 1024]                 (recursive)               (recursive)               --                        525,312
│    │    │    └─Rearrange: 4-544             [1, 1024]                 [1, 16, 8, 8]             --                        (recursive)               --                        --
│    │    └─Sequential: 3-870                 [1, 512]                  [1, 16, 8, 8]             (recursive)               (recursive)               --                        --
│    │    │    └─Linear: 4-545                [1, 512]                  [1, 1024]                 (recursive)               (recursive)               --                        525,312
│    │    │    └─Rearrange: 4-546             [1, 1024]                 [1, 16, 8, 8]             --                        (recursive)               --                        --
│    │    └─Sequential: 3-871                 [1, 512]                  [1, 16, 8, 8]             (recursive)               (recursive)               --                        --
│    │    │    └─Linear: 4-547                [1, 512]                  [1, 1024]                 (recursive)               (recursive)               --                        525,312
│    │    │    └─Rearrange: 4-548             [1, 1024]                 [1, 16, 8, 8]             --                        (recursive)               --                        --
│    │    └─Sequential: 3-872                 [1, 512]                  [1, 16, 8, 8]             (recursive)               (recursive)               --                        --
│    │    │    └─Linear: 4-549                [1, 512]                  [1, 1024]                 (recursive)               (recursive)               --                        525,312
│    │    │    └─Rearrange: 4-550             [1, 1024]                 [1, 16, 8, 8]             --                        (recursive)               --                        --
│    │    └─Sequential: 3-873                 [1, 512]                  [1, 16, 8, 8]             (recursive)               (recursive)               --                        --
│    │    │    └─Linear: 4-551                [1, 512]                  [1, 1024]                 (recursive)               (recursive)               --                        525,312
│    │    │    └─Rearrange: 4-552             [1, 1024]                 [1, 16, 8, 8]             --                        (recursive)               --                        --
│    │    └─Sequential: 3-874                 [1, 512]                  [1, 16, 8, 8]             (recursive)               (recursive)               --                        --
│    │    │    └─Linear: 4-553                [1, 512]                  [1, 1024]                 (recursive)               (recursive)               --                        525,312
│    │    │    └─Rearrange: 4-554             [1, 1024]                 [1, 16, 8, 8]             --                        (recursive)               --                        --
│    │    └─Sequential: 3-875                 [1, 512]                  [1, 16, 8, 8]             (recursive)               (recursive)               --                        --
│    │    │    └─Linear: 4-555                [1, 512]                  [1, 1024]                 (recursive)               (recursive)               --                        525,312
│    │    │    └─Rearrange: 4-556             [1, 1024]                 [1, 16, 8, 8]             --                        (recursive)               --                        --
│    │    └─Sequential: 3-876                 [1, 512]                  [1, 16, 8, 8]             (recursive)               (recursive)               --                        --
│    │    │    └─Linear: 4-557                [1, 512]                  [1, 1024]                 (recursive)               (recursive)               --                        525,312
│    │    │    └─Rearrange: 4-558             [1, 1024]                 [1, 16, 8, 8]             --                        (recursive)               --                        --
│    │    └─Sequential: 3-877                 [1, 512]                  [1, 16, 8, 8]             (recursive)               (recursive)               --                        --
│    │    │    └─Linear: 4-559                [1, 512]                  [1, 1024]                 (recursive)               (recursive)               --                        525,312
│    │    │    └─Rearrange: 4-560             [1, 1024]                 [1, 16, 8, 8]             --                        (recursive)               --                        --
│    │    └─Sequential: 3-878                 [1, 512]                  [1, 16, 8, 8]             (recursive)               (recursive)               --                        --
│    │    │    └─Linear: 4-561                [1, 512]                  [1, 1024]                 (recursive)               (recursive)               --                        525,312
│    │    │    └─Rearrange: 4-562             [1, 1024]                 [1, 16, 8, 8]             --                        (recursive)               --                        --
│    │    └─Sequential: 3-879                 [1, 512]                  [1, 16, 8, 8]             (recursive)               (recursive)               --                        --
│    │    │    └─Linear: 4-563                [1, 512]                  [1, 1024]                 (recursive)               (recursive)               --                        525,312
│    │    │    └─Rearrange: 4-564             [1, 1024]                 [1, 16, 8, 8]             --                        (recursive)               --                        --
│    │    └─Sequential: 3-880                 [1, 512]                  [1, 16, 8, 8]             (recursive)               (recursive)               --                        --
│    │    │    └─Linear: 4-565                [1, 512]                  [1, 1024]                 (recursive)               (recursive)               --                        525,312
│    │    │    └─Rearrange: 4-566             [1, 1024]                 [1, 16, 8, 8]             --                        (recursive)               --                        --
│    │    └─Sequential: 3-881                 [1, 512]                  [1, 16, 8, 8]             (recursive)               (recursive)               --                        --
│    │    │    └─Linear: 4-567                [1, 512]                  [1, 1024]                 (recursive)               (recursive)               --                        525,312
│    │    │    └─Rearrange: 4-568             [1, 1024]                 [1, 16, 8, 8]             --                        (recursive)               --                        --
│    │    └─Sequential: 3-882                 [1, 512]                  [1, 16, 8, 8]             (recursive)               (recursive)               --                        --
│    │    │    └─Linear: 4-569                [1, 512]                  [1, 1024]                 (recursive)               (recursive)               --                        525,312
│    │    │    └─Rearrange: 4-570             [1, 1024]                 [1, 16, 8, 8]             --                        (recursive)               --                        --
│    │    └─Sequential: 3-883                 [1, 512]                  [1, 16, 8, 8]             (recursive)               (recursive)               --                        --
│    │    │    └─Linear: 4-571                [1, 512]                  [1, 1024]                 (recursive)               (recursive)               --                        525,312
│    │    │    └─Rearrange: 4-572             [1, 1024]                 [1, 16, 8, 8]             --                        (recursive)               --                        --
│    │    └─Sequential: 3-884                 [1, 512]                  [1, 16, 8, 8]             (recursive)               (recursive)               --                        --
│    │    │    └─Linear: 4-573                [1, 512]                  [1, 1024]                 (recursive)               (recursive)               --                        525,312
│    │    │    └─Rearrange: 4-574             [1, 1024]                 [1, 16, 8, 8]             --                        (recursive)               --                        --
│    │    └─Sequential: 3-885                 [1, 512]                  [1, 16, 8, 8]             (recursive)               (recursive)               --                        --
│    │    │    └─Linear: 4-575                [1, 512]                  [1, 1024]                 (recursive)               (recursive)               --                        525,312
│    │    │    └─Rearrange: 4-576             [1, 1024]                 [1, 16, 8, 8]             --                        (recursive)               --                        --
│    │    └─Sequential: 3-886                 [1, 512]                  [1, 16, 8, 8]             (recursive)               (recursive)               --                        --
│    │    │    └─Linear: 4-577                [1, 512]                  [1, 1024]                 (recursive)               (recursive)               --                        525,312
│    │    │    └─Rearrange: 4-578             [1, 1024]                 [1, 16, 8, 8]             --                        (recursive)               --                        --
│    │    └─Sequential: 3-887                 [1, 512]                  [1, 16, 8, 8]             (recursive)               (recursive)               --                        --
│    │    │    └─Linear: 4-579                [1, 512]                  [1, 1024]                 (recursive)               (recursive)               --                        525,312
│    │    │    └─Rearrange: 4-580             [1, 1024]                 [1, 16, 8, 8]             --                        (recursive)               --                        --
│    │    └─Sequential: 3-888                 [1, 512]                  [1, 16, 8, 8]             (recursive)               (recursive)               --                        --
│    │    │    └─Linear: 4-581                [1, 512]                  [1, 1024]                 (recursive)               (recursive)               --                        525,312
│    │    │    └─Rearrange: 4-582             [1, 1024]                 [1, 16, 8, 8]             --                        (recursive)               --                        --
│    │    └─Sequential: 3-889                 [1, 512]                  [1, 16, 8, 8]             (recursive)               (recursive)               --                        --
│    │    │    └─Linear: 4-583                [1, 512]                  [1, 1024]                 (recursive)               (recursive)               --                        525,312
│    │    │    └─Rearrange: 4-584             [1, 1024]                 [1, 16, 8, 8]             --                        (recursive)               --                        --
│    │    └─Sequential: 3-890                 [1, 512]                  [1, 16, 8, 8]             (recursive)               (recursive)               --                        --
│    │    │    └─Linear: 4-585                [1, 512]                  [1, 1024]                 (recursive)               (recursive)               --                        525,312
│    │    │    └─Rearrange: 4-586             [1, 1024]                 [1, 16, 8, 8]             --                        (recursive)               --                        --
│    │    └─Sequential: 3-891                 [1, 512]                  [1, 16, 8, 8]             (recursive)               (recursive)               --                        --
│    │    │    └─Linear: 4-587                [1, 512]                  [1, 1024]                 (recursive)               (recursive)               --                        525,312
│    │    │    └─Rearrange: 4-588             [1, 1024]                 [1, 16, 8, 8]             --                        (recursive)               --                        --
│    │    └─Sequential: 3-892                 [1, 512]                  [1, 16, 8, 8]             (recursive)               (recursive)               --                        --
│    │    │    └─Linear: 4-589                [1, 512]                  [1, 1024]                 (recursive)               (recursive)               --                        525,312
│    │    │    └─Rearrange: 4-590             [1, 1024]                 [1, 16, 8, 8]             --                        (recursive)               --                        --
│    │    └─Sequential: 3-893                 [1, 512]                  [1, 16, 8, 8]             (recursive)               (recursive)               --                        --
│    │    │    └─Linear: 4-591                [1, 512]                  [1, 1024]                 (recursive)               (recursive)               --                        525,312
│    │    │    └─Rearrange: 4-592             [1, 1024]                 [1, 16, 8, 8]             --                        (recursive)               --                        --
│    │    └─Sequential: 3-894                 [1, 512]                  [1, 16, 8, 8]             (recursive)               (recursive)               --                        --
│    │    │    └─Linear: 4-593                [1, 512]                  [1, 1024]                 (recursive)               (recursive)               --                        525,312
│    │    │    └─Rearrange: 4-594             [1, 1024]                 [1, 16, 8, 8]             --                        (recursive)               --                        --
│    │    └─Sequential: 3-895                 [1, 512]                  [1, 16, 8, 8]             (recursive)               (recursive)               --                        --
│    │    │    └─Linear: 4-595                [1, 512]                  [1, 1024]                 (recursive)               (recursive)               --                        525,312
│    │    │    └─Rearrange: 4-596             [1, 1024]                 [1, 16, 8, 8]             --                        (recursive)               --                        --
│    │    └─Sequential: 3-896                 [1, 512]                  [1, 16, 8, 8]             (recursive)               (recursive)               --                        --
│    │    │    └─Linear: 4-597                [1, 512]                  [1, 1024]                 (recursive)               (recursive)               --                        525,312
│    │    │    └─Rearrange: 4-598             [1, 1024]                 [1, 16, 8, 8]             --                        (recursive)               --                        --
│    │    └─Sequential: 3-897                 [1, 512]                  [1, 16, 8, 8]             (recursive)               (recursive)               --                        --
│    │    │    └─Linear: 4-599                [1, 512]                  [1, 1024]                 (recursive)               (recursive)               --                        525,312
│    │    │    └─Rearrange: 4-600             [1, 1024]                 [1, 16, 8, 8]             --                        (recursive)               --                        --
│    │    └─Sequential: 3-898                 [1, 512]                  [1, 16, 8, 8]             (recursive)               (recursive)               --                        --
│    │    │    └─Linear: 4-601                [1, 512]                  [1, 1024]                 (recursive)               (recursive)               --                        525,312
│    │    │    └─Rearrange: 4-602             [1, 1024]                 [1, 16, 8, 8]             --                        (recursive)               --                        --
│    │    └─Sequential: 3-899                 [1, 512]                  [1, 16, 8, 8]             (recursive)               (recursive)               --                        --
│    │    │    └─Linear: 4-603                [1, 512]                  [1, 1024]                 (recursive)               (recursive)               --                        525,312
│    │    │    └─Rearrange: 4-604             [1, 1024]                 [1, 16, 8, 8]             --                        (recursive)               --                        --
│    │    └─Sequential: 3-900                 [1, 512]                  [1, 16, 8, 8]             (recursive)               (recursive)               --                        --
│    │    │    └─Linear: 4-605                [1, 512]                  [1, 1024]                 (recursive)               (recursive)               --                        525,312
│    │    │    └─Rearrange: 4-606             [1, 1024]                 [1, 16, 8, 8]             --                        (recursive)               --                        --
│    │    └─Sequential: 3-901                 [1, 512]                  [1, 16, 8, 8]             (recursive)               (recursive)               --                        --
│    │    │    └─Linear: 4-607                [1, 512]                  [1, 1024]                 (recursive)               (recursive)               --                        525,312
│    │    │    └─Rearrange: 4-608             [1, 1024]                 [1, 16, 8, 8]             --                        (recursive)               --                        --
│    │    └─Sequential: 3-902                 [1, 512]                  [1, 16, 8, 8]             (recursive)               (recursive)               --                        --
│    │    │    └─Linear: 4-609                [1, 512]                  [1, 1024]                 (recursive)               (recursive)               --                        525,312
│    │    │    └─Rearrange: 4-610             [1, 1024]                 [1, 16, 8, 8]             --                        (recursive)               --                        --
│    │    └─Sequential: 3-903                 [1, 512]                  [1, 16, 8, 8]             (recursive)               (recursive)               --                        --
│    │    │    └─Linear: 4-611                [1, 512]                  [1, 1024]                 (recursive)               (recursive)               --                        525,312
│    │    │    └─Rearrange: 4-612             [1, 1024]                 [1, 16, 8, 8]             --                        (recursive)               --                        --
│    │    └─Sequential: 3-904                 [1, 512]                  [1, 16, 8, 8]             (recursive)               (recursive)               --                        --
│    │    │    └─Linear: 4-613                [1, 512]                  [1, 1024]                 (recursive)               (recursive)               --                        525,312
│    │    │    └─Rearrange: 4-614             [1, 1024]                 [1, 16, 8, 8]             --                        (recursive)               --                        --
│    │    └─Sequential: 3-905                 [1, 512]                  [1, 16, 8, 8]             (recursive)               (recursive)               --                        --
│    │    │    └─Linear: 4-615                [1, 512]                  [1, 1024]                 (recursive)               (recursive)               --                        525,312
│    │    │    └─Rearrange: 4-616             [1, 1024]                 [1, 16, 8, 8]             --                        (recursive)               --                        --
│    │    └─Sequential: 3-906                 [1, 512]                  [1, 16, 8, 8]             (recursive)               (recursive)               --                        --
│    │    │    └─Linear: 4-617                [1, 512]                  [1, 1024]                 (recursive)               (recursive)               --                        525,312
│    │    │    └─Rearrange: 4-618             [1, 1024]                 [1, 16, 8, 8]             --                        (recursive)               --                        --
│    │    └─Sequential: 3-907                 [1, 512]                  [1, 16, 8, 8]             (recursive)               (recursive)               --                        --
│    │    │    └─Linear: 4-619                [1, 512]                  [1, 1024]                 (recursive)               (recursive)               --                        525,312
│    │    │    └─Rearrange: 4-620             [1, 1024]                 [1, 16, 8, 8]             --                        (recursive)               --                        --
│    │    └─Sequential: 3-908                 [1, 512]                  [1, 16, 8, 8]             (recursive)               (recursive)               --                        --
│    │    │    └─Linear: 4-621                [1, 512]                  [1, 1024]                 (recursive)               (recursive)               --                        525,312
│    │    │    └─Rearrange: 4-622             [1, 1024]                 [1, 16, 8, 8]             --                        (recursive)               --                        --
│    │    └─Sequential: 3-909                 [1, 512]                  [1, 16, 8, 8]             (recursive)               (recursive)               --                        --
│    │    │    └─Linear: 4-623                [1, 512]                  [1, 1024]                 (recursive)               (recursive)               --                        525,312
│    │    │    └─Rearrange: 4-624             [1, 1024]                 [1, 16, 8, 8]             --                        (recursive)               --                        --
│    │    └─Sequential: 3-910                 [1, 512]                  [1, 16, 8, 8]             (recursive)               (recursive)               --                        --
│    │    │    └─Linear: 4-625                [1, 512]                  [1, 1024]                 (recursive)               (recursive)               --                        525,312
│    │    │    └─Rearrange: 4-626             [1, 1024]                 [1, 16, 8, 8]             --                        (recursive)               --                        --
│    │    └─Sequential: 3-911                 [1, 512]                  [1, 16, 8, 8]             (recursive)               (recursive)               --                        --
│    │    │    └─Linear: 4-627                [1, 512]                  [1, 1024]                 (recursive)               (recursive)               --                        525,312
│    │    │    └─Rearrange: 4-628             [1, 1024]                 [1, 16, 8, 8]             --                        (recursive)               --                        --
│    │    └─Sequential: 3-912                 [1, 512]                  [1, 16, 8, 8]             (recursive)               (recursive)               --                        --
│    │    │    └─Linear: 4-629                [1, 512]                  [1, 1024]                 (recursive)               (recursive)               --                        525,312
│    │    │    └─Rearrange: 4-630             [1, 1024]                 [1, 16, 8, 8]             --                        (recursive)               --                        --
│    │    └─Sequential: 3-913                 [1, 512]                  [1, 16, 8, 8]             (recursive)               (recursive)               --                        --
│    │    │    └─Linear: 4-631                [1, 512]                  [1, 1024]                 (recursive)               (recursive)               --                        525,312
│    │    │    └─Rearrange: 4-632             [1, 1024]                 [1, 16, 8, 8]             --                        (recursive)               --                        --
│    │    └─Sequential: 3-914                 [1, 512]                  [1, 16, 8, 8]             (recursive)               (recursive)               --                        --
│    │    │    └─Linear: 4-633                [1, 512]                  [1, 1024]                 (recursive)               (recursive)               --                        525,312
│    │    │    └─Rearrange: 4-634             [1, 1024]                 [1, 16, 8, 8]             --                        (recursive)               --                        --
│    │    └─Sequential: 3-915                 [1, 512]                  [1, 16, 8, 8]             (recursive)               (recursive)               --                        --
│    │    │    └─Linear: 4-635                [1, 512]                  [1, 1024]                 (recursive)               (recursive)               --                        525,312
│    │    │    └─Rearrange: 4-636             [1, 1024]                 [1, 16, 8, 8]             --                        (recursive)               --                        --
│    │    └─Sequential: 3-916                 [1, 512]                  [1, 16, 8, 8]             (recursive)               (recursive)               --                        --
│    │    │    └─Linear: 4-637                [1, 512]                  [1, 1024]                 (recursive)               (recursive)               --                        525,312
│    │    │    └─Rearrange: 4-638             [1, 1024]                 [1, 16, 8, 8]             --                        (recursive)               --                        --
│    │    └─Sequential: 3-917                 [1, 512]                  [1, 16, 8, 8]             (recursive)               (recursive)               --                        --
│    │    │    └─Linear: 4-639                [1, 512]                  [1, 1024]                 (recursive)               (recursive)               --                        525,312
│    │    │    └─Rearrange: 4-640             [1, 1024]                 [1, 16, 8, 8]             --                        (recursive)               --                        --
│    │    └─Sequential: 3-918                 [1, 512]                  [1, 16, 8, 8]             (recursive)               (recursive)               --                        --
│    │    │    └─Linear: 4-641                [1, 512]                  [1, 1024]                 (recursive)               (recursive)               --                        525,312
│    │    │    └─Rearrange: 4-642             [1, 1024]                 [1, 16, 8, 8]             --                        (recursive)               --                        --
│    │    └─Sequential: 3-919                 [1, 512]                  [1, 16, 8, 8]             (recursive)               (recursive)               --                        --
│    │    │    └─Linear: 4-643                [1, 512]                  [1, 1024]                 (recursive)               (recursive)               --                        525,312
│    │    │    └─Rearrange: 4-644             [1, 1024]                 [1, 16, 8, 8]             --                        (recursive)               --                        --
│    │    └─Sequential: 3-920                 [1, 512]                  [1, 16, 8, 8]             (recursive)               (recursive)               --                        --
│    │    │    └─Linear: 4-645                [1, 512]                  [1, 1024]                 (recursive)               (recursive)               --                        525,312
│    │    │    └─Rearrange: 4-646             [1, 1024]                 [1, 16, 8, 8]             --                        (recursive)               --                        --
│    │    └─Sequential: 3-921                 [1, 512]                  [1, 16, 8, 8]             (recursive)               (recursive)               --                        --
│    │    │    └─Linear: 4-647                [1, 512]                  [1, 1024]                 (recursive)               (recursive)               --                        525,312
│    │    │    └─Rearrange: 4-648             [1, 1024]                 [1, 16, 8, 8]             --                        (recursive)               --                        --
│    │    └─Sequential: 3-922                 [1, 512]                  [1, 16, 8, 8]             (recursive)               (recursive)               --                        --
│    │    │    └─Linear: 4-649                [1, 512]                  [1, 1024]                 (recursive)               (recursive)               --                        525,312
│    │    │    └─Rearrange: 4-650             [1, 1024]                 [1, 16, 8, 8]             --                        (recursive)               --                        --
│    │    └─Sequential: 3-923                 [1, 512]                  [1, 16, 8, 8]             (recursive)               (recursive)               --                        --
│    │    │    └─Linear: 4-651                [1, 512]                  [1, 1024]                 (recursive)               (recursive)               --                        525,312
│    │    │    └─Rearrange: 4-652             [1, 1024]                 [1, 16, 8, 8]             --                        (recursive)               --                        --
│    │    └─Sequential: 3-924                 [1, 512]                  [1, 16, 8, 8]             (recursive)               (recursive)               --                        --
│    │    │    └─Linear: 4-653                [1, 512]                  [1, 1024]                 (recursive)               (recursive)               --                        525,312
│    │    │    └─Rearrange: 4-654             [1, 1024]                 [1, 16, 8, 8]             --                        (recursive)               --                        --
│    │    └─Sequential: 3-925                 [1, 512]                  [1, 16, 8, 8]             (recursive)               (recursive)               --                        --
│    │    │    └─Linear: 4-655                [1, 512]                  [1, 1024]                 (recursive)               (recursive)               --                        525,312
│    │    │    └─Rearrange: 4-656             [1, 1024]                 [1, 16, 8, 8]             --                        (recursive)               --                        --
│    │    └─Sequential: 3-926                 [1, 512]                  [1, 16, 8, 8]             (recursive)               (recursive)               --                        --
│    │    │    └─Linear: 4-657                [1, 512]                  [1, 1024]                 (recursive)               (recursive)               --                        525,312
│    │    │    └─Rearrange: 4-658             [1, 1024]                 [1, 16, 8, 8]             --                        (recursive)               --                        --
│    │    └─Sequential: 3-927                 [1, 512]                  [1, 16, 8, 8]             (recursive)               (recursive)               --                        --
│    │    │    └─Linear: 4-659                [1, 512]                  [1, 1024]                 (recursive)               (recursive)               --                        525,312
│    │    │    └─Rearrange: 4-660             [1, 1024]                 [1, 16, 8, 8]             --                        (recursive)               --                        --
│    │    └─Sequential: 3-928                 [1, 512]                  [1, 16, 8, 8]             (recursive)               (recursive)               --                        --
│    │    │    └─Linear: 4-661                [1, 512]                  [1, 1024]                 (recursive)               (recursive)               --                        525,312
│    │    │    └─Rearrange: 4-662             [1, 1024]                 [1, 16, 8, 8]             --                        (recursive)               --                        --
│    │    └─Sequential: 3-929                 [1, 512]                  [1, 16, 8, 8]             (recursive)               (recursive)               --                        --
│    │    │    └─Linear: 4-663                [1, 512]                  [1, 1024]                 (recursive)               (recursive)               --                        525,312
│    │    │    └─Rearrange: 4-664             [1, 1024]                 [1, 16, 8, 8]             --                        (recursive)               --                        --
│    │    └─Sequential: 3-930                 [1, 512]                  [1, 16, 8, 8]             (recursive)               (recursive)               --                        --
│    │    │    └─Linear: 4-665                [1, 512]                  [1, 1024]                 (recursive)               (recursive)               --                        525,312
│    │    │    └─Rearrange: 4-666             [1, 1024]                 [1, 16, 8, 8]             --                        (recursive)               --                        --
│    │    └─Sequential: 3-931                 [1, 512]                  [1, 16, 8, 8]             (recursive)               (recursive)               --                        --
│    │    │    └─Linear: 4-667                [1, 512]                  [1, 1024]                 (recursive)               (recursive)               --                        525,312
│    │    │    └─Rearrange: 4-668             [1, 1024]                 [1, 16, 8, 8]             --                        (recursive)               --                        --
│    │    └─Sequential: 3-932                 [1, 512]                  [1, 16, 8, 8]             (recursive)               (recursive)               --                        --
│    │    │    └─Linear: 4-669                [1, 512]                  [1, 1024]                 (recursive)               (recursive)               --                        525,312
│    │    │    └─Rearrange: 4-670             [1, 1024]                 [1, 16, 8, 8]             --                        (recursive)               --                        --
│    │    └─Sequential: 3-933                 [1, 512]                  [1, 16, 8, 8]             (recursive)               (recursive)               --                        --
│    │    │    └─Linear: 4-671                [1, 512]                  [1, 1024]                 (recursive)               (recursive)               --                        525,312
│    │    │    └─Rearrange: 4-672             [1, 1024]                 [1, 16, 8, 8]             --                        (recursive)               --                        --
│    │    └─Sequential: 3-934                 [1, 512]                  [1, 16, 8, 8]             (recursive)               (recursive)               --                        --
│    │    │    └─Linear: 4-673                [1, 512]                  [1, 1024]                 (recursive)               (recursive)               --                        525,312
│    │    │    └─Rearrange: 4-674             [1, 1024]                 [1, 16, 8, 8]             --                        (recursive)               --                        --
│    │    └─Sequential: 3-935                 [1, 512]                  [1, 16, 8, 8]             (recursive)               (recursive)               --                        --
│    │    │    └─Linear: 4-675                [1, 512]                  [1, 1024]                 (recursive)               (recursive)               --                        525,312
│    │    │    └─Rearrange: 4-676             [1, 1024]                 [1, 16, 8, 8]             --                        (recursive)               --                        --
│    │    └─Sequential: 3-936                 [1, 512]                  [1, 16, 8, 8]             (recursive)               (recursive)               --                        --
│    │    │    └─Linear: 4-677                [1, 512]                  [1, 1024]                 (recursive)               (recursive)               --                        525,312
│    │    │    └─Rearrange: 4-678             [1, 1024]                 [1, 16, 8, 8]             --                        (recursive)               --                        --
│    │    └─Sequential: 3-937                 [1, 512]                  [1, 16, 8, 8]             (recursive)               (recursive)               --                        --
│    │    │    └─Linear: 4-679                [1, 512]                  [1, 1024]                 (recursive)               (recursive)               --                        525,312
│    │    │    └─Rearrange: 4-680             [1, 1024]                 [1, 16, 8, 8]             --                        (recursive)               --                        --
│    │    └─Sequential: 3-938                 [1, 512]                  [1, 16, 8, 8]             (recursive)               (recursive)               --                        --
│    │    │    └─Linear: 4-681                [1, 512]                  [1, 1024]                 (recursive)               (recursive)               --                        525,312
│    │    │    └─Rearrange: 4-682             [1, 1024]                 [1, 16, 8, 8]             --                        (recursive)               --                        --
│    │    └─Sequential: 3-939                 [1, 512]                  [1, 16, 8, 8]             (recursive)               (recursive)               --                        --
│    │    │    └─Linear: 4-683                [1, 512]                  [1, 1024]                 (recursive)               (recursive)               --                        525,312
│    │    │    └─Rearrange: 4-684             [1, 1024]                 [1, 16, 8, 8]             --                        (recursive)               --                        --
│    │    └─Sequential: 3-940                 [1, 512]                  [1, 16, 8, 8]             (recursive)               (recursive)               --                        --
│    │    │    └─Linear: 4-685                [1, 512]                  [1, 1024]                 (recursive)               (recursive)               --                        525,312
│    │    │    └─Rearrange: 4-686             [1, 1024]                 [1, 16, 8, 8]             --                        (recursive)               --                        --
│    │    └─Sequential: 3-941                 [1, 512]                  [1, 16, 8, 8]             (recursive)               (recursive)               --                        --
│    │    │    └─Linear: 4-687                [1, 512]                  [1, 1024]                 (recursive)               (recursive)               --                        525,312
│    │    │    └─Rearrange: 4-688             [1, 1024]                 [1, 16, 8, 8]             --                        (recursive)               --                        --
│    │    └─Sequential: 3-942                 [1, 512]                  [1, 16, 8, 8]             (recursive)               (recursive)               --                        --
│    │    │    └─Linear: 4-689                [1, 512]                  [1, 1024]                 (recursive)               (recursive)               --                        525,312
│    │    │    └─Rearrange: 4-690             [1, 1024]                 [1, 16, 8, 8]             --                        (recursive)               --                        --
│    │    └─Sequential: 3-943                 [1, 512]                  [1, 16, 8, 8]             (recursive)               (recursive)               --                        --
│    │    │    └─Linear: 4-691                [1, 512]                  [1, 1024]                 (recursive)               (recursive)               --                        525,312
│    │    │    └─Rearrange: 4-692             [1, 1024]                 [1, 16, 8, 8]             --                        (recursive)               --                        --
│    │    └─Sequential: 3-944                 [1, 512]                  [1, 16, 8, 8]             (recursive)               (recursive)               --                        --
│    │    │    └─Linear: 4-693                [1, 512]                  [1, 1024]                 (recursive)               (recursive)               --                        525,312
│    │    │    └─Rearrange: 4-694             [1, 1024]                 [1, 16, 8, 8]             --                        (recursive)               --                        --
│    │    └─Sequential: 3-945                 [1, 512]                  [1, 16, 8, 8]             (recursive)               (recursive)               --                        --
│    │    │    └─Linear: 4-695                [1, 512]                  [1, 1024]                 (recursive)               (recursive)               --                        525,312
│    │    │    └─Rearrange: 4-696             [1, 1024]                 [1, 16, 8, 8]             --                        (recursive)               --                        --
│    │    └─Sequential: 3-946                 [1, 512]                  [1, 16, 8, 8]             (recursive)               (recursive)               --                        --
│    │    │    └─Linear: 4-697                [1, 512]                  [1, 1024]                 (recursive)               (recursive)               --                        525,312
│    │    │    └─Rearrange: 4-698             [1, 1024]                 [1, 16, 8, 8]             --                        (recursive)               --                        --
│    │    └─Sequential: 3-947                 [1, 512]                  [1, 16, 8, 8]             (recursive)               (recursive)               --                        --
│    │    │    └─Linear: 4-699                [1, 512]                  [1, 1024]                 (recursive)               (recursive)               --                        525,312
│    │    │    └─Rearrange: 4-700             [1, 1024]                 [1, 16, 8, 8]             --                        (recursive)               --                        --
│    │    └─Sequential: 3-948                 [1, 512]                  [1, 16, 8, 8]             (recursive)               (recursive)               --                        --
│    │    │    └─Linear: 4-701                [1, 512]                  [1, 1024]                 (recursive)               (recursive)               --                        525,312
│    │    │    └─Rearrange: 4-702             [1, 1024]                 [1, 16, 8, 8]             --                        (recursive)               --                        --
│    │    └─Sequential: 3-949                 [1, 512]                  [1, 16, 8, 8]             (recursive)               (recursive)               --                        --
│    │    │    └─Linear: 4-703                [1, 512]                  [1, 1024]                 (recursive)               (recursive)               --                        525,312
│    │    │    └─Rearrange: 4-704             [1, 1024]                 [1, 16, 8, 8]             --                        (recursive)               --                        --
│    │    └─Sequential: 3-950                 [1, 512]                  [1, 16, 8, 8]             (recursive)               (recursive)               --                        --
│    │    │    └─Linear: 4-705                [1, 512]                  [1, 1024]                 (recursive)               (recursive)               --                        525,312
│    │    │    └─Rearrange: 4-706             [1, 1024]                 [1, 16, 8, 8]             --                        (recursive)               --                        --
│    │    └─Sequential: 3-951                 [1, 512]                  [1, 16, 8, 8]             (recursive)               (recursive)               --                        --
│    │    │    └─Linear: 4-707                [1, 512]                  [1, 1024]                 (recursive)               (recursive)               --                        525,312
│    │    │    └─Rearrange: 4-708             [1, 1024]                 [1, 16, 8, 8]             --                        (recursive)               --                        --
│    │    └─Sequential: 3-952                 [1, 512]                  [1, 16, 8, 8]             (recursive)               (recursive)               --                        --
│    │    │    └─Linear: 4-709                [1, 512]                  [1, 1024]                 (recursive)               (recursive)               --                        525,312
│    │    │    └─Rearrange: 4-710             [1, 1024]                 [1, 16, 8, 8]             --                        (recursive)               --                        --
│    │    └─Sequential: 3-953                 [1, 512]                  [1, 16, 8, 8]             (recursive)               (recursive)               --                        --
│    │    │    └─Linear: 4-711                [1, 512]                  [1, 1024]                 (recursive)               (recursive)               --                        525,312
│    │    │    └─Rearrange: 4-712             [1, 1024]                 [1, 16, 8, 8]             --                        (recursive)               --                        --
│    │    └─Sequential: 3-954                 [1, 512]                  [1, 16, 8, 8]             (recursive)               (recursive)               --                        --
│    │    │    └─Linear: 4-713                [1, 512]                  [1, 1024]                 (recursive)               (recursive)               --                        525,312
│    │    │    └─Rearrange: 4-714             [1, 1024]                 [1, 16, 8, 8]             --                        (recursive)               --                        --
│    │    └─Sequential: 3-955                 [1, 512]                  [1, 16, 8, 8]             (recursive)               (recursive)               --                        --
│    │    │    └─Linear: 4-715                [1, 512]                  [1, 1024]                 (recursive)               (recursive)               --                        525,312
│    │    │    └─Rearrange: 4-716             [1, 1024]                 [1, 16, 8, 8]             --                        (recursive)               --                        --
│    │    └─Sequential: 3-956                 [1, 512]                  [1, 16, 8, 8]             (recursive)               (recursive)               --                        --
│    │    │    └─Linear: 4-717                [1, 512]                  [1, 1024]                 (recursive)               (recursive)               --                        525,312
│    │    │    └─Rearrange: 4-718             [1, 1024]                 [1, 16, 8, 8]             --                        (recursive)               --                        --
│    │    └─Sequential: 3-957                 [1, 512]                  [1, 16, 8, 8]             (recursive)               (recursive)               --                        --
│    │    │    └─Linear: 4-719                [1, 512]                  [1, 1024]                 (recursive)               (recursive)               --                        525,312
│    │    │    └─Rearrange: 4-720             [1, 1024]                 [1, 16, 8, 8]             --                        (recursive)               --                        --
│    │    └─Sequential: 3-958                 [1, 512]                  [1, 16, 8, 8]             (recursive)               (recursive)               --                        --
│    │    │    └─Linear: 4-721                [1, 512]                  [1, 1024]                 (recursive)               (recursive)               --                        525,312
│    │    │    └─Rearrange: 4-722             [1, 1024]                 [1, 16, 8, 8]             --                        (recursive)               --                        --
│    │    └─Sequential: 3-959                 [1, 512]                  [1, 16, 8, 8]             (recursive)               (recursive)               --                        --
│    │    │    └─Linear: 4-723                [1, 512]                  [1, 1024]                 (recursive)               (recursive)               --                        525,312
│    │    │    └─Rearrange: 4-724             [1, 1024]                 [1, 16, 8, 8]             --                        (recursive)               --                        --
│    │    └─Sequential: 3-960                 [1, 512]                  [1, 16, 8, 8]             (recursive)               (recursive)               --                        --
│    │    │    └─Linear: 4-725                [1, 512]                  [1, 1024]                 (recursive)               (recursive)               --                        525,312
│    │    │    └─Rearrange: 4-726             [1, 1024]                 [1, 16, 8, 8]             --                        (recursive)               --                        --
│    │    └─Sequential: 3-961                 [1, 512]                  [1, 16, 8, 8]             (recursive)               (recursive)               --                        --
│    │    │    └─Linear: 4-727                [1, 512]                  [1, 1024]                 (recursive)               (recursive)               --                        525,312
│    │    │    └─Rearrange: 4-728             [1, 1024]                 [1, 16, 8, 8]             --                        (recursive)               --                        --
│    │    └─Sequential: 3-962                 [1, 512]                  [1, 16, 8, 8]             (recursive)               (recursive)               --                        --
│    │    │    └─Linear: 4-729                [1, 512]                  [1, 1024]                 (recursive)               (recursive)               --                        525,312
│    │    │    └─Rearrange: 4-730             [1, 1024]                 [1, 16, 8, 8]             --                        (recursive)               --                        --
│    │    └─Sequential: 3-963                 [1, 512]                  [1, 16, 8, 8]             (recursive)               (recursive)               --                        --
│    │    │    └─Linear: 4-731                [1, 512]                  [1, 1024]                 (recursive)               (recursive)               --                        525,312
│    │    │    └─Rearrange: 4-732             [1, 1024]                 [1, 16, 8, 8]             --                        (recursive)               --                        --
│    │    └─Sequential: 3-964                 [1, 512]                  [1, 16, 8, 8]             (recursive)               (recursive)               --                        --
│    │    │    └─Linear: 4-733                [1, 512]                  [1, 1024]                 (recursive)               (recursive)               --                        525,312
│    │    │    └─Rearrange: 4-734             [1, 1024]                 [1, 16, 8, 8]             --                        (recursive)               --                        --
│    │    └─Sequential: 3-965                 [1, 512]                  [1, 16, 8, 8]             (recursive)               (recursive)               --                        --
│    │    │    └─Linear: 4-735                [1, 512]                  [1, 1024]                 (recursive)               (recursive)               --                        525,312
│    │    │    └─Rearrange: 4-736             [1, 1024]                 [1, 16, 8, 8]             --                        (recursive)               --                        --
│    │    └─Sequential: 3-966                 [1, 512]                  [1, 16, 8, 8]             (recursive)               (recursive)               --                        --
│    │    │    └─Linear: 4-737                [1, 512]                  [1, 1024]                 (recursive)               (recursive)               --                        525,312
│    │    │    └─Rearrange: 4-738             [1, 1024]                 [1, 16, 8, 8]             --                        (recursive)               --                        --
│    │    └─Sequential: 3-967                 [1, 512]                  [1, 16, 8, 8]             (recursive)               (recursive)               --                        --
│    │    │    └─Linear: 4-739                [1, 512]                  [1, 1024]                 (recursive)               (recursive)               --                        525,312
│    │    │    └─Rearrange: 4-740             [1, 1024]                 [1, 16, 8, 8]             --                        (recursive)               --                        --
│    │    └─Sequential: 3-968                 [1, 512]                  [1, 16, 8, 8]             (recursive)               (recursive)               --                        --
│    │    │    └─Linear: 4-741                [1, 512]                  [1, 1024]                 (recursive)               (recursive)               --                        525,312
│    │    │    └─Rearrange: 4-742             [1, 1024]                 [1, 16, 8, 8]             --                        (recursive)               --                        --
│    └─Conv2d: 2-29                           [1, 16, 256, 256]         [1, 3, 256, 256]          435                         0.00%                   [3, 3]                    28,508,160
===================================================================================================================================================================================================
Total params: 214,448,739
Trainable params: 214,448,739
Non-trainable params: 0
Total mult-adds (G): 26.37
===================================================================================================================================================================================================
Input size (MB): 0.79
Forward/backward pass size (MB): 407.03
Params size (MB): 750.29
Estimated Total Size (MB): 1158.10
===================================================================================================================================================================================================
self.loss_weight_lpips, self.loss_weight_convnext: 1.0, 0.1
/mnt/petrelfs/jianglihan/my_code/dinov2/dinov2/layers/swiglu_ffn.py:51: UserWarning: xFormers is not available (SwiGLU)
  warnings.warn("xFormers is not available (SwiGLU)")
/mnt/petrelfs/jianglihan/my_code/dinov2/dinov2/layers/attention.py:33: UserWarning: xFormers is not available (Attention)
  warnings.warn("xFormers is not available (Attention)")
/mnt/petrelfs/jianglihan/my_code/dinov2/dinov2/layers/block.py:40: UserWarning: xFormers is not available (Block)
  warnings.warn("xFormers is not available (Block)")
[11/26 16:00:08 Tokenizer]: Creating optimizers.
[11/26 16:00:08 Tokenizer]: Creating lr_schedulers.
self.train_transform: Compose(
    Resize(size=256, interpolation=bicubic, max_size=None, antialias=True)
    RandomCrop(size=(256, 256), padding=None)
    RandomHorizontalFlip(p=0.5)
    ToTensor()
    Normalize(mean=[0.0, 0.0, 0.0], std=[1.0, 1.0, 1.0])
)
self.eval_transform: Compose(
    Resize(size=256, interpolation=bilinear, max_size=None, antialias=True)
    CenterCrop(size=(256, 256))
    ToTensor()
    Normalize(mean=[0.0, 0.0, 0.0], std=[1.0, 1.0, 1.0])
)
[11/26 16:00:08 Tokenizer]: Creating evaluator.
[11/26 16:00:09 Tokenizer]: Preparing model, optimizer and dataloaders
SH-IDCA1404-10-140-54-60:94316:94316 [0] NCCL INFO NCCL_SOCKET_IFNAME set by environment to bond0
SH-IDCA1404-10-140-54-60:94316:94316 [0] NCCL INFO Bootstrap : Using bond0:10.140.54.60<0>
SH-IDCA1404-10-140-54-60:94316:94316 [0] NCCL INFO NET/Plugin: No plugin found (libnccl-net.so)
SH-IDCA1404-10-140-54-60:94316:94316 [0] NCCL INFO NET/Plugin: Plugin load returned 2 : libnccl-net.so: cannot open shared object file: No such file or directory : when loading libnccl-net.so
SH-IDCA1404-10-140-54-60:94316:94316 [0] NCCL INFO NET/Plugin: Using internal network plugin.
SH-IDCA1404-10-140-54-60:94316:94316 [0] NCCL INFO cudaDriverVersion 12000
NCCL version 2.21.5+cuda11.0
SH-IDCA1404-10-140-54-60:94320:94320 [4] NCCL INFO cudaDriverVersion 12000
SH-IDCA1404-10-140-54-60:94320:94320 [4] NCCL INFO NCCL_SOCKET_IFNAME set by environment to bond0
SH-IDCA1404-10-140-54-60:94320:94320 [4] NCCL INFO Bootstrap : Using bond0:10.140.54.60<0>
SH-IDCA1404-10-140-54-60:94317:94317 [1] NCCL INFO cudaDriverVersion 12000
SH-IDCA1404-10-140-54-60:94319:94319 [3] NCCL INFO cudaDriverVersion 12000
SH-IDCA1404-10-140-54-60:94322:94322 [6] NCCL INFO cudaDriverVersion 12000
SH-IDCA1404-10-140-54-60:94318:94318 [2] NCCL INFO cudaDriverVersion 12000
SH-IDCA1404-10-140-54-60:94317:94317 [1] NCCL INFO NCCL_SOCKET_IFNAME set by environment to bond0
SH-IDCA1404-10-140-54-60:94319:94319 [3] NCCL INFO NCCL_SOCKET_IFNAME set by environment to bond0
SH-IDCA1404-10-140-54-60:94322:94322 [6] NCCL INFO NCCL_SOCKET_IFNAME set by environment to bond0
SH-IDCA1404-10-140-54-60:94318:94318 [2] NCCL INFO NCCL_SOCKET_IFNAME set by environment to bond0
SH-IDCA1404-10-140-54-60:94320:94320 [4] NCCL INFO NET/Plugin: No plugin found (libnccl-net.so)
SH-IDCA1404-10-140-54-60:94320:94320 [4] NCCL INFO NET/Plugin: Plugin load returned 2 : libnccl-net.so: cannot open shared object file: No such file or directory : when loading libnccl-net.so
SH-IDCA1404-10-140-54-60:94320:94320 [4] NCCL INFO NET/Plugin: Using internal network plugin.
SH-IDCA1404-10-140-54-60:94319:94319 [3] NCCL INFO Bootstrap : Using bond0:10.140.54.60<0>
SH-IDCA1404-10-140-54-60:94317:94317 [1] NCCL INFO Bootstrap : Using bond0:10.140.54.60<0>
SH-IDCA1404-10-140-54-60:94322:94322 [6] NCCL INFO Bootstrap : Using bond0:10.140.54.60<0>
SH-IDCA1404-10-140-54-60:94318:94318 [2] NCCL INFO Bootstrap : Using bond0:10.140.54.60<0>
SH-IDCA1404-10-140-54-60:94323:94323 [7] NCCL INFO cudaDriverVersion 12000
SH-IDCA1404-10-140-54-60:94321:94321 [5] NCCL INFO cudaDriverVersion 12000
SH-IDCA1404-10-140-54-60:94321:94321 [5] NCCL INFO NCCL_SOCKET_IFNAME set by environment to bond0
SH-IDCA1404-10-140-54-60:94323:94323 [7] NCCL INFO NCCL_SOCKET_IFNAME set by environment to bond0
SH-IDCA1404-10-140-54-60:94323:94323 [7] NCCL INFO Bootstrap : Using bond0:10.140.54.60<0>
SH-IDCA1404-10-140-54-60:94321:94321 [5] NCCL INFO Bootstrap : Using bond0:10.140.54.60<0>
SH-IDCA1404-10-140-54-60:94317:94317 [1] NCCL INFO NET/Plugin: No plugin found (libnccl-net.so)
SH-IDCA1404-10-140-54-60:94317:94317 [1] NCCL INFO NET/Plugin: Plugin load returned 2 : libnccl-net.so: cannot open shared object file: No such file or directory : when loading libnccl-net.so
SH-IDCA1404-10-140-54-60:94317:94317 [1] NCCL INFO NET/Plugin: Using internal network plugin.
SH-IDCA1404-10-140-54-60:94318:94318 [2] NCCL INFO NET/Plugin: No plugin found (libnccl-net.so)
SH-IDCA1404-10-140-54-60:94318:94318 [2] NCCL INFO NET/Plugin: Plugin load returned 2 : libnccl-net.so: cannot open shared object file: No such file or directory : when loading libnccl-net.so
SH-IDCA1404-10-140-54-60:94318:94318 [2] NCCL INFO NET/Plugin: Using internal network plugin.
SH-IDCA1404-10-140-54-60:94319:94319 [3] NCCL INFO NET/Plugin: No plugin found (libnccl-net.so)
SH-IDCA1404-10-140-54-60:94319:94319 [3] NCCL INFO NET/Plugin: Plugin load returned 2 : libnccl-net.so: cannot open shared object file: No such file or directory : when loading libnccl-net.so
SH-IDCA1404-10-140-54-60:94319:94319 [3] NCCL INFO NET/Plugin: Using internal network plugin.
SH-IDCA1404-10-140-54-60:94322:94322 [6] NCCL INFO NET/Plugin: No plugin found (libnccl-net.so)
SH-IDCA1404-10-140-54-60:94322:94322 [6] NCCL INFO NET/Plugin: Plugin load returned 2 : libnccl-net.so: cannot open shared object file: No such file or directory : when loading libnccl-net.so
SH-IDCA1404-10-140-54-60:94322:94322 [6] NCCL INFO NET/Plugin: Using internal network plugin.
SH-IDCA1404-10-140-54-60:94323:94323 [7] NCCL INFO NET/Plugin: No plugin found (libnccl-net.so)
SH-IDCA1404-10-140-54-60:94321:94321 [5] NCCL INFO NET/Plugin: No plugin found (libnccl-net.so)
SH-IDCA1404-10-140-54-60:94323:94323 [7] NCCL INFO NET/Plugin: Plugin load returned 2 : libnccl-net.so: cannot open shared object file: No such file or directory : when loading libnccl-net.so
SH-IDCA1404-10-140-54-60:94323:94323 [7] NCCL INFO NET/Plugin: Using internal network plugin.
SH-IDCA1404-10-140-54-60:94321:94321 [5] NCCL INFO NET/Plugin: Plugin load returned 2 : libnccl-net.so: cannot open shared object file: No such file or directory : when loading libnccl-net.so
SH-IDCA1404-10-140-54-60:94321:94321 [5] NCCL INFO NET/Plugin: Using internal network plugin.
SH-IDCA1404-10-140-54-60:94316:94316 [0] NCCL INFO Comm config Blocking set to 1
SH-IDCA1404-10-140-54-60:94316:96939 [0] NCCL INFO NCCL_SOCKET_IFNAME set by environment to bond0
SH-IDCA1404-10-140-54-60:94316:96939 [0] NCCL INFO NCCL_IB_HCA set to mlx5_0,mlx5_2
SH-IDCA1404-10-140-54-60:94316:96939 [0] NCCL INFO NET/IB : Using [0]mlx5_2:1/IB [RO]; OOB bond0:10.140.54.60<0>
SH-IDCA1404-10-140-54-60:94316:96939 [0] NCCL INFO Using non-device net plugin version 0
SH-IDCA1404-10-140-54-60:94316:96939 [0] NCCL INFO Using network IB
SH-IDCA1404-10-140-54-60:94320:94320 [4] NCCL INFO Comm config Blocking set to 1
SH-IDCA1404-10-140-54-60:94319:94319 [3] NCCL INFO Comm config Blocking set to 1
SH-IDCA1404-10-140-54-60:94318:94318 [2] NCCL INFO Comm config Blocking set to 1
SH-IDCA1404-10-140-54-60:94322:94322 [6] NCCL INFO Comm config Blocking set to 1
SH-IDCA1404-10-140-54-60:94323:94323 [7] NCCL INFO Comm config Blocking set to 1
SH-IDCA1404-10-140-54-60:94319:96942 [3] NCCL INFO NCCL_SOCKET_IFNAME set by environment to bond0
SH-IDCA1404-10-140-54-60:94320:96941 [4] NCCL INFO NCCL_SOCKET_IFNAME set by environment to bond0
SH-IDCA1404-10-140-54-60:94319:96942 [3] NCCL INFO NCCL_IB_HCA set to mlx5_0,mlx5_2
SH-IDCA1404-10-140-54-60:94320:96941 [4] NCCL INFO NCCL_IB_HCA set to mlx5_0,mlx5_2
SH-IDCA1404-10-140-54-60:94318:96943 [2] NCCL INFO NCCL_SOCKET_IFNAME set by environment to bond0
SH-IDCA1404-10-140-54-60:94318:96943 [2] NCCL INFO NCCL_IB_HCA set to mlx5_0,mlx5_2
SH-IDCA1404-10-140-54-60:94322:96944 [6] NCCL INFO NCCL_SOCKET_IFNAME set by environment to bond0
SH-IDCA1404-10-140-54-60:94323:96945 [7] NCCL INFO NCCL_SOCKET_IFNAME set by environment to bond0
SH-IDCA1404-10-140-54-60:94322:96944 [6] NCCL INFO NCCL_IB_HCA set to mlx5_0,mlx5_2
SH-IDCA1404-10-140-54-60:94323:96945 [7] NCCL INFO NCCL_IB_HCA set to mlx5_0,mlx5_2
SH-IDCA1404-10-140-54-60:94320:96941 [4] NCCL INFO NET/IB : Using [0]mlx5_2:1/IB [RO]; OOB bond0:10.140.54.60<0>
SH-IDCA1404-10-140-54-60:94320:96941 [4] NCCL INFO Using non-device net plugin version 0
SH-IDCA1404-10-140-54-60:94320:96941 [4] NCCL INFO Using network IB
SH-IDCA1404-10-140-54-60:94318:96943 [2] NCCL INFO NET/IB : Using [0]mlx5_2:1/IB [RO]; OOB bond0:10.140.54.60<0>
SH-IDCA1404-10-140-54-60:94319:96942 [3] NCCL INFO NET/IB : Using [0]mlx5_2:1/IB [RO]; OOB bond0:10.140.54.60<0>
SH-IDCA1404-10-140-54-60:94318:96943 [2] NCCL INFO Using non-device net plugin version 0
SH-IDCA1404-10-140-54-60:94318:96943 [2] NCCL INFO Using network IB
SH-IDCA1404-10-140-54-60:94319:96942 [3] NCCL INFO Using non-device net plugin version 0
SH-IDCA1404-10-140-54-60:94319:96942 [3] NCCL INFO Using network IB
SH-IDCA1404-10-140-54-60:94323:96945 [7] NCCL INFO NET/IB : Using [0]mlx5_2:1/IB [RO]; OOB bond0:10.140.54.60<0>
SH-IDCA1404-10-140-54-60:94322:96944 [6] NCCL INFO NET/IB : Using [0]mlx5_2:1/IB [RO]; OOB bond0:10.140.54.60<0>
SH-IDCA1404-10-140-54-60:94323:96945 [7] NCCL INFO Using non-device net plugin version 0
SH-IDCA1404-10-140-54-60:94323:96945 [7] NCCL INFO Using network IB
SH-IDCA1404-10-140-54-60:94322:96944 [6] NCCL INFO Using non-device net plugin version 0
SH-IDCA1404-10-140-54-60:94322:96944 [6] NCCL INFO Using network IB
SH-IDCA1404-10-140-54-60:94317:94317 [1] NCCL INFO Comm config Blocking set to 1
SH-IDCA1404-10-140-54-60:94321:94321 [5] NCCL INFO Comm config Blocking set to 1
SH-IDCA1404-10-140-54-60:94317:96951 [1] NCCL INFO NCCL_SOCKET_IFNAME set by environment to bond0
SH-IDCA1404-10-140-54-60:94317:96951 [1] NCCL INFO NCCL_IB_HCA set to mlx5_0,mlx5_2
SH-IDCA1404-10-140-54-60:94321:96952 [5] NCCL INFO NCCL_SOCKET_IFNAME set by environment to bond0
SH-IDCA1404-10-140-54-60:94321:96952 [5] NCCL INFO NCCL_IB_HCA set to mlx5_0,mlx5_2
SH-IDCA1404-10-140-54-60:94317:96951 [1] NCCL INFO NET/IB : Using [0]mlx5_2:1/IB [RO]; OOB bond0:10.140.54.60<0>
SH-IDCA1404-10-140-54-60:94317:96951 [1] NCCL INFO Using non-device net plugin version 0
SH-IDCA1404-10-140-54-60:94317:96951 [1] NCCL INFO Using network IB
SH-IDCA1404-10-140-54-60:94321:96952 [5] NCCL INFO NET/IB : Using [0]mlx5_2:1/IB [RO]; OOB bond0:10.140.54.60<0>
SH-IDCA1404-10-140-54-60:94321:96952 [5] NCCL INFO Using non-device net plugin version 0
SH-IDCA1404-10-140-54-60:94321:96952 [5] NCCL INFO Using network IB
SH-IDCA1404-10-140-54-60:94321:96952 [5] NCCL INFO ncclCommInitRank comm 0x25e62c40 rank 5 nranks 8 cudaDev 5 nvmlDev 5 busId a1000 commId 0xd0c221e9a248e08f - Init START
SH-IDCA1404-10-140-54-60:94317:96951 [1] NCCL INFO ncclCommInitRank comm 0x2d332400 rank 1 nranks 8 cudaDev 1 nvmlDev 1 busId 56000 commId 0xd0c221e9a248e08f - Init START
SH-IDCA1404-10-140-54-60:94320:96941 [4] NCCL INFO ncclCommInitRank comm 0x4b53f5c0 rank 4 nranks 8 cudaDev 4 nvmlDev 4 busId 9d000 commId 0xd0c221e9a248e08f - Init START
SH-IDCA1404-10-140-54-60:94318:96943 [2] NCCL INFO ncclCommInitRank comm 0x4c04ae80 rank 2 nranks 8 cudaDev 2 nvmlDev 2 busId 6b000 commId 0xd0c221e9a248e08f - Init START
SH-IDCA1404-10-140-54-60:94323:96945 [7] NCCL INFO ncclCommInitRank comm 0x25e5a980 rank 7 nranks 8 cudaDev 7 nvmlDev 7 busId d7000 commId 0xd0c221e9a248e08f - Init START
SH-IDCA1404-10-140-54-60:94316:96939 [0] NCCL INFO ncclCommInitRank comm 0xdee445c0 rank 0 nranks 8 cudaDev 0 nvmlDev 0 busId 51000 commId 0xd0c221e9a248e08f - Init START
SH-IDCA1404-10-140-54-60:94319:96942 [3] NCCL INFO ncclCommInitRank comm 0x25921f40 rank 3 nranks 8 cudaDev 3 nvmlDev 3 busId 71000 commId 0xd0c221e9a248e08f - Init START
SH-IDCA1404-10-140-54-60:94322:96944 [6] NCCL INFO ncclCommInitRank comm 0xcda4b90 rank 6 nranks 8 cudaDev 6 nvmlDev 6 busId d4000 commId 0xd0c221e9a248e08f - Init START
SH-IDCA1404-10-140-54-60:94318:96943 [2] NCCL INFO Setting affinity for GPU 2 to ffffffff,00000000,ffffffff
SH-IDCA1404-10-140-54-60:94323:96945 [7] NCCL INFO Setting affinity for GPU 7 to ffffffff,00000000,ffffffff,00000000
SH-IDCA1404-10-140-54-60:94319:96942 [3] NCCL INFO Setting affinity for GPU 3 to ffffffff,00000000,ffffffff
SH-IDCA1404-10-140-54-60:94322:96944 [6] NCCL INFO Setting affinity for GPU 6 to ffffffff,00000000,ffffffff,00000000
SH-IDCA1404-10-140-54-60:94320:96941 [4] NCCL INFO Setting affinity for GPU 4 to ffffffff,00000000,ffffffff,00000000
SH-IDCA1404-10-140-54-60:94316:96939 [0] NCCL INFO Setting affinity for GPU 0 to ffffffff,00000000,ffffffff
SH-IDCA1404-10-140-54-60:94317:96951 [1] NCCL INFO Setting affinity for GPU 1 to ffffffff,00000000,ffffffff
SH-IDCA1404-10-140-54-60:94321:96952 [5] NCCL INFO Setting affinity for GPU 5 to ffffffff,00000000,ffffffff,00000000
SH-IDCA1404-10-140-54-60:94322:96944 [6] NCCL INFO comm 0xcda4b90 rank 6 nRanks 8 nNodes 1 localRanks 8 localRank 6 MNNVL 0
SH-IDCA1404-10-140-54-60:94323:96945 [7] NCCL INFO comm 0x25e5a980 rank 7 nRanks 8 nNodes 1 localRanks 8 localRank 7 MNNVL 0
SH-IDCA1404-10-140-54-60:94321:96952 [5] NCCL INFO comm 0x25e62c40 rank 5 nRanks 8 nNodes 1 localRanks 8 localRank 5 MNNVL 0
SH-IDCA1404-10-140-54-60:94316:96939 [0] NCCL INFO comm 0xdee445c0 rank 0 nRanks 8 nNodes 1 localRanks 8 localRank 0 MNNVL 0
SH-IDCA1404-10-140-54-60:94320:96941 [4] NCCL INFO comm 0x4b53f5c0 rank 4 nRanks 8 nNodes 1 localRanks 8 localRank 4 MNNVL 0
SH-IDCA1404-10-140-54-60:94317:96951 [1] NCCL INFO comm 0x2d332400 rank 1 nRanks 8 nNodes 1 localRanks 8 localRank 1 MNNVL 0
SH-IDCA1404-10-140-54-60:94319:96942 [3] NCCL INFO comm 0x25921f40 rank 3 nRanks 8 nNodes 1 localRanks 8 localRank 3 MNNVL 0
SH-IDCA1404-10-140-54-60:94318:96943 [2] NCCL INFO comm 0x4c04ae80 rank 2 nRanks 8 nNodes 1 localRanks 8 localRank 2 MNNVL 0
SH-IDCA1404-10-140-54-60:94316:96939 [0] NCCL INFO Channel 00/24 :    0   1   2   3   4   5   6   7
SH-IDCA1404-10-140-54-60:94316:96939 [0] NCCL INFO Channel 01/24 :    0   1   2   3   4   5   6   7
SH-IDCA1404-10-140-54-60:94316:96939 [0] NCCL INFO Channel 02/24 :    0   1   2   3   4   5   6   7
SH-IDCA1404-10-140-54-60:94316:96939 [0] NCCL INFO Channel 03/24 :    0   1   2   3   4   5   6   7
SH-IDCA1404-10-140-54-60:94316:96939 [0] NCCL INFO Channel 04/24 :    0   1   2   3   4   5   6   7
SH-IDCA1404-10-140-54-60:94316:96939 [0] NCCL INFO Channel 05/24 :    0   1   2   3   4   5   6   7
SH-IDCA1404-10-140-54-60:94316:96939 [0] NCCL INFO Channel 06/24 :    0   1   2   3   4   5   6   7
SH-IDCA1404-10-140-54-60:94316:96939 [0] NCCL INFO Channel 07/24 :    0   1   2   3   4   5   6   7
SH-IDCA1404-10-140-54-60:94321:96952 [5] NCCL INFO Trees [0] 6/-1/-1->5->4 [1] 6/-1/-1->5->4 [2] 6/-1/-1->5->4 [3] 6/-1/-1->5->4 [4] 6/-1/-1->5->4 [5] 6/-1/-1->5->4 [6] 6/-1/-1->5->4 [7] 6/-1/-1->5->4 [8] 6/-1/-1->5->4 [9] 6/-1/-1->5->4 [10] 6/-1/-1->5->4 [11] 6/-1/-1->5->4 [12] 6/-1/-1->5->4 [13] 6/-1/-1->5->4 [14] 6/-1/-1->5->4 [15] 6/-1/-1->5->4 [16] 6/-1/-1->5->4 [17] 6/-1/-1->5->4 [18] 6/-1/-1->5->4 [19] 6/-1/-1->5->4 [20] 6/-1/-1->5->4 [21] 6/-1/-1->5->4 [22] 6/-1/-1->5->4 [23] 6/-1/-1->5->4
SH-IDCA1404-10-140-54-60:94316:96939 [0] NCCL INFO Channel 08/24 :    0   1   2   3   4   5   6   7
SH-IDCA1404-10-140-54-60:94323:96945 [7] NCCL INFO Trees [0] -1/-1/-1->7->6 [1] -1/-1/-1->7->6 [2] -1/-1/-1->7->6 [3] -1/-1/-1->7->6 [4] -1/-1/-1->7->6 [5] -1/-1/-1->7->6 [6] -1/-1/-1->7->6 [7] -1/-1/-1->7->6 [8] -1/-1/-1->7->6 [9] -1/-1/-1->7->6 [10] -1/-1/-1->7->6 [11] -1/-1/-1->7->6 [12] -1/-1/-1->7->6 [13] -1/-1/-1->7->6 [14] -1/-1/-1->7->6 [15] -1/-1/-1->7->6 [16] -1/-1/-1->7->6 [17] -1/-1/-1->7->6 [18] -1/-1/-1->7->6 [19] -1/-1/-1->7->6 [20] -1/-1/-1->7->6 [21] -1/-1/-1->7->6 [22] -1/-1/-1->7->6 [23] -1/-1/-1->7->6
SH-IDCA1404-10-140-54-60:94322:96944 [6] NCCL INFO Trees [0] 7/-1/-1->6->5 [1] 7/-1/-1->6->5 [2] 7/-1/-1->6->5 [3] 7/-1/-1->6->5 [4] 7/-1/-1->6->5 [5] 7/-1/-1->6->5 [6] 7/-1/-1->6->5 [7] 7/-1/-1->6->5 [8] 7/-1/-1->6->5 [9] 7/-1/-1->6->5 [10] 7/-1/-1->6->5 [11] 7/-1/-1->6->5 [12] 7/-1/-1->6->5 [13] 7/-1/-1->6->5 [14] 7/-1/-1->6->5 [15] 7/-1/-1->6->5 [16] 7/-1/-1->6->5 [17] 7/-1/-1->6->5 [18] 7/-1/-1->6->5 [19] 7/-1/-1->6->5 [20] 7/-1/-1->6->5 [21] 7/-1/-1->6->5 [22] 7/-1/-1->6->5 [23] 7/-1/-1->6->5
SH-IDCA1404-10-140-54-60:94320:96941 [4] NCCL INFO Trees [0] 5/-1/-1->4->3 [1] 5/-1/-1->4->3 [2] 5/-1/-1->4->3 [3] 5/-1/-1->4->3 [4] 5/-1/-1->4->3 [5] 5/-1/-1->4->3 [6] 5/-1/-1->4->3 [7] 5/-1/-1->4->3 [8] 5/-1/-1->4->3 [9] 5/-1/-1->4->3 [10] 5/-1/-1->4->3 [11] 5/-1/-1->4->3 [12] 5/-1/-1->4->3 [13] 5/-1/-1->4->3 [14] 5/-1/-1->4->3 [15] 5/-1/-1->4->3 [16] 5/-1/-1->4->3 [17] 5/-1/-1->4->3 [18] 5/-1/-1->4->3 [19] 5/-1/-1->4->3 [20] 5/-1/-1->4->3 [21] 5/-1/-1->4->3 [22] 5/-1/-1->4->3 [23] 5/-1/-1->4->3
SH-IDCA1404-10-140-54-60:94316:96939 [0] NCCL INFO Channel 09/24 :    0   1   2   3   4   5   6   7
SH-IDCA1404-10-140-54-60:94319:96942 [3] NCCL INFO Trees [0] 4/-1/-1->3->2 [1] 4/-1/-1->3->2 [2] 4/-1/-1->3->2 [3] 4/-1/-1->3->2 [4] 4/-1/-1->3->2 [5] 4/-1/-1->3->2 [6] 4/-1/-1->3->2 [7] 4/-1/-1->3->2 [8] 4/-1/-1->3->2 [9] 4/-1/-1->3->2 [10] 4/-1/-1->3->2 [11] 4/-1/-1->3->2 [12] 4/-1/-1->3->2 [13] 4/-1/-1->3->2 [14] 4/-1/-1->3->2 [15] 4/-1/-1->3->2 [16] 4/-1/-1->3->2 [17] 4/-1/-1->3->2 [18] 4/-1/-1->3->2 [19] 4/-1/-1->3->2 [20] 4/-1/-1->3->2 [21] 4/-1/-1->3->2 [22] 4/-1/-1->3->2 [23] 4/-1/-1->3->2
SH-IDCA1404-10-140-54-60:94321:96952 [5] NCCL INFO P2P Chunksize set to 524288
SH-IDCA1404-10-140-54-60:94323:96945 [7] NCCL INFO P2P Chunksize set to 524288
SH-IDCA1404-10-140-54-60:94322:96944 [6] NCCL INFO P2P Chunksize set to 524288
SH-IDCA1404-10-140-54-60:94320:96941 [4] NCCL INFO P2P Chunksize set to 524288
SH-IDCA1404-10-140-54-60:94316:96939 [0] NCCL INFO Channel 10/24 :    0   1   2   3   4   5   6   7
SH-IDCA1404-10-140-54-60:94319:96942 [3] NCCL INFO P2P Chunksize set to 524288
SH-IDCA1404-10-140-54-60:94316:96939 [0] NCCL INFO Channel 11/24 :    0   1   2   3   4   5   6   7
SH-IDCA1404-10-140-54-60:94316:96939 [0] NCCL INFO Channel 12/24 :    0   1   2   3   4   5   6   7
SH-IDCA1404-10-140-54-60:94317:96951 [1] NCCL INFO Trees [0] 2/-1/-1->1->0 [1] 2/-1/-1->1->0 [2] 2/-1/-1->1->0 [3] 2/-1/-1->1->0 [4] 2/-1/-1->1->0 [5] 2/-1/-1->1->0 [6] 2/-1/-1->1->0 [7] 2/-1/-1->1->0 [8] 2/-1/-1->1->0 [9] 2/-1/-1->1->0 [10] 2/-1/-1->1->0 [11] 2/-1/-1->1->0 [12] 2/-1/-1->1->0 [13] 2/-1/-1->1->0 [14] 2/-1/-1->1->0 [15] 2/-1/-1->1->0 [16] 2/-1/-1->1->0 [17] 2/-1/-1->1->0 [18] 2/-1/-1->1->0 [19] 2/-1/-1->1->0 [20] 2/-1/-1->1->0 [21] 2/-1/-1->1->0 [22] 2/-1/-1->1->0 [23] 2/-1/-1->1->0
SH-IDCA1404-10-140-54-60:94316:96939 [0] NCCL INFO Channel 13/24 :    0   1   2   3   4   5   6   7
SH-IDCA1404-10-140-54-60:94316:96939 [0] NCCL INFO Channel 14/24 :    0   1   2   3   4   5   6   7
SH-IDCA1404-10-140-54-60:94317:96951 [1] NCCL INFO P2P Chunksize set to 524288
SH-IDCA1404-10-140-54-60:94316:96939 [0] NCCL INFO Channel 15/24 :    0   1   2   3   4   5   6   7
SH-IDCA1404-10-140-54-60:94316:96939 [0] NCCL INFO Channel 16/24 :    0   1   2   3   4   5   6   7
SH-IDCA1404-10-140-54-60:94316:96939 [0] NCCL INFO Channel 17/24 :    0   1   2   3   4   5   6   7
SH-IDCA1404-10-140-54-60:94316:96939 [0] NCCL INFO Channel 18/24 :    0   1   2   3   4   5   6   7
SH-IDCA1404-10-140-54-60:94316:96939 [0] NCCL INFO Channel 19/24 :    0   1   2   3   4   5   6   7
SH-IDCA1404-10-140-54-60:94316:96939 [0] NCCL INFO Channel 20/24 :    0   1   2   3   4   5   6   7
SH-IDCA1404-10-140-54-60:94318:96943 [2] NCCL INFO Trees [0] 3/-1/-1->2->1 [1] 3/-1/-1->2->1 [2] 3/-1/-1->2->1 [3] 3/-1/-1->2->1 [4] 3/-1/-1->2->1 [5] 3/-1/-1->2->1 [6] 3/-1/-1->2->1 [7] 3/-1/-1->2->1 [8] 3/-1/-1->2->1 [9] 3/-1/-1->2->1 [10] 3/-1/-1->2->1 [11] 3/-1/-1->2->1 [12] 3/-1/-1->2->1 [13] 3/-1/-1->2->1 [14] 3/-1/-1->2->1 [15] 3/-1/-1->2->1 [16] 3/-1/-1->2->1 [17] 3/-1/-1->2->1 [18] 3/-1/-1->2->1 [19] 3/-1/-1->2->1 [20] 3/-1/-1->2->1 [21] 3/-1/-1->2->1 [22] 3/-1/-1->2->1 [23] 3/-1/-1->2->1
SH-IDCA1404-10-140-54-60:94316:96939 [0] NCCL INFO Channel 21/24 :    0   1   2   3   4   5   6   7
SH-IDCA1404-10-140-54-60:94316:96939 [0] NCCL INFO Channel 22/24 :    0   1   2   3   4   5   6   7
SH-IDCA1404-10-140-54-60:94316:96939 [0] NCCL INFO Channel 23/24 :    0   1   2   3   4   5   6   7
SH-IDCA1404-10-140-54-60:94318:96943 [2] NCCL INFO P2P Chunksize set to 524288
SH-IDCA1404-10-140-54-60:94316:96939 [0] NCCL INFO Trees [0] 1/-1/-1->0->-1 [1] 1/-1/-1->0->-1 [2] 1/-1/-1->0->-1 [3] 1/-1/-1->0->-1 [4] 1/-1/-1->0->-1 [5] 1/-1/-1->0->-1 [6] 1/-1/-1->0->-1 [7] 1/-1/-1->0->-1 [8] 1/-1/-1->0->-1 [9] 1/-1/-1->0->-1 [10] 1/-1/-1->0->-1 [11] 1/-1/-1->0->-1 [12] 1/-1/-1->0->-1 [13] 1/-1/-1->0->-1 [14] 1/-1/-1->0->-1 [15] 1/-1/-1->0->-1 [16] 1/-1/-1->0->-1 [17] 1/-1/-1->0->-1 [18] 1/-1/-1->0->-1 [19] 1/-1/-1->0->-1 [20] 1/-1/-1->0->-1 [21] 1/-1/-1->0->-1 [22] 1/-1/-1->0->-1 [23] 1/-1/-1->0->-1
SH-IDCA1404-10-140-54-60:94316:96939 [0] NCCL INFO P2P Chunksize set to 524288
SH-IDCA1404-10-140-54-60:94316:96939 [0] NCCL INFO Channel 00/0 : 0[0] -> 1[1] via P2P/IPC/read
SH-IDCA1404-10-140-54-60:94316:96939 [0] NCCL INFO Channel 01/0 : 0[0] -> 1[1] via P2P/IPC/read
SH-IDCA1404-10-140-54-60:94316:96939 [0] NCCL INFO Channel 02/0 : 0[0] -> 1[1] via P2P/IPC/read
SH-IDCA1404-10-140-54-60:94316:96939 [0] NCCL INFO Channel 03/0 : 0[0] -> 1[1] via P2P/IPC/read
SH-IDCA1404-10-140-54-60:94316:96939 [0] NCCL INFO Channel 04/0 : 0[0] -> 1[1] via P2P/IPC/read
SH-IDCA1404-10-140-54-60:94320:96941 [4] NCCL INFO Channel 00/0 : 4[4] -> 5[5] via P2P/IPC/read
SH-IDCA1404-10-140-54-60:94321:96952 [5] NCCL INFO Channel 00/0 : 5[5] -> 6[6] via P2P/IPC/read
SH-IDCA1404-10-140-54-60:94323:96945 [7] NCCL INFO Channel 00/0 : 7[7] -> 0[0] via P2P/IPC/read
SH-IDCA1404-10-140-54-60:94316:96939 [0] NCCL INFO Channel 05/0 : 0[0] -> 1[1] via P2P/IPC/read
SH-IDCA1404-10-140-54-60:94317:96951 [1] NCCL INFO Channel 00/0 : 1[1] -> 2[2] via P2P/IPC/read
SH-IDCA1404-10-140-54-60:94319:96942 [3] NCCL INFO Channel 00/0 : 3[3] -> 4[4] via P2P/IPC/read
SH-IDCA1404-10-140-54-60:94322:96944 [6] NCCL INFO Channel 00/0 : 6[6] -> 7[7] via P2P/IPC/read
SH-IDCA1404-10-140-54-60:94320:96941 [4] NCCL INFO Channel 01/0 : 4[4] -> 5[5] via P2P/IPC/read
SH-IDCA1404-10-140-54-60:94321:96952 [5] NCCL INFO Channel 01/0 : 5[5] -> 6[6] via P2P/IPC/read
SH-IDCA1404-10-140-54-60:94323:96945 [7] NCCL INFO Channel 01/0 : 7[7] -> 0[0] via P2P/IPC/read
SH-IDCA1404-10-140-54-60:94316:96939 [0] NCCL INFO Channel 06/0 : 0[0] -> 1[1] via P2P/IPC/read
SH-IDCA1404-10-140-54-60:94317:96951 [1] NCCL INFO Channel 01/0 : 1[1] -> 2[2] via P2P/IPC/read
SH-IDCA1404-10-140-54-60:94319:96942 [3] NCCL INFO Channel 01/0 : 3[3] -> 4[4] via P2P/IPC/read
SH-IDCA1404-10-140-54-60:94322:96944 [6] NCCL INFO Channel 01/0 : 6[6] -> 7[7] via P2P/IPC/read
SH-IDCA1404-10-140-54-60:94318:96943 [2] NCCL INFO Channel 00/0 : 2[2] -> 3[3] via P2P/IPC/read
SH-IDCA1404-10-140-54-60:94320:96941 [4] NCCL INFO Channel 02/0 : 4[4] -> 5[5] via P2P/IPC/read
SH-IDCA1404-10-140-54-60:94321:96952 [5] NCCL INFO Channel 02/0 : 5[5] -> 6[6] via P2P/IPC/read
SH-IDCA1404-10-140-54-60:94323:96945 [7] NCCL INFO Channel 02/0 : 7[7] -> 0[0] via P2P/IPC/read
SH-IDCA1404-10-140-54-60:94316:96939 [0] NCCL INFO Channel 07/0 : 0[0] -> 1[1] via P2P/IPC/read
SH-IDCA1404-10-140-54-60:94319:96942 [3] NCCL INFO Channel 02/0 : 3[3] -> 4[4] via P2P/IPC/read
SH-IDCA1404-10-140-54-60:94317:96951 [1] NCCL INFO Channel 02/0 : 1[1] -> 2[2] via P2P/IPC/read
SH-IDCA1404-10-140-54-60:94322:96944 [6] NCCL INFO Channel 02/0 : 6[6] -> 7[7] via P2P/IPC/read
SH-IDCA1404-10-140-54-60:94318:96943 [2] NCCL INFO Channel 01/0 : 2[2] -> 3[3] via P2P/IPC/read
SH-IDCA1404-10-140-54-60:94320:96941 [4] NCCL INFO Channel 03/0 : 4[4] -> 5[5] via P2P/IPC/read
SH-IDCA1404-10-140-54-60:94321:96952 [5] NCCL INFO Channel 03/0 : 5[5] -> 6[6] via P2P/IPC/read
SH-IDCA1404-10-140-54-60:94323:96945 [7] NCCL INFO Channel 03/0 : 7[7] -> 0[0] via P2P/IPC/read
SH-IDCA1404-10-140-54-60:94316:96939 [0] NCCL INFO Channel 08/0 : 0[0] -> 1[1] via P2P/IPC/read
SH-IDCA1404-10-140-54-60:94319:96942 [3] NCCL INFO Channel 03/0 : 3[3] -> 4[4] via P2P/IPC/read
SH-IDCA1404-10-140-54-60:94317:96951 [1] NCCL INFO Channel 03/0 : 1[1] -> 2[2] via P2P/IPC/read
SH-IDCA1404-10-140-54-60:94322:96944 [6] NCCL INFO Channel 03/0 : 6[6] -> 7[7] via P2P/IPC/read
SH-IDCA1404-10-140-54-60:94318:96943 [2] NCCL INFO Channel 02/0 : 2[2] -> 3[3] via P2P/IPC/read
SH-IDCA1404-10-140-54-60:94321:96952 [5] NCCL INFO Channel 04/0 : 5[5] -> 6[6] via P2P/IPC/read
SH-IDCA1404-10-140-54-60:94320:96941 [4] NCCL INFO Channel 04/0 : 4[4] -> 5[5] via P2P/IPC/read
SH-IDCA1404-10-140-54-60:94323:96945 [7] NCCL INFO Channel 04/0 : 7[7] -> 0[0] via P2P/IPC/read
SH-IDCA1404-10-140-54-60:94316:96939 [0] NCCL INFO Channel 09/0 : 0[0] -> 1[1] via P2P/IPC/read
SH-IDCA1404-10-140-54-60:94319:96942 [3] NCCL INFO Channel 04/0 : 3[3] -> 4[4] via P2P/IPC/read
SH-IDCA1404-10-140-54-60:94317:96951 [1] NCCL INFO Channel 04/0 : 1[1] -> 2[2] via P2P/IPC/read
SH-IDCA1404-10-140-54-60:94322:96944 [6] NCCL INFO Channel 04/0 : 6[6] -> 7[7] via P2P/IPC/read
SH-IDCA1404-10-140-54-60:94318:96943 [2] NCCL INFO Channel 03/0 : 2[2] -> 3[3] via P2P/IPC/read
SH-IDCA1404-10-140-54-60:94320:96941 [4] NCCL INFO Channel 05/0 : 4[4] -> 5[5] via P2P/IPC/read
SH-IDCA1404-10-140-54-60:94321:96952 [5] NCCL INFO Channel 05/0 : 5[5] -> 6[6] via P2P/IPC/read
SH-IDCA1404-10-140-54-60:94323:96945 [7] NCCL INFO Channel 05/0 : 7[7] -> 0[0] via P2P/IPC/read
SH-IDCA1404-10-140-54-60:94316:96939 [0] NCCL INFO Channel 10/0 : 0[0] -> 1[1] via P2P/IPC/read
SH-IDCA1404-10-140-54-60:94319:96942 [3] NCCL INFO Channel 05/0 : 3[3] -> 4[4] via P2P/IPC/read
SH-IDCA1404-10-140-54-60:94317:96951 [1] NCCL INFO Channel 05/0 : 1[1] -> 2[2] via P2P/IPC/read
SH-IDCA1404-10-140-54-60:94322:96944 [6] NCCL INFO Channel 05/0 : 6[6] -> 7[7] via P2P/IPC/read
SH-IDCA1404-10-140-54-60:94318:96943 [2] NCCL INFO Channel 04/0 : 2[2] -> 3[3] via P2P/IPC/read
SH-IDCA1404-10-140-54-60:94320:96941 [4] NCCL INFO Channel 06/0 : 4[4] -> 5[5] via P2P/IPC/read
SH-IDCA1404-10-140-54-60:94321:96952 [5] NCCL INFO Channel 06/0 : 5[5] -> 6[6] via P2P/IPC/read
SH-IDCA1404-10-140-54-60:94323:96945 [7] NCCL INFO Channel 06/0 : 7[7] -> 0[0] via P2P/IPC/read
SH-IDCA1404-10-140-54-60:94316:96939 [0] NCCL INFO Channel 11/0 : 0[0] -> 1[1] via P2P/IPC/read
SH-IDCA1404-10-140-54-60:94319:96942 [3] NCCL INFO Channel 06/0 : 3[3] -> 4[4] via P2P/IPC/read
SH-IDCA1404-10-140-54-60:94317:96951 [1] NCCL INFO Channel 06/0 : 1[1] -> 2[2] via P2P/IPC/read
SH-IDCA1404-10-140-54-60:94322:96944 [6] NCCL INFO Channel 06/0 : 6[6] -> 7[7] via P2P/IPC/read
SH-IDCA1404-10-140-54-60:94320:96941 [4] NCCL INFO Channel 07/0 : 4[4] -> 5[5] via P2P/IPC/read
SH-IDCA1404-10-140-54-60:94318:96943 [2] NCCL INFO Channel 05/0 : 2[2] -> 3[3] via P2P/IPC/read
SH-IDCA1404-10-140-54-60:94321:96952 [5] NCCL INFO Channel 07/0 : 5[5] -> 6[6] via P2P/IPC/read
SH-IDCA1404-10-140-54-60:94323:96945 [7] NCCL INFO Channel 07/0 : 7[7] -> 0[0] via P2P/IPC/read
SH-IDCA1404-10-140-54-60:94316:96939 [0] NCCL INFO Channel 12/0 : 0[0] -> 1[1] via P2P/IPC/read
SH-IDCA1404-10-140-54-60:94319:96942 [3] NCCL INFO Channel 07/0 : 3[3] -> 4[4] via P2P/IPC/read
SH-IDCA1404-10-140-54-60:94317:96951 [1] NCCL INFO Channel 07/0 : 1[1] -> 2[2] via P2P/IPC/read
SH-IDCA1404-10-140-54-60:94322:96944 [6] NCCL INFO Channel 07/0 : 6[6] -> 7[7] via P2P/IPC/read
SH-IDCA1404-10-140-54-60:94320:96941 [4] NCCL INFO Channel 08/0 : 4[4] -> 5[5] via P2P/IPC/read
SH-IDCA1404-10-140-54-60:94318:96943 [2] NCCL INFO Channel 06/0 : 2[2] -> 3[3] via P2P/IPC/read
SH-IDCA1404-10-140-54-60:94321:96952 [5] NCCL INFO Channel 08/0 : 5[5] -> 6[6] via P2P/IPC/read
SH-IDCA1404-10-140-54-60:94323:96945 [7] NCCL INFO Channel 08/0 : 7[7] -> 0[0] via P2P/IPC/read
SH-IDCA1404-10-140-54-60:94316:96939 [0] NCCL INFO Channel 13/0 : 0[0] -> 1[1] via P2P/IPC/read
SH-IDCA1404-10-140-54-60:94319:96942 [3] NCCL INFO Channel 08/0 : 3[3] -> 4[4] via P2P/IPC/read
SH-IDCA1404-10-140-54-60:94317:96951 [1] NCCL INFO Channel 08/0 : 1[1] -> 2[2] via P2P/IPC/read
SH-IDCA1404-10-140-54-60:94322:96944 [6] NCCL INFO Channel 08/0 : 6[6] -> 7[7] via P2P/IPC/read
SH-IDCA1404-10-140-54-60:94320:96941 [4] NCCL INFO Channel 09/0 : 4[4] -> 5[5] via P2P/IPC/read
SH-IDCA1404-10-140-54-60:94318:96943 [2] NCCL INFO Channel 07/0 : 2[2] -> 3[3] via P2P/IPC/read
SH-IDCA1404-10-140-54-60:94321:96952 [5] NCCL INFO Channel 09/0 : 5[5] -> 6[6] via P2P/IPC/read
SH-IDCA1404-10-140-54-60:94323:96945 [7] NCCL INFO Channel 09/0 : 7[7] -> 0[0] via P2P/IPC/read
SH-IDCA1404-10-140-54-60:94316:96939 [0] NCCL INFO Channel 14/0 : 0[0] -> 1[1] via P2P/IPC/read
SH-IDCA1404-10-140-54-60:94319:96942 [3] NCCL INFO Channel 09/0 : 3[3] -> 4[4] via P2P/IPC/read
SH-IDCA1404-10-140-54-60:94317:96951 [1] NCCL INFO Channel 09/0 : 1[1] -> 2[2] via P2P/IPC/read
SH-IDCA1404-10-140-54-60:94322:96944 [6] NCCL INFO Channel 09/0 : 6[6] -> 7[7] via P2P/IPC/read
SH-IDCA1404-10-140-54-60:94321:96952 [5] NCCL INFO Channel 10/0 : 5[5] -> 6[6] via P2P/IPC/read
SH-IDCA1404-10-140-54-60:94320:96941 [4] NCCL INFO Channel 10/0 : 4[4] -> 5[5] via P2P/IPC/read
SH-IDCA1404-10-140-54-60:94318:96943 [2] NCCL INFO Channel 08/0 : 2[2] -> 3[3] via P2P/IPC/read
SH-IDCA1404-10-140-54-60:94323:96945 [7] NCCL INFO Channel 10/0 : 7[7] -> 0[0] via P2P/IPC/read
SH-IDCA1404-10-140-54-60:94316:96939 [0] NCCL INFO Channel 15/0 : 0[0] -> 1[1] via P2P/IPC/read
SH-IDCA1404-10-140-54-60:94319:96942 [3] NCCL INFO Channel 10/0 : 3[3] -> 4[4] via P2P/IPC/read
SH-IDCA1404-10-140-54-60:94317:96951 [1] NCCL INFO Channel 10/0 : 1[1] -> 2[2] via P2P/IPC/read
SH-IDCA1404-10-140-54-60:94322:96944 [6] NCCL INFO Channel 10/0 : 6[6] -> 7[7] via P2P/IPC/read
SH-IDCA1404-10-140-54-60:94321:96952 [5] NCCL INFO Channel 11/0 : 5[5] -> 6[6] via P2P/IPC/read
SH-IDCA1404-10-140-54-60:94320:96941 [4] NCCL INFO Channel 11/0 : 4[4] -> 5[5] via P2P/IPC/read
SH-IDCA1404-10-140-54-60:94318:96943 [2] NCCL INFO Channel 09/0 : 2[2] -> 3[3] via P2P/IPC/read
SH-IDCA1404-10-140-54-60:94323:96945 [7] NCCL INFO Channel 11/0 : 7[7] -> 0[0] via P2P/IPC/read
SH-IDCA1404-10-140-54-60:94316:96939 [0] NCCL INFO Channel 16/0 : 0[0] -> 1[1] via P2P/IPC/read
SH-IDCA1404-10-140-54-60:94319:96942 [3] NCCL INFO Channel 11/0 : 3[3] -> 4[4] via P2P/IPC/read
SH-IDCA1404-10-140-54-60:94317:96951 [1] NCCL INFO Channel 11/0 : 1[1] -> 2[2] via P2P/IPC/read
SH-IDCA1404-10-140-54-60:94322:96944 [6] NCCL INFO Channel 11/0 : 6[6] -> 7[7] via P2P/IPC/read
SH-IDCA1404-10-140-54-60:94321:96952 [5] NCCL INFO Channel 12/0 : 5[5] -> 6[6] via P2P/IPC/read
SH-IDCA1404-10-140-54-60:94320:96941 [4] NCCL INFO Channel 12/0 : 4[4] -> 5[5] via P2P/IPC/read
SH-IDCA1404-10-140-54-60:94318:96943 [2] NCCL INFO Channel 10/0 : 2[2] -> 3[3] via P2P/IPC/read
SH-IDCA1404-10-140-54-60:94323:96945 [7] NCCL INFO Channel 12/0 : 7[7] -> 0[0] via P2P/IPC/read
SH-IDCA1404-10-140-54-60:94316:96939 [0] NCCL INFO Channel 17/0 : 0[0] -> 1[1] via P2P/IPC/read
SH-IDCA1404-10-140-54-60:94319:96942 [3] NCCL INFO Channel 12/0 : 3[3] -> 4[4] via P2P/IPC/read
SH-IDCA1404-10-140-54-60:94317:96951 [1] NCCL INFO Channel 12/0 : 1[1] -> 2[2] via P2P/IPC/read
SH-IDCA1404-10-140-54-60:94322:96944 [6] NCCL INFO Channel 12/0 : 6[6] -> 7[7] via P2P/IPC/read
SH-IDCA1404-10-140-54-60:94320:96941 [4] NCCL INFO Channel 13/0 : 4[4] -> 5[5] via P2P/IPC/read
SH-IDCA1404-10-140-54-60:94321:96952 [5] NCCL INFO Channel 13/0 : 5[5] -> 6[6] via P2P/IPC/read
SH-IDCA1404-10-140-54-60:94318:96943 [2] NCCL INFO Channel 11/0 : 2[2] -> 3[3] via P2P/IPC/read
SH-IDCA1404-10-140-54-60:94323:96945 [7] NCCL INFO Channel 13/0 : 7[7] -> 0[0] via P2P/IPC/read
SH-IDCA1404-10-140-54-60:94316:96939 [0] NCCL INFO Channel 18/0 : 0[0] -> 1[1] via P2P/IPC/read
SH-IDCA1404-10-140-54-60:94319:96942 [3] NCCL INFO Channel 13/0 : 3[3] -> 4[4] via P2P/IPC/read
SH-IDCA1404-10-140-54-60:94317:96951 [1] NCCL INFO Channel 13/0 : 1[1] -> 2[2] via P2P/IPC/read
SH-IDCA1404-10-140-54-60:94322:96944 [6] NCCL INFO Channel 13/0 : 6[6] -> 7[7] via P2P/IPC/read
SH-IDCA1404-10-140-54-60:94320:96941 [4] NCCL INFO Channel 14/0 : 4[4] -> 5[5] via P2P/IPC/read
SH-IDCA1404-10-140-54-60:94321:96952 [5] NCCL INFO Channel 14/0 : 5[5] -> 6[6] via P2P/IPC/read
SH-IDCA1404-10-140-54-60:94323:96945 [7] NCCL INFO Channel 14/0 : 7[7] -> 0[0] via P2P/IPC/read
SH-IDCA1404-10-140-54-60:94318:96943 [2] NCCL INFO Channel 12/0 : 2[2] -> 3[3] via P2P/IPC/read
SH-IDCA1404-10-140-54-60:94316:96939 [0] NCCL INFO Channel 19/0 : 0[0] -> 1[1] via P2P/IPC/read
SH-IDCA1404-10-140-54-60:94319:96942 [3] NCCL INFO Channel 14/0 : 3[3] -> 4[4] via P2P/IPC/read
SH-IDCA1404-10-140-54-60:94322:96944 [6] NCCL INFO Channel 14/0 : 6[6] -> 7[7] via P2P/IPC/read
SH-IDCA1404-10-140-54-60:94317:96951 [1] NCCL INFO Channel 14/0 : 1[1] -> 2[2] via P2P/IPC/read
SH-IDCA1404-10-140-54-60:94320:96941 [4] NCCL INFO Channel 15/0 : 4[4] -> 5[5] via P2P/IPC/read
SH-IDCA1404-10-140-54-60:94321:96952 [5] NCCL INFO Channel 15/0 : 5[5] -> 6[6] via P2P/IPC/read
SH-IDCA1404-10-140-54-60:94323:96945 [7] NCCL INFO Channel 15/0 : 7[7] -> 0[0] via P2P/IPC/read
SH-IDCA1404-10-140-54-60:94318:96943 [2] NCCL INFO Channel 13/0 : 2[2] -> 3[3] via P2P/IPC/read
SH-IDCA1404-10-140-54-60:94316:96939 [0] NCCL INFO Channel 20/0 : 0[0] -> 1[1] via P2P/IPC/read
SH-IDCA1404-10-140-54-60:94319:96942 [3] NCCL INFO Channel 15/0 : 3[3] -> 4[4] via P2P/IPC/read
SH-IDCA1404-10-140-54-60:94322:96944 [6] NCCL INFO Channel 15/0 : 6[6] -> 7[7] via P2P/IPC/read
SH-IDCA1404-10-140-54-60:94317:96951 [1] NCCL INFO Channel 15/0 : 1[1] -> 2[2] via P2P/IPC/read
SH-IDCA1404-10-140-54-60:94320:96941 [4] NCCL INFO Channel 16/0 : 4[4] -> 5[5] via P2P/IPC/read
SH-IDCA1404-10-140-54-60:94321:96952 [5] NCCL INFO Channel 16/0 : 5[5] -> 6[6] via P2P/IPC/read
SH-IDCA1404-10-140-54-60:94323:96945 [7] NCCL INFO Channel 16/0 : 7[7] -> 0[0] via P2P/IPC/read
SH-IDCA1404-10-140-54-60:94318:96943 [2] NCCL INFO Channel 14/0 : 2[2] -> 3[3] via P2P/IPC/read
SH-IDCA1404-10-140-54-60:94316:96939 [0] NCCL INFO Channel 21/0 : 0[0] -> 1[1] via P2P/IPC/read
SH-IDCA1404-10-140-54-60:94319:96942 [3] NCCL INFO Channel 16/0 : 3[3] -> 4[4] via P2P/IPC/read
SH-IDCA1404-10-140-54-60:94322:96944 [6] NCCL INFO Channel 16/0 : 6[6] -> 7[7] via P2P/IPC/read
SH-IDCA1404-10-140-54-60:94317:96951 [1] NCCL INFO Channel 16/0 : 1[1] -> 2[2] via P2P/IPC/read
SH-IDCA1404-10-140-54-60:94320:96941 [4] NCCL INFO Channel 17/0 : 4[4] -> 5[5] via P2P/IPC/read
SH-IDCA1404-10-140-54-60:94321:96952 [5] NCCL INFO Channel 17/0 : 5[5] -> 6[6] via P2P/IPC/read
SH-IDCA1404-10-140-54-60:94323:96945 [7] NCCL INFO Channel 17/0 : 7[7] -> 0[0] via P2P/IPC/read
SH-IDCA1404-10-140-54-60:94318:96943 [2] NCCL INFO Channel 15/0 : 2[2] -> 3[3] via P2P/IPC/read
SH-IDCA1404-10-140-54-60:94316:96939 [0] NCCL INFO Channel 22/0 : 0[0] -> 1[1] via P2P/IPC/read
SH-IDCA1404-10-140-54-60:94319:96942 [3] NCCL INFO Channel 17/0 : 3[3] -> 4[4] via P2P/IPC/read
SH-IDCA1404-10-140-54-60:94322:96944 [6] NCCL INFO Channel 17/0 : 6[6] -> 7[7] via P2P/IPC/read
SH-IDCA1404-10-140-54-60:94317:96951 [1] NCCL INFO Channel 17/0 : 1[1] -> 2[2] via P2P/IPC/read
SH-IDCA1404-10-140-54-60:94320:96941 [4] NCCL INFO Channel 18/0 : 4[4] -> 5[5] via P2P/IPC/read
SH-IDCA1404-10-140-54-60:94321:96952 [5] NCCL INFO Channel 18/0 : 5[5] -> 6[6] via P2P/IPC/read
SH-IDCA1404-10-140-54-60:94323:96945 [7] NCCL INFO Channel 18/0 : 7[7] -> 0[0] via P2P/IPC/read
SH-IDCA1404-10-140-54-60:94318:96943 [2] NCCL INFO Channel 16/0 : 2[2] -> 3[3] via P2P/IPC/read
SH-IDCA1404-10-140-54-60:94316:96939 [0] NCCL INFO Channel 23/0 : 0[0] -> 1[1] via P2P/IPC/read
SH-IDCA1404-10-140-54-60:94319:96942 [3] NCCL INFO Channel 18/0 : 3[3] -> 4[4] via P2P/IPC/read
SH-IDCA1404-10-140-54-60:94322:96944 [6] NCCL INFO Channel 18/0 : 6[6] -> 7[7] via P2P/IPC/read
SH-IDCA1404-10-140-54-60:94317:96951 [1] NCCL INFO Channel 18/0 : 1[1] -> 2[2] via P2P/IPC/read
SH-IDCA1404-10-140-54-60:94320:96941 [4] NCCL INFO Channel 19/0 : 4[4] -> 5[5] via P2P/IPC/read
SH-IDCA1404-10-140-54-60:94321:96952 [5] NCCL INFO Channel 19/0 : 5[5] -> 6[6] via P2P/IPC/read
SH-IDCA1404-10-140-54-60:94323:96945 [7] NCCL INFO Channel 19/0 : 7[7] -> 0[0] via P2P/IPC/read
SH-IDCA1404-10-140-54-60:94318:96943 [2] NCCL INFO Channel 17/0 : 2[2] -> 3[3] via P2P/IPC/read
SH-IDCA1404-10-140-54-60:94319:96942 [3] NCCL INFO Channel 19/0 : 3[3] -> 4[4] via P2P/IPC/read
SH-IDCA1404-10-140-54-60:94322:96944 [6] NCCL INFO Channel 19/0 : 6[6] -> 7[7] via P2P/IPC/read
SH-IDCA1404-10-140-54-60:94317:96951 [1] NCCL INFO Channel 19/0 : 1[1] -> 2[2] via P2P/IPC/read
SH-IDCA1404-10-140-54-60:94320:96941 [4] NCCL INFO Channel 20/0 : 4[4] -> 5[5] via P2P/IPC/read
SH-IDCA1404-10-140-54-60:94321:96952 [5] NCCL INFO Channel 20/0 : 5[5] -> 6[6] via P2P/IPC/read
SH-IDCA1404-10-140-54-60:94323:96945 [7] NCCL INFO Channel 20/0 : 7[7] -> 0[0] via P2P/IPC/read
SH-IDCA1404-10-140-54-60:94318:96943 [2] NCCL INFO Channel 18/0 : 2[2] -> 3[3] via P2P/IPC/read
SH-IDCA1404-10-140-54-60:94319:96942 [3] NCCL INFO Channel 20/0 : 3[3] -> 4[4] via P2P/IPC/read
SH-IDCA1404-10-140-54-60:94322:96944 [6] NCCL INFO Channel 20/0 : 6[6] -> 7[7] via P2P/IPC/read
SH-IDCA1404-10-140-54-60:94320:96941 [4] NCCL INFO Channel 21/0 : 4[4] -> 5[5] via P2P/IPC/read
SH-IDCA1404-10-140-54-60:94317:96951 [1] NCCL INFO Channel 20/0 : 1[1] -> 2[2] via P2P/IPC/read
SH-IDCA1404-10-140-54-60:94321:96952 [5] NCCL INFO Channel 21/0 : 5[5] -> 6[6] via P2P/IPC/read
SH-IDCA1404-10-140-54-60:94323:96945 [7] NCCL INFO Channel 21/0 : 7[7] -> 0[0] via P2P/IPC/read
SH-IDCA1404-10-140-54-60:94318:96943 [2] NCCL INFO Channel 19/0 : 2[2] -> 3[3] via P2P/IPC/read
SH-IDCA1404-10-140-54-60:94319:96942 [3] NCCL INFO Channel 21/0 : 3[3] -> 4[4] via P2P/IPC/read
SH-IDCA1404-10-140-54-60:94322:96944 [6] NCCL INFO Channel 21/0 : 6[6] -> 7[7] via P2P/IPC/read
SH-IDCA1404-10-140-54-60:94320:96941 [4] NCCL INFO Channel 22/0 : 4[4] -> 5[5] via P2P/IPC/read
SH-IDCA1404-10-140-54-60:94317:96951 [1] NCCL INFO Channel 21/0 : 1[1] -> 2[2] via P2P/IPC/read
SH-IDCA1404-10-140-54-60:94321:96952 [5] NCCL INFO Channel 22/0 : 5[5] -> 6[6] via P2P/IPC/read
SH-IDCA1404-10-140-54-60:94323:96945 [7] NCCL INFO Channel 22/0 : 7[7] -> 0[0] via P2P/IPC/read
SH-IDCA1404-10-140-54-60:94318:96943 [2] NCCL INFO Channel 20/0 : 2[2] -> 3[3] via P2P/IPC/read
SH-IDCA1404-10-140-54-60:94319:96942 [3] NCCL INFO Channel 22/0 : 3[3] -> 4[4] via P2P/IPC/read
SH-IDCA1404-10-140-54-60:94322:96944 [6] NCCL INFO Channel 22/0 : 6[6] -> 7[7] via P2P/IPC/read
SH-IDCA1404-10-140-54-60:94320:96941 [4] NCCL INFO Channel 23/0 : 4[4] -> 5[5] via P2P/IPC/read
SH-IDCA1404-10-140-54-60:94317:96951 [1] NCCL INFO Channel 22/0 : 1[1] -> 2[2] via P2P/IPC/read
SH-IDCA1404-10-140-54-60:94321:96952 [5] NCCL INFO Channel 23/0 : 5[5] -> 6[6] via P2P/IPC/read
SH-IDCA1404-10-140-54-60:94323:96945 [7] NCCL INFO Channel 23/0 : 7[7] -> 0[0] via P2P/IPC/read
SH-IDCA1404-10-140-54-60:94318:96943 [2] NCCL INFO Channel 21/0 : 2[2] -> 3[3] via P2P/IPC/read
SH-IDCA1404-10-140-54-60:94319:96942 [3] NCCL INFO Channel 23/0 : 3[3] -> 4[4] via P2P/IPC/read
SH-IDCA1404-10-140-54-60:94322:96944 [6] NCCL INFO Channel 23/0 : 6[6] -> 7[7] via P2P/IPC/read
SH-IDCA1404-10-140-54-60:94317:96951 [1] NCCL INFO Channel 23/0 : 1[1] -> 2[2] via P2P/IPC/read
SH-IDCA1404-10-140-54-60:94318:96943 [2] NCCL INFO Channel 22/0 : 2[2] -> 3[3] via P2P/IPC/read
SH-IDCA1404-10-140-54-60:94318:96943 [2] NCCL INFO Channel 23/0 : 2[2] -> 3[3] via P2P/IPC/read
SH-IDCA1404-10-140-54-60:94320:96941 [4] NCCL INFO Connected all rings
SH-IDCA1404-10-140-54-60:94323:96945 [7] NCCL INFO Connected all rings
SH-IDCA1404-10-140-54-60:94323:96945 [7] NCCL INFO Channel 00/0 : 7[7] -> 6[6] via P2P/IPC/read
SH-IDCA1404-10-140-54-60:94321:96952 [5] NCCL INFO Connected all rings
SH-IDCA1404-10-140-54-60:94322:96944 [6] NCCL INFO Connected all rings
SH-IDCA1404-10-140-54-60:94323:96945 [7] NCCL INFO Channel 01/0 : 7[7] -> 6[6] via P2P/IPC/read
SH-IDCA1404-10-140-54-60:94323:96945 [7] NCCL INFO Channel 02/0 : 7[7] -> 6[6] via P2P/IPC/read
SH-IDCA1404-10-140-54-60:94323:96945 [7] NCCL INFO Channel 03/0 : 7[7] -> 6[6] via P2P/IPC/read
SH-IDCA1404-10-140-54-60:94323:96945 [7] NCCL INFO Channel 04/0 : 7[7] -> 6[6] via P2P/IPC/read
SH-IDCA1404-10-140-54-60:94323:96945 [7] NCCL INFO Channel 05/0 : 7[7] -> 6[6] via P2P/IPC/read
SH-IDCA1404-10-140-54-60:94323:96945 [7] NCCL INFO Channel 06/0 : 7[7] -> 6[6] via P2P/IPC/read
SH-IDCA1404-10-140-54-60:94323:96945 [7] NCCL INFO Channel 07/0 : 7[7] -> 6[6] via P2P/IPC/read
SH-IDCA1404-10-140-54-60:94323:96945 [7] NCCL INFO Channel 08/0 : 7[7] -> 6[6] via P2P/IPC/read
SH-IDCA1404-10-140-54-60:94319:96942 [3] NCCL INFO Connected all rings
SH-IDCA1404-10-140-54-60:94323:96945 [7] NCCL INFO Channel 09/0 : 7[7] -> 6[6] via P2P/IPC/read
SH-IDCA1404-10-140-54-60:94323:96945 [7] NCCL INFO Channel 10/0 : 7[7] -> 6[6] via P2P/IPC/read
SH-IDCA1404-10-140-54-60:94323:96945 [7] NCCL INFO Channel 11/0 : 7[7] -> 6[6] via P2P/IPC/read
SH-IDCA1404-10-140-54-60:94323:96945 [7] NCCL INFO Channel 12/0 : 7[7] -> 6[6] via P2P/IPC/read
SH-IDCA1404-10-140-54-60:94323:96945 [7] NCCL INFO Channel 13/0 : 7[7] -> 6[6] via P2P/IPC/read
SH-IDCA1404-10-140-54-60:94323:96945 [7] NCCL INFO Channel 14/0 : 7[7] -> 6[6] via P2P/IPC/read
SH-IDCA1404-10-140-54-60:94323:96945 [7] NCCL INFO Channel 15/0 : 7[7] -> 6[6] via P2P/IPC/read
SH-IDCA1404-10-140-54-60:94323:96945 [7] NCCL INFO Channel 16/0 : 7[7] -> 6[6] via P2P/IPC/read
SH-IDCA1404-10-140-54-60:94323:96945 [7] NCCL INFO Channel 17/0 : 7[7] -> 6[6] via P2P/IPC/read
SH-IDCA1404-10-140-54-60:94318:96943 [2] NCCL INFO Connected all rings
SH-IDCA1404-10-140-54-60:94316:96939 [0] NCCL INFO Connected all rings
SH-IDCA1404-10-140-54-60:94317:96951 [1] NCCL INFO Connected all rings
SH-IDCA1404-10-140-54-60:94323:96945 [7] NCCL INFO Channel 18/0 : 7[7] -> 6[6] via P2P/IPC/read
SH-IDCA1404-10-140-54-60:94323:96945 [7] NCCL INFO Channel 19/0 : 7[7] -> 6[6] via P2P/IPC/read
SH-IDCA1404-10-140-54-60:94323:96945 [7] NCCL INFO Channel 20/0 : 7[7] -> 6[6] via P2P/IPC/read
SH-IDCA1404-10-140-54-60:94323:96945 [7] NCCL INFO Channel 21/0 : 7[7] -> 6[6] via P2P/IPC/read
SH-IDCA1404-10-140-54-60:94323:96945 [7] NCCL INFO Channel 22/0 : 7[7] -> 6[6] via P2P/IPC/read
SH-IDCA1404-10-140-54-60:94323:96945 [7] NCCL INFO Channel 23/0 : 7[7] -> 6[6] via P2P/IPC/read
SH-IDCA1404-10-140-54-60:94320:96941 [4] NCCL INFO Channel 00/0 : 4[4] -> 3[3] via P2P/IPC/read
SH-IDCA1404-10-140-54-60:94321:96952 [5] NCCL INFO Channel 00/0 : 5[5] -> 4[4] via P2P/IPC/read
SH-IDCA1404-10-140-54-60:94322:96944 [6] NCCL INFO Channel 00/0 : 6[6] -> 5[5] via P2P/IPC/read
SH-IDCA1404-10-140-54-60:94320:96941 [4] NCCL INFO Channel 01/0 : 4[4] -> 3[3] via P2P/IPC/read
SH-IDCA1404-10-140-54-60:94321:96952 [5] NCCL INFO Channel 01/0 : 5[5] -> 4[4] via P2P/IPC/read
SH-IDCA1404-10-140-54-60:94322:96944 [6] NCCL INFO Channel 01/0 : 6[6] -> 5[5] via P2P/IPC/read
SH-IDCA1404-10-140-54-60:94320:96941 [4] NCCL INFO Channel 02/0 : 4[4] -> 3[3] via P2P/IPC/read
SH-IDCA1404-10-140-54-60:94321:96952 [5] NCCL INFO Channel 02/0 : 5[5] -> 4[4] via P2P/IPC/read
SH-IDCA1404-10-140-54-60:94322:96944 [6] NCCL INFO Channel 02/0 : 6[6] -> 5[5] via P2P/IPC/read
SH-IDCA1404-10-140-54-60:94320:96941 [4] NCCL INFO Channel 03/0 : 4[4] -> 3[3] via P2P/IPC/read
SH-IDCA1404-10-140-54-60:94321:96952 [5] NCCL INFO Channel 03/0 : 5[5] -> 4[4] via P2P/IPC/read
SH-IDCA1404-10-140-54-60:94322:96944 [6] NCCL INFO Channel 03/0 : 6[6] -> 5[5] via P2P/IPC/read
SH-IDCA1404-10-140-54-60:94320:96941 [4] NCCL INFO Channel 04/0 : 4[4] -> 3[3] via P2P/IPC/read
SH-IDCA1404-10-140-54-60:94321:96952 [5] NCCL INFO Channel 04/0 : 5[5] -> 4[4] via P2P/IPC/read
SH-IDCA1404-10-140-54-60:94322:96944 [6] NCCL INFO Channel 04/0 : 6[6] -> 5[5] via P2P/IPC/read
SH-IDCA1404-10-140-54-60:94320:96941 [4] NCCL INFO Channel 05/0 : 4[4] -> 3[3] via P2P/IPC/read
SH-IDCA1404-10-140-54-60:94321:96952 [5] NCCL INFO Channel 05/0 : 5[5] -> 4[4] via P2P/IPC/read
SH-IDCA1404-10-140-54-60:94322:96944 [6] NCCL INFO Channel 05/0 : 6[6] -> 5[5] via P2P/IPC/read
SH-IDCA1404-10-140-54-60:94320:96941 [4] NCCL INFO Channel 06/0 : 4[4] -> 3[3] via P2P/IPC/read
SH-IDCA1404-10-140-54-60:94321:96952 [5] NCCL INFO Channel 06/0 : 5[5] -> 4[4] via P2P/IPC/read
SH-IDCA1404-10-140-54-60:94322:96944 [6] NCCL INFO Channel 06/0 : 6[6] -> 5[5] via P2P/IPC/read
SH-IDCA1404-10-140-54-60:94320:96941 [4] NCCL INFO Channel 07/0 : 4[4] -> 3[3] via P2P/IPC/read
SH-IDCA1404-10-140-54-60:94321:96952 [5] NCCL INFO Channel 07/0 : 5[5] -> 4[4] via P2P/IPC/read
SH-IDCA1404-10-140-54-60:94322:96944 [6] NCCL INFO Channel 07/0 : 6[6] -> 5[5] via P2P/IPC/read
SH-IDCA1404-10-140-54-60:94320:96941 [4] NCCL INFO Channel 08/0 : 4[4] -> 3[3] via P2P/IPC/read
SH-IDCA1404-10-140-54-60:94321:96952 [5] NCCL INFO Channel 08/0 : 5[5] -> 4[4] via P2P/IPC/read
SH-IDCA1404-10-140-54-60:94322:96944 [6] NCCL INFO Channel 08/0 : 6[6] -> 5[5] via P2P/IPC/read
SH-IDCA1404-10-140-54-60:94320:96941 [4] NCCL INFO Channel 09/0 : 4[4] -> 3[3] via P2P/IPC/read
SH-IDCA1404-10-140-54-60:94321:96952 [5] NCCL INFO Channel 09/0 : 5[5] -> 4[4] via P2P/IPC/read
SH-IDCA1404-10-140-54-60:94322:96944 [6] NCCL INFO Channel 09/0 : 6[6] -> 5[5] via P2P/IPC/read
SH-IDCA1404-10-140-54-60:94320:96941 [4] NCCL INFO Channel 10/0 : 4[4] -> 3[3] via P2P/IPC/read
SH-IDCA1404-10-140-54-60:94321:96952 [5] NCCL INFO Channel 10/0 : 5[5] -> 4[4] via P2P/IPC/read
SH-IDCA1404-10-140-54-60:94319:96942 [3] NCCL INFO Channel 00/0 : 3[3] -> 2[2] via P2P/IPC/read
SH-IDCA1404-10-140-54-60:94322:96944 [6] NCCL INFO Channel 10/0 : 6[6] -> 5[5] via P2P/IPC/read
SH-IDCA1404-10-140-54-60:94320:96941 [4] NCCL INFO Channel 11/0 : 4[4] -> 3[3] via P2P/IPC/read
SH-IDCA1404-10-140-54-60:94321:96952 [5] NCCL INFO Channel 11/0 : 5[5] -> 4[4] via P2P/IPC/read
SH-IDCA1404-10-140-54-60:94319:96942 [3] NCCL INFO Channel 01/0 : 3[3] -> 2[2] via P2P/IPC/read
SH-IDCA1404-10-140-54-60:94322:96944 [6] NCCL INFO Channel 11/0 : 6[6] -> 5[5] via P2P/IPC/read
SH-IDCA1404-10-140-54-60:94320:96941 [4] NCCL INFO Channel 12/0 : 4[4] -> 3[3] via P2P/IPC/read
SH-IDCA1404-10-140-54-60:94321:96952 [5] NCCL INFO Channel 12/0 : 5[5] -> 4[4] via P2P/IPC/read
SH-IDCA1404-10-140-54-60:94319:96942 [3] NCCL INFO Channel 02/0 : 3[3] -> 2[2] via P2P/IPC/read
SH-IDCA1404-10-140-54-60:94322:96944 [6] NCCL INFO Channel 12/0 : 6[6] -> 5[5] via P2P/IPC/read
SH-IDCA1404-10-140-54-60:94320:96941 [4] NCCL INFO Channel 13/0 : 4[4] -> 3[3] via P2P/IPC/read
SH-IDCA1404-10-140-54-60:94321:96952 [5] NCCL INFO Channel 13/0 : 5[5] -> 4[4] via P2P/IPC/read
SH-IDCA1404-10-140-54-60:94319:96942 [3] NCCL INFO Channel 03/0 : 3[3] -> 2[2] via P2P/IPC/read
SH-IDCA1404-10-140-54-60:94322:96944 [6] NCCL INFO Channel 13/0 : 6[6] -> 5[5] via P2P/IPC/read
SH-IDCA1404-10-140-54-60:94320:96941 [4] NCCL INFO Channel 14/0 : 4[4] -> 3[3] via P2P/IPC/read
SH-IDCA1404-10-140-54-60:94321:96952 [5] NCCL INFO Channel 14/0 : 5[5] -> 4[4] via P2P/IPC/read
SH-IDCA1404-10-140-54-60:94319:96942 [3] NCCL INFO Channel 04/0 : 3[3] -> 2[2] via P2P/IPC/read
SH-IDCA1404-10-140-54-60:94322:96944 [6] NCCL INFO Channel 14/0 : 6[6] -> 5[5] via P2P/IPC/read
SH-IDCA1404-10-140-54-60:94320:96941 [4] NCCL INFO Channel 15/0 : 4[4] -> 3[3] via P2P/IPC/read
SH-IDCA1404-10-140-54-60:94321:96952 [5] NCCL INFO Channel 15/0 : 5[5] -> 4[4] via P2P/IPC/read
SH-IDCA1404-10-140-54-60:94320:96941 [4] NCCL INFO Channel 16/0 : 4[4] -> 3[3] via P2P/IPC/read
SH-IDCA1404-10-140-54-60:94322:96944 [6] NCCL INFO Channel 15/0 : 6[6] -> 5[5] via P2P/IPC/read
SH-IDCA1404-10-140-54-60:94319:96942 [3] NCCL INFO Channel 05/0 : 3[3] -> 2[2] via P2P/IPC/read
SH-IDCA1404-10-140-54-60:94321:96952 [5] NCCL INFO Channel 16/0 : 5[5] -> 4[4] via P2P/IPC/read
SH-IDCA1404-10-140-54-60:94320:96941 [4] NCCL INFO Channel 17/0 : 4[4] -> 3[3] via P2P/IPC/read
SH-IDCA1404-10-140-54-60:94322:96944 [6] NCCL INFO Channel 16/0 : 6[6] -> 5[5] via P2P/IPC/read
SH-IDCA1404-10-140-54-60:94319:96942 [3] NCCL INFO Channel 06/0 : 3[3] -> 2[2] via P2P/IPC/read
SH-IDCA1404-10-140-54-60:94321:96952 [5] NCCL INFO Channel 17/0 : 5[5] -> 4[4] via P2P/IPC/read
SH-IDCA1404-10-140-54-60:94320:96941 [4] NCCL INFO Channel 18/0 : 4[4] -> 3[3] via P2P/IPC/read
SH-IDCA1404-10-140-54-60:94322:96944 [6] NCCL INFO Channel 17/0 : 6[6] -> 5[5] via P2P/IPC/read
SH-IDCA1404-10-140-54-60:94319:96942 [3] NCCL INFO Channel 07/0 : 3[3] -> 2[2] via P2P/IPC/read
SH-IDCA1404-10-140-54-60:94321:96952 [5] NCCL INFO Channel 18/0 : 5[5] -> 4[4] via P2P/IPC/read
SH-IDCA1404-10-140-54-60:94317:96951 [1] NCCL INFO Channel 00/0 : 1[1] -> 0[0] via P2P/IPC/read
SH-IDCA1404-10-140-54-60:94322:96944 [6] NCCL INFO Channel 18/0 : 6[6] -> 5[5] via P2P/IPC/read
SH-IDCA1404-10-140-54-60:94320:96941 [4] NCCL INFO Channel 19/0 : 4[4] -> 3[3] via P2P/IPC/read
SH-IDCA1404-10-140-54-60:94318:96943 [2] NCCL INFO Channel 00/0 : 2[2] -> 1[1] via P2P/IPC/read
SH-IDCA1404-10-140-54-60:94319:96942 [3] NCCL INFO Channel 08/0 : 3[3] -> 2[2] via P2P/IPC/read
SH-IDCA1404-10-140-54-60:94321:96952 [5] NCCL INFO Channel 19/0 : 5[5] -> 4[4] via P2P/IPC/read
SH-IDCA1404-10-140-54-60:94317:96951 [1] NCCL INFO Channel 01/0 : 1[1] -> 0[0] via P2P/IPC/read
SH-IDCA1404-10-140-54-60:94322:96944 [6] NCCL INFO Channel 19/0 : 6[6] -> 5[5] via P2P/IPC/read
SH-IDCA1404-10-140-54-60:94320:96941 [4] NCCL INFO Channel 20/0 : 4[4] -> 3[3] via P2P/IPC/read
SH-IDCA1404-10-140-54-60:94318:96943 [2] NCCL INFO Channel 01/0 : 2[2] -> 1[1] via P2P/IPC/read
SH-IDCA1404-10-140-54-60:94321:96952 [5] NCCL INFO Channel 20/0 : 5[5] -> 4[4] via P2P/IPC/read
SH-IDCA1404-10-140-54-60:94317:96951 [1] NCCL INFO Channel 02/0 : 1[1] -> 0[0] via P2P/IPC/read
SH-IDCA1404-10-140-54-60:94319:96942 [3] NCCL INFO Channel 09/0 : 3[3] -> 2[2] via P2P/IPC/read
SH-IDCA1404-10-140-54-60:94322:96944 [6] NCCL INFO Channel 20/0 : 6[6] -> 5[5] via P2P/IPC/read
SH-IDCA1404-10-140-54-60:94320:96941 [4] NCCL INFO Channel 21/0 : 4[4] -> 3[3] via P2P/IPC/read
SH-IDCA1404-10-140-54-60:94318:96943 [2] NCCL INFO Channel 02/0 : 2[2] -> 1[1] via P2P/IPC/read
SH-IDCA1404-10-140-54-60:94321:96952 [5] NCCL INFO Channel 21/0 : 5[5] -> 4[4] via P2P/IPC/read
SH-IDCA1404-10-140-54-60:94317:96951 [1] NCCL INFO Channel 03/0 : 1[1] -> 0[0] via P2P/IPC/read
SH-IDCA1404-10-140-54-60:94319:96942 [3] NCCL INFO Channel 10/0 : 3[3] -> 2[2] via P2P/IPC/read
SH-IDCA1404-10-140-54-60:94322:96944 [6] NCCL INFO Channel 21/0 : 6[6] -> 5[5] via P2P/IPC/read
SH-IDCA1404-10-140-54-60:94320:96941 [4] NCCL INFO Channel 22/0 : 4[4] -> 3[3] via P2P/IPC/read
SH-IDCA1404-10-140-54-60:94321:96952 [5] NCCL INFO Channel 22/0 : 5[5] -> 4[4] via P2P/IPC/read
SH-IDCA1404-10-140-54-60:94318:96943 [2] NCCL INFO Channel 03/0 : 2[2] -> 1[1] via P2P/IPC/read
SH-IDCA1404-10-140-54-60:94317:96951 [1] NCCL INFO Channel 04/0 : 1[1] -> 0[0] via P2P/IPC/read
SH-IDCA1404-10-140-54-60:94319:96942 [3] NCCL INFO Channel 11/0 : 3[3] -> 2[2] via P2P/IPC/read
SH-IDCA1404-10-140-54-60:94322:96944 [6] NCCL INFO Channel 22/0 : 6[6] -> 5[5] via P2P/IPC/read
SH-IDCA1404-10-140-54-60:94320:96941 [4] NCCL INFO Channel 23/0 : 4[4] -> 3[3] via P2P/IPC/read
SH-IDCA1404-10-140-54-60:94321:96952 [5] NCCL INFO Channel 23/0 : 5[5] -> 4[4] via P2P/IPC/read
SH-IDCA1404-10-140-54-60:94317:96951 [1] NCCL INFO Channel 05/0 : 1[1] -> 0[0] via P2P/IPC/read
SH-IDCA1404-10-140-54-60:94318:96943 [2] NCCL INFO Channel 04/0 : 2[2] -> 1[1] via P2P/IPC/read
SH-IDCA1404-10-140-54-60:94319:96942 [3] NCCL INFO Channel 12/0 : 3[3] -> 2[2] via P2P/IPC/read
SH-IDCA1404-10-140-54-60:94322:96944 [6] NCCL INFO Channel 23/0 : 6[6] -> 5[5] via P2P/IPC/read
SH-IDCA1404-10-140-54-60:94317:96951 [1] NCCL INFO Channel 06/0 : 1[1] -> 0[0] via P2P/IPC/read
SH-IDCA1404-10-140-54-60:94318:96943 [2] NCCL INFO Channel 05/0 : 2[2] -> 1[1] via P2P/IPC/read
SH-IDCA1404-10-140-54-60:94319:96942 [3] NCCL INFO Channel 13/0 : 3[3] -> 2[2] via P2P/IPC/read
SH-IDCA1404-10-140-54-60:94317:96951 [1] NCCL INFO Channel 07/0 : 1[1] -> 0[0] via P2P/IPC/read
SH-IDCA1404-10-140-54-60:94318:96943 [2] NCCL INFO Channel 06/0 : 2[2] -> 1[1] via P2P/IPC/read
SH-IDCA1404-10-140-54-60:94319:96942 [3] NCCL INFO Channel 14/0 : 3[3] -> 2[2] via P2P/IPC/read
SH-IDCA1404-10-140-54-60:94317:96951 [1] NCCL INFO Channel 08/0 : 1[1] -> 0[0] via P2P/IPC/read
SH-IDCA1404-10-140-54-60:94318:96943 [2] NCCL INFO Channel 07/0 : 2[2] -> 1[1] via P2P/IPC/read
SH-IDCA1404-10-140-54-60:94319:96942 [3] NCCL INFO Channel 15/0 : 3[3] -> 2[2] via P2P/IPC/read
SH-IDCA1404-10-140-54-60:94317:96951 [1] NCCL INFO Channel 09/0 : 1[1] -> 0[0] via P2P/IPC/read
SH-IDCA1404-10-140-54-60:94318:96943 [2] NCCL INFO Channel 08/0 : 2[2] -> 1[1] via P2P/IPC/read
SH-IDCA1404-10-140-54-60:94318:96943 [2] NCCL INFO Channel 09/0 : 2[2] -> 1[1] via P2P/IPC/read
SH-IDCA1404-10-140-54-60:94318:96943 [2] NCCL INFO Channel 10/0 : 2[2] -> 1[1] via P2P/IPC/read
SH-IDCA1404-10-140-54-60:94319:96942 [3] NCCL INFO Channel 16/0 : 3[3] -> 2[2] via P2P/IPC/read
SH-IDCA1404-10-140-54-60:94317:96951 [1] NCCL INFO Channel 10/0 : 1[1] -> 0[0] via P2P/IPC/read
SH-IDCA1404-10-140-54-60:94319:96942 [3] NCCL INFO Channel 17/0 : 3[3] -> 2[2] via P2P/IPC/read
SH-IDCA1404-10-140-54-60:94317:96951 [1] NCCL INFO Channel 11/0 : 1[1] -> 0[0] via P2P/IPC/read
SH-IDCA1404-10-140-54-60:94319:96942 [3] NCCL INFO Channel 18/0 : 3[3] -> 2[2] via P2P/IPC/read
SH-IDCA1404-10-140-54-60:94317:96951 [1] NCCL INFO Channel 12/0 : 1[1] -> 0[0] via P2P/IPC/read
SH-IDCA1404-10-140-54-60:94319:96942 [3] NCCL INFO Channel 19/0 : 3[3] -> 2[2] via P2P/IPC/read
SH-IDCA1404-10-140-54-60:94317:96951 [1] NCCL INFO Channel 13/0 : 1[1] -> 0[0] via P2P/IPC/read
SH-IDCA1404-10-140-54-60:94318:96943 [2] NCCL INFO Channel 11/0 : 2[2] -> 1[1] via P2P/IPC/read
SH-IDCA1404-10-140-54-60:94319:96942 [3] NCCL INFO Channel 20/0 : 3[3] -> 2[2] via P2P/IPC/read
SH-IDCA1404-10-140-54-60:94317:96951 [1] NCCL INFO Channel 14/0 : 1[1] -> 0[0] via P2P/IPC/read
SH-IDCA1404-10-140-54-60:94318:96943 [2] NCCL INFO Channel 12/0 : 2[2] -> 1[1] via P2P/IPC/read
SH-IDCA1404-10-140-54-60:94319:96942 [3] NCCL INFO Channel 21/0 : 3[3] -> 2[2] via P2P/IPC/read
SH-IDCA1404-10-140-54-60:94317:96951 [1] NCCL INFO Channel 15/0 : 1[1] -> 0[0] via P2P/IPC/read
SH-IDCA1404-10-140-54-60:94318:96943 [2] NCCL INFO Channel 13/0 : 2[2] -> 1[1] via P2P/IPC/read
SH-IDCA1404-10-140-54-60:94319:96942 [3] NCCL INFO Channel 22/0 : 3[3] -> 2[2] via P2P/IPC/read
SH-IDCA1404-10-140-54-60:94317:96951 [1] NCCL INFO Channel 16/0 : 1[1] -> 0[0] via P2P/IPC/read
SH-IDCA1404-10-140-54-60:94318:96943 [2] NCCL INFO Channel 14/0 : 2[2] -> 1[1] via P2P/IPC/read
SH-IDCA1404-10-140-54-60:94319:96942 [3] NCCL INFO Channel 23/0 : 3[3] -> 2[2] via P2P/IPC/read
SH-IDCA1404-10-140-54-60:94317:96951 [1] NCCL INFO Channel 17/0 : 1[1] -> 0[0] via P2P/IPC/read
SH-IDCA1404-10-140-54-60:94318:96943 [2] NCCL INFO Channel 15/0 : 2[2] -> 1[1] via P2P/IPC/read
SH-IDCA1404-10-140-54-60:94317:96951 [1] NCCL INFO Channel 18/0 : 1[1] -> 0[0] via P2P/IPC/read
SH-IDCA1404-10-140-54-60:94318:96943 [2] NCCL INFO Channel 16/0 : 2[2] -> 1[1] via P2P/IPC/read
SH-IDCA1404-10-140-54-60:94317:96951 [1] NCCL INFO Channel 19/0 : 1[1] -> 0[0] via P2P/IPC/read
SH-IDCA1404-10-140-54-60:94318:96943 [2] NCCL INFO Channel 17/0 : 2[2] -> 1[1] via P2P/IPC/read
SH-IDCA1404-10-140-54-60:94317:96951 [1] NCCL INFO Channel 20/0 : 1[1] -> 0[0] via P2P/IPC/read
SH-IDCA1404-10-140-54-60:94318:96943 [2] NCCL INFO Channel 18/0 : 2[2] -> 1[1] via P2P/IPC/read
SH-IDCA1404-10-140-54-60:94317:96951 [1] NCCL INFO Channel 21/0 : 1[1] -> 0[0] via P2P/IPC/read
SH-IDCA1404-10-140-54-60:94318:96943 [2] NCCL INFO Channel 19/0 : 2[2] -> 1[1] via P2P/IPC/read
SH-IDCA1404-10-140-54-60:94317:96951 [1] NCCL INFO Channel 22/0 : 1[1] -> 0[0] via P2P/IPC/read
SH-IDCA1404-10-140-54-60:94318:96943 [2] NCCL INFO Channel 20/0 : 2[2] -> 1[1] via P2P/IPC/read
SH-IDCA1404-10-140-54-60:94317:96951 [1] NCCL INFO Channel 23/0 : 1[1] -> 0[0] via P2P/IPC/read
SH-IDCA1404-10-140-54-60:94318:96943 [2] NCCL INFO Channel 21/0 : 2[2] -> 1[1] via P2P/IPC/read
SH-IDCA1404-10-140-54-60:94318:96943 [2] NCCL INFO Channel 22/0 : 2[2] -> 1[1] via P2P/IPC/read
SH-IDCA1404-10-140-54-60:94318:96943 [2] NCCL INFO Channel 23/0 : 2[2] -> 1[1] via P2P/IPC/read
SH-IDCA1404-10-140-54-60:94323:96945 [7] NCCL INFO Connected all trees
SH-IDCA1404-10-140-54-60:94322:96944 [6] NCCL INFO Connected all trees
SH-IDCA1404-10-140-54-60:94323:96945 [7] NCCL INFO threadThresholds 8/8/64 | 64/8/64 | 512 | 512
SH-IDCA1404-10-140-54-60:94323:96945 [7] NCCL INFO 24 coll channels, 24 collnet channels, 0 nvls channels, 32 p2p channels, 32 p2p channels per peer
SH-IDCA1404-10-140-54-60:94322:96944 [6] NCCL INFO threadThresholds 8/8/64 | 64/8/64 | 512 | 512
SH-IDCA1404-10-140-54-60:94322:96944 [6] NCCL INFO 24 coll channels, 24 collnet channels, 0 nvls channels, 32 p2p channels, 32 p2p channels per peer
SH-IDCA1404-10-140-54-60:94316:96939 [0] NCCL INFO Connected all trees
SH-IDCA1404-10-140-54-60:94316:96939 [0] NCCL INFO threadThresholds 8/8/64 | 64/8/64 | 512 | 512
SH-IDCA1404-10-140-54-60:94316:96939 [0] NCCL INFO 24 coll channels, 24 collnet channels, 0 nvls channels, 32 p2p channels, 32 p2p channels per peer
SH-IDCA1404-10-140-54-60:94317:96951 [1] NCCL INFO Connected all trees
SH-IDCA1404-10-140-54-60:94317:96951 [1] NCCL INFO threadThresholds 8/8/64 | 64/8/64 | 512 | 512
SH-IDCA1404-10-140-54-60:94317:96951 [1] NCCL INFO 24 coll channels, 24 collnet channels, 0 nvls channels, 32 p2p channels, 32 p2p channels per peer
SH-IDCA1404-10-140-54-60:94321:96952 [5] NCCL INFO Connected all trees
SH-IDCA1404-10-140-54-60:94321:96952 [5] NCCL INFO threadThresholds 8/8/64 | 64/8/64 | 512 | 512
SH-IDCA1404-10-140-54-60:94321:96952 [5] NCCL INFO 24 coll channels, 24 collnet channels, 0 nvls channels, 32 p2p channels, 32 p2p channels per peer
SH-IDCA1404-10-140-54-60:94318:96943 [2] NCCL INFO Connected all trees
SH-IDCA1404-10-140-54-60:94318:96943 [2] NCCL INFO threadThresholds 8/8/64 | 64/8/64 | 512 | 512
SH-IDCA1404-10-140-54-60:94318:96943 [2] NCCL INFO 24 coll channels, 24 collnet channels, 0 nvls channels, 32 p2p channels, 32 p2p channels per peer
SH-IDCA1404-10-140-54-60:94320:96941 [4] NCCL INFO Connected all trees
SH-IDCA1404-10-140-54-60:94319:96942 [3] NCCL INFO Connected all trees
SH-IDCA1404-10-140-54-60:94320:96941 [4] NCCL INFO threadThresholds 8/8/64 | 64/8/64 | 512 | 512
SH-IDCA1404-10-140-54-60:94320:96941 [4] NCCL INFO 24 coll channels, 24 collnet channels, 0 nvls channels, 32 p2p channels, 32 p2p channels per peer
SH-IDCA1404-10-140-54-60:94319:96942 [3] NCCL INFO threadThresholds 8/8/64 | 64/8/64 | 512 | 512
SH-IDCA1404-10-140-54-60:94319:96942 [3] NCCL INFO 24 coll channels, 24 collnet channels, 0 nvls channels, 32 p2p channels, 32 p2p channels per peer
SH-IDCA1404-10-140-54-60:94323:96945 [7] NCCL INFO TUNER/Plugin: Plugin load returned 11 : libnccl-net.so: cannot open shared object file: No such file or directory : when loading libnccl-tuner.so
SH-IDCA1404-10-140-54-60:94323:96945 [7] NCCL INFO TUNER/Plugin: Using internal tuner plugin.
SH-IDCA1404-10-140-54-60:94323:96945 [7] NCCL INFO ncclCommInitRank comm 0x25e5a980 rank 7 nranks 8 cudaDev 7 nvmlDev 7 busId d7000 commId 0xd0c221e9a248e08f - Init COMPLETE
SH-IDCA1404-10-140-54-60:94321:96952 [5] NCCL INFO TUNER/Plugin: Plugin load returned 11 : libnccl-net.so: cannot open shared object file: No such file or directory : when loading libnccl-tuner.so
SH-IDCA1404-10-140-54-60:94321:96952 [5] NCCL INFO TUNER/Plugin: Using internal tuner plugin.
SH-IDCA1404-10-140-54-60:94321:96952 [5] NCCL INFO ncclCommInitRank comm 0x25e62c40 rank 5 nranks 8 cudaDev 5 nvmlDev 5 busId a1000 commId 0xd0c221e9a248e08f - Init COMPLETE
SH-IDCA1404-10-140-54-60:94322:96944 [6] NCCL INFO TUNER/Plugin: Plugin load returned 11 : libnccl-net.so: cannot open shared object file: No such file or directory : when loading libnccl-tuner.so
SH-IDCA1404-10-140-54-60:94322:96944 [6] NCCL INFO TUNER/Plugin: Using internal tuner plugin.
SH-IDCA1404-10-140-54-60:94322:96944 [6] NCCL INFO ncclCommInitRank comm 0xcda4b90 rank 6 nranks 8 cudaDev 6 nvmlDev 6 busId d4000 commId 0xd0c221e9a248e08f - Init COMPLETE
SH-IDCA1404-10-140-54-60:94316:96939 [0] NCCL INFO TUNER/Plugin: Plugin load returned 11 : libnccl-net.so: cannot open shared object file: No such file or directory : when loading libnccl-tuner.so
SH-IDCA1404-10-140-54-60:94316:96939 [0] NCCL INFO TUNER/Plugin: Using internal tuner plugin.
SH-IDCA1404-10-140-54-60:94316:96939 [0] NCCL INFO ncclCommInitRank comm 0xdee445c0 rank 0 nranks 8 cudaDev 0 nvmlDev 0 busId 51000 commId 0xd0c221e9a248e08f - Init COMPLETE
SH-IDCA1404-10-140-54-60:94320:96941 [4] NCCL INFO TUNER/Plugin: Plugin load returned 11 : libnccl-net.so: cannot open shared object file: No such file or directory : when loading libnccl-tuner.so
SH-IDCA1404-10-140-54-60:94320:96941 [4] NCCL INFO TUNER/Plugin: Using internal tuner plugin.
SH-IDCA1404-10-140-54-60:94320:96941 [4] NCCL INFO ncclCommInitRank comm 0x4b53f5c0 rank 4 nranks 8 cudaDev 4 nvmlDev 4 busId 9d000 commId 0xd0c221e9a248e08f - Init COMPLETE
SH-IDCA1404-10-140-54-60:94317:96951 [1] NCCL INFO TUNER/Plugin: Plugin load returned 11 : libnccl-net.so: cannot open shared object file: No such file or directory : when loading libnccl-tuner.so
SH-IDCA1404-10-140-54-60:94317:96951 [1] NCCL INFO TUNER/Plugin: Using internal tuner plugin.
SH-IDCA1404-10-140-54-60:94317:96951 [1] NCCL INFO ncclCommInitRank comm 0x2d332400 rank 1 nranks 8 cudaDev 1 nvmlDev 1 busId 56000 commId 0xd0c221e9a248e08f - Init COMPLETE
SH-IDCA1404-10-140-54-60:94318:96943 [2] NCCL INFO TUNER/Plugin: Plugin load returned 11 : libnccl-net.so: cannot open shared object file: No such file or directory : when loading libnccl-tuner.so
SH-IDCA1404-10-140-54-60:94318:96943 [2] NCCL INFO TUNER/Plugin: Using internal tuner plugin.
SH-IDCA1404-10-140-54-60:94318:96943 [2] NCCL INFO ncclCommInitRank comm 0x4c04ae80 rank 2 nranks 8 cudaDev 2 nvmlDev 2 busId 6b000 commId 0xd0c221e9a248e08f - Init COMPLETE
SH-IDCA1404-10-140-54-60:94319:96942 [3] NCCL INFO TUNER/Plugin: Plugin load returned 11 : libnccl-net.so: cannot open shared object file: No such file or directory : when loading libnccl-tuner.so
SH-IDCA1404-10-140-54-60:94319:96942 [3] NCCL INFO TUNER/Plugin: Using internal tuner plugin.
SH-IDCA1404-10-140-54-60:94319:96942 [3] NCCL INFO ncclCommInitRank comm 0x25921f40 rank 3 nranks 8 cudaDev 3 nvmlDev 3 busId 71000 commId 0xd0c221e9a248e08f - Init COMPLETE
[11/26 16:00:11 Tokenizer]: ***** Running training *****
[11/26 16:00:11 Tokenizer]:   Num training steps = 1000000
[11/26 16:00:11 Tokenizer]:   Gradient Accumulation steps = 1
[11/26 16:00:11 Tokenizer]:   Instantaneous batch size per gpu = 64
[11/26 16:00:11 Tokenizer]:   Total train batch size (w. parallel, distributed & accumulation) = 512
Epoch 0/0 started.
[rank0]:[W1126 16:00:25.350446153 reducer.cpp:1400] Warning: find_unused_parameters=True was specified in DDP constructor, but did not find any unused parameters in the forward pass. This flag results in an extra traversal of the autograd graph every iteration,  which can adversely affect performance. If your model indeed never has any unused parameters in the forward pass, consider turning this flag off. Note that this warning may be a false positive if your model has flow control causing later iterations to have unused parameters. (function operator())
[rank2]:[W1126 16:00:27.659456024 reducer.cpp:1400] Warning: find_unused_parameters=True was specified in DDP constructor, but did not find any unused parameters in the forward pass. This flag results in an extra traversal of the autograd graph every iteration,  which can adversely affect performance. If your model indeed never has any unused parameters in the forward pass, consider turning this flag off. Note that this warning may be a false positive if your model has flow control causing later iterations to have unused parameters. (function operator())
[rank5]:[W1126 16:00:27.764132433 reducer.cpp:1400] Warning: find_unused_parameters=True was specified in DDP constructor, but did not find any unused parameters in the forward pass. This flag results in an extra traversal of the autograd graph every iteration,  which can adversely affect performance. If your model indeed never has any unused parameters in the forward pass, consider turning this flag off. Note that this warning may be a false positive if your model has flow control causing later iterations to have unused parameters. (function operator())
[rank6]:[W1126 16:00:27.023725746 reducer.cpp:1400] Warning: find_unused_parameters=True was specified in DDP constructor, but did not find any unused parameters in the forward pass. This flag results in an extra traversal of the autograd graph every iteration,  which can adversely affect performance. If your model indeed never has any unused parameters in the forward pass, consider turning this flag off. Note that this warning may be a false positive if your model has flow control causing later iterations to have unused parameters. (function operator())
[rank7]:[W1126 16:00:28.182641732 reducer.cpp:1400] Warning: find_unused_parameters=True was specified in DDP constructor, but did not find any unused parameters in the forward pass. This flag results in an extra traversal of the autograd graph every iteration,  which can adversely affect performance. If your model indeed never has any unused parameters in the forward pass, consider turning this flag off. Note that this warning may be a false positive if your model has flow control causing later iterations to have unused parameters. (function operator())
[rank1]:[W1126 16:00:29.909875433 reducer.cpp:1400] Warning: find_unused_parameters=True was specified in DDP constructor, but did not find any unused parameters in the forward pass. This flag results in an extra traversal of the autograd graph every iteration,  which can adversely affect performance. If your model indeed never has any unused parameters in the forward pass, consider turning this flag off. Note that this warning may be a false positive if your model has flow control causing later iterations to have unused parameters. (function operator())
[rank3]:[W1126 16:00:29.171796685 reducer.cpp:1400] Warning: find_unused_parameters=True was specified in DDP constructor, but did not find any unused parameters in the forward pass. This flag results in an extra traversal of the autograd graph every iteration,  which can adversely affect performance. If your model indeed never has any unused parameters in the forward pass, consider turning this flag off. Note that this warning may be a false positive if your model has flow control causing later iterations to have unused parameters. (function operator())
[rank4]:[W1126 16:00:29.260373890 reducer.cpp:1400] Warning: find_unused_parameters=True was specified in DDP constructor, but did not find any unused parameters in the forward pass. This flag results in an extra traversal of the autograd graph every iteration,  which can adversely affect performance. If your model indeed never has any unused parameters in the forward pass, consider turning this flag off. Note that this warning may be a false positive if your model has flow control causing later iterations to have unused parameters. (function operator())
[11/26 16:01:28 Tokenizer]: Data (t): 0.0014, 61.96/s/gpu Batch (t): 1.0330 LR: 0.000001 Step: 50 Total Loss: 1.6891 KL Loss: 0.0007 Repa Loss: 0.9901 Recon Loss: 0.2791 Discriminator Loss: 0.0000 Perceptual Loss: 0.9143 
[11/26 16:02:20 Tokenizer]: Data (t): 0.0024, 59.59/s/gpu Batch (t): 1.0739 LR: 0.000001 Step: 100 Total Loss: 1.6395 KL Loss: 0.0011 Repa Loss: 0.9638 Recon Loss: 0.2756 Discriminator Loss: 0.0000 Perceptual Loss: 0.8809 
[11/26 16:03:13 Tokenizer]: Data (t): 0.0012, 61.54/s/gpu Batch (t): 1.0399 LR: 0.000002 Step: 150 Total Loss: 1.5376 KL Loss: 0.0024 Repa Loss: 0.9376 Recon Loss: 0.2769 Discriminator Loss: 0.0000 Perceptual Loss: 0.7896 
[11/26 16:04:06 Tokenizer]: Data (t): 0.0012, 63.09/s/gpu Batch (t): 1.0144 LR: 0.000002 Step: 200 Total Loss: 1.4691 KL Loss: 0.0028 Repa Loss: 0.9061 Recon Loss: 0.2718 Discriminator Loss: 0.0000 Perceptual Loss: 0.7415 
[11/26 16:04:58 Tokenizer]: Data (t): 0.0014, 59.85/s/gpu Batch (t): 1.0693 LR: 0.000003 Step: 250 Total Loss: 1.4228 KL Loss: 0.0029 Repa Loss: 0.8817 Recon Loss: 0.2522 Discriminator Loss: 0.0000 Perceptual Loss: 0.7268 
[11/26 16:05:53 Tokenizer]: Data (t): 0.0013, 61.87/s/gpu Batch (t): 1.0345 LR: 0.000003 Step: 300 Total Loss: 1.4039 KL Loss: 0.0028 Repa Loss: 0.8601 Recon Loss: 0.2592 Discriminator Loss: 0.0000 Perceptual Loss: 0.7119 
[11/26 16:06:46 Tokenizer]: Data (t): 0.0013, 61.18/s/gpu Batch (t): 1.0461 LR: 0.000004 Step: 350 Total Loss: 1.3874 KL Loss: 0.0029 Repa Loss: 0.8516 Recon Loss: 0.2561 Discriminator Loss: 0.0000 Perceptual Loss: 0.7025 
[11/26 16:07:39 Tokenizer]: Data (t): 0.0013, 61.24/s/gpu Batch (t): 1.0451 LR: 0.000004 Step: 400 Total Loss: 1.3729 KL Loss: 0.0029 Repa Loss: 0.8443 Recon Loss: 0.2490 Discriminator Loss: 0.0000 Perceptual Loss: 0.6988 
[11/26 16:08:32 Tokenizer]: Data (t): 0.0014, 62.27/s/gpu Batch (t): 1.0278 LR: 0.000005 Step: 450 Total Loss: 1.3464 KL Loss: 0.0026 Repa Loss: 0.8416 Recon Loss: 0.2327 Discriminator Loss: 0.0000 Perceptual Loss: 0.6903 
[11/26 16:09:24 Tokenizer]: Data (t): 0.0014, 60.69/s/gpu Batch (t): 1.0545 LR: 0.000005 Step: 500 Total Loss: 1.3325 KL Loss: 0.0029 Repa Loss: 0.8385 Recon Loss: 0.2285 Discriminator Loss: 0.0000 Perceptual Loss: 0.6819 
[11/26 16:09:25 Tokenizer]: Reconstructing images...
[11/26 16:10:19 Tokenizer]: Data (t): 0.0016, 57.15/s/gpu Batch (t): 1.1198 LR: 0.000006 Step: 550 Total Loss: 1.3214 KL Loss: 0.0027 Repa Loss: 0.8380 Recon Loss: 0.2205 Discriminator Loss: 0.0000 Perceptual Loss: 0.6791 
[11/26 16:11:13 Tokenizer]: Data (t): 0.0014, 60.56/s/gpu Batch (t): 1.0568 LR: 0.000006 Step: 600 Total Loss: 1.3037 KL Loss: 0.0027 Repa Loss: 0.8348 Recon Loss: 0.2080 Discriminator Loss: 0.0000 Perceptual Loss: 0.6756 
[11/26 16:12:06 Tokenizer]: Data (t): 0.0014, 61.55/s/gpu Batch (t): 1.0399 LR: 0.000007 Step: 650 Total Loss: 1.2719 KL Loss: 0.0023 Repa Loss: 0.8266 Recon Loss: 0.1885 Discriminator Loss: 0.0000 Perceptual Loss: 0.6678 
[11/26 16:12:59 Tokenizer]: Data (t): 0.0013, 66.84/s/gpu Batch (t): 0.9575 LR: 0.000007 Step: 700 Total Loss: 1.2572 KL Loss: 0.0022 Repa Loss: 0.8226 Recon Loss: 0.1758 Discriminator Loss: 0.0000 Perceptual Loss: 0.6679 
[11/26 16:13:52 Tokenizer]: Data (t): 0.0013, 58.71/s/gpu Batch (t): 1.0900 LR: 0.000008 Step: 750 Total Loss: 1.2394 KL Loss: 0.0025 Repa Loss: 0.8182 Recon Loss: 0.1654 Discriminator Loss: 0.0000 Perceptual Loss: 0.6624 
[11/26 16:14:45 Tokenizer]: Data (t): 0.0013, 56.53/s/gpu Batch (t): 1.1322 LR: 0.000008 Step: 800 Total Loss: 1.2045 KL Loss: 0.0020 Repa Loss: 0.8015 Recon Loss: 0.1459 Discriminator Loss: 0.0000 Perceptual Loss: 0.6559 
[11/26 16:15:38 Tokenizer]: Data (t): 0.0015, 60.04/s/gpu Batch (t): 1.0659 LR: 0.000009 Step: 850 Total Loss: 1.1752 KL Loss: 0.0019 Repa Loss: 0.7894 Recon Loss: 0.1207 Discriminator Loss: 0.0000 Perceptual Loss: 0.6579 
[11/26 16:16:31 Tokenizer]: Data (t): 0.0022, 58.40/s/gpu Batch (t): 1.0959 LR: 0.000009 Step: 900 Total Loss: 1.1556 KL Loss: 0.0018 Repa Loss: 0.7829 Recon Loss: 0.1069 Discriminator Loss: 0.0000 Perceptual Loss: 0.6555 
[11/26 16:17:24 Tokenizer]: Data (t): 0.0017, 64.99/s/gpu Batch (t): 0.9848 LR: 0.000010 Step: 950 Total Loss: 1.1298 KL Loss: 0.0016 Repa Loss: 0.7735 Recon Loss: 0.0909 Discriminator Loss: 0.0000 Perceptual Loss: 0.6506 
[11/26 16:18:16 Tokenizer]: Data (t): 0.0014, 53.51/s/gpu Batch (t): 1.1961 LR: 0.000010 Step: 1000 Total Loss: 1.1199 KL Loss: 0.0017 Repa Loss: 0.7700 Recon Loss: 0.0839 Discriminator Loss: 0.0000 Perceptual Loss: 0.6493 
[11/26 16:18:17 Tokenizer]: Reconstructing images...
[11/26 16:19:11 Tokenizer]: Data (t): 0.0017, 62.15/s/gpu Batch (t): 1.0297 LR: 0.000010 Step: 1050 Total Loss: 1.1149 KL Loss: 0.0014 Repa Loss: 0.7598 Recon Loss: 0.0836 Discriminator Loss: 0.0000 Perceptual Loss: 0.6500 
[11/26 16:20:04 Tokenizer]: Data (t): 0.0017, 50.40/s/gpu Batch (t): 1.2699 LR: 0.000011 Step: 1100 Total Loss: 1.1126 KL Loss: 0.0013 Repa Loss: 0.7628 Recon Loss: 0.0824 Discriminator Loss: 0.0000 Perceptual Loss: 0.6475 
[11/26 16:20:58 Tokenizer]: Data (t): 0.0015, 62.80/s/gpu Batch (t): 1.0191 LR: 0.000012 Step: 1150 Total Loss: 1.0979 KL Loss: 0.0011 Repa Loss: 0.7444 Recon Loss: 0.0785 Discriminator Loss: 0.0000 Perceptual Loss: 0.6461 
[11/26 16:21:51 Tokenizer]: Data (t): 0.0014, 58.35/s/gpu Batch (t): 1.0969 LR: 0.000012 Step: 1200 Total Loss: 1.0945 KL Loss: 0.0010 Repa Loss: 0.7398 Recon Loss: 0.0814 Discriminator Loss: 0.0000 Perceptual Loss: 0.6422 
[11/26 16:22:44 Tokenizer]: Data (t): 0.0024, 63.22/s/gpu Batch (t): 1.0123 LR: 0.000013 Step: 1250 Total Loss: 1.0910 KL Loss: 0.0009 Repa Loss: 0.7369 Recon Loss: 0.0796 Discriminator Loss: 0.0000 Perceptual Loss: 0.6421 
[11/26 16:23:37 Tokenizer]: Data (t): 0.0014, 60.26/s/gpu Batch (t): 1.0620 LR: 0.000013 Step: 1300 Total Loss: 1.0902 KL Loss: 0.0009 Repa Loss: 0.7339 Recon Loss: 0.0817 Discriminator Loss: 0.0000 Perceptual Loss: 0.6406 
[11/26 16:24:29 Tokenizer]: Data (t): 0.0015, 59.40/s/gpu Batch (t): 1.0775 LR: 0.000014 Step: 1350 Total Loss: 1.0809 KL Loss: 0.0009 Repa Loss: 0.7296 Recon Loss: 0.0775 Discriminator Loss: 0.0000 Perceptual Loss: 0.6377 
[11/26 16:25:23 Tokenizer]: Data (t): 0.0016, 58.85/s/gpu Batch (t): 1.0875 LR: 0.000014 Step: 1400 Total Loss: 1.0810 KL Loss: 0.0007 Repa Loss: 0.7270 Recon Loss: 0.0768 Discriminator Loss: 0.0000 Perceptual Loss: 0.6399 
[11/26 16:26:16 Tokenizer]: Data (t): 0.0015, 60.66/s/gpu Batch (t): 1.0551 LR: 0.000015 Step: 1450 Total Loss: 1.0820 KL Loss: 0.0007 Repa Loss: 0.7253 Recon Loss: 0.0775 Discriminator Loss: 0.0000 Perceptual Loss: 0.6412 
[11/26 16:27:09 Tokenizer]: Data (t): 0.0015, 60.75/s/gpu Batch (t): 1.0534 LR: 0.000015 Step: 1500 Total Loss: 1.0753 KL Loss: 0.0006 Repa Loss: 0.7218 Recon Loss: 0.0773 Discriminator Loss: 0.0000 Perceptual Loss: 0.6365 
[11/26 16:27:10 Tokenizer]: Reconstructing images...
[11/26 16:28:02 Tokenizer]: Data (t): 0.0016, 61.65/s/gpu Batch (t): 1.0381 LR: 0.000016 Step: 1550 Total Loss: 1.0742 KL Loss: 0.0006 Repa Loss: 0.7197 Recon Loss: 0.0786 Discriminator Loss: 0.0000 Perceptual Loss: 0.6351 
[11/26 16:28:55 Tokenizer]: Data (t): 0.0015, 60.54/s/gpu Batch (t): 1.0572 LR: 0.000016 Step: 1600 Total Loss: 1.0785 KL Loss: 0.0005 Repa Loss: 0.7168 Recon Loss: 0.0817 Discriminator Loss: 0.0000 Perceptual Loss: 0.6379 
[11/26 16:29:48 Tokenizer]: Data (t): 0.0014, 58.85/s/gpu Batch (t): 1.0874 LR: 0.000017 Step: 1650 Total Loss: 1.0726 KL Loss: 0.0005 Repa Loss: 0.7183 Recon Loss: 0.0805 Discriminator Loss: 0.0000 Perceptual Loss: 0.6324 
[11/26 16:30:41 Tokenizer]: Data (t): 0.0014, 65.33/s/gpu Batch (t): 0.9796 LR: 0.000017 Step: 1700 Total Loss: 1.0799 KL Loss: 0.0004 Repa Loss: 0.7194 Recon Loss: 0.0807 Discriminator Loss: 0.0000 Perceptual Loss: 0.6391 
[11/26 16:31:34 Tokenizer]: Data (t): 0.0015, 61.19/s/gpu Batch (t): 1.0459 LR: 0.000017 Step: 1750 Total Loss: 1.0702 KL Loss: 0.0005 Repa Loss: 0.7119 Recon Loss: 0.0802 Discriminator Loss: 0.0000 Perceptual Loss: 0.6336 
[11/26 16:32:27 Tokenizer]: Data (t): 0.0016, 61.23/s/gpu Batch (t): 1.0453 LR: 0.000018 Step: 1800 Total Loss: 1.0627 KL Loss: 0.0005 Repa Loss: 0.7096 Recon Loss: 0.0760 Discriminator Loss: 0.0000 Perceptual Loss: 0.6315 
[11/26 16:33:21 Tokenizer]: Data (t): 0.0015, 59.78/s/gpu Batch (t): 1.0707 LR: 0.000018 Step: 1850 Total Loss: 1.0634 KL Loss: 0.0004 Repa Loss: 0.7051 Recon Loss: 0.0777 Discriminator Loss: 0.0000 Perceptual Loss: 0.6328 
[11/26 16:34:13 Tokenizer]: Data (t): 0.0016, 63.61/s/gpu Batch (t): 1.0061 LR: 0.000019 Step: 1900 Total Loss: 1.0611 KL Loss: 0.0004 Repa Loss: 0.7061 Recon Loss: 0.0765 Discriminator Loss: 0.0000 Perceptual Loss: 0.6311 
[11/26 16:35:07 Tokenizer]: Data (t): 0.0020, 61.17/s/gpu Batch (t): 1.0463 LR: 0.000020 Step: 1950 Total Loss: 1.0622 KL Loss: 0.0005 Repa Loss: 0.7057 Recon Loss: 0.0773 Discriminator Loss: 0.0000 Perceptual Loss: 0.6317 
[11/26 16:36:00 Tokenizer]: Data (t): 0.0015, 52.22/s/gpu Batch (t): 1.2255 LR: 0.000020 Step: 2000 Total Loss: 1.0609 KL Loss: 0.0005 Repa Loss: 0.7050 Recon Loss: 0.0790 Discriminator Loss: 0.0000 Perceptual Loss: 0.6289 
[11/26 16:36:01 Tokenizer]: Reconstructing images...
[11/26 16:36:54 Tokenizer]: Data (t): 0.0018, 63.65/s/gpu Batch (t): 1.0056 LR: 0.000021 Step: 2050 Total Loss: 1.0540 KL Loss: 0.0004 Repa Loss: 0.7005 Recon Loss: 0.0772 Discriminator Loss: 0.0000 Perceptual Loss: 0.6262 
[11/26 16:37:47 Tokenizer]: Data (t): 0.0015, 61.61/s/gpu Batch (t): 1.0387 LR: 0.000021 Step: 2100 Total Loss: 1.0556 KL Loss: 0.0005 Repa Loss: 0.7037 Recon Loss: 0.0784 Discriminator Loss: 0.0000 Perceptual Loss: 0.6249 
[11/26 16:38:40 Tokenizer]: Data (t): 0.0017, 60.47/s/gpu Batch (t): 1.0584 LR: 0.000022 Step: 2150 Total Loss: 1.0554 KL Loss: 0.0004 Repa Loss: 0.6990 Recon Loss: 0.0788 Discriminator Loss: 0.0000 Perceptual Loss: 0.6267 
[11/26 16:39:33 Tokenizer]: Data (t): 0.0016, 61.20/s/gpu Batch (t): 1.0457 LR: 0.000022 Step: 2200 Total Loss: 1.0558 KL Loss: 0.0004 Repa Loss: 0.6987 Recon Loss: 0.0792 Discriminator Loss: 0.0000 Perceptual Loss: 0.6268 
[11/26 16:40:26 Tokenizer]: Data (t): 0.0014, 58.04/s/gpu Batch (t): 1.1027 LR: 0.000023 Step: 2250 Total Loss: 1.0559 KL Loss: 0.0004 Repa Loss: 0.7016 Recon Loss: 0.0810 Discriminator Loss: 0.0000 Perceptual Loss: 0.6237 
[11/26 16:41:19 Tokenizer]: Data (t): 0.0015, 61.99/s/gpu Batch (t): 1.0324 LR: 0.000023 Step: 2300 Total Loss: 1.0544 KL Loss: 0.0004 Repa Loss: 0.7001 Recon Loss: 0.0793 Discriminator Loss: 0.0000 Perceptual Loss: 0.6247 
[11/26 16:42:12 Tokenizer]: Data (t): 0.0014, 62.06/s/gpu Batch (t): 1.0312 LR: 0.000023 Step: 2350 Total Loss: 1.0495 KL Loss: 0.0004 Repa Loss: 0.6960 Recon Loss: 0.0823 Discriminator Loss: 0.0000 Perceptual Loss: 0.6188 
[11/26 16:43:05 Tokenizer]: Data (t): 0.0014, 59.90/s/gpu Batch (t): 1.0685 LR: 0.000024 Step: 2400 Total Loss: 1.0467 KL Loss: 0.0004 Repa Loss: 0.6883 Recon Loss: 0.0814 Discriminator Loss: 0.0000 Perceptual Loss: 0.6207 
[11/26 16:43:57 Tokenizer]: Data (t): 0.0013, 60.01/s/gpu Batch (t): 1.0665 LR: 0.000024 Step: 2450 Total Loss: 1.0396 KL Loss: 0.0004 Repa Loss: 0.6878 Recon Loss: 0.0774 Discriminator Loss: 0.0000 Perceptual Loss: 0.6179 
[11/26 16:44:50 Tokenizer]: Data (t): 0.0014, 59.94/s/gpu Batch (t): 1.0678 LR: 0.000025 Step: 2500 Total Loss: 1.0448 KL Loss: 0.0004 Repa Loss: 0.6928 Recon Loss: 0.0802 Discriminator Loss: 0.0000 Perceptual Loss: 0.6178 
[11/26 16:44:51 Tokenizer]: Reconstructing images...
[11/26 16:45:45 Tokenizer]: Data (t): 0.0016, 62.30/s/gpu Batch (t): 1.0272 LR: 0.000026 Step: 2550 Total Loss: 1.0400 KL Loss: 0.0004 Repa Loss: 0.6937 Recon Loss: 0.0780 Discriminator Loss: 0.0000 Perceptual Loss: 0.6148 
[11/26 16:46:38 Tokenizer]: Data (t): 0.0015, 61.88/s/gpu Batch (t): 1.0343 LR: 0.000026 Step: 2600 Total Loss: 1.0443 KL Loss: 0.0004 Repa Loss: 0.6908 Recon Loss: 0.0810 Discriminator Loss: 0.0000 Perceptual Loss: 0.6176 
[11/26 16:47:32 Tokenizer]: Data (t): 0.0017, 60.16/s/gpu Batch (t): 1.0639 LR: 0.000027 Step: 2650 Total Loss: 1.0366 KL Loss: 0.0004 Repa Loss: 0.6892 Recon Loss: 0.0778 Discriminator Loss: 0.0000 Perceptual Loss: 0.6137 
[11/26 16:48:24 Tokenizer]: Data (t): 0.0016, 62.06/s/gpu Batch (t): 1.0312 LR: 0.000027 Step: 2700 Total Loss: 1.0335 KL Loss: 0.0004 Repa Loss: 0.6868 Recon Loss: 0.0777 Discriminator Loss: 0.0000 Perceptual Loss: 0.6120 
[11/26 16:49:16 Tokenizer]: Data (t): 0.0015, 59.70/s/gpu Batch (t): 1.0720 LR: 0.000028 Step: 2750 Total Loss: 1.0431 KL Loss: 0.0005 Repa Loss: 0.6800 Recon Loss: 0.0787 Discriminator Loss: 0.0000 Perceptual Loss: 0.6240 
[11/26 16:50:09 Tokenizer]: Data (t): 0.0017, 62.03/s/gpu Batch (t): 1.0318 LR: 0.000028 Step: 2800 Total Loss: 1.0344 KL Loss: 0.0004 Repa Loss: 0.6876 Recon Loss: 0.0776 Discriminator Loss: 0.0000 Perceptual Loss: 0.6127 
[11/26 16:51:02 Tokenizer]: Data (t): 0.0016, 60.70/s/gpu Batch (t): 1.0544 LR: 0.000028 Step: 2850 Total Loss: 1.0353 KL Loss: 0.0004 Repa Loss: 0.6845 Recon Loss: 0.0777 Discriminator Loss: 0.0000 Perceptual Loss: 0.6150 
[11/26 16:51:56 Tokenizer]: Data (t): 0.0017, 61.75/s/gpu Batch (t): 1.0365 LR: 0.000029 Step: 2900 Total Loss: 1.0356 KL Loss: 0.0004 Repa Loss: 0.6856 Recon Loss: 0.0775 Discriminator Loss: 0.0000 Perceptual Loss: 0.6149 
[11/26 16:52:49 Tokenizer]: Data (t): 0.0015, 58.99/s/gpu Batch (t): 1.0849 LR: 0.000029 Step: 2950 Total Loss: 1.0273 KL Loss: 0.0004 Repa Loss: 0.6823 Recon Loss: 0.0745 Discriminator Loss: 0.0000 Perceptual Loss: 0.6113 
[11/26 16:53:41 Tokenizer]: Data (t): 0.0014, 48.45/s/gpu Batch (t): 1.3211 LR: 0.000030 Step: 3000 Total Loss: 1.0301 KL Loss: 0.0004 Repa Loss: 0.6853 Recon Loss: 0.0769 Discriminator Loss: 0.0000 Perceptual Loss: 0.6102 
[11/26 16:53:42 Tokenizer]: Reconstructing images...
[11/26 16:54:35 Tokenizer]: Data (t): 0.0015, 60.68/s/gpu Batch (t): 1.0548 LR: 0.000030 Step: 3050 Total Loss: 1.0283 KL Loss: 0.0004 Repa Loss: 0.6820 Recon Loss: 0.0759 Discriminator Loss: 0.0000 Perceptual Loss: 0.6109 
[11/26 16:55:28 Tokenizer]: Data (t): 0.0015, 63.60/s/gpu Batch (t): 1.0064 LR: 0.000031 Step: 3100 Total Loss: 1.0197 KL Loss: 0.0004 Repa Loss: 0.6788 Recon Loss: 0.0729 Discriminator Loss: 0.0000 Perceptual Loss: 0.6070 
[11/26 16:56:21 Tokenizer]: Data (t): 0.0015, 55.90/s/gpu Batch (t): 1.1449 LR: 0.000031 Step: 3150 Total Loss: 1.0219 KL Loss: 0.0005 Repa Loss: 0.6825 Recon Loss: 0.0701 Discriminator Loss: 0.0000 Perceptual Loss: 0.6101 
[11/26 16:57:14 Tokenizer]: Data (t): 0.0015, 58.26/s/gpu Batch (t): 1.0984 LR: 0.000032 Step: 3200 Total Loss: 1.0181 KL Loss: 0.0004 Repa Loss: 0.6814 Recon Loss: 0.0714 Discriminator Loss: 0.0000 Perceptual Loss: 0.6056 
[11/26 16:58:06 Tokenizer]: Data (t): 0.0016, 64.24/s/gpu Batch (t): 0.9963 LR: 0.000033 Step: 3250 Total Loss: 1.0171 KL Loss: 0.0004 Repa Loss: 0.6756 Recon Loss: 0.0714 Discriminator Loss: 0.0000 Perceptual Loss: 0.6074 
[11/26 16:58:58 Tokenizer]: Data (t): 0.0014, 60.87/s/gpu Batch (t): 1.0513 LR: 0.000033 Step: 3300 Total Loss: 1.0144 KL Loss: 0.0004 Repa Loss: 0.6790 Recon Loss: 0.0698 Discriminator Loss: 0.0000 Perceptual Loss: 0.6047 
[11/26 16:59:51 Tokenizer]: Data (t): 0.0013, 62.62/s/gpu Batch (t): 1.0221 LR: 0.000034 Step: 3350 Total Loss: 1.0156 KL Loss: 0.0004 Repa Loss: 0.6772 Recon Loss: 0.0698 Discriminator Loss: 0.0000 Perceptual Loss: 0.6067 
[11/26 17:00:44 Tokenizer]: Data (t): 0.0014, 53.24/s/gpu Batch (t): 1.2022 LR: 0.000034 Step: 3400 Total Loss: 1.0146 KL Loss: 0.0004 Repa Loss: 0.6784 Recon Loss: 0.0701 Discriminator Loss: 0.0000 Perceptual Loss: 0.6049 
[11/26 17:01:38 Tokenizer]: Data (t): 0.0016, 61.39/s/gpu Batch (t): 1.0425 LR: 0.000034 Step: 3450 Total Loss: 1.0074 KL Loss: 0.0005 Repa Loss: 0.6729 Recon Loss: 0.0674 Discriminator Loss: 0.0000 Perceptual Loss: 0.6031 
[11/26 17:02:31 Tokenizer]: Data (t): 0.0015, 62.79/s/gpu Batch (t): 1.0193 LR: 0.000035 Step: 3500 Total Loss: 1.0085 KL Loss: 0.0004 Repa Loss: 0.6713 Recon Loss: 0.0668 Discriminator Loss: 0.0000 Perceptual Loss: 0.6056 
[11/26 17:02:31 Tokenizer]: Reconstructing images...
[11/26 17:03:25 Tokenizer]: Data (t): 0.0013, 61.48/s/gpu Batch (t): 1.0410 LR: 0.000036 Step: 3550 Total Loss: 1.0073 KL Loss: 0.0005 Repa Loss: 0.6710 Recon Loss: 0.0678 Discriminator Loss: 0.0000 Perceptual Loss: 0.6035 
[11/26 17:04:18 Tokenizer]: Data (t): 0.0014, 60.50/s/gpu Batch (t): 1.0579 LR: 0.000036 Step: 3600 Total Loss: 1.0100 KL Loss: 0.0004 Repa Loss: 0.6697 Recon Loss: 0.0666 Discriminator Loss: 0.0000 Perceptual Loss: 0.6081 
[11/26 17:05:11 Tokenizer]: Data (t): 0.0015, 60.18/s/gpu Batch (t): 1.0634 LR: 0.000036 Step: 3650 Total Loss: 1.0032 KL Loss: 0.0005 Repa Loss: 0.6721 Recon Loss: 0.0645 Discriminator Loss: 0.0000 Perceptual Loss: 0.6022 
[11/26 17:06:04 Tokenizer]: Data (t): 0.0016, 60.76/s/gpu Batch (t): 1.0533 LR: 0.000037 Step: 3700 Total Loss: 0.9997 KL Loss: 0.0005 Repa Loss: 0.6710 Recon Loss: 0.0632 Discriminator Loss: 0.0000 Perceptual Loss: 0.6004 
[11/26 17:06:57 Tokenizer]: Data (t): 0.0017, 57.93/s/gpu Batch (t): 1.1048 LR: 0.000038 Step: 3750 Total Loss: 1.0006 KL Loss: 0.0005 Repa Loss: 0.6692 Recon Loss: 0.0617 Discriminator Loss: 0.0000 Perceptual Loss: 0.6039 
[11/26 17:07:49 Tokenizer]: Data (t): 0.0015, 59.86/s/gpu Batch (t): 1.0692 LR: 0.000038 Step: 3800 Total Loss: 0.9962 KL Loss: 0.0005 Repa Loss: 0.6694 Recon Loss: 0.0630 Discriminator Loss: 0.0000 Perceptual Loss: 0.5980 
[11/26 17:08:42 Tokenizer]: Data (t): 0.0015, 61.50/s/gpu Batch (t): 1.0407 LR: 0.000039 Step: 3850 Total Loss: 0.9998 KL Loss: 0.0005 Repa Loss: 0.6706 Recon Loss: 0.0631 Discriminator Loss: 0.0000 Perceptual Loss: 0.6010 
[11/26 17:09:34 Tokenizer]: Data (t): 0.0015, 62.82/s/gpu Batch (t): 1.0188 LR: 0.000039 Step: 3900 Total Loss: 1.0012 KL Loss: 0.0005 Repa Loss: 0.6705 Recon Loss: 0.0640 Discriminator Loss: 0.0000 Perceptual Loss: 0.6015 
[11/26 17:10:27 Tokenizer]: Data (t): 0.0014, 63.90/s/gpu Batch (t): 1.0016 LR: 0.000040 Step: 3950 Total Loss: 0.9955 KL Loss: 0.0005 Repa Loss: 0.6667 Recon Loss: 0.0609 Discriminator Loss: 0.0000 Perceptual Loss: 0.6008 
[11/26 17:11:21 Tokenizer]: Data (t): 0.0015, 55.38/s/gpu Batch (t): 1.1556 LR: 0.000040 Step: 4000 Total Loss: 0.9963 KL Loss: 0.0005 Repa Loss: 0.6685 Recon Loss: 0.0612 Discriminator Loss: 0.0000 Perceptual Loss: 0.6003 
[11/26 17:11:22 Tokenizer]: Reconstructing images...
[11/26 17:12:15 Tokenizer]: Data (t): 0.0016, 54.29/s/gpu Batch (t): 1.1789 LR: 0.000041 Step: 4050 Total Loss: 0.9959 KL Loss: 0.0006 Repa Loss: 0.6688 Recon Loss: 0.0602 Discriminator Loss: 0.0000 Perceptual Loss: 0.6007 
[11/26 17:13:08 Tokenizer]: Data (t): 0.0018, 60.63/s/gpu Batch (t): 1.0555 LR: 0.000041 Step: 4100 Total Loss: 0.9946 KL Loss: 0.0006 Repa Loss: 0.6693 Recon Loss: 0.0605 Discriminator Loss: 0.0000 Perceptual Loss: 0.5988 
[11/26 17:14:01 Tokenizer]: Data (t): 0.0015, 62.46/s/gpu Batch (t): 1.0247 LR: 0.000041 Step: 4150 Total Loss: 0.9902 KL Loss: 0.0006 Repa Loss: 0.6626 Recon Loss: 0.0599 Discriminator Loss: 0.0000 Perceptual Loss: 0.5984 
[11/26 17:14:54 Tokenizer]: Data (t): 0.0015, 59.80/s/gpu Batch (t): 1.0702 LR: 0.000042 Step: 4200 Total Loss: 0.9933 KL Loss: 0.0006 Repa Loss: 0.6694 Recon Loss: 0.0596 Discriminator Loss: 0.0000 Perceptual Loss: 0.5984 
[11/26 17:15:47 Tokenizer]: Data (t): 0.0014, 63.74/s/gpu Batch (t): 1.0042 LR: 0.000043 Step: 4250 Total Loss: 0.9856 KL Loss: 0.0006 Repa Loss: 0.6599 Recon Loss: 0.0572 Discriminator Loss: 0.0000 Perceptual Loss: 0.5979 
[11/26 17:16:40 Tokenizer]: Data (t): 0.0013, 61.24/s/gpu Batch (t): 1.0450 LR: 0.000043 Step: 4300 Total Loss: 0.9929 KL Loss: 0.0006 Repa Loss: 0.6628 Recon Loss: 0.0572 Discriminator Loss: 0.0000 Perceptual Loss: 0.6037 
[11/26 17:17:34 Tokenizer]: Data (t): 0.0014, 61.70/s/gpu Batch (t): 1.0373 LR: 0.000044 Step: 4350 Total Loss: 0.9842 KL Loss: 0.0006 Repa Loss: 0.6662 Recon Loss: 0.0567 Discriminator Loss: 0.0000 Perceptual Loss: 0.5937 
[11/26 17:18:26 Tokenizer]: Data (t): 0.0014, 60.31/s/gpu Batch (t): 1.0612 LR: 0.000044 Step: 4400 Total Loss: 0.9779 KL Loss: 0.0006 Repa Loss: 0.6594 Recon Loss: 0.0541 Discriminator Loss: 0.0000 Perceptual Loss: 0.5936 
[11/26 17:19:19 Tokenizer]: Data (t): 0.0014, 58.19/s/gpu Batch (t): 1.0998 LR: 0.000045 Step: 4450 Total Loss: 0.9865 KL Loss: 0.0007 Repa Loss: 0.6621 Recon Loss: 0.0553 Discriminator Loss: 0.0000 Perceptual Loss: 0.5994 
[11/26 17:20:12 Tokenizer]: Data (t): 0.0015, 58.89/s/gpu Batch (t): 1.0867 LR: 0.000045 Step: 4500 Total Loss: 0.9877 KL Loss: 0.0008 Repa Loss: 0.6617 Recon Loss: 0.0550 Discriminator Loss: 0.0000 Perceptual Loss: 0.6011 
[11/26 17:20:12 Tokenizer]: Reconstructing images...
[11/26 17:21:06 Tokenizer]: Data (t): 0.0015, 62.56/s/gpu Batch (t): 1.0230 LR: 0.000046 Step: 4550 Total Loss: 0.9773 KL Loss: 0.0007 Repa Loss: 0.6581 Recon Loss: 0.0535 Discriminator Loss: 0.0000 Perceptual Loss: 0.5940 
[11/26 17:21:59 Tokenizer]: Data (t): 0.0014, 59.11/s/gpu Batch (t): 1.0828 LR: 0.000046 Step: 4600 Total Loss: 0.9728 KL Loss: 0.0007 Repa Loss: 0.6580 Recon Loss: 0.0522 Discriminator Loss: 0.0000 Perceptual Loss: 0.5909 
[11/26 17:22:53 Tokenizer]: Data (t): 0.0016, 57.65/s/gpu Batch (t): 1.1102 LR: 0.000047 Step: 4650 Total Loss: 0.9725 KL Loss: 0.0008 Repa Loss: 0.6531 Recon Loss: 0.0532 Discriminator Loss: 0.0000 Perceptual Loss: 0.5920 
[11/26 17:23:45 Tokenizer]: Data (t): 0.0014, 60.82/s/gpu Batch (t): 1.0524 LR: 0.000047 Step: 4700 Total Loss: 0.9719 KL Loss: 0.0008 Repa Loss: 0.6601 Recon Loss: 0.0504 Discriminator Loss: 0.0000 Perceptual Loss: 0.5907 
[11/26 17:24:38 Tokenizer]: Data (t): 0.0014, 62.52/s/gpu Batch (t): 1.0238 LR: 0.000048 Step: 4750 Total Loss: 0.9764 KL Loss: 0.0008 Repa Loss: 0.6616 Recon Loss: 0.0519 Discriminator Loss: 0.0000 Perceptual Loss: 0.5929 
[11/26 17:25:30 Tokenizer]: Data (t): 0.0014, 57.94/s/gpu Batch (t): 1.1046 LR: 0.000048 Step: 4800 Total Loss: 0.9810 KL Loss: 0.0009 Repa Loss: 0.6578 Recon Loss: 0.0528 Discriminator Loss: 0.0000 Perceptual Loss: 0.5984 
[11/26 17:26:23 Tokenizer]: Data (t): 0.0014, 62.84/s/gpu Batch (t): 1.0184 LR: 0.000048 Step: 4850 Total Loss: 0.9730 KL Loss: 0.0008 Repa Loss: 0.6570 Recon Loss: 0.0496 Discriminator Loss: 0.0000 Perceptual Loss: 0.5941 
[11/26 17:27:16 Tokenizer]: Data (t): 0.0014, 61.49/s/gpu Batch (t): 1.0408 LR: 0.000049 Step: 4900 Total Loss: 0.9662 KL Loss: 0.0009 Repa Loss: 0.6487 Recon Loss: 0.0494 Discriminator Loss: 0.0000 Perceptual Loss: 0.5915 
[11/26 17:28:09 Tokenizer]: Data (t): 0.0013, 61.23/s/gpu Batch (t): 1.0453 LR: 0.000050 Step: 4950 Total Loss: 0.9725 KL Loss: 0.0009 Repa Loss: 0.6564 Recon Loss: 0.0504 Discriminator Loss: 0.0000 Perceptual Loss: 0.5930 
[11/26 17:29:02 Tokenizer]: Data (t): 0.0015, 54.66/s/gpu Batch (t): 1.1709 LR: 0.000050 Step: 5000 Total Loss: 0.9712 KL Loss: 0.0011 Repa Loss: 0.6525 Recon Loss: 0.0496 Discriminator Loss: 0.0000 Perceptual Loss: 0.5943 
[11/26 17:29:02 Tokenizer]: Reconstructing images...
[11/26 17:29:55 Tokenizer]: Data (t): 0.0014, 67.89/s/gpu Batch (t): 0.9427 LR: 0.000051 Step: 5050 Total Loss: 0.9704 KL Loss: 0.0008 Repa Loss: 0.6548 Recon Loss: 0.0498 Discriminator Loss: 0.0000 Perceptual Loss: 0.5924 
[11/26 17:30:48 Tokenizer]: Data (t): 0.0013, 64.36/s/gpu Batch (t): 0.9944 LR: 0.000051 Step: 5100 Total Loss: 0.9630 KL Loss: 0.0010 Repa Loss: 0.6522 Recon Loss: 0.0494 Discriminator Loss: 0.0000 Perceptual Loss: 0.5865 
[11/26 17:31:41 Tokenizer]: Data (t): 0.0016, 62.17/s/gpu Batch (t): 1.0294 LR: 0.000052 Step: 5150 Total Loss: 0.9695 KL Loss: 0.0010 Repa Loss: 0.6531 Recon Loss: 0.0507 Discriminator Loss: 0.0000 Perceptual Loss: 0.5912 
[11/26 17:32:34 Tokenizer]: Data (t): 0.0013, 60.50/s/gpu Batch (t): 1.0579 LR: 0.000052 Step: 5200 Total Loss: 0.9670 KL Loss: 0.0011 Repa Loss: 0.6536 Recon Loss: 0.0494 Discriminator Loss: 0.0000 Perceptual Loss: 0.5897 
[11/26 17:33:28 Tokenizer]: Data (t): 0.0015, 57.33/s/gpu Batch (t): 1.1163 LR: 0.000053 Step: 5250 Total Loss: 0.9650 KL Loss: 0.0012 Repa Loss: 0.6563 Recon Loss: 0.0474 Discriminator Loss: 0.0000 Perceptual Loss: 0.5882 
[11/26 17:34:20 Tokenizer]: Data (t): 0.0013, 63.04/s/gpu Batch (t): 1.0152 LR: 0.000053 Step: 5300 Total Loss: 0.9649 KL Loss: 0.0011 Repa Loss: 0.6534 Recon Loss: 0.0471 Discriminator Loss: 0.0000 Perceptual Loss: 0.5900 
[11/26 17:35:13 Tokenizer]: Data (t): 0.0014, 62.61/s/gpu Batch (t): 1.0222 LR: 0.000054 Step: 5350 Total Loss: 0.9691 KL Loss: 0.0011 Repa Loss: 0.6548 Recon Loss: 0.0494 Discriminator Loss: 0.0000 Perceptual Loss: 0.5912 
[11/26 17:36:06 Tokenizer]: Data (t): 0.0015, 58.95/s/gpu Batch (t): 1.0856 LR: 0.000054 Step: 5400 Total Loss: 0.9591 KL Loss: 0.0012 Repa Loss: 0.6568 Recon Loss: 0.0474 Discriminator Loss: 0.0000 Perceptual Loss: 0.5821 
[11/26 17:36:59 Tokenizer]: Data (t): 0.0014, 60.82/s/gpu Batch (t): 1.0523 LR: 0.000055 Step: 5450 Total Loss: 0.9602 KL Loss: 0.0012 Repa Loss: 0.6508 Recon Loss: 0.0473 Discriminator Loss: 0.0000 Perceptual Loss: 0.5863 
[11/26 17:37:52 Tokenizer]: Data (t): 0.0014, 61.18/s/gpu Batch (t): 1.0461 LR: 0.000055 Step: 5500 Total Loss: 0.9582 KL Loss: 0.0013 Repa Loss: 0.6541 Recon Loss: 0.0464 Discriminator Loss: 0.0000 Perceptual Loss: 0.5835 
[11/26 17:37:53 Tokenizer]: Reconstructing images...
[11/26 17:38:46 Tokenizer]: Data (t): 0.0013, 56.82/s/gpu Batch (t): 1.1263 LR: 0.000056 Step: 5550 Total Loss: 0.9623 KL Loss: 0.0013 Repa Loss: 0.6558 Recon Loss: 0.0457 Discriminator Loss: 0.0000 Perceptual Loss: 0.5875 
[11/26 17:39:39 Tokenizer]: Data (t): 0.0014, 60.24/s/gpu Batch (t): 1.0623 LR: 0.000056 Step: 5600 Total Loss: 0.9564 KL Loss: 0.0013 Repa Loss: 0.6474 Recon Loss: 0.0475 Discriminator Loss: 0.0000 Perceptual Loss: 0.5839 
[11/26 17:40:32 Tokenizer]: Data (t): 0.0014, 60.25/s/gpu Batch (t): 1.0622 LR: 0.000056 Step: 5650 Total Loss: 0.9557 KL Loss: 0.0013 Repa Loss: 0.6506 Recon Loss: 0.0467 Discriminator Loss: 0.0000 Perceptual Loss: 0.5825 
[11/26 17:41:25 Tokenizer]: Data (t): 0.0015, 58.66/s/gpu Batch (t): 1.0910 LR: 0.000057 Step: 5700 Total Loss: 0.9599 KL Loss: 0.0013 Repa Loss: 0.6528 Recon Loss: 0.0457 Discriminator Loss: 0.0000 Perceptual Loss: 0.5865 
[11/26 17:42:18 Tokenizer]: Data (t): 0.0015, 61.60/s/gpu Batch (t): 1.0390 LR: 0.000057 Step: 5750 Total Loss: 0.9592 KL Loss: 0.0012 Repa Loss: 0.6502 Recon Loss: 0.0453 Discriminator Loss: 0.0000 Perceptual Loss: 0.5876 
[11/26 17:43:11 Tokenizer]: Data (t): 0.0015, 61.56/s/gpu Batch (t): 1.0396 LR: 0.000058 Step: 5800 Total Loss: 0.9538 KL Loss: 0.0013 Repa Loss: 0.6461 Recon Loss: 0.0445 Discriminator Loss: 0.0000 Perceptual Loss: 0.5849 
[11/26 17:44:04 Tokenizer]: Data (t): 0.0015, 57.78/s/gpu Batch (t): 1.1076 LR: 0.000058 Step: 5850 Total Loss: 0.9559 KL Loss: 0.0013 Repa Loss: 0.6474 Recon Loss: 0.0450 Discriminator Loss: 0.0000 Perceptual Loss: 0.5860 
[11/26 17:44:56 Tokenizer]: Data (t): 0.0014, 60.15/s/gpu Batch (t): 1.0639 LR: 0.000059 Step: 5900 Total Loss: 0.9497 KL Loss: 0.0012 Repa Loss: 0.6411 Recon Loss: 0.0443 Discriminator Loss: 0.0000 Perceptual Loss: 0.5836 
[11/26 17:45:49 Tokenizer]: Data (t): 0.0015, 58.85/s/gpu Batch (t): 1.0875 LR: 0.000060 Step: 5950 Total Loss: 0.9472 KL Loss: 0.0014 Repa Loss: 0.6428 Recon Loss: 0.0449 Discriminator Loss: 0.0000 Perceptual Loss: 0.5795 
[11/26 17:46:43 Tokenizer]: Data (t): 0.0013, 55.14/s/gpu Batch (t): 1.1607 LR: 0.000060 Step: 6000 Total Loss: 0.9417 KL Loss: 0.0013 Repa Loss: 0.6401 Recon Loss: 0.0429 Discriminator Loss: 0.0000 Perceptual Loss: 0.5775 
[11/26 17:46:43 Tokenizer]: Reconstructing images...
[11/26 17:47:36 Tokenizer]: Data (t): 0.0014, 61.96/s/gpu Batch (t): 1.0329 LR: 0.000061 Step: 6050 Total Loss: 0.9611 KL Loss: 0.0014 Repa Loss: 0.6377 Recon Loss: 0.0457 Discriminator Loss: 0.0000 Perceptual Loss: 0.5952 
[11/26 17:48:30 Tokenizer]: Data (t): 0.0014, 59.29/s/gpu Batch (t): 1.0794 LR: 0.000061 Step: 6100 Total Loss: 0.9480 KL Loss: 0.0012 Repa Loss: 0.6434 Recon Loss: 0.0447 Discriminator Loss: 0.0000 Perceptual Loss: 0.5804 
[11/26 17:49:22 Tokenizer]: Data (t): 0.0015, 58.76/s/gpu Batch (t): 1.0892 LR: 0.000062 Step: 6150 Total Loss: 0.9476 KL Loss: 0.0013 Repa Loss: 0.6382 Recon Loss: 0.0446 Discriminator Loss: 0.0000 Perceptual Loss: 0.5825 
[11/26 17:50:16 Tokenizer]: Data (t): 0.0015, 61.44/s/gpu Batch (t): 1.0417 LR: 0.000062 Step: 6200 Total Loss: 0.9440 KL Loss: 0.0013 Repa Loss: 0.6401 Recon Loss: 0.0453 Discriminator Loss: 0.0000 Perceptual Loss: 0.5774 
[11/26 17:51:08 Tokenizer]: Data (t): 0.0014, 61.10/s/gpu Batch (t): 1.0475 LR: 0.000063 Step: 6250 Total Loss: 0.9457 KL Loss: 0.0013 Repa Loss: 0.6406 Recon Loss: 0.0439 Discriminator Loss: 0.0000 Perceptual Loss: 0.5802 
[11/26 17:52:02 Tokenizer]: Data (t): 0.0016, 57.56/s/gpu Batch (t): 1.1119 LR: 0.000063 Step: 6300 Total Loss: 0.9363 KL Loss: 0.0013 Repa Loss: 0.6365 Recon Loss: 0.0422 Discriminator Loss: 0.0000 Perceptual Loss: 0.5744 
[11/26 17:52:55 Tokenizer]: Data (t): 0.0014, 58.03/s/gpu Batch (t): 1.1028 LR: 0.000063 Step: 6350 Total Loss: 0.9516 KL Loss: 0.0012 Repa Loss: 0.6401 Recon Loss: 0.0442 Discriminator Loss: 0.0000 Perceptual Loss: 0.5860 
[11/26 17:53:48 Tokenizer]: Data (t): 0.0014, 63.18/s/gpu Batch (t): 1.0129 LR: 0.000064 Step: 6400 Total Loss: 0.9444 KL Loss: 0.0013 Repa Loss: 0.6376 Recon Loss: 0.0432 Discriminator Loss: 0.0000 Perceptual Loss: 0.5811 
[11/26 17:54:41 Tokenizer]: Data (t): 0.0015, 63.87/s/gpu Batch (t): 1.0020 LR: 0.000065 Step: 6450 Total Loss: 0.9309 KL Loss: 0.0014 Repa Loss: 0.6303 Recon Loss: 0.0404 Discriminator Loss: 0.0000 Perceptual Loss: 0.5740 
[11/26 17:55:33 Tokenizer]: Data (t): 0.0016, 57.37/s/gpu Batch (t): 1.1155 LR: 0.000065 Step: 6500 Total Loss: 0.9466 KL Loss: 0.0013 Repa Loss: 0.6412 Recon Loss: 0.0428 Discriminator Loss: 0.0000 Perceptual Loss: 0.5818 
[11/26 17:55:34 Tokenizer]: Reconstructing images...
[11/26 17:56:28 Tokenizer]: Data (t): 0.0016, 63.52/s/gpu Batch (t): 1.0075 LR: 0.000066 Step: 6550 Total Loss: 0.9419 KL Loss: 0.0013 Repa Loss: 0.6334 Recon Loss: 0.0419 Discriminator Loss: 0.0000 Perceptual Loss: 0.5819 
[11/26 17:57:21 Tokenizer]: Data (t): 0.0014, 61.10/s/gpu Batch (t): 1.0475 LR: 0.000066 Step: 6600 Total Loss: 0.9366 KL Loss: 0.0014 Repa Loss: 0.6336 Recon Loss: 0.0419 Discriminator Loss: 0.0000 Perceptual Loss: 0.5765 
[11/26 17:58:14 Tokenizer]: Data (t): 0.0015, 63.38/s/gpu Batch (t): 1.0098 LR: 0.000067 Step: 6650 Total Loss: 0.9398 KL Loss: 0.0013 Repa Loss: 0.6340 Recon Loss: 0.0419 Discriminator Loss: 0.0000 Perceptual Loss: 0.5796 
[11/26 17:59:07 Tokenizer]: Data (t): 0.0021, 61.73/s/gpu Batch (t): 1.0368 LR: 0.000067 Step: 6700 Total Loss: 0.9345 KL Loss: 0.0015 Repa Loss: 0.6348 Recon Loss: 0.0388 Discriminator Loss: 0.0000 Perceptual Loss: 0.5768 
[11/26 18:00:00 Tokenizer]: Data (t): 0.0015, 58.31/s/gpu Batch (t): 1.0975 LR: 0.000068 Step: 6750 Total Loss: 0.9306 KL Loss: 0.0013 Repa Loss: 0.6345 Recon Loss: 0.0388 Discriminator Loss: 0.0000 Perceptual Loss: 0.5733 
[11/26 18:00:53 Tokenizer]: Data (t): 0.0014, 60.30/s/gpu Batch (t): 1.0613 LR: 0.000068 Step: 6800 Total Loss: 0.9298 KL Loss: 0.0015 Repa Loss: 0.6281 Recon Loss: 0.0409 Discriminator Loss: 0.0000 Perceptual Loss: 0.5734 
[11/26 18:01:46 Tokenizer]: Data (t): 0.0014, 55.25/s/gpu Batch (t): 1.1583 LR: 0.000069 Step: 6850 Total Loss: 0.9287 KL Loss: 0.0014 Repa Loss: 0.6292 Recon Loss: 0.0398 Discriminator Loss: 0.0000 Perceptual Loss: 0.5729 
[11/26 18:02:39 Tokenizer]: Data (t): 0.0014, 62.05/s/gpu Batch (t): 1.0314 LR: 0.000069 Step: 6900 Total Loss: 0.9346 KL Loss: 0.0014 Repa Loss: 0.6331 Recon Loss: 0.0397 Discriminator Loss: 0.0000 Perceptual Loss: 0.5769 
[11/26 18:03:32 Tokenizer]: Data (t): 0.0014, 59.02/s/gpu Batch (t): 1.0844 LR: 0.000069 Step: 6950 Total Loss: 0.9372 KL Loss: 0.0014 Repa Loss: 0.6300 Recon Loss: 0.0407 Discriminator Loss: 0.0000 Perceptual Loss: 0.5801 
[11/26 18:04:25 Tokenizer]: Data (t): 0.0015, 50.62/s/gpu Batch (t): 1.2643 LR: 0.000070 Step: 7000 Total Loss: 0.9266 KL Loss: 0.0014 Repa Loss: 0.6305 Recon Loss: 0.0382 Discriminator Loss: 0.0000 Perceptual Loss: 0.5717 
[11/26 18:04:26 Tokenizer]: Reconstructing images...
[11/26 18:05:19 Tokenizer]: Data (t): 0.0015, 57.16/s/gpu Batch (t): 1.1196 LR: 0.000071 Step: 7050 Total Loss: 0.9265 KL Loss: 0.0014 Repa Loss: 0.6302 Recon Loss: 0.0389 Discriminator Loss: 0.0000 Perceptual Loss: 0.5711 
[11/26 18:06:12 Tokenizer]: Data (t): 0.0014, 60.99/s/gpu Batch (t): 1.0494 LR: 0.000071 Step: 7100 Total Loss: 0.9231 KL Loss: 0.0014 Repa Loss: 0.6302 Recon Loss: 0.0362 Discriminator Loss: 0.0000 Perceptual Loss: 0.5705 
[11/26 18:07:05 Tokenizer]: Data (t): 0.0014, 61.66/s/gpu Batch (t): 1.0379 LR: 0.000072 Step: 7150 Total Loss: 0.9275 KL Loss: 0.0014 Repa Loss: 0.6275 Recon Loss: 0.0392 Discriminator Loss: 0.0000 Perceptual Loss: 0.5732 
[11/26 18:07:58 Tokenizer]: Data (t): 0.0015, 57.78/s/gpu Batch (t): 1.1076 LR: 0.000072 Step: 7200 Total Loss: 0.9340 KL Loss: 0.0015 Repa Loss: 0.6292 Recon Loss: 0.0387 Discriminator Loss: 0.0000 Perceptual Loss: 0.5792 
[11/26 18:08:51 Tokenizer]: Data (t): 0.0013, 60.96/s/gpu Batch (t): 1.0499 LR: 0.000073 Step: 7250 Total Loss: 0.9157 KL Loss: 0.0016 Repa Loss: 0.6244 Recon Loss: 0.0365 Discriminator Loss: 0.0000 Perceptual Loss: 0.5654 
[11/26 18:09:44 Tokenizer]: Data (t): 0.0023, 60.21/s/gpu Batch (t): 1.0629 LR: 0.000073 Step: 7300 Total Loss: 0.9250 KL Loss: 0.0015 Repa Loss: 0.6308 Recon Loss: 0.0383 Discriminator Loss: 0.0000 Perceptual Loss: 0.5698 
[11/26 18:10:37 Tokenizer]: Data (t): 0.0015, 60.56/s/gpu Batch (t): 1.0568 LR: 0.000073 Step: 7350 Total Loss: 0.9181 KL Loss: 0.0014 Repa Loss: 0.6251 Recon Loss: 0.0368 Discriminator Loss: 0.0000 Perceptual Loss: 0.5674 
[11/26 18:11:30 Tokenizer]: Data (t): 0.0015, 55.55/s/gpu Batch (t): 1.1522 LR: 0.000074 Step: 7400 Total Loss: 0.9183 KL Loss: 0.0015 Repa Loss: 0.6258 Recon Loss: 0.0355 Discriminator Loss: 0.0000 Perceptual Loss: 0.5683 
[11/26 18:12:23 Tokenizer]: Data (t): 0.0015, 57.45/s/gpu Batch (t): 1.1140 LR: 0.000075 Step: 7450 Total Loss: 0.9110 KL Loss: 0.0015 Repa Loss: 0.6193 Recon Loss: 0.0359 Discriminator Loss: 0.0000 Perceptual Loss: 0.5640 
[11/26 18:13:16 Tokenizer]: Data (t): 0.0013, 59.69/s/gpu Batch (t): 1.0723 LR: 0.000075 Step: 7500 Total Loss: 0.9236 KL Loss: 0.0016 Repa Loss: 0.6219 Recon Loss: 0.0371 Discriminator Loss: 0.0000 Perceptual Loss: 0.5739 
[11/26 18:13:17 Tokenizer]: Reconstructing images...
[11/26 18:14:10 Tokenizer]: Data (t): 0.0014, 60.94/s/gpu Batch (t): 1.0503 LR: 0.000076 Step: 7550 Total Loss: 0.9144 KL Loss: 0.0016 Repa Loss: 0.6223 Recon Loss: 0.0352 Discriminator Loss: 0.0000 Perceptual Loss: 0.5664 
[11/26 18:15:03 Tokenizer]: Data (t): 0.0015, 63.13/s/gpu Batch (t): 1.0139 LR: 0.000076 Step: 7600 Total Loss: 0.9241 KL Loss: 0.0016 Repa Loss: 0.6222 Recon Loss: 0.0364 Discriminator Loss: 0.0000 Perceptual Loss: 0.5750 
[11/26 18:15:56 Tokenizer]: Data (t): 0.0014, 60.32/s/gpu Batch (t): 1.0610 LR: 0.000077 Step: 7650 Total Loss: 0.9142 KL Loss: 0.0015 Repa Loss: 0.6244 Recon Loss: 0.0365 Discriminator Loss: 0.0000 Perceptual Loss: 0.5640 
[11/26 18:16:49 Tokenizer]: Data (t): 0.0012, 64.46/s/gpu Batch (t): 0.9928 LR: 0.000077 Step: 7700 Total Loss: 0.9095 KL Loss: 0.0016 Repa Loss: 0.6192 Recon Loss: 0.0341 Discriminator Loss: 0.0000 Perceptual Loss: 0.5643 
[11/26 18:17:42 Tokenizer]: Data (t): 0.0014, 61.62/s/gpu Batch (t): 1.0385 LR: 0.000077 Step: 7750 Total Loss: 0.9210 KL Loss: 0.0018 Repa Loss: 0.6232 Recon Loss: 0.0350 Discriminator Loss: 0.0000 Perceptual Loss: 0.5726 
[11/26 18:18:34 Tokenizer]: Data (t): 0.0016, 59.87/s/gpu Batch (t): 1.0690 LR: 0.000078 Step: 7800 Total Loss: 0.9003 KL Loss: 0.0017 Repa Loss: 0.6173 Recon Loss: 0.0327 Discriminator Loss: 0.0000 Perceptual Loss: 0.5573 
[11/26 18:19:28 Tokenizer]: Data (t): 0.0016, 61.55/s/gpu Batch (t): 1.0398 LR: 0.000079 Step: 7850 Total Loss: 0.9072 KL Loss: 0.0017 Repa Loss: 0.6210 Recon Loss: 0.0335 Discriminator Loss: 0.0000 Perceptual Loss: 0.5615 
[11/26 18:20:21 Tokenizer]: Data (t): 0.0015, 60.45/s/gpu Batch (t): 1.0586 LR: 0.000079 Step: 7900 Total Loss: 0.9016 KL Loss: 0.0017 Repa Loss: 0.6162 Recon Loss: 0.0331 Discriminator Loss: 0.0000 Perceptual Loss: 0.5587 
[11/26 18:21:14 Tokenizer]: Data (t): 0.0014, 63.40/s/gpu Batch (t): 1.0095 LR: 0.000080 Step: 7950 Total Loss: 0.9040 KL Loss: 0.0017 Repa Loss: 0.6243 Recon Loss: 0.0335 Discriminator Loss: 0.0000 Perceptual Loss: 0.5567 
[11/26 18:22:07 Tokenizer]: Data (t): 0.0013, 49.28/s/gpu Batch (t): 1.2986 LR: 0.000080 Step: 8000 Total Loss: 0.9063 KL Loss: 0.0018 Repa Loss: 0.6187 Recon Loss: 0.0334 Discriminator Loss: 0.0000 Perceptual Loss: 0.5617 
[11/26 18:22:08 Tokenizer]: Reconstructing images...
[11/26 18:23:02 Tokenizer]: Data (t): 0.0014, 61.70/s/gpu Batch (t): 1.0372 LR: 0.000081 Step: 8050 Total Loss: 0.9037 KL Loss: 0.0018 Repa Loss: 0.6129 Recon Loss: 0.0321 Discriminator Loss: 0.0000 Perceptual Loss: 0.5634 
[11/26 18:23:54 Tokenizer]: Data (t): 0.0015, 60.94/s/gpu Batch (t): 1.0501 LR: 0.000081 Step: 8100 Total Loss: 0.9045 KL Loss: 0.0018 Repa Loss: 0.6198 Recon Loss: 0.0326 Discriminator Loss: 0.0000 Perceptual Loss: 0.5602 
[11/26 18:24:47 Tokenizer]: Data (t): 0.0020, 61.43/s/gpu Batch (t): 1.0419 LR: 0.000082 Step: 8150 Total Loss: 0.9047 KL Loss: 0.0018 Repa Loss: 0.6182 Recon Loss: 0.0341 Discriminator Loss: 0.0000 Perceptual Loss: 0.5598 
[11/26 18:25:40 Tokenizer]: Data (t): 0.0013, 63.23/s/gpu Batch (t): 1.0122 LR: 0.000082 Step: 8200 Total Loss: 0.8989 KL Loss: 0.0018 Repa Loss: 0.6166 Recon Loss: 0.0318 Discriminator Loss: 0.0000 Perceptual Loss: 0.5571 
[11/26 18:26:33 Tokenizer]: Data (t): 0.0015, 52.48/s/gpu Batch (t): 1.2194 LR: 0.000082 Step: 8250 Total Loss: 0.9037 KL Loss: 0.0017 Repa Loss: 0.6166 Recon Loss: 0.0330 Discriminator Loss: 0.0000 Perceptual Loss: 0.5607 
[11/26 18:27:26 Tokenizer]: Data (t): 0.0014, 59.09/s/gpu Batch (t): 1.0830 LR: 0.000083 Step: 8300 Total Loss: 0.9037 KL Loss: 0.0018 Repa Loss: 0.6167 Recon Loss: 0.0324 Discriminator Loss: 0.0000 Perceptual Loss: 0.5611 
[11/26 18:28:18 Tokenizer]: Data (t): 0.0014, 58.42/s/gpu Batch (t): 1.0955 LR: 0.000083 Step: 8350 Total Loss: 0.8988 KL Loss: 0.0018 Repa Loss: 0.6154 Recon Loss: 0.0317 Discriminator Loss: 0.0000 Perceptual Loss: 0.5575 
[11/26 18:29:12 Tokenizer]: Data (t): 0.0017, 58.51/s/gpu Batch (t): 1.0939 LR: 0.000084 Step: 8400 Total Loss: 0.8906 KL Loss: 0.0019 Repa Loss: 0.6131 Recon Loss: 0.0308 Discriminator Loss: 0.0000 Perceptual Loss: 0.5513 
[11/26 18:30:05 Tokenizer]: Data (t): 0.0014, 56.90/s/gpu Batch (t): 1.1248 LR: 0.000085 Step: 8450 Total Loss: 0.8971 KL Loss: 0.0019 Repa Loss: 0.6130 Recon Loss: 0.0320 Discriminator Loss: 0.0000 Perceptual Loss: 0.5567 
[11/26 18:30:58 Tokenizer]: Data (t): 0.0014, 61.77/s/gpu Batch (t): 1.0362 LR: 0.000085 Step: 8500 Total Loss: 0.8972 KL Loss: 0.0017 Repa Loss: 0.6190 Recon Loss: 0.0301 Discriminator Loss: 0.0000 Perceptual Loss: 0.5559 
[11/26 18:30:59 Tokenizer]: Reconstructing images...
[11/26 18:31:52 Tokenizer]: Data (t): 0.0014, 59.45/s/gpu Batch (t): 1.0764 LR: 0.000086 Step: 8550 Total Loss: 0.8912 KL Loss: 0.0019 Repa Loss: 0.6096 Recon Loss: 0.0304 Discriminator Loss: 0.0000 Perceptual Loss: 0.5541 
[11/26 18:32:46 Tokenizer]: Data (t): 0.0014, 57.68/s/gpu Batch (t): 1.1095 LR: 0.000086 Step: 8600 Total Loss: 0.8956 KL Loss: 0.0019 Repa Loss: 0.6114 Recon Loss: 0.0307 Discriminator Loss: 0.0000 Perceptual Loss: 0.5573 
[11/26 18:33:39 Tokenizer]: Data (t): 0.0014, 59.81/s/gpu Batch (t): 1.0700 LR: 0.000087 Step: 8650 Total Loss: 0.8912 KL Loss: 0.0019 Repa Loss: 0.6121 Recon Loss: 0.0289 Discriminator Loss: 0.0000 Perceptual Loss: 0.5544 
[11/26 18:34:32 Tokenizer]: Data (t): 0.0015, 60.01/s/gpu Batch (t): 1.0664 LR: 0.000087 Step: 8700 Total Loss: 0.8891 KL Loss: 0.0019 Repa Loss: 0.6093 Recon Loss: 0.0294 Discriminator Loss: 0.0000 Perceptual Loss: 0.5531 
[11/26 18:35:25 Tokenizer]: Data (t): 0.0015, 60.27/s/gpu Batch (t): 1.0619 LR: 0.000087 Step: 8750 Total Loss: 0.8846 KL Loss: 0.0019 Repa Loss: 0.6102 Recon Loss: 0.0292 Discriminator Loss: 0.0000 Perceptual Loss: 0.5483 
[11/26 18:36:19 Tokenizer]: Data (t): 0.0014, 56.82/s/gpu Batch (t): 1.1263 LR: 0.000088 Step: 8800 Total Loss: 0.8909 KL Loss: 0.0019 Repa Loss: 0.6108 Recon Loss: 0.0286 Discriminator Loss: 0.0000 Perceptual Loss: 0.5550 
[11/26 18:37:12 Tokenizer]: Data (t): 0.0013, 59.04/s/gpu Batch (t): 1.0839 LR: 0.000089 Step: 8850 Total Loss: 0.8867 KL Loss: 0.0018 Repa Loss: 0.6124 Recon Loss: 0.0292 Discriminator Loss: 0.0000 Perceptual Loss: 0.5495 
[11/26 18:38:05 Tokenizer]: Data (t): 0.0014, 60.08/s/gpu Batch (t): 1.0652 LR: 0.000089 Step: 8900 Total Loss: 0.9029 KL Loss: 0.0019 Repa Loss: 0.6132 Recon Loss: 0.0297 Discriminator Loss: 0.0000 Perceptual Loss: 0.5646 
[11/26 18:38:58 Tokenizer]: Data (t): 0.0014, 59.75/s/gpu Batch (t): 1.0711 LR: 0.000090 Step: 8950 Total Loss: 0.8922 KL Loss: 0.0017 Repa Loss: 0.6137 Recon Loss: 0.0299 Discriminator Loss: 0.0000 Perceptual Loss: 0.5536 
[11/26 18:39:51 Tokenizer]: Data (t): 0.0014, 49.86/s/gpu Batch (t): 1.2837 LR: 0.000090 Step: 9000 Total Loss: 0.8856 KL Loss: 0.0020 Repa Loss: 0.6092 Recon Loss: 0.0289 Discriminator Loss: 0.0000 Perceptual Loss: 0.5501 
[11/26 18:39:52 Tokenizer]: Reconstructing images...
[11/26 18:40:46 Tokenizer]: Data (t): 0.0015, 61.88/s/gpu Batch (t): 1.0343 LR: 0.000091 Step: 9050 Total Loss: 0.8842 KL Loss: 0.0018 Repa Loss: 0.6036 Recon Loss: 0.0288 Discriminator Loss: 0.0000 Perceptual Loss: 0.5518 
[11/26 18:41:40 Tokenizer]: Data (t): 0.0015, 62.34/s/gpu Batch (t): 1.0267 LR: 0.000091 Step: 9100 Total Loss: 0.8849 KL Loss: 0.0019 Repa Loss: 0.6080 Recon Loss: 0.0281 Discriminator Loss: 0.0000 Perceptual Loss: 0.5509 
[11/26 18:42:33 Tokenizer]: Data (t): 0.0015, 63.45/s/gpu Batch (t): 1.0086 LR: 0.000092 Step: 9150 Total Loss: 0.8851 KL Loss: 0.0019 Repa Loss: 0.6095 Recon Loss: 0.0289 Discriminator Loss: 0.0000 Perceptual Loss: 0.5496 
[11/26 18:43:26 Tokenizer]: Data (t): 0.0013, 60.00/s/gpu Batch (t): 1.0667 LR: 0.000092 Step: 9200 Total Loss: 0.8837 KL Loss: 0.0019 Repa Loss: 0.6118 Recon Loss: 0.0275 Discriminator Loss: 0.0000 Perceptual Loss: 0.5484 
[11/26 18:44:20 Tokenizer]: Data (t): 0.0016, 45.70/s/gpu Batch (t): 1.4004 LR: 0.000093 Step: 9250 Total Loss: 0.8867 KL Loss: 0.0019 Repa Loss: 0.6091 Recon Loss: 0.0275 Discriminator Loss: 0.0000 Perceptual Loss: 0.5528 
[11/26 18:45:13 Tokenizer]: Data (t): 0.0014, 59.56/s/gpu Batch (t): 1.0745 LR: 0.000093 Step: 9300 Total Loss: 0.8800 KL Loss: 0.0019 Repa Loss: 0.6043 Recon Loss: 0.0275 Discriminator Loss: 0.0000 Perceptual Loss: 0.5485 
[11/26 18:46:06 Tokenizer]: Data (t): 0.0014, 62.22/s/gpu Batch (t): 1.0285 LR: 0.000094 Step: 9350 Total Loss: 0.8833 KL Loss: 0.0019 Repa Loss: 0.6090 Recon Loss: 0.0279 Discriminator Loss: 0.0000 Perceptual Loss: 0.5490 
[11/26 18:46:59 Tokenizer]: Data (t): 0.0014, 57.69/s/gpu Batch (t): 1.1094 LR: 0.000094 Step: 9400 Total Loss: 0.8817 KL Loss: 0.0019 Repa Loss: 0.6048 Recon Loss: 0.0289 Discriminator Loss: 0.0000 Perceptual Loss: 0.5486 
[11/26 18:47:52 Tokenizer]: Data (t): 0.0026, 62.55/s/gpu Batch (t): 1.0233 LR: 0.000094 Step: 9450 Total Loss: 0.8802 KL Loss: 0.0018 Repa Loss: 0.6012 Recon Loss: 0.0276 Discriminator Loss: 0.0000 Perceptual Loss: 0.5502 
[11/26 18:49:20 Tokenizer]: Data (t): 0.0014, 61.22/s/gpu Batch (t): 1.0455 LR: 0.000095 Step: 9500 Total Loss: 0.8838 KL Loss: 0.0019 Repa Loss: 0.6080 Recon Loss: 0.0272 Discriminator Loss: 0.0000 Perceptual Loss: 0.5507 
[11/26 18:49:21 Tokenizer]: Reconstructing images...
[11/26 18:51:20 Tokenizer]: Data (t): 0.0014, 62.80/s/gpu Batch (t): 1.0191 LR: 0.000096 Step: 9550 Total Loss: 0.8883 KL Loss: 0.0018 Repa Loss: 0.6048 Recon Loss: 0.0292 Discriminator Loss: 0.0000 Perceptual Loss: 0.5549 
[11/26 18:52:46 Tokenizer]: Data (t): 0.0014, 64.00/s/gpu Batch (t): 1.0000 LR: 0.000096 Step: 9600 Total Loss: 0.8654 KL Loss: 0.0019 Repa Loss: 0.5890 Recon Loss: 0.0271 Discriminator Loss: 0.0000 Perceptual Loss: 0.5419 
[11/26 18:54:19 Tokenizer]: Data (t): 0.0018, 62.18/s/gpu Batch (t): 1.0292 LR: 0.000097 Step: 9650 Total Loss: 0.8752 KL Loss: 0.0019 Repa Loss: 0.5964 Recon Loss: 0.0294 Discriminator Loss: 0.0000 Perceptual Loss: 0.5457 
[11/26 18:56:17 Tokenizer]: Data (t): 0.0017, 57.70/s/gpu Batch (t): 1.1092 LR: 0.000097 Step: 9700 Total Loss: 0.8786 KL Loss: 0.0020 Repa Loss: 0.5885 Recon Loss: 0.0276 Discriminator Loss: 0.0000 Perceptual Loss: 0.5547 
[11/26 18:58:05 Tokenizer]: Data (t): 0.0015, 60.12/s/gpu Batch (t): 1.0645 LR: 0.000097 Step: 9750 Total Loss: 0.8655 KL Loss: 0.0019 Repa Loss: 0.5830 Recon Loss: 0.0264 Discriminator Loss: 0.0000 Perceptual Loss: 0.5457 
[11/26 18:59:27 Tokenizer]: Data (t): 0.0014, 60.87/s/gpu Batch (t): 1.0514 LR: 0.000098 Step: 9800 Total Loss: 0.8615 KL Loss: 0.0019 Repa Loss: 0.5765 Recon Loss: 0.0261 Discriminator Loss: 0.0000 Perceptual Loss: 0.5452 
[11/26 19:01:30 Tokenizer]: Data (t): 0.0013, 60.18/s/gpu Batch (t): 1.0634 LR: 0.000099 Step: 9850 Total Loss: 0.8616 KL Loss: 0.0018 Repa Loss: 0.5666 Recon Loss: 0.0260 Discriminator Loss: 0.0000 Perceptual Loss: 0.5505 
[11/26 19:03:01 Tokenizer]: Data (t): 0.0015, 57.73/s/gpu Batch (t): 1.1086 LR: 0.000099 Step: 9900 Total Loss: 0.8585 KL Loss: 0.0018 Repa Loss: 0.5596 Recon Loss: 0.0264 Discriminator Loss: 0.0000 Perceptual Loss: 0.5504 
[11/26 19:05:19 Tokenizer]: Data (t): 0.0014, 59.57/s/gpu Batch (t): 1.0744 LR: 0.000100 Step: 9950 Total Loss: 0.8514 KL Loss: 0.0020 Repa Loss: 0.5618 Recon Loss: 0.0255 Discriminator Loss: 0.0000 Perceptual Loss: 0.5430 
[11/26 19:07:12 Tokenizer]: Data (t): 0.0023, 56.89/s/gpu Batch (t): 1.1250 LR: 0.000100 Step: 10000 Total Loss: 0.8401 KL Loss: 0.0019 Repa Loss: 0.5421 Recon Loss: 0.0268 Discriminator Loss: 0.0000 Perceptual Loss: 0.5404 
[11/26 19:07:12 Tokenizer]: Reconstructing images...
[11/26 19:08:54 Tokenizer]: Data (t): 0.0016, 60.85/s/gpu Batch (t): 1.0518 LR: 0.000100 Step: 10050 Total Loss: 0.8507 KL Loss: 0.0019 Repa Loss: 0.5561 Recon Loss: 0.0264 Discriminator Loss: 0.0000 Perceptual Loss: 0.5443 
[11/26 19:10:11 Tokenizer]: Data (t): 0.0014, 58.73/s/gpu Batch (t): 1.0898 LR: 0.000100 Step: 10100 Total Loss: 0.8392 KL Loss: 0.0019 Repa Loss: 0.5436 Recon Loss: 0.0259 Discriminator Loss: 0.0000 Perceptual Loss: 0.5397 
[11/26 19:11:04 Tokenizer]: Data (t): 0.0015, 51.86/s/gpu Batch (t): 1.2342 LR: 0.000100 Step: 10150 Total Loss: 0.8409 KL Loss: 0.0019 Repa Loss: 0.5457 Recon Loss: 0.0264 Discriminator Loss: 0.0000 Perceptual Loss: 0.5398 
[11/26 19:11:57 Tokenizer]: Data (t): 0.0015, 56.77/s/gpu Batch (t): 1.1273 LR: 0.000100 Step: 10200 Total Loss: 0.8485 KL Loss: 0.0019 Repa Loss: 0.5450 Recon Loss: 0.0257 Discriminator Loss: 0.0000 Perceptual Loss: 0.5484 
[11/26 19:12:51 Tokenizer]: Data (t): 0.0014, 57.17/s/gpu Batch (t): 1.1194 LR: 0.000100 Step: 10250 Total Loss: 0.8490 KL Loss: 0.0019 Repa Loss: 0.5396 Recon Loss: 0.0263 Discriminator Loss: 0.0000 Perceptual Loss: 0.5510 
[11/26 19:13:44 Tokenizer]: Data (t): 0.0015, 59.48/s/gpu Batch (t): 1.0760 LR: 0.000100 Step: 10300 Total Loss: 0.8338 KL Loss: 0.0020 Repa Loss: 0.5261 Recon Loss: 0.0255 Discriminator Loss: 0.0000 Perceptual Loss: 0.5432 
[11/26 19:14:37 Tokenizer]: Data (t): 0.0013, 54.41/s/gpu Batch (t): 1.1763 LR: 0.000100 Step: 10350 Total Loss: 0.8432 KL Loss: 0.0019 Repa Loss: 0.5398 Recon Loss: 0.0256 Discriminator Loss: 0.0000 Perceptual Loss: 0.5458 
[11/26 19:15:30 Tokenizer]: Data (t): 0.0014, 59.59/s/gpu Batch (t): 1.0739 LR: 0.000100 Step: 10400 Total Loss: 0.8322 KL Loss: 0.0019 Repa Loss: 0.5322 Recon Loss: 0.0248 Discriminator Loss: 0.0000 Perceptual Loss: 0.5394 
[11/26 19:16:23 Tokenizer]: Data (t): 0.0015, 59.16/s/gpu Batch (t): 1.0818 LR: 0.000100 Step: 10450 Total Loss: 0.8381 KL Loss: 0.0019 Repa Loss: 0.5314 Recon Loss: 0.0259 Discriminator Loss: 0.0000 Perceptual Loss: 0.5446 
[11/26 19:17:17 Tokenizer]: Data (t): 0.0012, 55.23/s/gpu Batch (t): 1.1587 LR: 0.000100 Step: 10500 Total Loss: 0.8391 KL Loss: 0.0020 Repa Loss: 0.5380 Recon Loss: 0.0258 Discriminator Loss: 0.0000 Perceptual Loss: 0.5424 
[11/26 19:17:18 Tokenizer]: Reconstructing images...
[11/26 19:18:12 Tokenizer]: Data (t): 0.0013, 60.45/s/gpu Batch (t): 1.0587 LR: 0.000100 Step: 10550 Total Loss: 0.8237 KL Loss: 0.0020 Repa Loss: 0.5215 Recon Loss: 0.0248 Discriminator Loss: 0.0000 Perceptual Loss: 0.5362 
[11/26 19:19:05 Tokenizer]: Data (t): 0.0014, 64.03/s/gpu Batch (t): 0.9995 LR: 0.000100 Step: 10600 Total Loss: 0.8316 KL Loss: 0.0019 Repa Loss: 0.5234 Recon Loss: 0.0253 Discriminator Loss: 0.0000 Perceptual Loss: 0.5426 
[11/26 19:19:58 Tokenizer]: Data (t): 0.0013, 52.92/s/gpu Batch (t): 1.2093 LR: 0.000100 Step: 10650 Total Loss: 0.8442 KL Loss: 0.0019 Repa Loss: 0.5482 Recon Loss: 0.0261 Discriminator Loss: 0.0000 Perceptual Loss: 0.5421 
[11/26 19:20:51 Tokenizer]: Data (t): 0.0014, 58.52/s/gpu Batch (t): 1.0937 LR: 0.000100 Step: 10700 Total Loss: 0.8302 KL Loss: 0.0020 Repa Loss: 0.5265 Recon Loss: 0.0246 Discriminator Loss: 0.0000 Perceptual Loss: 0.5404 
[11/26 19:21:44 Tokenizer]: Data (t): 0.0014, 63.53/s/gpu Batch (t): 1.0074 LR: 0.000100 Step: 10750 Total Loss: 0.8239 KL Loss: 0.0019 Repa Loss: 0.5180 Recon Loss: 0.0232 Discriminator Loss: 0.0000 Perceptual Loss: 0.5398 
[11/26 19:22:38 Tokenizer]: Data (t): 0.0013, 59.66/s/gpu Batch (t): 1.0728 LR: 0.000100 Step: 10800 Total Loss: 0.8257 KL Loss: 0.0020 Repa Loss: 0.5151 Recon Loss: 0.0243 Discriminator Loss: 0.0000 Perceptual Loss: 0.5419 
[11/26 19:23:31 Tokenizer]: Data (t): 0.0014, 56.52/s/gpu Batch (t): 1.1323 LR: 0.000100 Step: 10850 Total Loss: 0.8256 KL Loss: 0.0018 Repa Loss: 0.5162 Recon Loss: 0.0243 Discriminator Loss: 0.0000 Perceptual Loss: 0.5413 
[11/26 19:24:24 Tokenizer]: Data (t): 0.0015, 58.35/s/gpu Batch (t): 1.0969 LR: 0.000100 Step: 10900 Total Loss: 0.8146 KL Loss: 0.0020 Repa Loss: 0.5102 Recon Loss: 0.0235 Discriminator Loss: 0.0000 Perceptual Loss: 0.5340 
[11/26 19:25:17 Tokenizer]: Data (t): 0.0016, 59.47/s/gpu Batch (t): 1.0763 LR: 0.000100 Step: 10950 Total Loss: 0.8277 KL Loss: 0.0019 Repa Loss: 0.5178 Recon Loss: 0.0253 Discriminator Loss: 0.0000 Perceptual Loss: 0.5415 
[11/26 19:26:11 Tokenizer]: Data (t): 0.0015, 47.28/s/gpu Batch (t): 1.3538 LR: 0.000100 Step: 11000 Total Loss: 0.8133 KL Loss: 0.0019 Repa Loss: 0.5056 Recon Loss: 0.0234 Discriminator Loss: 0.0000 Perceptual Loss: 0.5352 
[11/26 19:26:12 Tokenizer]: Reconstructing images...
[11/26 19:27:05 Tokenizer]: Data (t): 0.0014, 58.35/s/gpu Batch (t): 1.0968 LR: 0.000100 Step: 11050 Total Loss: 0.8135 KL Loss: 0.0019 Repa Loss: 0.5071 Recon Loss: 0.0235 Discriminator Loss: 0.0000 Perceptual Loss: 0.5345 
[11/26 19:27:58 Tokenizer]: Data (t): 0.0014, 61.05/s/gpu Batch (t): 1.0482 LR: 0.000100 Step: 11100 Total Loss: 0.8187 KL Loss: 0.0020 Repa Loss: 0.5100 Recon Loss: 0.0250 Discriminator Loss: 0.0000 Perceptual Loss: 0.5367 
[11/26 19:28:52 Tokenizer]: Data (t): 0.0014, 61.67/s/gpu Batch (t): 1.0378 LR: 0.000100 Step: 11150 Total Loss: 0.8178 KL Loss: 0.0019 Repa Loss: 0.5159 Recon Loss: 0.0239 Discriminator Loss: 0.0000 Perceptual Loss: 0.5340 
[11/26 19:29:44 Tokenizer]: Data (t): 0.0016, 61.28/s/gpu Batch (t): 1.0443 LR: 0.000100 Step: 11200 Total Loss: 0.8137 KL Loss: 0.0019 Repa Loss: 0.5083 Recon Loss: 0.0241 Discriminator Loss: 0.0000 Perceptual Loss: 0.5336 
[11/26 19:30:37 Tokenizer]: Data (t): 0.0014, 63.85/s/gpu Batch (t): 1.0024 LR: 0.000100 Step: 11250 Total Loss: 0.8181 KL Loss: 0.0019 Repa Loss: 0.5152 Recon Loss: 0.0237 Discriminator Loss: 0.0000 Perceptual Loss: 0.5348 
[11/26 19:31:30 Tokenizer]: Data (t): 0.0014, 63.40/s/gpu Batch (t): 1.0095 LR: 0.000100 Step: 11300 Total Loss: 0.8193 KL Loss: 0.0018 Repa Loss: 0.5162 Recon Loss: 0.0241 Discriminator Loss: 0.0000 Perceptual Loss: 0.5352 
[11/26 19:32:23 Tokenizer]: Data (t): 0.0015, 58.95/s/gpu Batch (t): 1.0857 LR: 0.000100 Step: 11350 Total Loss: 0.8081 KL Loss: 0.0020 Repa Loss: 0.4997 Recon Loss: 0.0243 Discriminator Loss: 0.0000 Perceptual Loss: 0.5319 
[11/26 19:33:16 Tokenizer]: Data (t): 0.0013, 52.33/s/gpu Batch (t): 1.2230 LR: 0.000100 Step: 11400 Total Loss: 0.8079 KL Loss: 0.0018 Repa Loss: 0.4998 Recon Loss: 0.0249 Discriminator Loss: 0.0000 Perceptual Loss: 0.5313 
[11/26 19:34:09 Tokenizer]: Data (t): 0.0024, 59.42/s/gpu Batch (t): 1.0770 LR: 0.000100 Step: 11450 Total Loss: 0.8190 KL Loss: 0.0019 Repa Loss: 0.5103 Recon Loss: 0.0233 Discriminator Loss: 0.0000 Perceptual Loss: 0.5386 
[11/26 19:35:03 Tokenizer]: Data (t): 0.0018, 55.64/s/gpu Batch (t): 1.1503 LR: 0.000100 Step: 11500 Total Loss: 0.8217 KL Loss: 0.0020 Repa Loss: 0.5191 Recon Loss: 0.0232 Discriminator Loss: 0.0000 Perceptual Loss: 0.5369 
[11/26 19:35:03 Tokenizer]: Reconstructing images...
[11/26 19:35:57 Tokenizer]: Data (t): 0.0018, 64.09/s/gpu Batch (t): 0.9986 LR: 0.000100 Step: 11550 Total Loss: 0.8191 KL Loss: 0.0019 Repa Loss: 0.5066 Recon Loss: 0.0243 Discriminator Loss: 0.0000 Perceptual Loss: 0.5396 
[11/26 19:36:50 Tokenizer]: Data (t): 0.0015, 55.47/s/gpu Batch (t): 1.1537 LR: 0.000100 Step: 11600 Total Loss: 0.8223 KL Loss: 0.0019 Repa Loss: 0.5221 Recon Loss: 0.0242 Discriminator Loss: 0.0000 Perceptual Loss: 0.5352 
[11/26 19:37:43 Tokenizer]: Data (t): 0.0016, 62.66/s/gpu Batch (t): 1.0215 LR: 0.000100 Step: 11650 Total Loss: 0.8065 KL Loss: 0.0020 Repa Loss: 0.4949 Recon Loss: 0.0226 Discriminator Loss: 0.0000 Perceptual Loss: 0.5344 
[11/26 19:38:37 Tokenizer]: Data (t): 0.0016, 59.47/s/gpu Batch (t): 1.0761 LR: 0.000100 Step: 11700 Total Loss: 0.8037 KL Loss: 0.0019 Repa Loss: 0.4934 Recon Loss: 0.0233 Discriminator Loss: 0.0000 Perceptual Loss: 0.5317 
[11/26 19:39:30 Tokenizer]: Data (t): 0.0014, 60.21/s/gpu Batch (t): 1.0629 LR: 0.000100 Step: 11750 Total Loss: 0.7999 KL Loss: 0.0019 Repa Loss: 0.4935 Recon Loss: 0.0232 Discriminator Loss: 0.0000 Perceptual Loss: 0.5281 
[11/26 19:40:22 Tokenizer]: Data (t): 0.0013, 59.13/s/gpu Batch (t): 1.0823 LR: 0.000100 Step: 11800 Total Loss: 0.7978 KL Loss: 0.0020 Repa Loss: 0.4882 Recon Loss: 0.0233 Discriminator Loss: 0.0000 Perceptual Loss: 0.5285 
[11/26 19:41:15 Tokenizer]: Data (t): 0.0014, 61.04/s/gpu Batch (t): 1.0484 LR: 0.000100 Step: 11850 Total Loss: 0.8022 KL Loss: 0.0020 Repa Loss: 0.4988 Recon Loss: 0.0225 Discriminator Loss: 0.0000 Perceptual Loss: 0.5283 
[11/26 19:42:08 Tokenizer]: Data (t): 0.0014, 57.49/s/gpu Batch (t): 1.1133 LR: 0.000100 Step: 11900 Total Loss: 0.8109 KL Loss: 0.0021 Repa Loss: 0.5010 Recon Loss: 0.0246 Discriminator Loss: 0.0000 Perceptual Loss: 0.5338 
[11/26 19:43:01 Tokenizer]: Data (t): 0.0016, 58.89/s/gpu Batch (t): 1.0868 LR: 0.000100 Step: 11950 Total Loss: 0.8059 KL Loss: 0.0019 Repa Loss: 0.4922 Recon Loss: 0.0235 Discriminator Loss: 0.0000 Perceptual Loss: 0.5344 
[11/26 19:43:54 Tokenizer]: Data (t): 0.0014, 54.85/s/gpu Batch (t): 1.1667 LR: 0.000100 Step: 12000 Total Loss: 0.7956 KL Loss: 0.0020 Repa Loss: 0.4896 Recon Loss: 0.0226 Discriminator Loss: 0.0000 Perceptual Loss: 0.5263 
[11/26 19:43:55 Tokenizer]: Reconstructing images...
[11/26 19:44:48 Tokenizer]: Data (t): 0.0014, 62.69/s/gpu Batch (t): 1.0209 LR: 0.000100 Step: 12050 Total Loss: 0.8012 KL Loss: 0.0019 Repa Loss: 0.4898 Recon Loss: 0.0226 Discriminator Loss: 0.0000 Perceptual Loss: 0.5318 
[11/26 19:45:41 Tokenizer]: Data (t): 0.0016, 54.89/s/gpu Batch (t): 1.1661 LR: 0.000100 Step: 12100 Total Loss: 0.8005 KL Loss: 0.0020 Repa Loss: 0.4931 Recon Loss: 0.0228 Discriminator Loss: 0.0000 Perceptual Loss: 0.5292 
[11/26 19:46:34 Tokenizer]: Data (t): 0.0022, 57.71/s/gpu Batch (t): 1.1091 LR: 0.000100 Step: 12150 Total Loss: 0.8043 KL Loss: 0.0020 Repa Loss: 0.4878 Recon Loss: 0.0246 Discriminator Loss: 0.0000 Perceptual Loss: 0.5339 
[11/26 19:47:27 Tokenizer]: Data (t): 0.0013, 62.61/s/gpu Batch (t): 1.0222 LR: 0.000100 Step: 12200 Total Loss: 0.8006 KL Loss: 0.0020 Repa Loss: 0.4841 Recon Loss: 0.0241 Discriminator Loss: 0.0000 Perceptual Loss: 0.5325 
[11/26 19:48:21 Tokenizer]: Data (t): 0.0014, 61.56/s/gpu Batch (t): 1.0396 LR: 0.000100 Step: 12250 Total Loss: 0.7986 KL Loss: 0.0019 Repa Loss: 0.4900 Recon Loss: 0.0222 Discriminator Loss: 0.0000 Perceptual Loss: 0.5295 
[11/26 19:49:14 Tokenizer]: Data (t): 0.0013, 64.21/s/gpu Batch (t): 0.9967 LR: 0.000100 Step: 12300 Total Loss: 0.7962 KL Loss: 0.0020 Repa Loss: 0.4861 Recon Loss: 0.0231 Discriminator Loss: 0.0000 Perceptual Loss: 0.5280 
[11/26 19:50:07 Tokenizer]: Data (t): 0.0015, 60.40/s/gpu Batch (t): 1.0595 LR: 0.000100 Step: 12350 Total Loss: 0.8008 KL Loss: 0.0019 Repa Loss: 0.4951 Recon Loss: 0.0232 Discriminator Loss: 0.0000 Perceptual Loss: 0.5281 
[11/26 19:51:00 Tokenizer]: Data (t): 0.0014, 61.96/s/gpu Batch (t): 1.0329 LR: 0.000100 Step: 12400 Total Loss: 0.7919 KL Loss: 0.0020 Repa Loss: 0.4833 Recon Loss: 0.0215 Discriminator Loss: 0.0000 Perceptual Loss: 0.5267 
[11/26 19:51:53 Tokenizer]: Data (t): 0.0014, 59.09/s/gpu Batch (t): 1.0831 LR: 0.000100 Step: 12450 Total Loss: 0.7899 KL Loss: 0.0020 Repa Loss: 0.4848 Recon Loss: 0.0212 Discriminator Loss: 0.0000 Perceptual Loss: 0.5243 
[11/26 19:52:46 Tokenizer]: Data (t): 0.0014, 59.70/s/gpu Batch (t): 1.0720 LR: 0.000100 Step: 12500 Total Loss: 0.7878 KL Loss: 0.0020 Repa Loss: 0.4781 Recon Loss: 0.0220 Discriminator Loss: 0.0000 Perceptual Loss: 0.5247 
[11/26 19:52:46 Tokenizer]: Reconstructing images...
[11/26 19:53:40 Tokenizer]: Data (t): 0.0014, 58.51/s/gpu Batch (t): 1.0939 LR: 0.000100 Step: 12550 Total Loss: 0.7921 KL Loss: 0.0020 Repa Loss: 0.4810 Recon Loss: 0.0227 Discriminator Loss: 0.0000 Perceptual Loss: 0.5269 
[11/26 19:54:33 Tokenizer]: Data (t): 0.0014, 59.54/s/gpu Batch (t): 1.0749 LR: 0.000100 Step: 12600 Total Loss: 0.7824 KL Loss: 0.0020 Repa Loss: 0.4692 Recon Loss: 0.0215 Discriminator Loss: 0.0000 Perceptual Loss: 0.5243 
[11/26 19:55:27 Tokenizer]: Data (t): 0.0015, 61.81/s/gpu Batch (t): 1.0355 LR: 0.000100 Step: 12650 Total Loss: 0.7911 KL Loss: 0.0020 Repa Loss: 0.4763 Recon Loss: 0.0245 Discriminator Loss: 0.0000 Perceptual Loss: 0.5266 
[11/26 19:56:19 Tokenizer]: Data (t): 0.0014, 60.29/s/gpu Batch (t): 1.0615 LR: 0.000100 Step: 12700 Total Loss: 0.8009 KL Loss: 0.0019 Repa Loss: 0.4874 Recon Loss: 0.0237 Discriminator Loss: 0.0000 Perceptual Loss: 0.5315 
[11/26 19:57:12 Tokenizer]: Data (t): 0.0015, 62.32/s/gpu Batch (t): 1.0270 LR: 0.000100 Step: 12750 Total Loss: 0.7806 KL Loss: 0.0020 Repa Loss: 0.4723 Recon Loss: 0.0216 Discriminator Loss: 0.0000 Perceptual Loss: 0.5208 
[11/26 19:58:06 Tokenizer]: Data (t): 0.0018, 59.86/s/gpu Batch (t): 1.0691 LR: 0.000100 Step: 12800 Total Loss: 0.7800 KL Loss: 0.0021 Repa Loss: 0.4729 Recon Loss: 0.0213 Discriminator Loss: 0.0000 Perceptual Loss: 0.5201 
[11/26 19:58:58 Tokenizer]: Data (t): 0.0014, 64.57/s/gpu Batch (t): 0.9912 LR: 0.000100 Step: 12850 Total Loss: 0.7900 KL Loss: 0.0020 Repa Loss: 0.4812 Recon Loss: 0.0232 Discriminator Loss: 0.0000 Perceptual Loss: 0.5242 
[11/26 19:59:52 Tokenizer]: Data (t): 0.0014, 63.48/s/gpu Batch (t): 1.0083 LR: 0.000100 Step: 12900 Total Loss: 0.7840 KL Loss: 0.0020 Repa Loss: 0.4767 Recon Loss: 0.0223 Discriminator Loss: 0.0000 Perceptual Loss: 0.5214 
[11/26 20:00:45 Tokenizer]: Data (t): 0.0014, 58.57/s/gpu Batch (t): 1.0927 LR: 0.000100 Step: 12950 Total Loss: 0.7899 KL Loss: 0.0021 Repa Loss: 0.4755 Recon Loss: 0.0227 Discriminator Loss: 0.0000 Perceptual Loss: 0.5273 
[11/26 20:01:39 Tokenizer]: Data (t): 0.0019, 52.11/s/gpu Batch (t): 1.2282 LR: 0.000100 Step: 13000 Total Loss: 0.7834 KL Loss: 0.0022 Repa Loss: 0.4749 Recon Loss: 0.0216 Discriminator Loss: 0.0000 Perceptual Loss: 0.5223 
[11/26 20:01:39 Tokenizer]: Reconstructing images...
[11/26 20:02:33 Tokenizer]: Data (t): 0.0014, 54.47/s/gpu Batch (t): 1.1750 LR: 0.000100 Step: 13050 Total Loss: 0.7926 KL Loss: 0.0022 Repa Loss: 0.4978 Recon Loss: 0.0221 Discriminator Loss: 0.0000 Perceptual Loss: 0.5195 
[11/26 20:03:27 Tokenizer]: Data (t): 0.0029, 57.76/s/gpu Batch (t): 1.1080 LR: 0.000100 Step: 13100 Total Loss: 0.7959 KL Loss: 0.0024 Repa Loss: 0.4860 Recon Loss: 0.0233 Discriminator Loss: 0.0000 Perceptual Loss: 0.5272 
[11/26 20:04:19 Tokenizer]: Data (t): 0.0014, 59.68/s/gpu Batch (t): 1.0723 LR: 0.000100 Step: 13150 Total Loss: 0.7792 KL Loss: 0.0023 Repa Loss: 0.4729 Recon Loss: 0.0214 Discriminator Loss: 0.0000 Perceptual Loss: 0.5191 
[11/26 20:05:12 Tokenizer]: Data (t): 0.0015, 59.12/s/gpu Batch (t): 1.0825 LR: 0.000100 Step: 13200 Total Loss: 0.7750 KL Loss: 0.0023 Repa Loss: 0.4755 Recon Loss: 0.0215 Discriminator Loss: 0.0000 Perceptual Loss: 0.5134 
[11/26 20:06:05 Tokenizer]: Data (t): 0.0014, 61.66/s/gpu Batch (t): 1.0379 LR: 0.000100 Step: 13250 Total Loss: 0.7786 KL Loss: 0.0023 Repa Loss: 0.4737 Recon Loss: 0.0233 Discriminator Loss: 0.0000 Perceptual Loss: 0.5162 
[11/26 20:06:59 Tokenizer]: Data (t): 0.0015, 55.23/s/gpu Batch (t): 1.1588 LR: 0.000100 Step: 13300 Total Loss: 0.7746 KL Loss: 0.0024 Repa Loss: 0.4802 Recon Loss: 0.0217 Discriminator Loss: 0.0000 Perceptual Loss: 0.5104 
[11/26 20:07:52 Tokenizer]: Data (t): 0.0014, 60.13/s/gpu Batch (t): 1.0644 LR: 0.000100 Step: 13350 Total Loss: 0.7647 KL Loss: 0.0025 Repa Loss: 0.4688 Recon Loss: 0.0203 Discriminator Loss: 0.0000 Perceptual Loss: 0.5075 
[11/26 20:08:45 Tokenizer]: Data (t): 0.0014, 61.14/s/gpu Batch (t): 1.0467 LR: 0.000100 Step: 13400 Total Loss: 0.7630 KL Loss: 0.0025 Repa Loss: 0.4684 Recon Loss: 0.0208 Discriminator Loss: 0.0000 Perceptual Loss: 0.5055 
[11/26 20:09:38 Tokenizer]: Data (t): 0.0015, 62.36/s/gpu Batch (t): 1.0263 LR: 0.000100 Step: 13450 Total Loss: 0.7643 KL Loss: 0.0025 Repa Loss: 0.4721 Recon Loss: 0.0207 Discriminator Loss: 0.0000 Perceptual Loss: 0.5050 
[11/26 20:10:32 Tokenizer]: Data (t): 0.0015, 62.18/s/gpu Batch (t): 1.0292 LR: 0.000100 Step: 13500 Total Loss: 0.7559 KL Loss: 0.0025 Repa Loss: 0.4603 Recon Loss: 0.0209 Discriminator Loss: 0.0000 Perceptual Loss: 0.5023 
[11/26 20:10:32 Tokenizer]: Reconstructing images...
[11/26 20:11:25 Tokenizer]: Data (t): 0.0014, 58.96/s/gpu Batch (t): 1.0854 LR: 0.000100 Step: 13550 Total Loss: 0.7673 KL Loss: 0.0026 Repa Loss: 0.4695 Recon Loss: 0.0246 Discriminator Loss: 0.0000 Perceptual Loss: 0.5053 
[11/26 20:12:19 Tokenizer]: Data (t): 0.0015, 57.86/s/gpu Batch (t): 1.1061 LR: 0.000100 Step: 13600 Total Loss: 0.7470 KL Loss: 0.0027 Repa Loss: 0.4613 Recon Loss: 0.0203 Discriminator Loss: 0.0000 Perceptual Loss: 0.4934 
[11/26 20:13:12 Tokenizer]: Data (t): 0.0014, 60.15/s/gpu Batch (t): 1.0640 LR: 0.000100 Step: 13650 Total Loss: 0.7505 KL Loss: 0.0026 Repa Loss: 0.4645 Recon Loss: 0.0209 Discriminator Loss: 0.0000 Perceptual Loss: 0.4947 
[11/26 20:14:05 Tokenizer]: Data (t): 0.0014, 56.96/s/gpu Batch (t): 1.1235 LR: 0.000100 Step: 13700 Total Loss: 0.7464 KL Loss: 0.0027 Repa Loss: 0.4634 Recon Loss: 0.0207 Discriminator Loss: 0.0000 Perceptual Loss: 0.4914 
[11/26 20:14:58 Tokenizer]: Data (t): 0.0015, 59.90/s/gpu Batch (t): 1.0684 LR: 0.000100 Step: 13750 Total Loss: 0.7418 KL Loss: 0.0028 Repa Loss: 0.4604 Recon Loss: 0.0199 Discriminator Loss: 0.0000 Perceptual Loss: 0.4889 
[11/26 20:15:52 Tokenizer]: Data (t): 0.0019, 63.48/s/gpu Batch (t): 1.0081 LR: 0.000100 Step: 13800 Total Loss: 0.7447 KL Loss: 0.0026 Repa Loss: 0.4605 Recon Loss: 0.0199 Discriminator Loss: 0.0000 Perceptual Loss: 0.4919 
[11/26 20:16:45 Tokenizer]: Data (t): 0.0016, 64.85/s/gpu Batch (t): 0.9868 LR: 0.000100 Step: 13850 Total Loss: 0.7486 KL Loss: 0.0027 Repa Loss: 0.4636 Recon Loss: 0.0211 Discriminator Loss: 0.0000 Perceptual Loss: 0.4931 
[11/26 20:17:38 Tokenizer]: Data (t): 0.0013, 57.63/s/gpu Batch (t): 1.1106 LR: 0.000100 Step: 13900 Total Loss: 0.7428 KL Loss: 0.0027 Repa Loss: 0.4606 Recon Loss: 0.0209 Discriminator Loss: 0.0000 Perceptual Loss: 0.4889 
[11/26 20:18:31 Tokenizer]: Data (t): 0.0012, 62.11/s/gpu Batch (t): 1.0305 LR: 0.000100 Step: 13950 Total Loss: 0.7356 KL Loss: 0.0027 Repa Loss: 0.4588 Recon Loss: 0.0195 Discriminator Loss: 0.0000 Perceptual Loss: 0.4839 
[11/26 20:19:24 Tokenizer]: Data (t): 0.0013, 54.92/s/gpu Batch (t): 1.1653 LR: 0.000100 Step: 14000 Total Loss: 0.7423 KL Loss: 0.0027 Repa Loss: 0.4617 Recon Loss: 0.0204 Discriminator Loss: 0.0000 Perceptual Loss: 0.4883 
[11/26 20:19:24 Tokenizer]: Reconstructing images...
[11/26 20:20:18 Tokenizer]: Data (t): 0.0012, 62.12/s/gpu Batch (t): 1.0302 LR: 0.000100 Step: 14050 Total Loss: 0.7351 KL Loss: 0.0027 Repa Loss: 0.4538 Recon Loss: 0.0208 Discriminator Loss: 0.0000 Perceptual Loss: 0.4847 
[11/26 20:21:10 Tokenizer]: Data (t): 0.0012, 57.74/s/gpu Batch (t): 1.1085 LR: 0.000100 Step: 14100 Total Loss: 0.7385 KL Loss: 0.0027 Repa Loss: 0.4585 Recon Loss: 0.0208 Discriminator Loss: 0.0000 Perceptual Loss: 0.4857 
[11/26 20:22:03 Tokenizer]: Data (t): 0.0013, 61.01/s/gpu Batch (t): 1.0490 LR: 0.000100 Step: 14150 Total Loss: 0.7281 KL Loss: 0.0028 Repa Loss: 0.4521 Recon Loss: 0.0208 Discriminator Loss: 0.0000 Perceptual Loss: 0.4785 
[11/26 20:22:56 Tokenizer]: Data (t): 0.0013, 61.47/s/gpu Batch (t): 1.0412 LR: 0.000100 Step: 14200 Total Loss: 0.7244 KL Loss: 0.0027 Repa Loss: 0.4501 Recon Loss: 0.0198 Discriminator Loss: 0.0000 Perceptual Loss: 0.4768 
[11/26 20:23:49 Tokenizer]: Data (t): 0.0013, 59.30/s/gpu Batch (t): 1.0792 LR: 0.000100 Step: 14250 Total Loss: 0.7226 KL Loss: 0.0029 Repa Loss: 0.4472 Recon Loss: 0.0202 Discriminator Loss: 0.0000 Perceptual Loss: 0.4759 
[11/26 20:24:42 Tokenizer]: Data (t): 0.0012, 56.43/s/gpu Batch (t): 1.1341 LR: 0.000100 Step: 14300 Total Loss: 0.7356 KL Loss: 0.0029 Repa Loss: 0.4738 Recon Loss: 0.0200 Discriminator Loss: 0.0000 Perceptual Loss: 0.4757 
[11/26 20:25:35 Tokenizer]: Data (t): 0.0012, 64.32/s/gpu Batch (t): 0.9951 LR: 0.000100 Step: 14350 Total Loss: 0.7167 KL Loss: 0.0028 Repa Loss: 0.4450 Recon Loss: 0.0201 Discriminator Loss: 0.0000 Perceptual Loss: 0.4713 
[11/26 20:26:28 Tokenizer]: Data (t): 0.0012, 62.59/s/gpu Batch (t): 1.0226 LR: 0.000100 Step: 14400 Total Loss: 0.7150 KL Loss: 0.0029 Repa Loss: 0.4466 Recon Loss: 0.0185 Discriminator Loss: 0.0000 Perceptual Loss: 0.4703 
[11/26 20:27:21 Tokenizer]: Data (t): 0.0012, 59.96/s/gpu Batch (t): 1.0674 LR: 0.000100 Step: 14450 Total Loss: 0.7150 KL Loss: 0.0030 Repa Loss: 0.4474 Recon Loss: 0.0198 Discriminator Loss: 0.0000 Perceptual Loss: 0.4685 
[11/26 20:28:14 Tokenizer]: Data (t): 0.0013, 60.94/s/gpu Batch (t): 1.0502 LR: 0.000100 Step: 14500 Total Loss: 0.7225 KL Loss: 0.0030 Repa Loss: 0.4532 Recon Loss: 0.0193 Discriminator Loss: 0.0000 Perceptual Loss: 0.4736 
[11/26 20:28:14 Tokenizer]: Reconstructing images...
[11/26 20:29:08 Tokenizer]: Data (t): 0.0012, 61.20/s/gpu Batch (t): 1.0457 LR: 0.000100 Step: 14550 Total Loss: 0.7279 KL Loss: 0.0029 Repa Loss: 0.4566 Recon Loss: 0.0195 Discriminator Loss: 0.0000 Perceptual Loss: 0.4772 
[11/26 20:30:00 Tokenizer]: Data (t): 0.0012, 59.26/s/gpu Batch (t): 1.0800 LR: 0.000100 Step: 14600 Total Loss: 0.7110 KL Loss: 0.0030 Repa Loss: 0.4492 Recon Loss: 0.0185 Discriminator Loss: 0.0000 Perceptual Loss: 0.4649 
[11/26 20:30:53 Tokenizer]: Data (t): 0.0013, 62.84/s/gpu Batch (t): 1.0185 LR: 0.000100 Step: 14650 Total Loss: 0.7207 KL Loss: 0.0030 Repa Loss: 0.4542 Recon Loss: 0.0203 Discriminator Loss: 0.0000 Perceptual Loss: 0.4703 
[11/26 20:31:46 Tokenizer]: Data (t): 0.0012, 61.58/s/gpu Batch (t): 1.0393 LR: 0.000100 Step: 14700 Total Loss: 0.7153 KL Loss: 0.0029 Repa Loss: 0.4511 Recon Loss: 0.0188 Discriminator Loss: 0.0000 Perceptual Loss: 0.4681 
[11/26 20:32:39 Tokenizer]: Data (t): 0.0013, 61.78/s/gpu Batch (t): 1.0360 LR: 0.000100 Step: 14750 Total Loss: 0.7147 KL Loss: 0.0030 Repa Loss: 0.4520 Recon Loss: 0.0193 Discriminator Loss: 0.0000 Perceptual Loss: 0.4665 
[11/26 20:33:32 Tokenizer]: Data (t): 0.0012, 57.65/s/gpu Batch (t): 1.1102 LR: 0.000100 Step: 14800 Total Loss: 0.7091 KL Loss: 0.0031 Repa Loss: 0.4452 Recon Loss: 0.0188 Discriminator Loss: 0.0000 Perceptual Loss: 0.4646 
[11/26 20:34:24 Tokenizer]: Data (t): 0.0013, 59.22/s/gpu Batch (t): 1.0808 LR: 0.000100 Step: 14850 Total Loss: 0.7078 KL Loss: 0.0030 Repa Loss: 0.4487 Recon Loss: 0.0190 Discriminator Loss: 0.0000 Perceptual Loss: 0.4614 
[11/26 20:35:17 Tokenizer]: Data (t): 0.0012, 62.19/s/gpu Batch (t): 1.0292 LR: 0.000100 Step: 14900 Total Loss: 0.7050 KL Loss: 0.0031 Repa Loss: 0.4449 Recon Loss: 0.0186 Discriminator Loss: 0.0000 Perceptual Loss: 0.4610 
[11/26 20:36:10 Tokenizer]: Data (t): 0.0012, 61.78/s/gpu Batch (t): 1.0359 LR: 0.000100 Step: 14950 Total Loss: 0.7042 KL Loss: 0.0030 Repa Loss: 0.4442 Recon Loss: 0.0187 Discriminator Loss: 0.0000 Perceptual Loss: 0.4604 
[11/26 20:37:03 Tokenizer]: Data (t): 0.0012, 55.72/s/gpu Batch (t): 1.1485 LR: 0.000100 Step: 15000 Total Loss: 0.7013 KL Loss: 0.0030 Repa Loss: 0.4420 Recon Loss: 0.0184 Discriminator Loss: 0.0000 Perceptual Loss: 0.4589 
[11/26 20:37:04 Tokenizer]: Reconstructing images...
[11/26 20:37:57 Tokenizer]: Data (t): 0.0012, 59.80/s/gpu Batch (t): 1.0702 LR: 0.000100 Step: 15050 Total Loss: 0.6925 KL Loss: 0.0030 Repa Loss: 0.4375 Recon Loss: 0.0182 Discriminator Loss: 0.0000 Perceptual Loss: 0.4525 
[11/26 20:38:51 Tokenizer]: Data (t): 0.0012, 61.88/s/gpu Batch (t): 1.0343 LR: 0.000100 Step: 15100 Total Loss: 0.6982 KL Loss: 0.0031 Repa Loss: 0.4406 Recon Loss: 0.0186 Discriminator Loss: 0.0000 Perceptual Loss: 0.4563 
[11/26 20:39:43 Tokenizer]: Data (t): 0.0012, 60.00/s/gpu Batch (t): 1.0666 LR: 0.000100 Step: 15150 Total Loss: 0.6976 KL Loss: 0.0030 Repa Loss: 0.4438 Recon Loss: 0.0184 Discriminator Loss: 0.0000 Perceptual Loss: 0.4543 
[11/26 20:40:36 Tokenizer]: Data (t): 0.0012, 56.73/s/gpu Batch (t): 1.1282 LR: 0.000100 Step: 15200 Total Loss: 0.6965 KL Loss: 0.0031 Repa Loss: 0.4410 Recon Loss: 0.0194 Discriminator Loss: 0.0000 Perceptual Loss: 0.4534 
[11/26 20:41:28 Tokenizer]: Data (t): 0.0012, 56.07/s/gpu Batch (t): 1.1414 LR: 0.000100 Step: 15250 Total Loss: 0.7019 KL Loss: 0.0031 Repa Loss: 0.4479 Recon Loss: 0.0185 Discriminator Loss: 0.0000 Perceptual Loss: 0.4563 
[11/26 20:42:22 Tokenizer]: Data (t): 0.0012, 62.98/s/gpu Batch (t): 1.0162 LR: 0.000100 Step: 15300 Total Loss: 0.6979 KL Loss: 0.0032 Repa Loss: 0.4444 Recon Loss: 0.0179 Discriminator Loss: 0.0000 Perceptual Loss: 0.4546 
[11/26 20:43:14 Tokenizer]: Data (t): 0.0013, 61.16/s/gpu Batch (t): 1.0464 LR: 0.000100 Step: 15350 Total Loss: 0.6943 KL Loss: 0.0031 Repa Loss: 0.4378 Recon Loss: 0.0178 Discriminator Loss: 0.0000 Perceptual Loss: 0.4544 
[11/26 20:44:07 Tokenizer]: Data (t): 0.0013, 64.65/s/gpu Batch (t): 0.9900 LR: 0.000100 Step: 15400 Total Loss: 0.6932 KL Loss: 0.0031 Repa Loss: 0.4381 Recon Loss: 0.0190 Discriminator Loss: 0.0000 Perceptual Loss: 0.4522 
[11/26 20:45:00 Tokenizer]: Data (t): 0.0012, 58.83/s/gpu Batch (t): 1.0880 LR: 0.000100 Step: 15450 Total Loss: 0.6893 KL Loss: 0.0032 Repa Loss: 0.4398 Recon Loss: 0.0176 Discriminator Loss: 0.0000 Perceptual Loss: 0.4486 
[11/26 20:45:53 Tokenizer]: Data (t): 0.0013, 59.15/s/gpu Batch (t): 1.0821 LR: 0.000100 Step: 15500 Total Loss: 0.6889 KL Loss: 0.0033 Repa Loss: 0.4354 Recon Loss: 0.0178 Discriminator Loss: 0.0000 Perceptual Loss: 0.4501 
[11/26 20:45:53 Tokenizer]: Reconstructing images...
[11/26 20:46:47 Tokenizer]: Data (t): 0.0013, 60.46/s/gpu Batch (t): 1.0586 LR: 0.000100 Step: 15550 Total Loss: 0.6875 KL Loss: 0.0033 Repa Loss: 0.4351 Recon Loss: 0.0184 Discriminator Loss: 0.0000 Perceptual Loss: 0.4483 
[11/26 20:47:40 Tokenizer]: Data (t): 0.0013, 57.74/s/gpu Batch (t): 1.1084 LR: 0.000100 Step: 15600 Total Loss: 0.6837 KL Loss: 0.0033 Repa Loss: 0.4376 Recon Loss: 0.0177 Discriminator Loss: 0.0000 Perceptual Loss: 0.4438 
[11/26 20:48:32 Tokenizer]: Data (t): 0.0012, 58.71/s/gpu Batch (t): 1.0901 LR: 0.000100 Step: 15650 Total Loss: 0.6898 KL Loss: 0.0034 Repa Loss: 0.4399 Recon Loss: 0.0171 Discriminator Loss: 0.0000 Perceptual Loss: 0.4494 
[11/26 20:49:25 Tokenizer]: Data (t): 0.0013, 61.44/s/gpu Batch (t): 1.0416 LR: 0.000100 Step: 15700 Total Loss: 0.6923 KL Loss: 0.0034 Repa Loss: 0.4432 Recon Loss: 0.0176 Discriminator Loss: 0.0000 Perceptual Loss: 0.4497 
[11/26 20:50:18 Tokenizer]: Data (t): 0.0013, 63.34/s/gpu Batch (t): 1.0104 LR: 0.000100 Step: 15750 Total Loss: 0.6838 KL Loss: 0.0034 Repa Loss: 0.4384 Recon Loss: 0.0179 Discriminator Loss: 0.0000 Perceptual Loss: 0.4433 
[11/26 20:51:11 Tokenizer]: Data (t): 0.0015, 53.82/s/gpu Batch (t): 1.1891 LR: 0.000100 Step: 15800 Total Loss: 0.6840 KL Loss: 0.0033 Repa Loss: 0.4341 Recon Loss: 0.0175 Discriminator Loss: 0.0000 Perceptual Loss: 0.4461 
[11/26 20:52:03 Tokenizer]: Data (t): 0.0013, 59.03/s/gpu Batch (t): 1.0842 LR: 0.000100 Step: 15850 Total Loss: 0.6765 KL Loss: 0.0035 Repa Loss: 0.4357 Recon Loss: 0.0173 Discriminator Loss: 0.0000 Perceptual Loss: 0.4378 
[11/26 20:52:56 Tokenizer]: Data (t): 0.0012, 58.40/s/gpu Batch (t): 1.0959 LR: 0.000100 Step: 15900 Total Loss: 0.6845 KL Loss: 0.0035 Repa Loss: 0.4445 Recon Loss: 0.0176 Discriminator Loss: 0.0000 Perceptual Loss: 0.4412 
[11/26 20:53:50 Tokenizer]: Data (t): 0.0012, 60.08/s/gpu Batch (t): 1.0652 LR: 0.000100 Step: 15950 Total Loss: 0.6760 KL Loss: 0.0035 Repa Loss: 0.4324 Recon Loss: 0.0172 Discriminator Loss: 0.0000 Perceptual Loss: 0.4392 
[11/26 20:54:42 Tokenizer]: Data (t): 0.0012, 56.65/s/gpu Batch (t): 1.1298 LR: 0.000100 Step: 16000 Total Loss: 0.6710 KL Loss: 0.0035 Repa Loss: 0.4312 Recon Loss: 0.0169 Discriminator Loss: 0.0000 Perceptual Loss: 0.4349 
[11/26 20:54:43 Tokenizer]: Reconstructing images...
[11/26 20:55:37 Tokenizer]: Data (t): 0.0013, 60.83/s/gpu Batch (t): 1.0521 LR: 0.000100 Step: 16050 Total Loss: 0.6712 KL Loss: 0.0037 Repa Loss: 0.4298 Recon Loss: 0.0174 Discriminator Loss: 0.0000 Perceptual Loss: 0.4352 
[11/26 20:56:30 Tokenizer]: Data (t): 0.0012, 54.75/s/gpu Batch (t): 1.1689 LR: 0.000100 Step: 16100 Total Loss: 0.6787 KL Loss: 0.0037 Repa Loss: 0.4394 Recon Loss: 0.0190 Discriminator Loss: 0.0000 Perceptual Loss: 0.4364 
[11/26 20:57:22 Tokenizer]: Data (t): 0.0012, 61.68/s/gpu Batch (t): 1.0377 LR: 0.000100 Step: 16150 Total Loss: 0.6671 KL Loss: 0.0036 Repa Loss: 0.4319 Recon Loss: 0.0165 Discriminator Loss: 0.0000 Perceptual Loss: 0.4311 
[11/26 20:58:16 Tokenizer]: Data (t): 0.0012, 61.69/s/gpu Batch (t): 1.0374 LR: 0.000100 Step: 16200 Total Loss: 0.6688 KL Loss: 0.0038 Repa Loss: 0.4324 Recon Loss: 0.0169 Discriminator Loss: 0.0000 Perceptual Loss: 0.4320 
[11/26 20:59:09 Tokenizer]: Data (t): 0.0012, 61.67/s/gpu Batch (t): 1.0378 LR: 0.000100 Step: 16250 Total Loss: 0.6657 KL Loss: 0.0039 Repa Loss: 0.4325 Recon Loss: 0.0166 Discriminator Loss: 0.0000 Perceptual Loss: 0.4291 
[11/26 21:00:02 Tokenizer]: Data (t): 0.0012, 63.71/s/gpu Batch (t): 1.0045 LR: 0.000100 Step: 16300 Total Loss: 0.6644 KL Loss: 0.0038 Repa Loss: 0.4256 Recon Loss: 0.0171 Discriminator Loss: 0.0000 Perceptual Loss: 0.4307 
[11/26 21:00:54 Tokenizer]: Data (t): 0.0013, 60.24/s/gpu Batch (t): 1.0624 LR: 0.000100 Step: 16350 Total Loss: 0.6667 KL Loss: 0.0036 Repa Loss: 0.4320 Recon Loss: 0.0164 Discriminator Loss: 0.0000 Perceptual Loss: 0.4307 
[11/26 21:01:47 Tokenizer]: Data (t): 0.0013, 59.71/s/gpu Batch (t): 1.0718 LR: 0.000100 Step: 16400 Total Loss: 0.6572 KL Loss: 0.0040 Repa Loss: 0.4209 Recon Loss: 0.0172 Discriminator Loss: 0.0000 Perceptual Loss: 0.4256 
[11/26 21:02:40 Tokenizer]: Data (t): 0.0012, 54.31/s/gpu Batch (t): 1.1785 LR: 0.000100 Step: 16450 Total Loss: 0.6612 KL Loss: 0.0039 Repa Loss: 0.4323 Recon Loss: 0.0159 Discriminator Loss: 0.0000 Perceptual Loss: 0.4253 
[11/26 21:03:33 Tokenizer]: Data (t): 0.0012, 63.15/s/gpu Batch (t): 1.0134 LR: 0.000100 Step: 16500 Total Loss: 0.6760 KL Loss: 0.0040 Repa Loss: 0.4471 Recon Loss: 0.0171 Discriminator Loss: 0.0000 Perceptual Loss: 0.4313 
[11/26 21:03:34 Tokenizer]: Reconstructing images...
[11/26 21:04:27 Tokenizer]: Data (t): 0.0012, 60.40/s/gpu Batch (t): 1.0596 LR: 0.000100 Step: 16550 Total Loss: 0.6514 KL Loss: 0.0040 Repa Loss: 0.4286 Recon Loss: 0.0154 Discriminator Loss: 0.0000 Perceptual Loss: 0.4177 
[11/26 21:05:19 Tokenizer]: Data (t): 0.0012, 61.35/s/gpu Batch (t): 1.0432 LR: 0.000100 Step: 16600 Total Loss: 0.6543 KL Loss: 0.0040 Repa Loss: 0.4250 Recon Loss: 0.0159 Discriminator Loss: 0.0000 Perceptual Loss: 0.4219 
[11/26 21:06:12 Tokenizer]: Data (t): 0.0013, 63.85/s/gpu Batch (t): 1.0024 LR: 0.000100 Step: 16650 Total Loss: 0.6548 KL Loss: 0.0040 Repa Loss: 0.4265 Recon Loss: 0.0159 Discriminator Loss: 0.0000 Perceptual Loss: 0.4216 
[11/26 21:07:05 Tokenizer]: Data (t): 0.0012, 65.02/s/gpu Batch (t): 0.9844 LR: 0.000100 Step: 16700 Total Loss: 0.6620 KL Loss: 0.0039 Repa Loss: 0.4309 Recon Loss: 0.0167 Discriminator Loss: 0.0000 Perceptual Loss: 0.4260 
[11/26 21:07:58 Tokenizer]: Data (t): 0.0013, 65.92/s/gpu Batch (t): 0.9709 LR: 0.000100 Step: 16750 Total Loss: 0.6423 KL Loss: 0.0040 Repa Loss: 0.4215 Recon Loss: 0.0158 Discriminator Loss: 0.0000 Perceptual Loss: 0.4117 
[11/26 21:08:51 Tokenizer]: Data (t): 0.0012, 52.34/s/gpu Batch (t): 1.2228 LR: 0.000100 Step: 16800 Total Loss: 0.6474 KL Loss: 0.0042 Repa Loss: 0.4218 Recon Loss: 0.0158 Discriminator Loss: 0.0000 Perceptual Loss: 0.4165 
[11/26 21:09:43 Tokenizer]: Data (t): 0.0012, 60.05/s/gpu Batch (t): 1.0658 LR: 0.000100 Step: 16850 Total Loss: 0.6331 KL Loss: 0.0042 Repa Loss: 0.4173 Recon Loss: 0.0149 Discriminator Loss: 0.0000 Perceptual Loss: 0.4053 
[11/26 21:10:36 Tokenizer]: Data (t): 0.0012, 64.22/s/gpu Batch (t): 0.9966 LR: 0.000100 Step: 16900 Total Loss: 0.6517 KL Loss: 0.0043 Repa Loss: 0.4242 Recon Loss: 0.0164 Discriminator Loss: 0.0000 Perceptual Loss: 0.4190 
[11/26 21:11:29 Tokenizer]: Data (t): 0.0012, 61.40/s/gpu Batch (t): 1.0423 LR: 0.000100 Step: 16950 Total Loss: 0.6377 KL Loss: 0.0043 Repa Loss: 0.4212 Recon Loss: 0.0150 Discriminator Loss: 0.0000 Perceptual Loss: 0.4079 
[11/26 21:12:22 Tokenizer]: Data (t): 0.0012, 52.89/s/gpu Batch (t): 1.2100 LR: 0.000100 Step: 17000 Total Loss: 0.6354 KL Loss: 0.0044 Repa Loss: 0.4213 Recon Loss: 0.0145 Discriminator Loss: 0.0000 Perceptual Loss: 0.4058 
[11/26 21:12:23 Tokenizer]: Reconstructing images...
[11/26 21:13:16 Tokenizer]: Data (t): 0.0020, 59.70/s/gpu Batch (t): 1.0720 LR: 0.000100 Step: 17050 Total Loss: 0.6451 KL Loss: 0.0045 Repa Loss: 0.4249 Recon Loss: 0.0149 Discriminator Loss: 0.0000 Perceptual Loss: 0.4133 
[11/26 21:14:10 Tokenizer]: Data (t): 0.0012, 56.27/s/gpu Batch (t): 1.1374 LR: 0.000100 Step: 17100 Total Loss: 0.6323 KL Loss: 0.0045 Repa Loss: 0.4192 Recon Loss: 0.0152 Discriminator Loss: 0.0000 Perceptual Loss: 0.4030 
[11/26 21:15:02 Tokenizer]: Data (t): 0.0013, 62.04/s/gpu Batch (t): 1.0315 LR: 0.000100 Step: 17150 Total Loss: 0.6407 KL Loss: 0.0045 Repa Loss: 0.4219 Recon Loss: 0.0164 Discriminator Loss: 0.0000 Perceptual Loss: 0.4088 
[11/26 21:15:55 Tokenizer]: Data (t): 0.0013, 61.04/s/gpu Batch (t): 1.0484 LR: 0.000100 Step: 17200 Total Loss: 0.6379 KL Loss: 0.0046 Repa Loss: 0.4229 Recon Loss: 0.0156 Discriminator Loss: 0.0000 Perceptual Loss: 0.4063 
[11/26 21:16:48 Tokenizer]: Data (t): 0.0014, 56.66/s/gpu Batch (t): 1.1296 LR: 0.000100 Step: 17250 Total Loss: 0.6413 KL Loss: 0.0046 Repa Loss: 0.4225 Recon Loss: 0.0151 Discriminator Loss: 0.0000 Perceptual Loss: 0.4103 
[11/26 21:17:40 Tokenizer]: Data (t): 0.0012, 62.23/s/gpu Batch (t): 1.0285 LR: 0.000100 Step: 17300 Total Loss: 0.6357 KL Loss: 0.0045 Repa Loss: 0.4197 Recon Loss: 0.0155 Discriminator Loss: 0.0000 Perceptual Loss: 0.4059 
[11/26 21:18:33 Tokenizer]: Data (t): 0.0013, 65.78/s/gpu Batch (t): 0.9729 LR: 0.000100 Step: 17350 Total Loss: 0.6411 KL Loss: 0.0045 Repa Loss: 0.4234 Recon Loss: 0.0163 Discriminator Loss: 0.0000 Perceptual Loss: 0.4086 
[11/26 21:19:26 Tokenizer]: Data (t): 0.0012, 62.19/s/gpu Batch (t): 1.0291 LR: 0.000100 Step: 17400 Total Loss: 0.6308 KL Loss: 0.0046 Repa Loss: 0.4195 Recon Loss: 0.0143 Discriminator Loss: 0.0000 Perceptual Loss: 0.4022 
[11/26 21:20:18 Tokenizer]: Data (t): 0.0013, 60.00/s/gpu Batch (t): 1.0667 LR: 0.000100 Step: 17450 Total Loss: 0.6240 KL Loss: 0.0048 Repa Loss: 0.4174 Recon Loss: 0.0143 Discriminator Loss: 0.0000 Perceptual Loss: 0.3962 
[11/26 21:21:11 Tokenizer]: Data (t): 0.0012, 58.40/s/gpu Batch (t): 1.0959 LR: 0.000100 Step: 17500 Total Loss: 0.6275 KL Loss: 0.0050 Repa Loss: 0.4217 Recon Loss: 0.0139 Discriminator Loss: 0.0000 Perceptual Loss: 0.3977 
[11/26 21:21:11 Tokenizer]: Reconstructing images...
[11/26 21:22:04 Tokenizer]: Data (t): 0.0013, 63.35/s/gpu Batch (t): 1.0103 LR: 0.000100 Step: 17550 Total Loss: 0.6299 KL Loss: 0.0047 Repa Loss: 0.4231 Recon Loss: 0.0146 Discriminator Loss: 0.0000 Perceptual Loss: 0.3991 
[11/26 21:22:57 Tokenizer]: Data (t): 0.0012, 59.31/s/gpu Batch (t): 1.0790 LR: 0.000100 Step: 17600 Total Loss: 0.6261 KL Loss: 0.0047 Repa Loss: 0.4226 Recon Loss: 0.0147 Discriminator Loss: 0.0000 Perceptual Loss: 0.3954 
[11/26 21:23:50 Tokenizer]: Data (t): 0.0012, 59.01/s/gpu Batch (t): 1.0846 LR: 0.000100 Step: 17650 Total Loss: 0.6206 KL Loss: 0.0049 Repa Loss: 0.4187 Recon Loss: 0.0143 Discriminator Loss: 0.0000 Perceptual Loss: 0.3920 
[11/26 21:24:43 Tokenizer]: Data (t): 0.0013, 62.58/s/gpu Batch (t): 1.0228 LR: 0.000100 Step: 17700 Total Loss: 0.6284 KL Loss: 0.0048 Repa Loss: 0.4229 Recon Loss: 0.0144 Discriminator Loss: 0.0000 Perceptual Loss: 0.3977 
[11/26 21:25:36 Tokenizer]: Data (t): 0.0013, 58.21/s/gpu Batch (t): 1.0994 LR: 0.000100 Step: 17750 Total Loss: 0.6137 KL Loss: 0.0051 Repa Loss: 0.4097 Recon Loss: 0.0146 Discriminator Loss: 0.0000 Perceptual Loss: 0.3891 
[11/26 21:26:29 Tokenizer]: Data (t): 0.0013, 60.60/s/gpu Batch (t): 1.0560 LR: 0.000100 Step: 17800 Total Loss: 0.6199 KL Loss: 0.0051 Repa Loss: 0.4172 Recon Loss: 0.0149 Discriminator Loss: 0.0000 Perceptual Loss: 0.3913 
[11/26 21:27:22 Tokenizer]: Data (t): 0.0013, 63.91/s/gpu Batch (t): 1.0015 LR: 0.000100 Step: 17850 Total Loss: 0.6150 KL Loss: 0.0050 Repa Loss: 0.4146 Recon Loss: 0.0142 Discriminator Loss: 0.0000 Perceptual Loss: 0.3885 
[11/26 21:28:15 Tokenizer]: Data (t): 0.0012, 56.26/s/gpu Batch (t): 1.1375 LR: 0.000100 Step: 17900 Total Loss: 0.6084 KL Loss: 0.0051 Repa Loss: 0.4125 Recon Loss: 0.0134 Discriminator Loss: 0.0000 Perceptual Loss: 0.3836 
[11/26 21:29:08 Tokenizer]: Data (t): 0.0012, 61.03/s/gpu Batch (t): 1.0487 LR: 0.000100 Step: 17950 Total Loss: 0.6153 KL Loss: 0.0051 Repa Loss: 0.4117 Recon Loss: 0.0146 Discriminator Loss: 0.0000 Perceptual Loss: 0.3898 
[11/26 21:30:00 Tokenizer]: Data (t): 0.0013, 53.45/s/gpu Batch (t): 1.1974 LR: 0.000100 Step: 18000 Total Loss: 0.6175 KL Loss: 0.0051 Repa Loss: 0.4186 Recon Loss: 0.0139 Discriminator Loss: 0.0000 Perceptual Loss: 0.3892 
[11/26 21:30:01 Tokenizer]: Reconstructing images...
[11/26 21:30:54 Tokenizer]: Data (t): 0.0013, 61.63/s/gpu Batch (t): 1.0385 LR: 0.000100 Step: 18050 Total Loss: 0.6117 KL Loss: 0.0052 Repa Loss: 0.4127 Recon Loss: 0.0143 Discriminator Loss: 0.0000 Perceptual Loss: 0.3859 
[11/26 21:31:47 Tokenizer]: Data (t): 0.0012, 61.06/s/gpu Batch (t): 1.0482 LR: 0.000100 Step: 18100 Total Loss: 0.6183 KL Loss: 0.0051 Repa Loss: 0.4237 Recon Loss: 0.0139 Discriminator Loss: 0.0000 Perceptual Loss: 0.3875 
[11/26 21:32:39 Tokenizer]: Data (t): 0.0012, 59.47/s/gpu Batch (t): 1.0762 LR: 0.000100 Step: 18150 Total Loss: 0.6151 KL Loss: 0.0052 Repa Loss: 0.4153 Recon Loss: 0.0149 Discriminator Loss: 0.0000 Perceptual Loss: 0.3875 
[11/26 21:33:32 Tokenizer]: Data (t): 0.0013, 63.52/s/gpu Batch (t): 1.0075 LR: 0.000100 Step: 18200 Total Loss: 0.6100 KL Loss: 0.0052 Repa Loss: 0.4168 Recon Loss: 0.0133 Discriminator Loss: 0.0000 Perceptual Loss: 0.3831 
[11/26 21:34:25 Tokenizer]: Data (t): 0.0015, 61.44/s/gpu Batch (t): 1.0417 LR: 0.000100 Step: 18250 Total Loss: 0.6257 KL Loss: 0.0050 Repa Loss: 0.4315 Recon Loss: 0.0151 Discriminator Loss: 0.0000 Perceptual Loss: 0.3898 
[11/26 21:35:18 Tokenizer]: Data (t): 0.0012, 63.02/s/gpu Batch (t): 1.0155 LR: 0.000100 Step: 18300 Total Loss: 0.6055 KL Loss: 0.0053 Repa Loss: 0.4108 Recon Loss: 0.0135 Discriminator Loss: 0.0000 Perceptual Loss: 0.3813 
[11/26 21:36:10 Tokenizer]: Data (t): 0.0013, 61.43/s/gpu Batch (t): 1.0419 LR: 0.000100 Step: 18350 Total Loss: 0.6033 KL Loss: 0.0053 Repa Loss: 0.4118 Recon Loss: 0.0138 Discriminator Loss: 0.0000 Perceptual Loss: 0.3783 
[11/26 21:37:03 Tokenizer]: Data (t): 0.0020, 58.90/s/gpu Batch (t): 1.0866 LR: 0.000100 Step: 18400 Total Loss: 0.6004 KL Loss: 0.0052 Repa Loss: 0.4081 Recon Loss: 0.0144 Discriminator Loss: 0.0000 Perceptual Loss: 0.3767 
[11/26 21:37:56 Tokenizer]: Data (t): 0.0013, 61.50/s/gpu Batch (t): 1.0407 LR: 0.000100 Step: 18450 Total Loss: 0.6066 KL Loss: 0.0052 Repa Loss: 0.4128 Recon Loss: 0.0138 Discriminator Loss: 0.0000 Perceptual Loss: 0.3812 
[11/26 21:38:49 Tokenizer]: Data (t): 0.0013, 60.60/s/gpu Batch (t): 1.0561 LR: 0.000100 Step: 18500 Total Loss: 0.6127 KL Loss: 0.0052 Repa Loss: 0.4159 Recon Loss: 0.0141 Discriminator Loss: 0.0000 Perceptual Loss: 0.3855 
[11/26 21:38:50 Tokenizer]: Reconstructing images...
[11/26 21:39:43 Tokenizer]: Data (t): 0.0013, 57.68/s/gpu Batch (t): 1.1096 LR: 0.000100 Step: 18550 Total Loss: 0.5917 KL Loss: 0.0053 Repa Loss: 0.4063 Recon Loss: 0.0132 Discriminator Loss: 0.0000 Perceptual Loss: 0.3700 
[11/26 21:40:36 Tokenizer]: Data (t): 0.0012, 62.02/s/gpu Batch (t): 1.0319 LR: 0.000100 Step: 18600 Total Loss: 0.5921 KL Loss: 0.0053 Repa Loss: 0.4029 Recon Loss: 0.0145 Discriminator Loss: 0.0000 Perceptual Loss: 0.3708 
[11/26 21:41:28 Tokenizer]: Data (t): 0.0012, 57.47/s/gpu Batch (t): 1.1137 LR: 0.000100 Step: 18650 Total Loss: 0.6022 KL Loss: 0.0055 Repa Loss: 0.4103 Recon Loss: 0.0142 Discriminator Loss: 0.0000 Perceptual Loss: 0.3773 
[11/26 21:42:22 Tokenizer]: Data (t): 0.0012, 62.53/s/gpu Batch (t): 1.0235 LR: 0.000100 Step: 18700 Total Loss: 0.6081 KL Loss: 0.0054 Repa Loss: 0.4139 Recon Loss: 0.0142 Discriminator Loss: 0.0000 Perceptual Loss: 0.3815 
[11/26 21:43:15 Tokenizer]: Data (t): 0.0013, 59.09/s/gpu Batch (t): 1.0831 LR: 0.000100 Step: 18750 Total Loss: 0.5954 KL Loss: 0.0054 Repa Loss: 0.4058 Recon Loss: 0.0144 Discriminator Loss: 0.0000 Perceptual Loss: 0.3727 
[11/26 21:44:08 Tokenizer]: Data (t): 0.0013, 62.27/s/gpu Batch (t): 1.0277 LR: 0.000100 Step: 18800 Total Loss: 0.5948 KL Loss: 0.0053 Repa Loss: 0.4057 Recon Loss: 0.0134 Discriminator Loss: 0.0000 Perceptual Loss: 0.3732 
[11/26 21:45:01 Tokenizer]: Data (t): 0.0012, 58.78/s/gpu Batch (t): 1.0889 LR: 0.000100 Step: 18850 Total Loss: 0.6018 KL Loss: 0.0053 Repa Loss: 0.4129 Recon Loss: 0.0133 Discriminator Loss: 0.0000 Perceptual Loss: 0.3767 
[11/26 21:45:53 Tokenizer]: Data (t): 0.0013, 64.27/s/gpu Batch (t): 0.9959 LR: 0.000100 Step: 18900 Total Loss: 0.5961 KL Loss: 0.0052 Repa Loss: 0.4063 Recon Loss: 0.0131 Discriminator Loss: 0.0000 Perceptual Loss: 0.3747 
[11/26 21:46:47 Tokenizer]: Data (t): 0.0013, 57.35/s/gpu Batch (t): 1.1159 LR: 0.000100 Step: 18950 Total Loss: 0.5943 KL Loss: 0.0054 Repa Loss: 0.4058 Recon Loss: 0.0131 Discriminator Loss: 0.0000 Perceptual Loss: 0.3729 
[11/26 21:47:40 Tokenizer]: Data (t): 0.0012, 54.86/s/gpu Batch (t): 1.1666 LR: 0.000100 Step: 19000 Total Loss: 0.5836 KL Loss: 0.0054 Repa Loss: 0.4038 Recon Loss: 0.0127 Discriminator Loss: 0.0000 Perceptual Loss: 0.3636 
[11/26 21:47:40 Tokenizer]: Reconstructing images...
[11/26 21:48:34 Tokenizer]: Data (t): 0.0012, 64.20/s/gpu Batch (t): 0.9968 LR: 0.000100 Step: 19050 Total Loss: 0.5863 KL Loss: 0.0054 Repa Loss: 0.4026 Recon Loss: 0.0138 Discriminator Loss: 0.0000 Perceptual Loss: 0.3659 
[11/26 21:49:27 Tokenizer]: Data (t): 0.0012, 60.41/s/gpu Batch (t): 1.0594 LR: 0.000100 Step: 19100 Total Loss: 0.5900 KL Loss: 0.0054 Repa Loss: 0.4033 Recon Loss: 0.0135 Discriminator Loss: 0.0000 Perceptual Loss: 0.3695 
[11/26 21:50:21 Tokenizer]: Data (t): 0.0012, 56.37/s/gpu Batch (t): 1.1354 LR: 0.000100 Step: 19150 Total Loss: 0.5837 KL Loss: 0.0055 Repa Loss: 0.4047 Recon Loss: 0.0131 Discriminator Loss: 0.0000 Perceptual Loss: 0.3628 
[11/26 21:51:13 Tokenizer]: Data (t): 0.0012, 57.09/s/gpu Batch (t): 1.1209 LR: 0.000100 Step: 19200 Total Loss: 0.5852 KL Loss: 0.0054 Repa Loss: 0.4007 Recon Loss: 0.0124 Discriminator Loss: 0.0000 Perceptual Loss: 0.3670 
[11/26 21:52:06 Tokenizer]: Data (t): 0.0013, 59.22/s/gpu Batch (t): 1.0808 LR: 0.000100 Step: 19250 Total Loss: 0.5934 KL Loss: 0.0053 Repa Loss: 0.4057 Recon Loss: 0.0135 Discriminator Loss: 0.0000 Perceptual Loss: 0.3717 
[11/26 21:52:59 Tokenizer]: Data (t): 0.0013, 60.81/s/gpu Batch (t): 1.0525 LR: 0.000100 Step: 19300 Total Loss: 0.5789 KL Loss: 0.0054 Repa Loss: 0.3992 Recon Loss: 0.0129 Discriminator Loss: 0.0000 Perceptual Loss: 0.3610 
[11/26 21:53:52 Tokenizer]: Data (t): 0.0013, 58.25/s/gpu Batch (t): 1.0987 LR: 0.000100 Step: 19350 Total Loss: 0.5800 KL Loss: 0.0055 Repa Loss: 0.4000 Recon Loss: 0.0127 Discriminator Loss: 0.0000 Perceptual Loss: 0.3618 
[11/26 21:54:45 Tokenizer]: Data (t): 0.0012, 64.55/s/gpu Batch (t): 0.9915 LR: 0.000100 Step: 19400 Total Loss: 0.5787 KL Loss: 0.0054 Repa Loss: 0.4002 Recon Loss: 0.0128 Discriminator Loss: 0.0000 Perceptual Loss: 0.3604 
[11/26 21:55:37 Tokenizer]: Data (t): 0.0014, 62.20/s/gpu Batch (t): 1.0290 LR: 0.000100 Step: 19450 Total Loss: 0.5772 KL Loss: 0.0055 Repa Loss: 0.4038 Recon Loss: 0.0124 Discriminator Loss: 0.0000 Perceptual Loss: 0.3574 
[11/26 21:56:30 Tokenizer]: Data (t): 0.0013, 62.89/s/gpu Batch (t): 1.0177 LR: 0.000100 Step: 19500 Total Loss: 0.5858 KL Loss: 0.0053 Repa Loss: 0.4043 Recon Loss: 0.0127 Discriminator Loss: 0.0000 Perceptual Loss: 0.3656 
[11/26 21:56:31 Tokenizer]: Reconstructing images...
[11/26 21:57:24 Tokenizer]: Data (t): 0.0012, 61.28/s/gpu Batch (t): 1.0444 LR: 0.000100 Step: 19550 Total Loss: 0.5860 KL Loss: 0.0055 Repa Loss: 0.4031 Recon Loss: 0.0127 Discriminator Loss: 0.0000 Perceptual Loss: 0.3663 
[11/26 21:58:18 Tokenizer]: Data (t): 0.0013, 60.65/s/gpu Batch (t): 1.0553 LR: 0.000100 Step: 19600 Total Loss: 0.5801 KL Loss: 0.0055 Repa Loss: 0.3956 Recon Loss: 0.0132 Discriminator Loss: 0.0000 Perceptual Loss: 0.3636 
[11/26 21:59:10 Tokenizer]: Data (t): 0.0013, 63.97/s/gpu Batch (t): 1.0004 LR: 0.000100 Step: 19650 Total Loss: 0.5829 KL Loss: 0.0055 Repa Loss: 0.4027 Recon Loss: 0.0130 Discriminator Loss: 0.0000 Perceptual Loss: 0.3632 
[11/26 22:00:04 Tokenizer]: Data (t): 0.0012, 59.83/s/gpu Batch (t): 1.0697 LR: 0.000100 Step: 19700 Total Loss: 0.5739 KL Loss: 0.0055 Repa Loss: 0.3978 Recon Loss: 0.0124 Discriminator Loss: 0.0000 Perceptual Loss: 0.3571 
[11/26 22:00:56 Tokenizer]: Data (t): 0.0012, 63.10/s/gpu Batch (t): 1.0143 LR: 0.000100 Step: 19750 Total Loss: 0.5819 KL Loss: 0.0054 Repa Loss: 0.4050 Recon Loss: 0.0130 Discriminator Loss: 0.0000 Perceptual Loss: 0.3609 
[11/26 22:01:49 Tokenizer]: Data (t): 0.0013, 60.45/s/gpu Batch (t): 1.0587 LR: 0.000100 Step: 19800 Total Loss: 0.5775 KL Loss: 0.0054 Repa Loss: 0.3983 Recon Loss: 0.0132 Discriminator Loss: 0.0000 Perceptual Loss: 0.3597 
[11/26 22:02:42 Tokenizer]: Data (t): 0.0012, 60.75/s/gpu Batch (t): 1.0535 LR: 0.000100 Step: 19850 Total Loss: 0.5701 KL Loss: 0.0055 Repa Loss: 0.3961 Recon Loss: 0.0123 Discriminator Loss: 0.0000 Perceptual Loss: 0.3542 
[11/26 22:03:35 Tokenizer]: Data (t): 0.0012, 62.40/s/gpu Batch (t): 1.0256 LR: 0.000100 Step: 19900 Total Loss: 0.5726 KL Loss: 0.0054 Repa Loss: 0.3935 Recon Loss: 0.0127 Discriminator Loss: 0.0000 Perceptual Loss: 0.3578 
[11/26 22:04:27 Tokenizer]: Data (t): 0.0012, 62.77/s/gpu Batch (t): 1.0197 LR: 0.000100 Step: 19950 Total Loss: 0.5826 KL Loss: 0.0054 Repa Loss: 0.4001 Recon Loss: 0.0132 Discriminator Loss: 0.0000 Perceptual Loss: 0.3639 
[11/26 22:05:20 Tokenizer]: Data (t): 0.0013, 55.79/s/gpu Batch (t): 1.1473 LR: 0.000100 Step: 20000 Total Loss: 0.5741 KL Loss: 0.0055 Repa Loss: 0.3945 Recon Loss: 0.0133 Discriminator Loss: 0.0000 Perceptual Loss: 0.3581 
[11/26 22:05:21 Tokenizer]: Reconstructing images...
[11/26 22:06:14 Tokenizer]: Data (t): 0.0013, 58.27/s/gpu Batch (t): 1.0983 LR: 0.000100 Step: 20050 Total Loss: 0.5743 KL Loss: 0.0054 Repa Loss: 0.4003 Recon Loss: 0.0129 Discriminator Loss: 0.0000 Perceptual Loss: 0.3559 
[11/26 22:07:06 Tokenizer]: Data (t): 0.0013, 60.30/s/gpu Batch (t): 1.0613 LR: 0.000100 Step: 20100 Total Loss: 0.5742 KL Loss: 0.0055 Repa Loss: 0.3966 Recon Loss: 0.0124 Discriminator Loss: 0.0000 Perceptual Loss: 0.3580 
[11/26 22:08:00 Tokenizer]: Data (t): 0.0012, 54.69/s/gpu Batch (t): 1.1702 LR: 0.000100 Step: 20150 Total Loss: 0.5716 KL Loss: 0.0055 Repa Loss: 0.3948 Recon Loss: 0.0124 Discriminator Loss: 0.0000 Perceptual Loss: 0.3564 
[11/26 22:08:52 Tokenizer]: Data (t): 0.0012, 59.99/s/gpu Batch (t): 1.0669 LR: 0.000100 Step: 20200 Total Loss: 0.5671 KL Loss: 0.0056 Repa Loss: 0.3952 Recon Loss: 0.0121 Discriminator Loss: 0.0000 Perceptual Loss: 0.3519 
[11/26 22:09:45 Tokenizer]: Data (t): 0.0013, 61.42/s/gpu Batch (t): 1.0419 LR: 0.000100 Step: 20250 Total Loss: 0.5596 KL Loss: 0.0055 Repa Loss: 0.3934 Recon Loss: 0.0120 Discriminator Loss: 0.0000 Perceptual Loss: 0.3454 
[11/26 22:10:38 Tokenizer]: Data (t): 0.0020, 60.69/s/gpu Batch (t): 1.0546 LR: 0.000100 Step: 20300 Total Loss: 0.5584 KL Loss: 0.0055 Repa Loss: 0.3887 Recon Loss: 0.0124 Discriminator Loss: 0.0000 Perceptual Loss: 0.3462 
[11/26 22:11:30 Tokenizer]: Data (t): 0.0013, 62.04/s/gpu Batch (t): 1.0315 LR: 0.000100 Step: 20350 Total Loss: 0.5668 KL Loss: 0.0055 Repa Loss: 0.3930 Recon Loss: 0.0124 Discriminator Loss: 0.0000 Perceptual Loss: 0.3524 
[11/26 22:12:23 Tokenizer]: Data (t): 0.0012, 62.54/s/gpu Batch (t): 1.0234 LR: 0.000100 Step: 20400 Total Loss: 0.5792 KL Loss: 0.0055 Repa Loss: 0.3957 Recon Loss: 0.0131 Discriminator Loss: 0.0000 Perceptual Loss: 0.3627 
[11/26 22:13:16 Tokenizer]: Data (t): 0.0012, 62.81/s/gpu Batch (t): 1.0190 LR: 0.000100 Step: 20450 Total Loss: 0.5630 KL Loss: 0.0055 Repa Loss: 0.3895 Recon Loss: 0.0129 Discriminator Loss: 0.0000 Perceptual Loss: 0.3498 
[11/26 22:14:09 Tokenizer]: Data (t): 0.0012, 60.23/s/gpu Batch (t): 1.0626 LR: 0.000100 Step: 20500 Total Loss: 0.5675 KL Loss: 0.0056 Repa Loss: 0.3947 Recon Loss: 0.0126 Discriminator Loss: 0.0000 Perceptual Loss: 0.3520 
[11/26 22:14:09 Tokenizer]: Reconstructing images...
[11/26 22:15:02 Tokenizer]: Data (t): 0.0013, 65.28/s/gpu Batch (t): 0.9804 LR: 0.000100 Step: 20550 Total Loss: 0.5709 KL Loss: 0.0053 Repa Loss: 0.3965 Recon Loss: 0.0131 Discriminator Loss: 0.0000 Perceptual Loss: 0.3542 
[11/26 22:15:54 Tokenizer]: Data (t): 0.0014, 63.05/s/gpu Batch (t): 1.0151 LR: 0.000100 Step: 20600 Total Loss: 0.5604 KL Loss: 0.0056 Repa Loss: 0.3902 Recon Loss: 0.0129 Discriminator Loss: 0.0000 Perceptual Loss: 0.3469 
[11/26 22:16:48 Tokenizer]: Data (t): 0.0012, 61.67/s/gpu Batch (t): 1.0378 LR: 0.000100 Step: 20650 Total Loss: 0.5721 KL Loss: 0.0056 Repa Loss: 0.3955 Recon Loss: 0.0128 Discriminator Loss: 0.0000 Perceptual Loss: 0.3559 
[11/26 22:17:41 Tokenizer]: Data (t): 0.0013, 60.79/s/gpu Batch (t): 1.0527 LR: 0.000100 Step: 20700 Total Loss: 0.5687 KL Loss: 0.0056 Repa Loss: 0.3953 Recon Loss: 0.0121 Discriminator Loss: 0.0000 Perceptual Loss: 0.3534 
[11/26 22:18:34 Tokenizer]: Data (t): 0.0012, 58.24/s/gpu Batch (t): 1.0988 LR: 0.000100 Step: 20750 Total Loss: 0.5652 KL Loss: 0.0056 Repa Loss: 0.3944 Recon Loss: 0.0125 Discriminator Loss: 0.0000 Perceptual Loss: 0.3499 
[11/26 22:19:26 Tokenizer]: Data (t): 0.0012, 60.09/s/gpu Batch (t): 1.0651 LR: 0.000100 Step: 20800 Total Loss: 0.5720 KL Loss: 0.0056 Repa Loss: 0.3974 Recon Loss: 0.0127 Discriminator Loss: 0.0000 Perceptual Loss: 0.3550 
[11/26 22:20:19 Tokenizer]: Data (t): 0.0012, 61.57/s/gpu Batch (t): 1.0395 LR: 0.000100 Step: 20850 Total Loss: 0.5523 KL Loss: 0.0056 Repa Loss: 0.3893 Recon Loss: 0.0128 Discriminator Loss: 0.0000 Perceptual Loss: 0.3393 
[11/26 22:21:12 Tokenizer]: Data (t): 0.0012, 60.53/s/gpu Batch (t): 1.0573 LR: 0.000100 Step: 20900 Total Loss: 0.5569 KL Loss: 0.0056 Repa Loss: 0.3895 Recon Loss: 0.0123 Discriminator Loss: 0.0000 Perceptual Loss: 0.3443 
[11/26 22:22:05 Tokenizer]: Data (t): 0.0012, 57.12/s/gpu Batch (t): 1.1205 LR: 0.000100 Step: 20950 Total Loss: 0.5622 KL Loss: 0.0056 Repa Loss: 0.3931 Recon Loss: 0.0118 Discriminator Loss: 0.0000 Perceptual Loss: 0.3483 
[11/26 22:22:58 Tokenizer]: Data (t): 0.0012, 50.28/s/gpu Batch (t): 1.2728 LR: 0.000100 Step: 21000 Total Loss: 0.5514 KL Loss: 0.0056 Repa Loss: 0.3867 Recon Loss: 0.0114 Discriminator Loss: 0.0000 Perceptual Loss: 0.3411 
[11/26 22:22:59 Tokenizer]: Reconstructing images...
[11/26 22:23:52 Tokenizer]: Data (t): 0.0013, 61.61/s/gpu Batch (t): 1.0387 LR: 0.000100 Step: 21050 Total Loss: 0.5568 KL Loss: 0.0056 Repa Loss: 0.3897 Recon Loss: 0.0122 Discriminator Loss: 0.0000 Perceptual Loss: 0.3442 
[11/26 22:24:45 Tokenizer]: Data (t): 0.0013, 59.63/s/gpu Batch (t): 1.0732 LR: 0.000100 Step: 21100 Total Loss: 0.5573 KL Loss: 0.0056 Repa Loss: 0.3897 Recon Loss: 0.0120 Discriminator Loss: 0.0000 Perceptual Loss: 0.3448 
[11/26 22:25:38 Tokenizer]: Data (t): 0.0012, 60.27/s/gpu Batch (t): 1.0619 LR: 0.000100 Step: 21150 Total Loss: 0.5570 KL Loss: 0.0056 Repa Loss: 0.3898 Recon Loss: 0.0124 Discriminator Loss: 0.0000 Perceptual Loss: 0.3440 
[11/26 22:26:31 Tokenizer]: Data (t): 0.0013, 59.40/s/gpu Batch (t): 1.0774 LR: 0.000100 Step: 21200 Total Loss: 0.5575 KL Loss: 0.0057 Repa Loss: 0.3929 Recon Loss: 0.0121 Discriminator Loss: 0.0000 Perceptual Loss: 0.3433 
[11/26 22:27:23 Tokenizer]: Data (t): 0.0013, 63.18/s/gpu Batch (t): 1.0129 LR: 0.000100 Step: 21250 Total Loss: 0.5606 KL Loss: 0.0057 Repa Loss: 0.3916 Recon Loss: 0.0132 Discriminator Loss: 0.0000 Perceptual Loss: 0.3460 
[11/26 22:28:17 Tokenizer]: Data (t): 0.0012, 50.48/s/gpu Batch (t): 1.2679 LR: 0.000100 Step: 21300 Total Loss: 0.5580 KL Loss: 0.0058 Repa Loss: 0.3908 Recon Loss: 0.0121 Discriminator Loss: 0.0000 Perceptual Loss: 0.3446 
[11/26 22:29:10 Tokenizer]: Data (t): 0.0020, 59.28/s/gpu Batch (t): 1.0796 LR: 0.000100 Step: 21350 Total Loss: 0.5665 KL Loss: 0.0056 Repa Loss: 0.3959 Recon Loss: 0.0133 Discriminator Loss: 0.0000 Perceptual Loss: 0.3496 
[11/26 22:30:03 Tokenizer]: Data (t): 0.0012, 61.97/s/gpu Batch (t): 1.0328 LR: 0.000100 Step: 21400 Total Loss: 0.5530 KL Loss: 0.0056 Repa Loss: 0.3827 Recon Loss: 0.0121 Discriminator Loss: 0.0000 Perceptual Loss: 0.3440 
[11/26 22:30:56 Tokenizer]: Data (t): 0.0012, 57.16/s/gpu Batch (t): 1.1196 LR: 0.000100 Step: 21450 Total Loss: 0.5491 KL Loss: 0.0057 Repa Loss: 0.3809 Recon Loss: 0.0124 Discriminator Loss: 0.0000 Perceptual Loss: 0.3406 
[11/26 22:31:48 Tokenizer]: Data (t): 0.0012, 62.02/s/gpu Batch (t): 1.0320 LR: 0.000100 Step: 21500 Total Loss: 0.5571 KL Loss: 0.0056 Repa Loss: 0.3857 Recon Loss: 0.0139 Discriminator Loss: 0.0000 Perceptual Loss: 0.3447 
[11/26 22:31:49 Tokenizer]: Reconstructing images...
[11/26 22:32:42 Tokenizer]: Data (t): 0.0012, 63.62/s/gpu Batch (t): 1.0060 LR: 0.000100 Step: 21550 Total Loss: 0.5552 KL Loss: 0.0057 Repa Loss: 0.3883 Recon Loss: 0.0119 Discriminator Loss: 0.0000 Perceptual Loss: 0.3433 
[11/26 22:33:35 Tokenizer]: Data (t): 0.0012, 62.66/s/gpu Batch (t): 1.0214 LR: 0.000100 Step: 21600 Total Loss: 0.5492 KL Loss: 0.0057 Repa Loss: 0.3821 Recon Loss: 0.0118 Discriminator Loss: 0.0000 Perceptual Loss: 0.3406 
[11/26 22:34:28 Tokenizer]: Data (t): 0.0012, 59.61/s/gpu Batch (t): 1.0737 LR: 0.000100 Step: 21650 Total Loss: 0.5505 KL Loss: 0.0056 Repa Loss: 0.3802 Recon Loss: 0.0118 Discriminator Loss: 0.0000 Perceptual Loss: 0.3430 
[11/26 22:35:21 Tokenizer]: Data (t): 0.0012, 62.84/s/gpu Batch (t): 1.0185 LR: 0.000100 Step: 21700 Total Loss: 0.5390 KL Loss: 0.0057 Repa Loss: 0.3798 Recon Loss: 0.0112 Discriminator Loss: 0.0000 Perceptual Loss: 0.3323 
[11/26 22:36:14 Tokenizer]: Data (t): 0.0021, 58.99/s/gpu Batch (t): 1.0849 LR: 0.000100 Step: 21750 Total Loss: 0.5442 KL Loss: 0.0057 Repa Loss: 0.3826 Recon Loss: 0.0126 Discriminator Loss: 0.0000 Perceptual Loss: 0.3346 
[11/26 22:37:07 Tokenizer]: Data (t): 0.0013, 65.06/s/gpu Batch (t): 0.9837 LR: 0.000100 Step: 21800 Total Loss: 0.5489 KL Loss: 0.0056 Repa Loss: 0.3808 Recon Loss: 0.0122 Discriminator Loss: 0.0000 Perceptual Loss: 0.3407 
[11/26 22:38:00 Tokenizer]: Data (t): 0.0014, 64.25/s/gpu Batch (t): 0.9961 LR: 0.000100 Step: 21850 Total Loss: 0.5442 KL Loss: 0.0056 Repa Loss: 0.3835 Recon Loss: 0.0114 Discriminator Loss: 0.0000 Perceptual Loss: 0.3354 
[11/26 22:38:52 Tokenizer]: Data (t): 0.0013, 63.66/s/gpu Batch (t): 1.0053 LR: 0.000100 Step: 21900 Total Loss: 0.5498 KL Loss: 0.0056 Repa Loss: 0.3827 Recon Loss: 0.0122 Discriminator Loss: 0.0000 Perceptual Loss: 0.3406 
[11/26 22:39:45 Tokenizer]: Data (t): 0.0012, 62.75/s/gpu Batch (t): 1.0200 LR: 0.000100 Step: 21950 Total Loss: 0.5482 KL Loss: 0.0057 Repa Loss: 0.3804 Recon Loss: 0.0121 Discriminator Loss: 0.0000 Perceptual Loss: 0.3402 
[11/26 22:40:38 Tokenizer]: Data (t): 0.0014, 50.18/s/gpu Batch (t): 1.2754 LR: 0.000100 Step: 22000 Total Loss: 0.5499 KL Loss: 0.0056 Repa Loss: 0.3846 Recon Loss: 0.0121 Discriminator Loss: 0.0000 Perceptual Loss: 0.3400 
[11/26 22:40:39 Tokenizer]: Reconstructing images...
[11/26 22:41:32 Tokenizer]: Data (t): 0.0012, 60.99/s/gpu Batch (t): 1.0493 LR: 0.000100 Step: 22050 Total Loss: 0.5427 KL Loss: 0.0057 Repa Loss: 0.3857 Recon Loss: 0.0111 Discriminator Loss: 0.0000 Perceptual Loss: 0.3330 
[11/26 22:42:24 Tokenizer]: Data (t): 0.0013, 61.48/s/gpu Batch (t): 1.0410 LR: 0.000100 Step: 22100 Total Loss: 0.5482 KL Loss: 0.0057 Repa Loss: 0.3820 Recon Loss: 0.0113 Discriminator Loss: 0.0000 Perceptual Loss: 0.3401 
[11/26 22:43:17 Tokenizer]: Data (t): 0.0013, 61.51/s/gpu Batch (t): 1.0404 LR: 0.000100 Step: 22150 Total Loss: 0.5445 KL Loss: 0.0057 Repa Loss: 0.3823 Recon Loss: 0.0116 Discriminator Loss: 0.0000 Perceptual Loss: 0.3360 
[11/26 22:44:10 Tokenizer]: Data (t): 0.0012, 60.55/s/gpu Batch (t): 1.0570 LR: 0.000100 Step: 22200 Total Loss: 0.5425 KL Loss: 0.0058 Repa Loss: 0.3827 Recon Loss: 0.0117 Discriminator Loss: 0.0000 Perceptual Loss: 0.3336 
[11/26 22:45:04 Tokenizer]: Data (t): 0.0012, 61.59/s/gpu Batch (t): 1.0392 LR: 0.000100 Step: 22250 Total Loss: 0.5322 KL Loss: 0.0056 Repa Loss: 0.3707 Recon Loss: 0.0115 Discriminator Loss: 0.0000 Perceptual Loss: 0.3297 
[11/26 22:45:56 Tokenizer]: Data (t): 0.0012, 64.77/s/gpu Batch (t): 0.9881 LR: 0.000100 Step: 22300 Total Loss: 0.5436 KL Loss: 0.0057 Repa Loss: 0.3801 Recon Loss: 0.0120 Discriminator Loss: 0.0000 Perceptual Loss: 0.3358 
[11/26 22:46:49 Tokenizer]: Data (t): 0.0013, 61.38/s/gpu Batch (t): 1.0427 LR: 0.000100 Step: 22350 Total Loss: 0.5470 KL Loss: 0.0057 Repa Loss: 0.3859 Recon Loss: 0.0122 Discriminator Loss: 0.0000 Perceptual Loss: 0.3362 
[11/26 22:47:41 Tokenizer]: Data (t): 0.0013, 64.06/s/gpu Batch (t): 0.9991 LR: 0.000100 Step: 22400 Total Loss: 0.5399 KL Loss: 0.0056 Repa Loss: 0.3852 Recon Loss: 0.0111 Discriminator Loss: 0.0000 Perceptual Loss: 0.3306 
[11/26 22:48:34 Tokenizer]: Data (t): 0.0021, 58.46/s/gpu Batch (t): 1.0948 LR: 0.000100 Step: 22450 Total Loss: 0.5441 KL Loss: 0.0057 Repa Loss: 0.3805 Recon Loss: 0.0116 Discriminator Loss: 0.0000 Perceptual Loss: 0.3365 
[11/26 22:49:27 Tokenizer]: Data (t): 0.0012, 60.40/s/gpu Batch (t): 1.0596 LR: 0.000100 Step: 22500 Total Loss: 0.5420 KL Loss: 0.0058 Repa Loss: 0.3745 Recon Loss: 0.0123 Discriminator Loss: 0.0000 Perceptual Loss: 0.3367 
[11/26 22:49:27 Tokenizer]: Reconstructing images...
[11/26 22:50:21 Tokenizer]: Data (t): 0.0012, 50.89/s/gpu Batch (t): 1.2575 LR: 0.000100 Step: 22550 Total Loss: 0.5415 KL Loss: 0.0057 Repa Loss: 0.3803 Recon Loss: 0.0124 Discriminator Loss: 0.0000 Perceptual Loss: 0.3332 
[11/26 22:51:14 Tokenizer]: Data (t): 0.0013, 59.87/s/gpu Batch (t): 1.0690 LR: 0.000100 Step: 22600 Total Loss: 0.5360 KL Loss: 0.0057 Repa Loss: 0.3781 Recon Loss: 0.0117 Discriminator Loss: 0.0000 Perceptual Loss: 0.3296 
[11/26 22:52:07 Tokenizer]: Data (t): 0.0012, 59.68/s/gpu Batch (t): 1.0724 LR: 0.000100 Step: 22650 Total Loss: 0.5364 KL Loss: 0.0058 Repa Loss: 0.3776 Recon Loss: 0.0119 Discriminator Loss: 0.0000 Perceptual Loss: 0.3300 
[11/26 22:53:00 Tokenizer]: Data (t): 0.0012, 54.20/s/gpu Batch (t): 1.1809 LR: 0.000100 Step: 22700 Total Loss: 0.5540 KL Loss: 0.0056 Repa Loss: 0.3872 Recon Loss: 0.0122 Discriminator Loss: 0.0000 Perceptual Loss: 0.3426 
[11/26 22:53:52 Tokenizer]: Data (t): 0.0012, 61.76/s/gpu Batch (t): 1.0362 LR: 0.000100 Step: 22750 Total Loss: 0.5391 KL Loss: 0.0056 Repa Loss: 0.3775 Recon Loss: 0.0117 Discriminator Loss: 0.0000 Perceptual Loss: 0.3330 
[11/26 22:54:46 Tokenizer]: Data (t): 0.0014, 61.56/s/gpu Batch (t): 1.0397 LR: 0.000100 Step: 22800 Total Loss: 0.5333 KL Loss: 0.0058 Repa Loss: 0.3755 Recon Loss: 0.0115 Discriminator Loss: 0.0000 Perceptual Loss: 0.3283 
[11/26 22:55:39 Tokenizer]: Data (t): 0.0012, 61.04/s/gpu Batch (t): 1.0486 LR: 0.000100 Step: 22850 Total Loss: 0.5448 KL Loss: 0.0057 Repa Loss: 0.3824 Recon Loss: 0.0119 Discriminator Loss: 0.0000 Perceptual Loss: 0.3360 
[11/26 22:56:32 Tokenizer]: Data (t): 0.0013, 53.69/s/gpu Batch (t): 1.1920 LR: 0.000100 Step: 22900 Total Loss: 0.5487 KL Loss: 0.0057 Repa Loss: 0.3985 Recon Loss: 0.0122 Discriminator Loss: 0.0000 Perceptual Loss: 0.3316 
[11/26 22:57:25 Tokenizer]: Data (t): 0.0013, 60.34/s/gpu Batch (t): 1.0607 LR: 0.000100 Step: 22950 Total Loss: 0.5297 KL Loss: 0.0058 Repa Loss: 0.3738 Recon Loss: 0.0124 Discriminator Loss: 0.0000 Perceptual Loss: 0.3247 
[11/26 22:58:18 Tokenizer]: Data (t): 0.0012, 48.28/s/gpu Batch (t): 1.3255 LR: 0.000100 Step: 23000 Total Loss: 0.5448 KL Loss: 0.0057 Repa Loss: 0.3779 Recon Loss: 0.0120 Discriminator Loss: 0.0000 Perceptual Loss: 0.3382 
[11/26 22:58:19 Tokenizer]: Reconstructing images...
[11/26 22:59:13 Tokenizer]: Data (t): 0.0012, 60.92/s/gpu Batch (t): 1.0505 LR: 0.000100 Step: 23050 Total Loss: 0.5407 KL Loss: 0.0057 Repa Loss: 0.3785 Recon Loss: 0.0120 Discriminator Loss: 0.0000 Perceptual Loss: 0.3338 
[11/26 23:00:07 Tokenizer]: Data (t): 0.0012, 61.10/s/gpu Batch (t): 1.0474 LR: 0.000100 Step: 23100 Total Loss: 0.5378 KL Loss: 0.0057 Repa Loss: 0.3722 Recon Loss: 0.0117 Discriminator Loss: 0.0000 Perceptual Loss: 0.3342 
[11/26 23:00:59 Tokenizer]: Data (t): 0.0012, 62.16/s/gpu Batch (t): 1.0295 LR: 0.000100 Step: 23150 Total Loss: 0.5250 KL Loss: 0.0058 Repa Loss: 0.3732 Recon Loss: 0.0109 Discriminator Loss: 0.0000 Perceptual Loss: 0.3217 
[11/26 23:01:52 Tokenizer]: Data (t): 0.0012, 58.90/s/gpu Batch (t): 1.0865 LR: 0.000100 Step: 23200 Total Loss: 0.5177 KL Loss: 0.0058 Repa Loss: 0.3679 Recon Loss: 0.0107 Discriminator Loss: 0.0000 Perceptual Loss: 0.3172 
[11/26 23:02:44 Tokenizer]: Data (t): 0.0012, 63.00/s/gpu Batch (t): 1.0159 LR: 0.000100 Step: 23250 Total Loss: 0.5321 KL Loss: 0.0058 Repa Loss: 0.3709 Recon Loss: 0.0114 Discriminator Loss: 0.0000 Perceptual Loss: 0.3294 
[11/26 23:03:37 Tokenizer]: Data (t): 0.0012, 58.73/s/gpu Batch (t): 1.0898 LR: 0.000100 Step: 23300 Total Loss: 0.5331 KL Loss: 0.0058 Repa Loss: 0.3772 Recon Loss: 0.0117 Discriminator Loss: 0.0000 Perceptual Loss: 0.3270 
[11/26 23:04:30 Tokenizer]: Data (t): 0.0013, 61.37/s/gpu Batch (t): 1.0428 LR: 0.000100 Step: 23350 Total Loss: 0.5340 KL Loss: 0.0057 Repa Loss: 0.3715 Recon Loss: 0.0112 Discriminator Loss: 0.0000 Perceptual Loss: 0.3314 
[11/26 23:05:23 Tokenizer]: Data (t): 0.0012, 59.62/s/gpu Batch (t): 1.0736 LR: 0.000100 Step: 23400 Total Loss: 0.5250 KL Loss: 0.0058 Repa Loss: 0.3717 Recon Loss: 0.0116 Discriminator Loss: 0.0000 Perceptual Loss: 0.3218 
[11/26 23:06:15 Tokenizer]: Data (t): 0.0013, 61.42/s/gpu Batch (t): 1.0420 LR: 0.000100 Step: 23450 Total Loss: 0.5149 KL Loss: 0.0058 Repa Loss: 0.3652 Recon Loss: 0.0108 Discriminator Loss: 0.0000 Perceptual Loss: 0.3157 
[11/26 23:07:08 Tokenizer]: Data (t): 0.0013, 57.34/s/gpu Batch (t): 1.1161 LR: 0.000100 Step: 23500 Total Loss: 0.5303 KL Loss: 0.0058 Repa Loss: 0.3754 Recon Loss: 0.0115 Discriminator Loss: 0.0000 Perceptual Loss: 0.3253 
[11/26 23:07:09 Tokenizer]: Reconstructing images...
[11/26 23:08:02 Tokenizer]: Data (t): 0.0012, 59.78/s/gpu Batch (t): 1.0705 LR: 0.000100 Step: 23550 Total Loss: 0.5331 KL Loss: 0.0058 Repa Loss: 0.3785 Recon Loss: 0.0113 Discriminator Loss: 0.0000 Perceptual Loss: 0.3268 
[11/26 23:08:55 Tokenizer]: Data (t): 0.0012, 56.72/s/gpu Batch (t): 1.1283 LR: 0.000100 Step: 23600 Total Loss: 0.5332 KL Loss: 0.0059 Repa Loss: 0.3734 Recon Loss: 0.0124 Discriminator Loss: 0.0000 Perceptual Loss: 0.3283 
[11/26 23:09:48 Tokenizer]: Data (t): 0.0012, 62.76/s/gpu Batch (t): 1.0198 LR: 0.000100 Step: 23650 Total Loss: 0.5341 KL Loss: 0.0057 Repa Loss: 0.3781 Recon Loss: 0.0113 Discriminator Loss: 0.0000 Perceptual Loss: 0.3281 
[11/26 23:10:41 Tokenizer]: Data (t): 0.0015, 61.21/s/gpu Batch (t): 1.0455 LR: 0.000100 Step: 23700 Total Loss: 0.5259 KL Loss: 0.0058 Repa Loss: 0.3691 Recon Loss: 0.0115 Discriminator Loss: 0.0000 Perceptual Loss: 0.3240 
[11/26 23:11:33 Tokenizer]: Data (t): 0.0012, 59.62/s/gpu Batch (t): 1.0735 LR: 0.000100 Step: 23750 Total Loss: 0.5288 KL Loss: 0.0058 Repa Loss: 0.3709 Recon Loss: 0.0114 Discriminator Loss: 0.0000 Perceptual Loss: 0.3262 
[11/26 23:12:26 Tokenizer]: Data (t): 0.0013, 60.70/s/gpu Batch (t): 1.0543 LR: 0.000100 Step: 23800 Total Loss: 0.5194 KL Loss: 0.0058 Repa Loss: 0.3641 Recon Loss: 0.0112 Discriminator Loss: 0.0000 Perceptual Loss: 0.3203 
[11/26 23:13:19 Tokenizer]: Data (t): 0.0013, 63.40/s/gpu Batch (t): 1.0095 LR: 0.000100 Step: 23850 Total Loss: 0.5249 KL Loss: 0.0058 Repa Loss: 0.3712 Recon Loss: 0.0111 Discriminator Loss: 0.0000 Perceptual Loss: 0.3224 
[11/26 23:14:12 Tokenizer]: Data (t): 0.0013, 58.39/s/gpu Batch (t): 1.0961 LR: 0.000100 Step: 23900 Total Loss: 0.5194 KL Loss: 0.0057 Repa Loss: 0.3664 Recon Loss: 0.0113 Discriminator Loss: 0.0000 Perceptual Loss: 0.3192 
[11/26 23:15:04 Tokenizer]: Data (t): 0.0013, 63.22/s/gpu Batch (t): 1.0123 LR: 0.000100 Step: 23950 Total Loss: 0.5340 KL Loss: 0.0058 Repa Loss: 0.3758 Recon Loss: 0.0116 Discriminator Loss: 0.0000 Perceptual Loss: 0.3286 
[11/26 23:15:57 Tokenizer]: Data (t): 0.0013, 57.60/s/gpu Batch (t): 1.1112 LR: 0.000100 Step: 24000 Total Loss: 0.5284 KL Loss: 0.0058 Repa Loss: 0.3697 Recon Loss: 0.0114 Discriminator Loss: 0.0000 Perceptual Loss: 0.3263 
[11/26 23:15:58 Tokenizer]: Reconstructing images...
[11/26 23:16:52 Tokenizer]: Data (t): 0.0013, 61.76/s/gpu Batch (t): 1.0362 LR: 0.000100 Step: 24050 Total Loss: 0.5296 KL Loss: 0.0058 Repa Loss: 0.3716 Recon Loss: 0.0117 Discriminator Loss: 0.0000 Perceptual Loss: 0.3263 
[11/26 23:17:44 Tokenizer]: Data (t): 0.0019, 58.19/s/gpu Batch (t): 1.0998 LR: 0.000100 Step: 24100 Total Loss: 0.5308 KL Loss: 0.0058 Repa Loss: 0.3732 Recon Loss: 0.0114 Discriminator Loss: 0.0000 Perceptual Loss: 0.3270 
[11/26 23:18:38 Tokenizer]: Data (t): 0.0012, 59.91/s/gpu Batch (t): 1.0682 LR: 0.000100 Step: 24150 Total Loss: 0.5160 KL Loss: 0.0058 Repa Loss: 0.3646 Recon Loss: 0.0116 Discriminator Loss: 0.0000 Perceptual Loss: 0.3163 
[11/26 23:19:30 Tokenizer]: Data (t): 0.0014, 60.23/s/gpu Batch (t): 1.0626 LR: 0.000100 Step: 24200 Total Loss: 0.5226 KL Loss: 0.0058 Repa Loss: 0.3645 Recon Loss: 0.0114 Discriminator Loss: 0.0000 Perceptual Loss: 0.3232 
[11/26 23:20:24 Tokenizer]: Data (t): 0.0012, 65.12/s/gpu Batch (t): 0.9828 LR: 0.000100 Step: 24250 Total Loss: 0.5178 KL Loss: 0.0058 Repa Loss: 0.3636 Recon Loss: 0.0113 Discriminator Loss: 0.0000 Perceptual Loss: 0.3190 
[11/26 23:21:16 Tokenizer]: Data (t): 0.0013, 63.52/s/gpu Batch (t): 1.0076 LR: 0.000100 Step: 24300 Total Loss: 0.5247 KL Loss: 0.0057 Repa Loss: 0.3763 Recon Loss: 0.0106 Discriminator Loss: 0.0000 Perceptual Loss: 0.3202 
[11/26 23:22:10 Tokenizer]: Data (t): 0.0013, 61.06/s/gpu Batch (t): 1.0481 LR: 0.000100 Step: 24350 Total Loss: 0.5258 KL Loss: 0.0059 Repa Loss: 0.3649 Recon Loss: 0.0119 Discriminator Loss: 0.0000 Perceptual Loss: 0.3256 
[11/26 23:23:03 Tokenizer]: Data (t): 0.0014, 59.61/s/gpu Batch (t): 1.0737 LR: 0.000100 Step: 24400 Total Loss: 0.5224 KL Loss: 0.0058 Repa Loss: 0.3736 Recon Loss: 0.0114 Discriminator Loss: 0.0000 Perceptual Loss: 0.3183 
[11/26 23:23:56 Tokenizer]: Data (t): 0.0014, 62.56/s/gpu Batch (t): 1.0231 LR: 0.000100 Step: 24450 Total Loss: 0.5067 KL Loss: 0.0059 Repa Loss: 0.3625 Recon Loss: 0.0105 Discriminator Loss: 0.0000 Perceptual Loss: 0.3091 
[11/26 23:24:49 Tokenizer]: Data (t): 0.0013, 60.70/s/gpu Batch (t): 1.0544 LR: 0.000100 Step: 24500 Total Loss: 0.5203 KL Loss: 0.0058 Repa Loss: 0.3680 Recon Loss: 0.0111 Discriminator Loss: 0.0000 Perceptual Loss: 0.3194 
[11/26 23:24:49 Tokenizer]: Reconstructing images...
[11/26 23:25:43 Tokenizer]: Data (t): 0.0012, 58.07/s/gpu Batch (t): 1.1021 LR: 0.000100 Step: 24550 Total Loss: 0.5314 KL Loss: 0.0057 Repa Loss: 0.3705 Recon Loss: 0.0116 Discriminator Loss: 0.0000 Perceptual Loss: 0.3288 
[11/26 23:26:36 Tokenizer]: Data (t): 0.0013, 65.73/s/gpu Batch (t): 0.9737 LR: 0.000100 Step: 24600 Total Loss: 0.5241 KL Loss: 0.0058 Repa Loss: 0.3686 Recon Loss: 0.0114 Discriminator Loss: 0.0000 Perceptual Loss: 0.3226 
[11/26 23:27:29 Tokenizer]: Data (t): 0.0020, 58.33/s/gpu Batch (t): 1.0972 LR: 0.000100 Step: 24650 Total Loss: 0.5126 KL Loss: 0.0058 Repa Loss: 0.3601 Recon Loss: 0.0120 Discriminator Loss: 0.0000 Perceptual Loss: 0.3147 
[11/26 23:28:21 Tokenizer]: Data (t): 0.0013, 61.02/s/gpu Batch (t): 1.0489 LR: 0.000100 Step: 24700 Total Loss: 0.5142 KL Loss: 0.0058 Repa Loss: 0.3628 Recon Loss: 0.0109 Discriminator Loss: 0.0000 Perceptual Loss: 0.3161 
[11/26 23:29:15 Tokenizer]: Data (t): 0.0020, 60.09/s/gpu Batch (t): 1.0651 LR: 0.000100 Step: 24750 Total Loss: 0.5227 KL Loss: 0.0058 Repa Loss: 0.3685 Recon Loss: 0.0109 Discriminator Loss: 0.0000 Perceptual Loss: 0.3217 
[11/26 23:30:08 Tokenizer]: Data (t): 0.0013, 62.54/s/gpu Batch (t): 1.0234 LR: 0.000100 Step: 24800 Total Loss: 0.5264 KL Loss: 0.0059 Repa Loss: 0.3671 Recon Loss: 0.0117 Discriminator Loss: 0.0000 Perceptual Loss: 0.3253 
[11/26 23:31:00 Tokenizer]: Data (t): 0.0013, 59.42/s/gpu Batch (t): 1.0770 LR: 0.000100 Step: 24850 Total Loss: 0.5153 KL Loss: 0.0059 Repa Loss: 0.3637 Recon Loss: 0.0107 Discriminator Loss: 0.0000 Perceptual Loss: 0.3168 
[11/26 23:31:53 Tokenizer]: Data (t): 0.0019, 60.54/s/gpu Batch (t): 1.0571 LR: 0.000100 Step: 24900 Total Loss: 0.5153 KL Loss: 0.0058 Repa Loss: 0.3606 Recon Loss: 0.0123 Discriminator Loss: 0.0000 Perceptual Loss: 0.3168 
[11/26 23:32:46 Tokenizer]: Data (t): 0.0013, 55.65/s/gpu Batch (t): 1.1501 LR: 0.000100 Step: 24950 Total Loss: 0.5160 KL Loss: 0.0059 Repa Loss: 0.3661 Recon Loss: 0.0109 Discriminator Loss: 0.0000 Perceptual Loss: 0.3162 
[11/26 23:33:39 Tokenizer]: Data (t): 0.0013, 58.76/s/gpu Batch (t): 1.0892 LR: 0.000100 Step: 25000 Total Loss: 0.5153 KL Loss: 0.0058 Repa Loss: 0.3608 Recon Loss: 0.0111 Discriminator Loss: 0.0000 Perceptual Loss: 0.3180 
[11/26 23:33:40 Tokenizer]: Reconstructing images...
[11/26 23:34:34 Tokenizer]: Data (t): 0.0012, 62.23/s/gpu Batch (t): 1.0284 LR: 0.000100 Step: 25050 Total Loss: 0.5106 KL Loss: 0.0059 Repa Loss: 0.3571 Recon Loss: 0.0113 Discriminator Loss: 0.0000 Perceptual Loss: 0.3149 
[11/26 23:35:27 Tokenizer]: Data (t): 0.0013, 65.06/s/gpu Batch (t): 0.9837 LR: 0.000100 Step: 25100 Total Loss: 0.5084 KL Loss: 0.0059 Repa Loss: 0.3582 Recon Loss: 0.0111 Discriminator Loss: 0.0000 Perceptual Loss: 0.3124 
[11/26 23:36:20 Tokenizer]: Data (t): 0.0015, 61.87/s/gpu Batch (t): 1.0344 LR: 0.000100 Step: 25150 Total Loss: 0.5061 KL Loss: 0.0059 Repa Loss: 0.3545 Recon Loss: 0.0108 Discriminator Loss: 0.0000 Perceptual Loss: 0.3122 
[11/26 23:37:13 Tokenizer]: Data (t): 0.0015, 61.27/s/gpu Batch (t): 1.0445 LR: 0.000100 Step: 25200 Total Loss: 0.5165 KL Loss: 0.0058 Repa Loss: 0.3600 Recon Loss: 0.0111 Discriminator Loss: 0.0000 Perceptual Loss: 0.3195 
[11/26 23:38:06 Tokenizer]: Data (t): 0.0013, 61.64/s/gpu Batch (t): 1.0383 LR: 0.000100 Step: 25250 Total Loss: 0.5100 KL Loss: 0.0059 Repa Loss: 0.3580 Recon Loss: 0.0116 Discriminator Loss: 0.0000 Perceptual Loss: 0.3135 
[11/26 23:39:00 Tokenizer]: Data (t): 0.0012, 62.33/s/gpu Batch (t): 1.0267 LR: 0.000100 Step: 25300 Total Loss: 0.5150 KL Loss: 0.0059 Repa Loss: 0.3598 Recon Loss: 0.0112 Discriminator Loss: 0.0000 Perceptual Loss: 0.3180 
[11/26 23:39:53 Tokenizer]: Data (t): 0.0012, 56.49/s/gpu Batch (t): 1.1330 LR: 0.000100 Step: 25350 Total Loss: 0.5168 KL Loss: 0.0058 Repa Loss: 0.3591 Recon Loss: 0.0113 Discriminator Loss: 0.0000 Perceptual Loss: 0.3202 
[11/26 23:40:46 Tokenizer]: Data (t): 0.0013, 62.91/s/gpu Batch (t): 1.0174 LR: 0.000100 Step: 25400 Total Loss: 0.5117 KL Loss: 0.0058 Repa Loss: 0.3620 Recon Loss: 0.0109 Discriminator Loss: 0.0000 Perceptual Loss: 0.3139 
[11/26 23:41:39 Tokenizer]: Data (t): 0.0013, 61.50/s/gpu Batch (t): 1.0407 LR: 0.000100 Step: 25450 Total Loss: 0.5129 KL Loss: 0.0058 Repa Loss: 0.3624 Recon Loss: 0.0109 Discriminator Loss: 0.0000 Perceptual Loss: 0.3150 
[11/26 23:42:31 Tokenizer]: Data (t): 0.0014, 61.22/s/gpu Batch (t): 1.0454 LR: 0.000100 Step: 25500 Total Loss: 0.5120 KL Loss: 0.0059 Repa Loss: 0.3584 Recon Loss: 0.0109 Discriminator Loss: 0.0000 Perceptual Loss: 0.3160 
[11/26 23:42:32 Tokenizer]: Reconstructing images...
[11/26 23:43:26 Tokenizer]: Data (t): 0.0013, 61.45/s/gpu Batch (t): 1.0416 LR: 0.000100 Step: 25550 Total Loss: 0.5109 KL Loss: 0.0058 Repa Loss: 0.3605 Recon Loss: 0.0116 Discriminator Loss: 0.0000 Perceptual Loss: 0.3132 
[11/26 23:44:19 Tokenizer]: Data (t): 0.0013, 63.94/s/gpu Batch (t): 1.0010 LR: 0.000100 Step: 25600 Total Loss: 0.5047 KL Loss: 0.0059 Repa Loss: 0.3545 Recon Loss: 0.0105 Discriminator Loss: 0.0000 Perceptual Loss: 0.3111 
[11/26 23:45:13 Tokenizer]: Data (t): 0.0013, 56.53/s/gpu Batch (t): 1.1321 LR: 0.000100 Step: 25650 Total Loss: 0.5065 KL Loss: 0.0059 Repa Loss: 0.3582 Recon Loss: 0.0106 Discriminator Loss: 0.0000 Perceptual Loss: 0.3108 
[11/26 23:46:06 Tokenizer]: Data (t): 0.0013, 58.30/s/gpu Batch (t): 1.0978 LR: 0.000100 Step: 25700 Total Loss: 0.5076 KL Loss: 0.0059 Repa Loss: 0.3545 Recon Loss: 0.0116 Discriminator Loss: 0.0000 Perceptual Loss: 0.3128 
[11/26 23:47:00 Tokenizer]: Data (t): 0.0012, 58.93/s/gpu Batch (t): 1.0861 LR: 0.000100 Step: 25750 Total Loss: 0.5138 KL Loss: 0.0059 Repa Loss: 0.3579 Recon Loss: 0.0119 Discriminator Loss: 0.0000 Perceptual Loss: 0.3170 
[11/26 23:47:53 Tokenizer]: Data (t): 0.0013, 59.19/s/gpu Batch (t): 1.0813 LR: 0.000100 Step: 25800 Total Loss: 0.5032 KL Loss: 0.0059 Repa Loss: 0.3591 Recon Loss: 0.0103 Discriminator Loss: 0.0000 Perceptual Loss: 0.3074 
[11/26 23:48:46 Tokenizer]: Data (t): 0.0012, 59.65/s/gpu Batch (t): 1.0729 LR: 0.000100 Step: 25850 Total Loss: 0.5030 KL Loss: 0.0059 Repa Loss: 0.3548 Recon Loss: 0.0111 Discriminator Loss: 0.0000 Perceptual Loss: 0.3086 
[11/26 23:49:38 Tokenizer]: Data (t): 0.0013, 61.96/s/gpu Batch (t): 1.0330 LR: 0.000100 Step: 25900 Total Loss: 0.5098 KL Loss: 0.0059 Repa Loss: 0.3537 Recon Loss: 0.0110 Discriminator Loss: 0.0000 Perceptual Loss: 0.3160 
[11/26 23:50:31 Tokenizer]: Data (t): 0.0012, 63.66/s/gpu Batch (t): 1.0053 LR: 0.000100 Step: 25950 Total Loss: 0.5098 KL Loss: 0.0058 Repa Loss: 0.3577 Recon Loss: 0.0111 Discriminator Loss: 0.0000 Perceptual Loss: 0.3140 
[11/26 23:51:24 Tokenizer]: Data (t): 0.0013, 49.79/s/gpu Batch (t): 1.2855 LR: 0.000100 Step: 26000 Total Loss: 0.5088 KL Loss: 0.0059 Repa Loss: 0.3585 Recon Loss: 0.0108 Discriminator Loss: 0.0000 Perceptual Loss: 0.3127 
[11/26 23:51:25 Tokenizer]: Reconstructing images...
[11/26 23:52:19 Tokenizer]: Data (t): 0.0012, 59.32/s/gpu Batch (t): 1.0789 LR: 0.000100 Step: 26050 Total Loss: 0.5014 KL Loss: 0.0060 Repa Loss: 0.3562 Recon Loss: 0.0106 Discriminator Loss: 0.0000 Perceptual Loss: 0.3068 
[11/26 23:53:11 Tokenizer]: Data (t): 0.0013, 63.69/s/gpu Batch (t): 1.0049 LR: 0.000100 Step: 26100 Total Loss: 0.5053 KL Loss: 0.0058 Repa Loss: 0.3589 Recon Loss: 0.0108 Discriminator Loss: 0.0000 Perceptual Loss: 0.3092 
[11/26 23:54:05 Tokenizer]: Data (t): 0.0012, 59.92/s/gpu Batch (t): 1.0681 LR: 0.000100 Step: 26150 Total Loss: 0.5010 KL Loss: 0.0060 Repa Loss: 0.3564 Recon Loss: 0.0107 Discriminator Loss: 0.0000 Perceptual Loss: 0.3062 
[11/26 23:54:58 Tokenizer]: Data (t): 0.0013, 62.88/s/gpu Batch (t): 1.0178 LR: 0.000100 Step: 26200 Total Loss: 0.5085 KL Loss: 0.0059 Repa Loss: 0.3568 Recon Loss: 0.0111 Discriminator Loss: 0.0000 Perceptual Loss: 0.3131 
[11/26 23:55:51 Tokenizer]: Data (t): 0.0013, 57.70/s/gpu Batch (t): 1.1091 LR: 0.000100 Step: 26250 Total Loss: 0.5016 KL Loss: 0.0059 Repa Loss: 0.3526 Recon Loss: 0.0108 Discriminator Loss: 0.0000 Perceptual Loss: 0.3086 
[11/26 23:56:45 Tokenizer]: Data (t): 0.0013, 59.90/s/gpu Batch (t): 1.0684 LR: 0.000100 Step: 26300 Total Loss: 0.5117 KL Loss: 0.0059 Repa Loss: 0.3607 Recon Loss: 0.0112 Discriminator Loss: 0.0000 Perceptual Loss: 0.3143 
[11/26 23:57:38 Tokenizer]: Data (t): 0.0013, 58.95/s/gpu Batch (t): 1.0856 LR: 0.000100 Step: 26350 Total Loss: 0.4967 KL Loss: 0.0060 Repa Loss: 0.3535 Recon Loss: 0.0105 Discriminator Loss: 0.0000 Perceptual Loss: 0.3035 
[11/26 23:58:31 Tokenizer]: Data (t): 0.0013, 60.79/s/gpu Batch (t): 1.0529 LR: 0.000100 Step: 26400 Total Loss: 0.5074 KL Loss: 0.0060 Repa Loss: 0.3576 Recon Loss: 0.0105 Discriminator Loss: 0.0000 Perceptual Loss: 0.3121 
[11/26 23:59:24 Tokenizer]: Data (t): 0.0013, 55.92/s/gpu Batch (t): 1.1444 LR: 0.000100 Step: 26450 Total Loss: 0.4969 KL Loss: 0.0059 Repa Loss: 0.3571 Recon Loss: 0.0103 Discriminator Loss: 0.0000 Perceptual Loss: 0.3021 
[11/27 00:00:17 Tokenizer]: Data (t): 0.0013, 63.81/s/gpu Batch (t): 1.0030 LR: 0.000100 Step: 26500 Total Loss: 0.5045 KL Loss: 0.0060 Repa Loss: 0.3543 Recon Loss: 0.0111 Discriminator Loss: 0.0000 Perceptual Loss: 0.3103 
[11/27 00:00:18 Tokenizer]: Reconstructing images...
[11/27 00:01:11 Tokenizer]: Data (t): 0.0013, 59.34/s/gpu Batch (t): 1.0785 LR: 0.000100 Step: 26550 Total Loss: 0.5005 KL Loss: 0.0059 Repa Loss: 0.3505 Recon Loss: 0.0112 Discriminator Loss: 0.0000 Perceptual Loss: 0.3082 
[11/27 00:02:04 Tokenizer]: Data (t): 0.0013, 61.52/s/gpu Batch (t): 1.0402 LR: 0.000100 Step: 26600 Total Loss: 0.5041 KL Loss: 0.0059 Repa Loss: 0.3549 Recon Loss: 0.0109 Discriminator Loss: 0.0000 Perceptual Loss: 0.3098 
[11/27 00:02:57 Tokenizer]: Data (t): 0.0012, 56.21/s/gpu Batch (t): 1.1385 LR: 0.000100 Step: 26650 Total Loss: 0.5084 KL Loss: 0.0060 Repa Loss: 0.3570 Recon Loss: 0.0109 Discriminator Loss: 0.0000 Perceptual Loss: 0.3130 
[11/27 00:03:50 Tokenizer]: Data (t): 0.0012, 57.68/s/gpu Batch (t): 1.1095 LR: 0.000100 Step: 26700 Total Loss: 0.4943 KL Loss: 0.0060 Repa Loss: 0.3507 Recon Loss: 0.0104 Discriminator Loss: 0.0000 Perceptual Loss: 0.3024 
[11/27 00:04:43 Tokenizer]: Data (t): 0.0012, 64.20/s/gpu Batch (t): 0.9968 LR: 0.000100 Step: 26750 Total Loss: 0.4978 KL Loss: 0.0060 Repa Loss: 0.3499 Recon Loss: 0.0109 Discriminator Loss: 0.0000 Perceptual Loss: 0.3059 
[11/27 00:05:36 Tokenizer]: Data (t): 0.0012, 60.26/s/gpu Batch (t): 1.0620 LR: 0.000100 Step: 26800 Total Loss: 0.5017 KL Loss: 0.0060 Repa Loss: 0.3554 Recon Loss: 0.0106 Discriminator Loss: 0.0000 Perceptual Loss: 0.3074 
[11/27 00:06:29 Tokenizer]: Data (t): 0.0012, 59.19/s/gpu Batch (t): 1.0812 LR: 0.000100 Step: 26850 Total Loss: 0.5014 KL Loss: 0.0060 Repa Loss: 0.3526 Recon Loss: 0.0107 Discriminator Loss: 0.0000 Perceptual Loss: 0.3083 
[11/27 00:07:21 Tokenizer]: Data (t): 0.0012, 60.08/s/gpu Batch (t): 1.0653 LR: 0.000100 Step: 26900 Total Loss: 0.4933 KL Loss: 0.0061 Repa Loss: 0.3499 Recon Loss: 0.0106 Discriminator Loss: 0.0000 Perceptual Loss: 0.3017 
[11/27 00:08:13 Tokenizer]: Data (t): 0.0013, 61.92/s/gpu Batch (t): 1.0335 LR: 0.000100 Step: 26950 Total Loss: 0.4977 KL Loss: 0.0060 Repa Loss: 0.3564 Recon Loss: 0.0101 Discriminator Loss: 0.0000 Perceptual Loss: 0.3033 
[11/27 00:09:06 Tokenizer]: Data (t): 0.0012, 52.25/s/gpu Batch (t): 1.2249 LR: 0.000100 Step: 27000 Total Loss: 0.4948 KL Loss: 0.0061 Repa Loss: 0.3521 Recon Loss: 0.0105 Discriminator Loss: 0.0000 Perceptual Loss: 0.3022 
[11/27 00:09:07 Tokenizer]: Reconstructing images...
[11/27 00:10:00 Tokenizer]: Data (t): 0.0013, 57.69/s/gpu Batch (t): 1.1093 LR: 0.000100 Step: 27050 Total Loss: 0.4975 KL Loss: 0.0061 Repa Loss: 0.3568 Recon Loss: 0.0106 Discriminator Loss: 0.0000 Perceptual Loss: 0.3024 
[11/27 00:10:53 Tokenizer]: Data (t): 0.0012, 62.42/s/gpu Batch (t): 1.0254 LR: 0.000100 Step: 27100 Total Loss: 0.4964 KL Loss: 0.0061 Repa Loss: 0.3504 Recon Loss: 0.0109 Discriminator Loss: 0.0000 Perceptual Loss: 0.3043 
[11/27 00:11:46 Tokenizer]: Data (t): 0.0012, 62.03/s/gpu Batch (t): 1.0318 LR: 0.000100 Step: 27150 Total Loss: 0.4952 KL Loss: 0.0061 Repa Loss: 0.3497 Recon Loss: 0.0111 Discriminator Loss: 0.0000 Perceptual Loss: 0.3032 
[11/27 00:12:38 Tokenizer]: Data (t): 0.0012, 62.03/s/gpu Batch (t): 1.0317 LR: 0.000100 Step: 27200 Total Loss: 0.4893 KL Loss: 0.0061 Repa Loss: 0.3498 Recon Loss: 0.0103 Discriminator Loss: 0.0000 Perceptual Loss: 0.2981 
[11/27 00:13:31 Tokenizer]: Data (t): 0.0013, 60.68/s/gpu Batch (t): 1.0547 LR: 0.000100 Step: 27250 Total Loss: 0.4920 KL Loss: 0.0061 Repa Loss: 0.3465 Recon Loss: 0.0105 Discriminator Loss: 0.0000 Perceptual Loss: 0.3022 
[11/27 00:14:24 Tokenizer]: Data (t): 0.0015, 58.64/s/gpu Batch (t): 1.0914 LR: 0.000100 Step: 27300 Total Loss: 0.4912 KL Loss: 0.0061 Repa Loss: 0.3503 Recon Loss: 0.0108 Discriminator Loss: 0.0000 Perceptual Loss: 0.2991 
[11/27 00:15:17 Tokenizer]: Data (t): 0.0012, 53.55/s/gpu Batch (t): 1.1952 LR: 0.000100 Step: 27350 Total Loss: 0.5125 KL Loss: 0.0061 Repa Loss: 0.3683 Recon Loss: 0.0115 Discriminator Loss: 0.0000 Perceptual Loss: 0.3108 
[11/27 00:16:10 Tokenizer]: Data (t): 0.0012, 60.55/s/gpu Batch (t): 1.0569 LR: 0.000100 Step: 27400 Total Loss: 0.4913 KL Loss: 0.0061 Repa Loss: 0.3499 Recon Loss: 0.0109 Discriminator Loss: 0.0000 Perceptual Loss: 0.2993 
[11/27 00:17:02 Tokenizer]: Data (t): 0.0012, 64.78/s/gpu Batch (t): 0.9879 LR: 0.000100 Step: 27450 Total Loss: 0.4971 KL Loss: 0.0060 Repa Loss: 0.3547 Recon Loss: 0.0109 Discriminator Loss: 0.0000 Perceptual Loss: 0.3029 
[11/27 00:17:55 Tokenizer]: Data (t): 0.0012, 60.59/s/gpu Batch (t): 1.0563 LR: 0.000100 Step: 27500 Total Loss: 0.4902 KL Loss: 0.0061 Repa Loss: 0.3487 Recon Loss: 0.0105 Discriminator Loss: 0.0000 Perceptual Loss: 0.2993 
[11/27 00:17:55 Tokenizer]: Reconstructing images...
[11/27 00:18:49 Tokenizer]: Data (t): 0.0015, 63.68/s/gpu Batch (t): 1.0051 LR: 0.000100 Step: 27550 Total Loss: 0.4967 KL Loss: 0.0061 Repa Loss: 0.3515 Recon Loss: 0.0109 Discriminator Loss: 0.0000 Perceptual Loss: 0.3040 
[11/27 00:19:42 Tokenizer]: Data (t): 0.0015, 61.06/s/gpu Batch (t): 1.0482 LR: 0.000100 Step: 27600 Total Loss: 0.4965 KL Loss: 0.0060 Repa Loss: 0.3506 Recon Loss: 0.0107 Discriminator Loss: 0.0000 Perceptual Loss: 0.3045 
[11/27 00:20:36 Tokenizer]: Data (t): 0.0015, 61.49/s/gpu Batch (t): 1.0408 LR: 0.000100 Step: 27650 Total Loss: 0.4999 KL Loss: 0.0061 Repa Loss: 0.3504 Recon Loss: 0.0104 Discriminator Loss: 0.0000 Perceptual Loss: 0.3082 
[11/27 00:21:29 Tokenizer]: Data (t): 0.0014, 59.71/s/gpu Batch (t): 1.0718 LR: 0.000100 Step: 27700 Total Loss: 0.4868 KL Loss: 0.0061 Repa Loss: 0.3506 Recon Loss: 0.0102 Discriminator Loss: 0.0000 Perceptual Loss: 0.2952 
[11/27 00:22:22 Tokenizer]: Data (t): 0.0014, 61.89/s/gpu Batch (t): 1.0340 LR: 0.000100 Step: 27750 Total Loss: 0.4877 KL Loss: 0.0061 Repa Loss: 0.3507 Recon Loss: 0.0101 Discriminator Loss: 0.0000 Perceptual Loss: 0.2960 
[11/27 00:23:15 Tokenizer]: Data (t): 0.0015, 59.40/s/gpu Batch (t): 1.0774 LR: 0.000100 Step: 27800 Total Loss: 0.4926 KL Loss: 0.0061 Repa Loss: 0.3463 Recon Loss: 0.0108 Discriminator Loss: 0.0000 Perceptual Loss: 0.3026 
[11/27 00:24:08 Tokenizer]: Data (t): 0.0014, 60.52/s/gpu Batch (t): 1.0575 LR: 0.000100 Step: 27850 Total Loss: 0.4881 KL Loss: 0.0061 Repa Loss: 0.3443 Recon Loss: 0.0107 Discriminator Loss: 0.0000 Perceptual Loss: 0.2991 
[11/27 00:25:01 Tokenizer]: Data (t): 0.0014, 58.76/s/gpu Batch (t): 1.0891 LR: 0.000100 Step: 27900 Total Loss: 0.4961 KL Loss: 0.0061 Repa Loss: 0.3528 Recon Loss: 0.0103 Discriminator Loss: 0.0000 Perceptual Loss: 0.3033 
[11/27 00:25:54 Tokenizer]: Data (t): 0.0013, 59.12/s/gpu Batch (t): 1.0825 LR: 0.000100 Step: 27950 Total Loss: 0.4874 KL Loss: 0.0061 Repa Loss: 0.3464 Recon Loss: 0.0106 Discriminator Loss: 0.0000 Perceptual Loss: 0.2975 
[11/27 00:26:47 Tokenizer]: Data (t): 0.0015, 55.89/s/gpu Batch (t): 1.1450 LR: 0.000100 Step: 28000 Total Loss: 0.4898 KL Loss: 0.0061 Repa Loss: 0.3457 Recon Loss: 0.0107 Discriminator Loss: 0.0000 Perceptual Loss: 0.3002 
[11/27 00:26:48 Tokenizer]: Reconstructing images...
[11/27 00:27:42 Tokenizer]: Data (t): 0.0027, 60.84/s/gpu Batch (t): 1.0520 LR: 0.000100 Step: 28050 Total Loss: 0.4895 KL Loss: 0.0061 Repa Loss: 0.3490 Recon Loss: 0.0099 Discriminator Loss: 0.0000 Perceptual Loss: 0.2990 
[11/27 00:28:36 Tokenizer]: Data (t): 0.0014, 56.20/s/gpu Batch (t): 1.1388 LR: 0.000100 Step: 28100 Total Loss: 0.4920 KL Loss: 0.0061 Repa Loss: 0.3486 Recon Loss: 0.0118 Discriminator Loss: 0.0000 Perceptual Loss: 0.2997 
[11/27 00:29:28 Tokenizer]: Data (t): 0.0014, 62.56/s/gpu Batch (t): 1.0230 LR: 0.000100 Step: 28150 Total Loss: 0.4907 KL Loss: 0.0062 Repa Loss: 0.3482 Recon Loss: 0.0109 Discriminator Loss: 0.0000 Perceptual Loss: 0.2996 
[11/27 00:30:22 Tokenizer]: Data (t): 0.0014, 63.68/s/gpu Batch (t): 1.0050 LR: 0.000100 Step: 28200 Total Loss: 0.4916 KL Loss: 0.0060 Repa Loss: 0.3504 Recon Loss: 0.0101 Discriminator Loss: 0.0000 Perceptual Loss: 0.3002 
[11/27 00:31:16 Tokenizer]: Data (t): 0.0015, 62.39/s/gpu Batch (t): 1.0258 LR: 0.000100 Step: 28250 Total Loss: 0.4907 KL Loss: 0.0061 Repa Loss: 0.3432 Recon Loss: 0.0115 Discriminator Loss: 0.0000 Perceptual Loss: 0.3014 
[11/27 00:32:09 Tokenizer]: Data (t): 0.0016, 61.03/s/gpu Batch (t): 1.0486 LR: 0.000100 Step: 28300 Total Loss: 0.5002 KL Loss: 0.0062 Repa Loss: 0.3524 Recon Loss: 0.0108 Discriminator Loss: 0.0000 Perceptual Loss: 0.3069 
[11/27 00:33:02 Tokenizer]: Data (t): 0.0014, 59.98/s/gpu Batch (t): 1.0671 LR: 0.000100 Step: 28350 Total Loss: 0.4823 KL Loss: 0.0062 Repa Loss: 0.3469 Recon Loss: 0.0101 Discriminator Loss: 0.0000 Perceptual Loss: 0.2926 
[11/27 00:33:54 Tokenizer]: Data (t): 0.0014, 59.63/s/gpu Batch (t): 1.0732 LR: 0.000100 Step: 28400 Total Loss: 0.4905 KL Loss: 0.0061 Repa Loss: 0.3447 Recon Loss: 0.0105 Discriminator Loss: 0.0000 Perceptual Loss: 0.3016 
[11/27 00:34:47 Tokenizer]: Data (t): 0.0014, 60.95/s/gpu Batch (t): 1.0501 LR: 0.000100 Step: 28450 Total Loss: 0.4845 KL Loss: 0.0061 Repa Loss: 0.3426 Recon Loss: 0.0102 Discriminator Loss: 0.0000 Perceptual Loss: 0.2969 
[11/27 00:35:41 Tokenizer]: Data (t): 0.0015, 55.43/s/gpu Batch (t): 1.1545 LR: 0.000100 Step: 28500 Total Loss: 0.4873 KL Loss: 0.0062 Repa Loss: 0.3440 Recon Loss: 0.0106 Discriminator Loss: 0.0000 Perceptual Loss: 0.2984 
[11/27 00:35:41 Tokenizer]: Reconstructing images...
[11/27 00:36:35 Tokenizer]: Data (t): 0.0013, 60.56/s/gpu Batch (t): 1.0568 LR: 0.000100 Step: 28550 Total Loss: 0.4893 KL Loss: 0.0061 Repa Loss: 0.3452 Recon Loss: 0.0105 Discriminator Loss: 0.0000 Perceptual Loss: 0.3001 
[11/27 00:37:29 Tokenizer]: Data (t): 0.0015, 60.08/s/gpu Batch (t): 1.0652 LR: 0.000100 Step: 28600 Total Loss: 0.4777 KL Loss: 0.0061 Repa Loss: 0.3352 Recon Loss: 0.0100 Discriminator Loss: 0.0000 Perceptual Loss: 0.2939 
[11/27 00:38:22 Tokenizer]: Data (t): 0.0014, 63.80/s/gpu Batch (t): 1.0031 LR: 0.000100 Step: 28650 Total Loss: 0.4876 KL Loss: 0.0061 Repa Loss: 0.3432 Recon Loss: 0.0107 Discriminator Loss: 0.0000 Perceptual Loss: 0.2991 
[11/27 00:39:15 Tokenizer]: Data (t): 0.0014, 60.38/s/gpu Batch (t): 1.0600 LR: 0.000100 Step: 28700 Total Loss: 0.4835 KL Loss: 0.0061 Repa Loss: 0.3413 Recon Loss: 0.0103 Discriminator Loss: 0.0000 Perceptual Loss: 0.2964 
[11/27 00:40:08 Tokenizer]: Data (t): 0.0015, 62.53/s/gpu Batch (t): 1.0235 LR: 0.000100 Step: 28750 Total Loss: 0.4871 KL Loss: 0.0061 Repa Loss: 0.3480 Recon Loss: 0.0101 Discriminator Loss: 0.0000 Perceptual Loss: 0.2969 
[11/27 00:41:01 Tokenizer]: Data (t): 0.0013, 59.12/s/gpu Batch (t): 1.0825 LR: 0.000100 Step: 28800 Total Loss: 0.4915 KL Loss: 0.0061 Repa Loss: 0.3478 Recon Loss: 0.0109 Discriminator Loss: 0.0000 Perceptual Loss: 0.3006 
[11/27 00:41:54 Tokenizer]: Data (t): 0.0015, 58.42/s/gpu Batch (t): 1.0956 LR: 0.000100 Step: 28850 Total Loss: 0.4919 KL Loss: 0.0059 Repa Loss: 0.3427 Recon Loss: 0.0106 Discriminator Loss: 0.0000 Perceptual Loss: 0.3040 
[11/27 00:42:48 Tokenizer]: Data (t): 0.0015, 58.51/s/gpu Batch (t): 1.0938 LR: 0.000100 Step: 28900 Total Loss: 0.4780 KL Loss: 0.0062 Repa Loss: 0.3377 Recon Loss: 0.0103 Discriminator Loss: 0.0000 Perceptual Loss: 0.2927 
[11/27 00:43:41 Tokenizer]: Data (t): 0.0015, 57.77/s/gpu Batch (t): 1.1079 LR: 0.000100 Step: 28950 Total Loss: 0.4758 KL Loss: 0.0061 Repa Loss: 0.3400 Recon Loss: 0.0100 Discriminator Loss: 0.0000 Perceptual Loss: 0.2898 
[11/27 00:44:34 Tokenizer]: Data (t): 0.0014, 53.32/s/gpu Batch (t): 1.2004 LR: 0.000100 Step: 29000 Total Loss: 0.4834 KL Loss: 0.0061 Repa Loss: 0.3438 Recon Loss: 0.0104 Discriminator Loss: 0.0000 Perceptual Loss: 0.2950 
[11/27 00:44:35 Tokenizer]: Reconstructing images...
[11/27 00:45:28 Tokenizer]: Data (t): 0.0016, 60.57/s/gpu Batch (t): 1.0567 LR: 0.000100 Step: 29050 Total Loss: 0.4870 KL Loss: 0.0061 Repa Loss: 0.3428 Recon Loss: 0.0107 Discriminator Loss: 0.0000 Perceptual Loss: 0.2988 
[11/27 00:46:22 Tokenizer]: Data (t): 0.0013, 62.34/s/gpu Batch (t): 1.0266 LR: 0.000100 Step: 29100 Total Loss: 0.4986 KL Loss: 0.0059 Repa Loss: 0.3523 Recon Loss: 0.0108 Discriminator Loss: 0.0000 Perceptual Loss: 0.3057 
[11/27 00:47:15 Tokenizer]: Data (t): 0.0014, 56.22/s/gpu Batch (t): 1.1384 LR: 0.000100 Step: 29150 Total Loss: 0.4908 KL Loss: 0.0062 Repa Loss: 0.3483 Recon Loss: 0.0109 Discriminator Loss: 0.0000 Perceptual Loss: 0.2996 
[11/27 00:48:08 Tokenizer]: Data (t): 0.0014, 59.93/s/gpu Batch (t): 1.0679 LR: 0.000100 Step: 29200 Total Loss: 0.4831 KL Loss: 0.0061 Repa Loss: 0.3405 Recon Loss: 0.0103 Discriminator Loss: 0.0000 Perceptual Loss: 0.2965 
[11/27 00:49:01 Tokenizer]: Data (t): 0.0015, 61.53/s/gpu Batch (t): 1.0401 LR: 0.000100 Step: 29250 Total Loss: 0.4775 KL Loss: 0.0061 Repa Loss: 0.3367 Recon Loss: 0.0101 Discriminator Loss: 0.0000 Perceptual Loss: 0.2928 
[11/27 00:49:55 Tokenizer]: Data (t): 0.0014, 62.66/s/gpu Batch (t): 1.0213 LR: 0.000100 Step: 29300 Total Loss: 0.4766 KL Loss: 0.0061 Repa Loss: 0.3349 Recon Loss: 0.0102 Discriminator Loss: 0.0000 Perceptual Loss: 0.2927 
[11/27 00:50:48 Tokenizer]: Data (t): 0.0015, 58.59/s/gpu Batch (t): 1.0924 LR: 0.000100 Step: 29350 Total Loss: 0.4850 KL Loss: 0.0062 Repa Loss: 0.3448 Recon Loss: 0.0100 Discriminator Loss: 0.0000 Perceptual Loss: 0.2965 
[11/27 00:51:41 Tokenizer]: Data (t): 0.0014, 59.06/s/gpu Batch (t): 1.0837 LR: 0.000100 Step: 29400 Total Loss: 0.4803 KL Loss: 0.0061 Repa Loss: 0.3414 Recon Loss: 0.0107 Discriminator Loss: 0.0000 Perceptual Loss: 0.2928 
[11/27 00:52:35 Tokenizer]: Data (t): 0.0013, 60.96/s/gpu Batch (t): 1.0499 LR: 0.000100 Step: 29450 Total Loss: 0.4834 KL Loss: 0.0061 Repa Loss: 0.3404 Recon Loss: 0.0104 Discriminator Loss: 0.0000 Perceptual Loss: 0.2967 
[11/27 00:53:27 Tokenizer]: Data (t): 0.0015, 61.82/s/gpu Batch (t): 1.0352 LR: 0.000100 Step: 29500 Total Loss: 0.4768 KL Loss: 0.0062 Repa Loss: 0.3383 Recon Loss: 0.0101 Discriminator Loss: 0.0000 Perceptual Loss: 0.2914 
[11/27 00:53:28 Tokenizer]: Reconstructing images...
[11/27 00:54:21 Tokenizer]: Data (t): 0.0013, 61.07/s/gpu Batch (t): 1.0480 LR: 0.000100 Step: 29550 Total Loss: 0.4819 KL Loss: 0.0061 Repa Loss: 0.3441 Recon Loss: 0.0098 Discriminator Loss: 0.0000 Perceptual Loss: 0.2939 
[11/27 00:55:14 Tokenizer]: Data (t): 0.0014, 64.62/s/gpu Batch (t): 0.9904 LR: 0.000100 Step: 29600 Total Loss: 0.4939 KL Loss: 0.0061 Repa Loss: 0.3414 Recon Loss: 0.0111 Discriminator Loss: 0.0000 Perceptual Loss: 0.3060 
[11/27 00:56:07 Tokenizer]: Data (t): 0.0014, 59.74/s/gpu Batch (t): 1.0713 LR: 0.000100 Step: 29650 Total Loss: 0.4793 KL Loss: 0.0062 Repa Loss: 0.3385 Recon Loss: 0.0106 Discriminator Loss: 0.0000 Perceptual Loss: 0.2934 
[11/27 00:57:00 Tokenizer]: Data (t): 0.0014, 62.80/s/gpu Batch (t): 1.0191 LR: 0.000100 Step: 29700 Total Loss: 0.4756 KL Loss: 0.0061 Repa Loss: 0.3371 Recon Loss: 0.0096 Discriminator Loss: 0.0000 Perceptual Loss: 0.2913 
[11/27 00:57:53 Tokenizer]: Data (t): 0.0015, 63.86/s/gpu Batch (t): 1.0021 LR: 0.000100 Step: 29750 Total Loss: 0.4803 KL Loss: 0.0062 Repa Loss: 0.3420 Recon Loss: 0.0102 Discriminator Loss: 0.0000 Perceptual Loss: 0.2930 
[11/27 00:58:46 Tokenizer]: Data (t): 0.0014, 62.31/s/gpu Batch (t): 1.0271 LR: 0.000100 Step: 29800 Total Loss: 0.4789 KL Loss: 0.0061 Repa Loss: 0.3391 Recon Loss: 0.0104 Discriminator Loss: 0.0000 Perceptual Loss: 0.2929 
[11/27 00:59:39 Tokenizer]: Data (t): 0.0015, 59.57/s/gpu Batch (t): 1.0743 LR: 0.000100 Step: 29850 Total Loss: 0.4770 KL Loss: 0.0062 Repa Loss: 0.3387 Recon Loss: 0.0102 Discriminator Loss: 0.0000 Perceptual Loss: 0.2912 
[11/27 01:00:33 Tokenizer]: Data (t): 0.0016, 64.40/s/gpu Batch (t): 0.9938 LR: 0.000100 Step: 29900 Total Loss: 0.4826 KL Loss: 0.0061 Repa Loss: 0.3396 Recon Loss: 0.0106 Discriminator Loss: 0.0000 Perceptual Loss: 0.2961 
[11/27 01:01:25 Tokenizer]: Data (t): 0.0021, 61.94/s/gpu Batch (t): 1.0332 LR: 0.000100 Step: 29950 Total Loss: 0.4790 KL Loss: 0.0062 Repa Loss: 0.3379 Recon Loss: 0.0104 Discriminator Loss: 0.0000 Perceptual Loss: 0.2935 
[11/27 01:02:19 Tokenizer]: Data (t): 0.0014, 55.15/s/gpu Batch (t): 1.1605 LR: 0.000100 Step: 30000 Total Loss: 0.4729 KL Loss: 0.0062 Repa Loss: 0.3346 Recon Loss: 0.0096 Discriminator Loss: 0.0000 Perceptual Loss: 0.2897 
[11/27 01:02:19 Tokenizer]: Reconstructing images...
[11/27 01:03:13 Tokenizer]: Data (t): 0.0013, 63.32/s/gpu Batch (t): 1.0107 LR: 0.000100 Step: 30050 Total Loss: 0.4799 KL Loss: 0.0061 Repa Loss: 0.3419 Recon Loss: 0.0103 Discriminator Loss: 0.0000 Perceptual Loss: 0.2925 
[11/27 01:04:06 Tokenizer]: Data (t): 0.0014, 62.82/s/gpu Batch (t): 1.0188 LR: 0.000100 Step: 30100 Total Loss: 0.4817 KL Loss: 0.0062 Repa Loss: 0.3421 Recon Loss: 0.0107 Discriminator Loss: 0.0000 Perceptual Loss: 0.2937 
[11/27 01:04:59 Tokenizer]: Data (t): 0.0015, 61.33/s/gpu Batch (t): 1.0435 LR: 0.000100 Step: 30150 Total Loss: 0.4787 KL Loss: 0.0061 Repa Loss: 0.3365 Recon Loss: 0.0106 Discriminator Loss: 0.0000 Perceptual Loss: 0.2938 
[11/27 01:05:53 Tokenizer]: Data (t): 0.0015, 64.15/s/gpu Batch (t): 0.9977 LR: 0.000100 Step: 30200 Total Loss: 0.4794 KL Loss: 0.0061 Repa Loss: 0.3364 Recon Loss: 0.0104 Discriminator Loss: 0.0000 Perceptual Loss: 0.2947 
[11/27 01:06:46 Tokenizer]: Data (t): 0.0013, 61.47/s/gpu Batch (t): 1.0412 LR: 0.000100 Step: 30250 Total Loss: 0.4738 KL Loss: 0.0061 Repa Loss: 0.3305 Recon Loss: 0.0108 Discriminator Loss: 0.0000 Perceptual Loss: 0.2917 
[11/27 01:07:39 Tokenizer]: Data (t): 0.0017, 52.95/s/gpu Batch (t): 1.2087 LR: 0.000100 Step: 30300 Total Loss: 0.4716 KL Loss: 0.0061 Repa Loss: 0.3341 Recon Loss: 0.0107 Discriminator Loss: 0.0000 Perceptual Loss: 0.2877 
[11/27 01:08:32 Tokenizer]: Data (t): 0.0014, 58.15/s/gpu Batch (t): 1.1006 LR: 0.000100 Step: 30350 Total Loss: 0.4730 KL Loss: 0.0062 Repa Loss: 0.3343 Recon Loss: 0.0099 Discriminator Loss: 0.0000 Perceptual Loss: 0.2897 
[11/27 01:09:25 Tokenizer]: Data (t): 0.0014, 60.92/s/gpu Batch (t): 1.0505 LR: 0.000100 Step: 30400 Total Loss: 0.4735 KL Loss: 0.0062 Repa Loss: 0.3394 Recon Loss: 0.0100 Discriminator Loss: 0.0000 Perceptual Loss: 0.2876 
[11/27 01:10:18 Tokenizer]: Data (t): 0.0015, 62.32/s/gpu Batch (t): 1.0269 LR: 0.000100 Step: 30450 Total Loss: 0.4751 KL Loss: 0.0062 Repa Loss: 0.3371 Recon Loss: 0.0097 Discriminator Loss: 0.0000 Perceptual Loss: 0.2907 
[11/27 01:11:11 Tokenizer]: Data (t): 0.0014, 58.78/s/gpu Batch (t): 1.0888 LR: 0.000100 Step: 30500 Total Loss: 0.4700 KL Loss: 0.0062 Repa Loss: 0.3310 Recon Loss: 0.0102 Discriminator Loss: 0.0000 Perceptual Loss: 0.2881 
[11/27 01:11:12 Tokenizer]: Reconstructing images...
[11/27 01:12:05 Tokenizer]: Data (t): 0.0015, 62.83/s/gpu Batch (t): 1.0186 LR: 0.000100 Step: 30550 Total Loss: 0.4784 KL Loss: 0.0061 Repa Loss: 0.3370 Recon Loss: 0.0097 Discriminator Loss: 0.0000 Perceptual Loss: 0.2941 
[11/27 01:12:59 Tokenizer]: Data (t): 0.0017, 60.91/s/gpu Batch (t): 1.0507 LR: 0.000100 Step: 30600 Total Loss: 0.4759 KL Loss: 0.0062 Repa Loss: 0.3368 Recon Loss: 0.0102 Discriminator Loss: 0.0000 Perceptual Loss: 0.2911 
[11/27 01:13:53 Tokenizer]: Data (t): 0.0021, 53.79/s/gpu Batch (t): 1.1898 LR: 0.000100 Step: 30650 Total Loss: 0.4838 KL Loss: 0.0061 Repa Loss: 0.3384 Recon Loss: 0.0109 Discriminator Loss: 0.0000 Perceptual Loss: 0.2976 
[11/27 01:14:46 Tokenizer]: Data (t): 0.0014, 59.93/s/gpu Batch (t): 1.0679 LR: 0.000100 Step: 30700 Total Loss: 0.4831 KL Loss: 0.0061 Repa Loss: 0.3413 Recon Loss: 0.0112 Discriminator Loss: 0.0000 Perceptual Loss: 0.2952 
[11/27 01:15:39 Tokenizer]: Data (t): 0.0015, 65.06/s/gpu Batch (t): 0.9837 LR: 0.000100 Step: 30750 Total Loss: 0.4685 KL Loss: 0.0062 Repa Loss: 0.3367 Recon Loss: 0.0098 Discriminator Loss: 0.0000 Perceptual Loss: 0.2841 
[11/27 01:16:32 Tokenizer]: Data (t): 0.0014, 62.00/s/gpu Batch (t): 1.0323 LR: 0.000100 Step: 30800 Total Loss: 0.4673 KL Loss: 0.0061 Repa Loss: 0.3286 Recon Loss: 0.0102 Discriminator Loss: 0.0000 Perceptual Loss: 0.2866 
[11/27 01:17:26 Tokenizer]: Data (t): 0.0014, 57.94/s/gpu Batch (t): 1.1045 LR: 0.000100 Step: 30850 Total Loss: 0.4701 KL Loss: 0.0062 Repa Loss: 0.3307 Recon Loss: 0.0103 Discriminator Loss: 0.0000 Perceptual Loss: 0.2882 
[11/27 01:18:18 Tokenizer]: Data (t): 0.0012, 60.94/s/gpu Batch (t): 1.0502 LR: 0.000100 Step: 30900 Total Loss: 0.4764 KL Loss: 0.0062 Repa Loss: 0.3352 Recon Loss: 0.0104 Discriminator Loss: 0.0000 Perceptual Loss: 0.2922 
[11/27 01:19:11 Tokenizer]: Data (t): 0.0013, 61.64/s/gpu Batch (t): 1.0384 LR: 0.000100 Step: 30950 Total Loss: 0.4719 KL Loss: 0.0062 Repa Loss: 0.3316 Recon Loss: 0.0107 Discriminator Loss: 0.0000 Perceptual Loss: 0.2892 
[11/27 01:20:04 Tokenizer]: Data (t): 0.0013, 54.19/s/gpu Batch (t): 1.1811 LR: 0.000100 Step: 31000 Total Loss: 0.4685 KL Loss: 0.0061 Repa Loss: 0.3302 Recon Loss: 0.0097 Discriminator Loss: 0.0000 Perceptual Loss: 0.2876 
[11/27 01:20:05 Tokenizer]: Reconstructing images...
[11/27 01:20:59 Tokenizer]: Data (t): 0.0013, 57.59/s/gpu Batch (t): 1.1114 LR: 0.000100 Step: 31050 Total Loss: 0.4728 KL Loss: 0.0062 Repa Loss: 0.3302 Recon Loss: 0.0102 Discriminator Loss: 0.0000 Perceptual Loss: 0.2914 
[11/27 01:21:51 Tokenizer]: Data (t): 0.0020, 58.30/s/gpu Batch (t): 1.0978 LR: 0.000100 Step: 31100 Total Loss: 0.4655 KL Loss: 0.0062 Repa Loss: 0.3330 Recon Loss: 0.0100 Discriminator Loss: 0.0000 Perceptual Loss: 0.2828 
[11/27 01:22:44 Tokenizer]: Data (t): 0.0012, 58.46/s/gpu Batch (t): 1.0947 LR: 0.000100 Step: 31150 Total Loss: 0.4851 KL Loss: 0.0061 Repa Loss: 0.3408 Recon Loss: 0.0105 Discriminator Loss: 0.0000 Perceptual Loss: 0.2980 
[11/27 01:23:37 Tokenizer]: Data (t): 0.0012, 61.94/s/gpu Batch (t): 1.0333 LR: 0.000100 Step: 31200 Total Loss: 0.4747 KL Loss: 0.0061 Repa Loss: 0.3353 Recon Loss: 0.0101 Discriminator Loss: 0.0000 Perceptual Loss: 0.2908 
[11/27 01:24:30 Tokenizer]: Data (t): 0.0013, 59.92/s/gpu Batch (t): 1.0680 LR: 0.000100 Step: 31250 Total Loss: 0.4742 KL Loss: 0.0062 Repa Loss: 0.3314 Recon Loss: 0.0105 Discriminator Loss: 0.0000 Perceptual Loss: 0.2918 
[11/27 01:25:23 Tokenizer]: Data (t): 0.0012, 58.87/s/gpu Batch (t): 1.0872 LR: 0.000100 Step: 31300 Total Loss: 0.4598 KL Loss: 0.0062 Repa Loss: 0.3233 Recon Loss: 0.0101 Discriminator Loss: 0.0000 Perceptual Loss: 0.2819 
[11/27 01:26:16 Tokenizer]: Data (t): 0.0012, 59.98/s/gpu Batch (t): 1.0670 LR: 0.000100 Step: 31350 Total Loss: 0.4650 KL Loss: 0.0061 Repa Loss: 0.3292 Recon Loss: 0.0096 Discriminator Loss: 0.0000 Perceptual Loss: 0.2847 
[11/27 01:27:09 Tokenizer]: Data (t): 0.0012, 61.21/s/gpu Batch (t): 1.0456 LR: 0.000100 Step: 31400 Total Loss: 0.4717 KL Loss: 0.0062 Repa Loss: 0.3319 Recon Loss: 0.0102 Discriminator Loss: 0.0000 Perceptual Loss: 0.2894 
[11/27 01:28:02 Tokenizer]: Data (t): 0.0012, 59.62/s/gpu Batch (t): 1.0735 LR: 0.000100 Step: 31450 Total Loss: 0.4782 KL Loss: 0.0062 Repa Loss: 0.3343 Recon Loss: 0.0102 Discriminator Loss: 0.0000 Perceptual Loss: 0.2947 
[11/27 01:28:55 Tokenizer]: Data (t): 0.0012, 62.59/s/gpu Batch (t): 1.0225 LR: 0.000100 Step: 31500 Total Loss: 0.4595 KL Loss: 0.0062 Repa Loss: 0.3264 Recon Loss: 0.0096 Discriminator Loss: 0.0000 Perceptual Loss: 0.2806 
[11/27 01:28:56 Tokenizer]: Reconstructing images...
[11/27 01:29:49 Tokenizer]: Data (t): 0.0012, 60.07/s/gpu Batch (t): 1.0655 LR: 0.000100 Step: 31550 Total Loss: 0.4717 KL Loss: 0.0062 Repa Loss: 0.3354 Recon Loss: 0.0101 Discriminator Loss: 0.0000 Perceptual Loss: 0.2877 
[11/27 01:30:43 Tokenizer]: Data (t): 0.0012, 56.30/s/gpu Batch (t): 1.1368 LR: 0.000100 Step: 31600 Total Loss: 0.4711 KL Loss: 0.0062 Repa Loss: 0.3325 Recon Loss: 0.0117 Discriminator Loss: 0.0000 Perceptual Loss: 0.2870 
[11/27 01:31:36 Tokenizer]: Data (t): 0.0013, 61.19/s/gpu Batch (t): 1.0459 LR: 0.000100 Step: 31650 Total Loss: 0.4609 KL Loss: 0.0062 Repa Loss: 0.3228 Recon Loss: 0.0094 Discriminator Loss: 0.0000 Perceptual Loss: 0.2839 
[11/27 01:32:29 Tokenizer]: Data (t): 0.0012, 63.03/s/gpu Batch (t): 1.0154 LR: 0.000100 Step: 31700 Total Loss: 0.4635 KL Loss: 0.0062 Repa Loss: 0.3256 Recon Loss: 0.0107 Discriminator Loss: 0.0000 Perceptual Loss: 0.2838 
[11/27 01:33:23 Tokenizer]: Data (t): 0.0012, 63.19/s/gpu Batch (t): 1.0128 LR: 0.000100 Step: 31750 Total Loss: 0.4735 KL Loss: 0.0061 Repa Loss: 0.3319 Recon Loss: 0.0103 Discriminator Loss: 0.0000 Perceptual Loss: 0.2912 
[11/27 01:34:17 Tokenizer]: Data (t): 0.0012, 62.86/s/gpu Batch (t): 1.0181 LR: 0.000100 Step: 31800 Total Loss: 0.4704 KL Loss: 0.0061 Repa Loss: 0.3270 Recon Loss: 0.0105 Discriminator Loss: 0.0000 Perceptual Loss: 0.2903 
[11/27 01:35:10 Tokenizer]: Data (t): 0.0012, 62.01/s/gpu Batch (t): 1.0320 LR: 0.000100 Step: 31850 Total Loss: 0.4676 KL Loss: 0.0061 Repa Loss: 0.3270 Recon Loss: 0.0102 Discriminator Loss: 0.0000 Perceptual Loss: 0.2877 
[11/27 01:36:04 Tokenizer]: Data (t): 0.0012, 57.69/s/gpu Batch (t): 1.1095 LR: 0.000100 Step: 31900 Total Loss: 0.4654 KL Loss: 0.0062 Repa Loss: 0.3249 Recon Loss: 0.0099 Discriminator Loss: 0.0000 Perceptual Loss: 0.2869 
[11/27 01:36:57 Tokenizer]: Data (t): 0.0012, 63.70/s/gpu Batch (t): 1.0047 LR: 0.000100 Step: 31950 Total Loss: 0.4668 KL Loss: 0.0061 Repa Loss: 0.3298 Recon Loss: 0.0099 Discriminator Loss: 0.0000 Perceptual Loss: 0.2860 
[11/27 01:37:51 Tokenizer]: Data (t): 0.0014, 51.85/s/gpu Batch (t): 1.2343 LR: 0.000100 Step: 32000 Total Loss: 0.4667 KL Loss: 0.0061 Repa Loss: 0.3256 Recon Loss: 0.0104 Discriminator Loss: 0.0000 Perceptual Loss: 0.2874 
[11/27 01:37:52 Tokenizer]: Reconstructing images...
[11/27 01:38:46 Tokenizer]: Data (t): 0.0013, 55.13/s/gpu Batch (t): 1.1610 LR: 0.000100 Step: 32050 Total Loss: 0.4628 KL Loss: 0.0062 Repa Loss: 0.3244 Recon Loss: 0.0101 Discriminator Loss: 0.0000 Perceptual Loss: 0.2843 
[11/27 01:39:39 Tokenizer]: Data (t): 0.0012, 62.38/s/gpu Batch (t): 1.0260 LR: 0.000100 Step: 32100 Total Loss: 0.4688 KL Loss: 0.0061 Repa Loss: 0.3276 Recon Loss: 0.0111 Discriminator Loss: 0.0000 Perceptual Loss: 0.2879 
[11/27 01:40:34 Tokenizer]: Data (t): 0.0013, 55.91/s/gpu Batch (t): 1.1447 LR: 0.000100 Step: 32150 Total Loss: 0.4710 KL Loss: 0.0061 Repa Loss: 0.3302 Recon Loss: 0.0101 Discriminator Loss: 0.0000 Perceptual Loss: 0.2897 
[11/27 01:41:27 Tokenizer]: Data (t): 0.0012, 64.02/s/gpu Batch (t): 0.9997 LR: 0.000100 Step: 32200 Total Loss: 0.4649 KL Loss: 0.0061 Repa Loss: 0.3261 Recon Loss: 0.0098 Discriminator Loss: 0.0000 Perceptual Loss: 0.2859 
[11/27 01:42:21 Tokenizer]: Data (t): 0.0022, 62.51/s/gpu Batch (t): 1.0238 LR: 0.000100 Step: 32250 Total Loss: 0.4783 KL Loss: 0.0060 Repa Loss: 0.3375 Recon Loss: 0.0102 Discriminator Loss: 0.0000 Perceptual Loss: 0.2934 
[11/27 01:43:14 Tokenizer]: Data (t): 0.0012, 59.37/s/gpu Batch (t): 1.0780 LR: 0.000100 Step: 32300 Total Loss: 0.4602 KL Loss: 0.0062 Repa Loss: 0.3263 Recon Loss: 0.0096 Discriminator Loss: 0.0000 Perceptual Loss: 0.2813 
[11/27 01:44:07 Tokenizer]: Data (t): 0.0013, 58.66/s/gpu Batch (t): 1.0910 LR: 0.000100 Step: 32350 Total Loss: 0.4731 KL Loss: 0.0062 Repa Loss: 0.3346 Recon Loss: 0.0102 Discriminator Loss: 0.0000 Perceptual Loss: 0.2894 
[11/27 01:45:00 Tokenizer]: Data (t): 0.0013, 60.29/s/gpu Batch (t): 1.0615 LR: 0.000100 Step: 32400 Total Loss: 0.4561 KL Loss: 0.0062 Repa Loss: 0.3255 Recon Loss: 0.0094 Discriminator Loss: 0.0000 Perceptual Loss: 0.2778 
[11/27 01:45:54 Tokenizer]: Data (t): 0.0012, 63.07/s/gpu Batch (t): 1.0147 LR: 0.000100 Step: 32450 Total Loss: 0.4684 KL Loss: 0.0061 Repa Loss: 0.3308 Recon Loss: 0.0100 Discriminator Loss: 0.0000 Perceptual Loss: 0.2868 
[11/27 01:46:47 Tokenizer]: Data (t): 0.0012, 62.65/s/gpu Batch (t): 1.0216 LR: 0.000100 Step: 32500 Total Loss: 0.4554 KL Loss: 0.0062 Repa Loss: 0.3234 Recon Loss: 0.0098 Discriminator Loss: 0.0000 Perceptual Loss: 0.2777 
[11/27 01:46:48 Tokenizer]: Reconstructing images...
[11/27 01:47:42 Tokenizer]: Data (t): 0.0012, 57.00/s/gpu Batch (t): 1.1228 LR: 0.000100 Step: 32550 Total Loss: 0.4655 KL Loss: 0.0062 Repa Loss: 0.3277 Recon Loss: 0.0100 Discriminator Loss: 0.0000 Perceptual Loss: 0.2855 
[11/27 01:48:36 Tokenizer]: Data (t): 0.0012, 59.86/s/gpu Batch (t): 1.0691 LR: 0.000100 Step: 32600 Total Loss: 0.4651 KL Loss: 0.0061 Repa Loss: 0.3242 Recon Loss: 0.0103 Discriminator Loss: 0.0000 Perceptual Loss: 0.2866 
[11/27 01:49:29 Tokenizer]: Data (t): 0.0013, 58.70/s/gpu Batch (t): 1.0903 LR: 0.000100 Step: 32650 Total Loss: 0.4608 KL Loss: 0.0061 Repa Loss: 0.3236 Recon Loss: 0.0101 Discriminator Loss: 0.0000 Perceptual Loss: 0.2828 
[11/27 01:50:23 Tokenizer]: Data (t): 0.0012, 60.44/s/gpu Batch (t): 1.0588 LR: 0.000100 Step: 32700 Total Loss: 0.4610 KL Loss: 0.0062 Repa Loss: 0.3253 Recon Loss: 0.0099 Discriminator Loss: 0.0000 Perceptual Loss: 0.2823 
[11/27 01:51:17 Tokenizer]: Data (t): 0.0013, 63.57/s/gpu Batch (t): 1.0067 LR: 0.000100 Step: 32750 Total Loss: 0.4627 KL Loss: 0.0062 Repa Loss: 0.3239 Recon Loss: 0.0098 Discriminator Loss: 0.0000 Perceptual Loss: 0.2848 
[11/27 01:52:10 Tokenizer]: Data (t): 0.0013, 62.29/s/gpu Batch (t): 1.0274 LR: 0.000100 Step: 32800 Total Loss: 0.4653 KL Loss: 0.0062 Repa Loss: 0.3319 Recon Loss: 0.0094 Discriminator Loss: 0.0000 Perceptual Loss: 0.2837 
[11/27 01:53:03 Tokenizer]: Data (t): 0.0013, 51.69/s/gpu Batch (t): 1.2383 LR: 0.000100 Step: 32850 Total Loss: 0.4643 KL Loss: 0.0060 Repa Loss: 0.3288 Recon Loss: 0.0099 Discriminator Loss: 0.0000 Perceptual Loss: 0.2839 
[11/27 01:53:57 Tokenizer]: Data (t): 0.0012, 57.89/s/gpu Batch (t): 1.1055 LR: 0.000100 Step: 32900 Total Loss: 0.4738 KL Loss: 0.0062 Repa Loss: 0.3302 Recon Loss: 0.0103 Discriminator Loss: 0.0000 Perceptual Loss: 0.2922 
[11/27 01:54:50 Tokenizer]: Data (t): 0.0013, 59.65/s/gpu Batch (t): 1.0728 LR: 0.000100 Step: 32950 Total Loss: 0.4551 KL Loss: 0.0062 Repa Loss: 0.3232 Recon Loss: 0.0095 Discriminator Loss: 0.0000 Perceptual Loss: 0.2777 
[11/27 01:55:45 Tokenizer]: Data (t): 0.0012, 57.25/s/gpu Batch (t): 1.1179 LR: 0.000100 Step: 33000 Total Loss: 0.4492 KL Loss: 0.0062 Repa Loss: 0.3170 Recon Loss: 0.0094 Discriminator Loss: 0.0000 Perceptual Loss: 0.2751 
[11/27 01:55:45 Tokenizer]: Reconstructing images...
[11/27 01:56:40 Tokenizer]: Data (t): 0.0012, 63.76/s/gpu Batch (t): 1.0037 LR: 0.000100 Step: 33050 Total Loss: 0.4562 KL Loss: 0.0062 Repa Loss: 0.3247 Recon Loss: 0.0098 Discriminator Loss: 0.0000 Perceptual Loss: 0.2779 
[11/27 01:57:33 Tokenizer]: Data (t): 0.0012, 57.72/s/gpu Batch (t): 1.1087 LR: 0.000100 Step: 33100 Total Loss: 0.4581 KL Loss: 0.0062 Repa Loss: 0.3224 Recon Loss: 0.0101 Discriminator Loss: 0.0000 Perceptual Loss: 0.2806 
[11/27 01:58:27 Tokenizer]: Data (t): 0.0012, 60.53/s/gpu Batch (t): 1.0573 LR: 0.000100 Step: 33150 Total Loss: 0.4623 KL Loss: 0.0062 Repa Loss: 0.3318 Recon Loss: 0.0092 Discriminator Loss: 0.0000 Perceptual Loss: 0.2811 
[11/27 01:59:20 Tokenizer]: Data (t): 0.0012, 62.48/s/gpu Batch (t): 1.0243 LR: 0.000100 Step: 33200 Total Loss: 0.4532 KL Loss: 0.0062 Repa Loss: 0.3200 Recon Loss: 0.0097 Discriminator Loss: 0.0000 Perceptual Loss: 0.2774 
[11/27 02:00:14 Tokenizer]: Data (t): 0.0013, 61.98/s/gpu Batch (t): 1.0326 LR: 0.000100 Step: 33250 Total Loss: 0.4538 KL Loss: 0.0062 Repa Loss: 0.3174 Recon Loss: 0.0100 Discriminator Loss: 0.0000 Perceptual Loss: 0.2790 
[11/27 02:01:09 Tokenizer]: Data (t): 0.0013, 58.68/s/gpu Batch (t): 1.0906 LR: 0.000100 Step: 33300 Total Loss: 0.4507 KL Loss: 0.0062 Repa Loss: 0.3194 Recon Loss: 0.0093 Discriminator Loss: 0.0000 Perceptual Loss: 0.2756 
[11/27 02:02:02 Tokenizer]: Data (t): 0.0013, 59.02/s/gpu Batch (t): 1.0844 LR: 0.000100 Step: 33350 Total Loss: 0.4655 KL Loss: 0.0063 Repa Loss: 0.3319 Recon Loss: 0.0101 Discriminator Loss: 0.0000 Perceptual Loss: 0.2832 
[11/27 02:02:56 Tokenizer]: Data (t): 0.0012, 60.74/s/gpu Batch (t): 1.0536 LR: 0.000100 Step: 33400 Total Loss: 0.4571 KL Loss: 0.0061 Repa Loss: 0.3198 Recon Loss: 0.0098 Discriminator Loss: 0.0000 Perceptual Loss: 0.2813 
[11/27 02:03:49 Tokenizer]: Data (t): 0.0012, 62.71/s/gpu Batch (t): 1.0205 LR: 0.000100 Step: 33450 Total Loss: 0.4574 KL Loss: 0.0061 Repa Loss: 0.3206 Recon Loss: 0.0101 Discriminator Loss: 0.0000 Perceptual Loss: 0.2809 
[11/27 02:04:43 Tokenizer]: Data (t): 0.0013, 57.21/s/gpu Batch (t): 1.1187 LR: 0.000100 Step: 33500 Total Loss: 0.4649 KL Loss: 0.0062 Repa Loss: 0.3292 Recon Loss: 0.0102 Discriminator Loss: 0.0000 Perceptual Loss: 0.2839 
[11/27 02:04:43 Tokenizer]: Reconstructing images...
[11/27 02:05:37 Tokenizer]: Data (t): 0.0012, 58.32/s/gpu Batch (t): 1.0975 LR: 0.000100 Step: 33550 Total Loss: 0.4527 KL Loss: 0.0063 Repa Loss: 0.3212 Recon Loss: 0.0095 Discriminator Loss: 0.0000 Perceptual Loss: 0.2764 
[11/27 02:06:31 Tokenizer]: Data (t): 0.0013, 64.99/s/gpu Batch (t): 0.9848 LR: 0.000100 Step: 33600 Total Loss: 0.4539 KL Loss: 0.0062 Repa Loss: 0.3187 Recon Loss: 0.0098 Discriminator Loss: 0.0000 Perceptual Loss: 0.2785 
[11/27 02:07:25 Tokenizer]: Data (t): 0.0012, 60.26/s/gpu Batch (t): 1.0621 LR: 0.000100 Step: 33650 Total Loss: 0.4553 KL Loss: 0.0062 Repa Loss: 0.3248 Recon Loss: 0.0096 Discriminator Loss: 0.0000 Perceptual Loss: 0.2771 
[11/27 02:08:19 Tokenizer]: Data (t): 0.0013, 62.83/s/gpu Batch (t): 1.0186 LR: 0.000100 Step: 33700 Total Loss: 0.4567 KL Loss: 0.0062 Repa Loss: 0.3196 Recon Loss: 0.0096 Discriminator Loss: 0.0000 Perceptual Loss: 0.2811 
[11/27 02:09:12 Tokenizer]: Data (t): 0.0013, 61.45/s/gpu Batch (t): 1.0415 LR: 0.000100 Step: 33750 Total Loss: 0.4574 KL Loss: 0.0062 Repa Loss: 0.3204 Recon Loss: 0.0104 Discriminator Loss: 0.0000 Perceptual Loss: 0.2806 
[11/27 02:10:06 Tokenizer]: Data (t): 0.0012, 60.07/s/gpu Batch (t): 1.0654 LR: 0.000100 Step: 33800 Total Loss: 0.4594 KL Loss: 0.0062 Repa Loss: 0.3251 Recon Loss: 0.0095 Discriminator Loss: 0.0000 Perceptual Loss: 0.2811 
[11/27 02:10:59 Tokenizer]: Data (t): 0.0012, 62.86/s/gpu Batch (t): 1.0182 LR: 0.000100 Step: 33850 Total Loss: 0.4501 KL Loss: 0.0062 Repa Loss: 0.3160 Recon Loss: 0.0096 Discriminator Loss: 0.0000 Perceptual Loss: 0.2762 
[11/27 02:11:53 Tokenizer]: Data (t): 0.0012, 60.01/s/gpu Batch (t): 1.0666 LR: 0.000100 Step: 33900 Total Loss: 0.4538 KL Loss: 0.0062 Repa Loss: 0.3195 Recon Loss: 0.0098 Discriminator Loss: 0.0000 Perceptual Loss: 0.2780 
[11/27 02:12:46 Tokenizer]: Data (t): 0.0012, 58.64/s/gpu Batch (t): 1.0914 LR: 0.000100 Step: 33950 Total Loss: 0.4461 KL Loss: 0.0062 Repa Loss: 0.3155 Recon Loss: 0.0094 Discriminator Loss: 0.0000 Perceptual Loss: 0.2728 
[11/27 02:13:39 Tokenizer]: Data (t): 0.0012, 54.79/s/gpu Batch (t): 1.1682 LR: 0.000100 Step: 34000 Total Loss: 0.4629 KL Loss: 0.0062 Repa Loss: 0.3237 Recon Loss: 0.0104 Discriminator Loss: 0.0000 Perceptual Loss: 0.2844 
[11/27 02:13:40 Tokenizer]: Reconstructing images...
[11/27 02:14:34 Tokenizer]: Data (t): 0.0012, 61.30/s/gpu Batch (t): 1.0440 LR: 0.000100 Step: 34050 Total Loss: 0.4571 KL Loss: 0.0062 Repa Loss: 0.3221 Recon Loss: 0.0100 Discriminator Loss: 0.0000 Perceptual Loss: 0.2799 
[11/27 02:15:27 Tokenizer]: Data (t): 0.0012, 59.65/s/gpu Batch (t): 1.0729 LR: 0.000100 Step: 34100 Total Loss: 0.4484 KL Loss: 0.0062 Repa Loss: 0.3193 Recon Loss: 0.0090 Discriminator Loss: 0.0000 Perceptual Loss: 0.2735 
[11/27 02:16:20 Tokenizer]: Data (t): 0.0016, 60.39/s/gpu Batch (t): 1.0598 LR: 0.000100 Step: 34150 Total Loss: 0.4568 KL Loss: 0.0062 Repa Loss: 0.3167 Recon Loss: 0.0103 Discriminator Loss: 0.0000 Perceptual Loss: 0.2820 
[11/27 02:17:15 Tokenizer]: Data (t): 0.0013, 60.73/s/gpu Batch (t): 1.0539 LR: 0.000100 Step: 34200 Total Loss: 0.4620 KL Loss: 0.0061 Repa Loss: 0.3224 Recon Loss: 0.0098 Discriminator Loss: 0.0000 Perceptual Loss: 0.2848 
[11/27 02:18:08 Tokenizer]: Data (t): 0.0012, 54.49/s/gpu Batch (t): 1.1745 LR: 0.000100 Step: 34250 Total Loss: 0.4644 KL Loss: 0.0061 Repa Loss: 0.3260 Recon Loss: 0.0101 Discriminator Loss: 0.0000 Perceptual Loss: 0.2852 
[11/27 02:19:02 Tokenizer]: Data (t): 0.0012, 56.76/s/gpu Batch (t): 1.1276 LR: 0.000100 Step: 34300 Total Loss: 0.4551 KL Loss: 0.0063 Repa Loss: 0.3220 Recon Loss: 0.0106 Discriminator Loss: 0.0000 Perceptual Loss: 0.2772 
[11/27 02:19:56 Tokenizer]: Data (t): 0.0014, 60.33/s/gpu Batch (t): 1.0609 LR: 0.000100 Step: 34350 Total Loss: 0.4574 KL Loss: 0.0062 Repa Loss: 0.3154 Recon Loss: 0.0100 Discriminator Loss: 0.0000 Perceptual Loss: 0.2834 
[11/27 02:20:49 Tokenizer]: Data (t): 0.0012, 59.64/s/gpu Batch (t): 1.0732 LR: 0.000100 Step: 34400 Total Loss: 0.4597 KL Loss: 0.0063 Repa Loss: 0.3196 Recon Loss: 0.0097 Discriminator Loss: 0.0000 Perceptual Loss: 0.2839 
[11/27 02:21:43 Tokenizer]: Data (t): 0.0012, 59.11/s/gpu Batch (t): 1.0827 LR: 0.000100 Step: 34450 Total Loss: 0.4488 KL Loss: 0.0062 Repa Loss: 0.3128 Recon Loss: 0.0097 Discriminator Loss: 0.0000 Perceptual Loss: 0.2764 
[11/27 02:22:36 Tokenizer]: Data (t): 0.0012, 59.36/s/gpu Batch (t): 1.0782 LR: 0.000100 Step: 34500 Total Loss: 0.4539 KL Loss: 0.0062 Repa Loss: 0.3177 Recon Loss: 0.0115 Discriminator Loss: 0.0000 Perceptual Loss: 0.2774 
[11/27 02:22:37 Tokenizer]: Reconstructing images...
[11/27 02:23:31 Tokenizer]: Data (t): 0.0013, 59.89/s/gpu Batch (t): 1.0687 LR: 0.000100 Step: 34550 Total Loss: 0.4573 KL Loss: 0.0062 Repa Loss: 0.3203 Recon Loss: 0.0101 Discriminator Loss: 0.0000 Perceptual Loss: 0.2809 
[11/27 02:24:25 Tokenizer]: Data (t): 0.0013, 62.94/s/gpu Batch (t): 1.0168 LR: 0.000100 Step: 34600 Total Loss: 0.4537 KL Loss: 0.0062 Repa Loss: 0.3142 Recon Loss: 0.0099 Discriminator Loss: 0.0000 Perceptual Loss: 0.2805 
[11/27 02:25:17 Tokenizer]: Data (t): 0.0012, 59.33/s/gpu Batch (t): 1.0787 LR: 0.000100 Step: 34650 Total Loss: 0.4506 KL Loss: 0.0062 Repa Loss: 0.3152 Recon Loss: 0.0099 Discriminator Loss: 0.0000 Perceptual Loss: 0.2769 
[11/27 02:26:11 Tokenizer]: Data (t): 0.0012, 54.32/s/gpu Batch (t): 1.1781 LR: 0.000100 Step: 34700 Total Loss: 0.4472 KL Loss: 0.0062 Repa Loss: 0.3143 Recon Loss: 0.0093 Discriminator Loss: 0.0000 Perceptual Loss: 0.2745 
[11/27 02:27:05 Tokenizer]: Data (t): 0.0012, 58.34/s/gpu Batch (t): 1.0970 LR: 0.000100 Step: 34750 Total Loss: 0.4521 KL Loss: 0.0062 Repa Loss: 0.3146 Recon Loss: 0.0100 Discriminator Loss: 0.0000 Perceptual Loss: 0.2787 
[11/27 02:27:58 Tokenizer]: Data (t): 0.0012, 57.91/s/gpu Batch (t): 1.1053 LR: 0.000100 Step: 34800 Total Loss: 0.4524 KL Loss: 0.0062 Repa Loss: 0.3185 Recon Loss: 0.0096 Discriminator Loss: 0.0000 Perceptual Loss: 0.2773 
[11/27 02:28:52 Tokenizer]: Data (t): 0.0012, 62.53/s/gpu Batch (t): 1.0235 LR: 0.000100 Step: 34850 Total Loss: 0.4576 KL Loss: 0.0062 Repa Loss: 0.3206 Recon Loss: 0.0103 Discriminator Loss: 0.0000 Perceptual Loss: 0.2809 
[11/27 02:29:45 Tokenizer]: Data (t): 0.0013, 59.90/s/gpu Batch (t): 1.0685 LR: 0.000100 Step: 34900 Total Loss: 0.4515 KL Loss: 0.0062 Repa Loss: 0.3179 Recon Loss: 0.0101 Discriminator Loss: 0.0000 Perceptual Loss: 0.2763 
[11/27 02:30:37 Tokenizer]: Data (t): 0.0013, 59.86/s/gpu Batch (t): 1.0691 LR: 0.000100 Step: 34950 Total Loss: 0.4573 KL Loss: 0.0062 Repa Loss: 0.3218 Recon Loss: 0.0098 Discriminator Loss: 0.0000 Perceptual Loss: 0.2804 
[11/27 02:31:31 Tokenizer]: Data (t): 0.0012, 51.27/s/gpu Batch (t): 1.2482 LR: 0.000100 Step: 35000 Total Loss: 0.4537 KL Loss: 0.0062 Repa Loss: 0.3169 Recon Loss: 0.0104 Discriminator Loss: 0.0000 Perceptual Loss: 0.2787 
[11/27 02:31:32 Tokenizer]: Reconstructing images...
[11/27 02:32:26 Tokenizer]: Data (t): 0.0012, 65.11/s/gpu Batch (t): 0.9830 LR: 0.000100 Step: 35050 Total Loss: 0.4569 KL Loss: 0.0060 Repa Loss: 0.3167 Recon Loss: 0.0101 Discriminator Loss: 0.0000 Perceptual Loss: 0.2824 
[11/27 02:33:21 Tokenizer]: Data (t): 0.0014, 59.18/s/gpu Batch (t): 1.0814 LR: 0.000100 Step: 35100 Total Loss: 0.4424 KL Loss: 0.0062 Repa Loss: 0.3165 Recon Loss: 0.0091 Discriminator Loss: 0.0000 Perceptual Loss: 0.2689 
[11/27 02:34:14 Tokenizer]: Data (t): 0.0013, 56.14/s/gpu Batch (t): 1.1400 LR: 0.000100 Step: 35150 Total Loss: 0.4484 KL Loss: 0.0062 Repa Loss: 0.3137 Recon Loss: 0.0096 Discriminator Loss: 0.0000 Perceptual Loss: 0.2757 
[11/27 02:35:08 Tokenizer]: Data (t): 0.0013, 58.14/s/gpu Batch (t): 1.1008 LR: 0.000100 Step: 35200 Total Loss: 0.4534 KL Loss: 0.0062 Repa Loss: 0.3191 Recon Loss: 0.0100 Discriminator Loss: 0.0000 Perceptual Loss: 0.2777 
[11/27 02:36:01 Tokenizer]: Data (t): 0.0012, 63.84/s/gpu Batch (t): 1.0025 LR: 0.000100 Step: 35250 Total Loss: 0.4525 KL Loss: 0.0062 Repa Loss: 0.3176 Recon Loss: 0.0098 Discriminator Loss: 0.0000 Perceptual Loss: 0.2777 
[11/27 02:36:54 Tokenizer]: Data (t): 0.0020, 59.32/s/gpu Batch (t): 1.0789 LR: 0.000100 Step: 35300 Total Loss: 0.4575 KL Loss: 0.0062 Repa Loss: 0.3192 Recon Loss: 0.0097 Discriminator Loss: 0.0000 Perceptual Loss: 0.2820 
[11/27 02:37:47 Tokenizer]: Data (t): 0.0013, 58.48/s/gpu Batch (t): 1.0944 LR: 0.000100 Step: 35350 Total Loss: 0.4438 KL Loss: 0.0062 Repa Loss: 0.3116 Recon Loss: 0.0095 Discriminator Loss: 0.0000 Perceptual Loss: 0.2724 
[11/27 02:38:40 Tokenizer]: Data (t): 0.0012, 59.17/s/gpu Batch (t): 1.0816 LR: 0.000100 Step: 35400 Total Loss: 0.4477 KL Loss: 0.0062 Repa Loss: 0.3133 Recon Loss: 0.0098 Discriminator Loss: 0.0000 Perceptual Loss: 0.2750 
[11/27 02:39:33 Tokenizer]: Data (t): 0.0019, 58.06/s/gpu Batch (t): 1.1024 LR: 0.000100 Step: 35450 Total Loss: 0.4508 KL Loss: 0.0063 Repa Loss: 0.3148 Recon Loss: 0.0098 Discriminator Loss: 0.0000 Perceptual Loss: 0.2774 
[11/27 02:40:26 Tokenizer]: Data (t): 0.0012, 60.40/s/gpu Batch (t): 1.0596 LR: 0.000100 Step: 35500 Total Loss: 0.4534 KL Loss: 0.0062 Repa Loss: 0.3170 Recon Loss: 0.0097 Discriminator Loss: 0.0000 Perceptual Loss: 0.2790 
[11/27 02:40:27 Tokenizer]: Reconstructing images...
[11/27 02:41:21 Tokenizer]: Data (t): 0.0013, 61.32/s/gpu Batch (t): 1.0437 LR: 0.000100 Step: 35550 Total Loss: 0.4479 KL Loss: 0.0062 Repa Loss: 0.3154 Recon Loss: 0.0095 Discriminator Loss: 0.0000 Perceptual Loss: 0.2744 
[11/27 02:42:16 Tokenizer]: Data (t): 0.0013, 59.22/s/gpu Batch (t): 1.0807 LR: 0.000100 Step: 35600 Total Loss: 0.4510 KL Loss: 0.0062 Repa Loss: 0.3141 Recon Loss: 0.0110 Discriminator Loss: 0.0000 Perceptual Loss: 0.2769 
[11/27 02:43:10 Tokenizer]: Data (t): 0.0014, 62.28/s/gpu Batch (t): 1.0276 LR: 0.000100 Step: 35650 Total Loss: 0.4504 KL Loss: 0.0062 Repa Loss: 0.3174 Recon Loss: 0.0094 Discriminator Loss: 0.0000 Perceptual Loss: 0.2761 
[11/27 02:44:05 Tokenizer]: Data (t): 0.0013, 53.93/s/gpu Batch (t): 1.1867 LR: 0.000100 Step: 35700 Total Loss: 0.4518 KL Loss: 0.0063 Repa Loss: 0.3167 Recon Loss: 0.0106 Discriminator Loss: 0.0000 Perceptual Loss: 0.2767 
[11/27 02:44:58 Tokenizer]: Data (t): 0.0012, 59.82/s/gpu Batch (t): 1.0698 LR: 0.000100 Step: 35750 Total Loss: 0.4541 KL Loss: 0.0062 Repa Loss: 0.3135 Recon Loss: 0.0102 Discriminator Loss: 0.0000 Perceptual Loss: 0.2809 
[11/27 02:45:53 Tokenizer]: Data (t): 0.0013, 57.92/s/gpu Batch (t): 1.1050 LR: 0.000100 Step: 35800 Total Loss: 0.4448 KL Loss: 0.0062 Repa Loss: 0.3127 Recon Loss: 0.0095 Discriminator Loss: 0.0000 Perceptual Loss: 0.2727 
[11/27 02:46:46 Tokenizer]: Data (t): 0.0013, 60.55/s/gpu Batch (t): 1.0570 LR: 0.000100 Step: 35850 Total Loss: 0.4403 KL Loss: 0.0063 Repa Loss: 0.3148 Recon Loss: 0.0091 Discriminator Loss: 0.0000 Perceptual Loss: 0.2676 
[11/27 02:47:39 Tokenizer]: Data (t): 0.0012, 62.20/s/gpu Batch (t): 1.0289 LR: 0.000100 Step: 35900 Total Loss: 0.4509 KL Loss: 0.0063 Repa Loss: 0.3160 Recon Loss: 0.0104 Discriminator Loss: 0.0000 Perceptual Loss: 0.2762 
[11/27 02:48:32 Tokenizer]: Data (t): 0.0013, 62.97/s/gpu Batch (t): 1.0163 LR: 0.000100 Step: 35950 Total Loss: 0.4501 KL Loss: 0.0062 Repa Loss: 0.3194 Recon Loss: 0.0092 Discriminator Loss: 0.0000 Perceptual Loss: 0.2750 
[11/27 02:49:25 Tokenizer]: Data (t): 0.0012, 54.32/s/gpu Batch (t): 1.1782 LR: 0.000100 Step: 36000 Total Loss: 0.4454 KL Loss: 0.0063 Repa Loss: 0.3114 Recon Loss: 0.0098 Discriminator Loss: 0.0000 Perceptual Loss: 0.2737 
[11/27 02:49:26 Tokenizer]: Reconstructing images...
[11/27 02:50:19 Tokenizer]: Data (t): 0.0012, 59.55/s/gpu Batch (t): 1.0748 LR: 0.000100 Step: 36050 Total Loss: 0.4433 KL Loss: 0.0063 Repa Loss: 0.3109 Recon Loss: 0.0097 Discriminator Loss: 0.0000 Perceptual Loss: 0.2719 
[11/27 02:51:11 Tokenizer]: Data (t): 0.0013, 59.85/s/gpu Batch (t): 1.0693 LR: 0.000100 Step: 36100 Total Loss: 0.4472 KL Loss: 0.0062 Repa Loss: 0.3130 Recon Loss: 0.0096 Discriminator Loss: 0.0000 Perceptual Loss: 0.2748 
[11/27 02:52:04 Tokenizer]: Data (t): 0.0021, 59.51/s/gpu Batch (t): 1.0754 LR: 0.000100 Step: 36150 Total Loss: 0.4478 KL Loss: 0.0062 Repa Loss: 0.3136 Recon Loss: 0.0096 Discriminator Loss: 0.0000 Perceptual Loss: 0.2751 
[11/27 02:52:57 Tokenizer]: Data (t): 0.0012, 64.80/s/gpu Batch (t): 0.9876 LR: 0.000100 Step: 36200 Total Loss: 0.4546 KL Loss: 0.0065 Repa Loss: 0.3201 Recon Loss: 0.0094 Discriminator Loss: 0.0000 Perceptual Loss: 0.2786 
[11/27 02:53:50 Tokenizer]: Data (t): 0.0013, 57.98/s/gpu Batch (t): 1.1037 LR: 0.000100 Step: 36250 Total Loss: 0.4480 KL Loss: 0.0064 Repa Loss: 0.3178 Recon Loss: 0.0097 Discriminator Loss: 0.0000 Perceptual Loss: 0.2730 
[11/27 02:54:43 Tokenizer]: Data (t): 0.0012, 65.18/s/gpu Batch (t): 0.9820 LR: 0.000100 Step: 36300 Total Loss: 0.4389 KL Loss: 0.0062 Repa Loss: 0.3109 Recon Loss: 0.0090 Discriminator Loss: 0.0000 Perceptual Loss: 0.2682 
[11/27 02:55:36 Tokenizer]: Data (t): 0.0013, 58.53/s/gpu Batch (t): 1.0935 LR: 0.000100 Step: 36350 Total Loss: 0.4524 KL Loss: 0.0061 Repa Loss: 0.3174 Recon Loss: 0.0101 Discriminator Loss: 0.0000 Perceptual Loss: 0.2775 
[11/27 02:56:31 Tokenizer]: Data (t): 0.0013, 65.46/s/gpu Batch (t): 0.9777 LR: 0.000100 Step: 36400 Total Loss: 0.4407 KL Loss: 0.0062 Repa Loss: 0.3120 Recon Loss: 0.0094 Discriminator Loss: 0.0000 Perceptual Loss: 0.2690 
[11/27 02:57:25 Tokenizer]: Data (t): 0.0012, 59.54/s/gpu Batch (t): 1.0750 LR: 0.000100 Step: 36450 Total Loss: 0.4411 KL Loss: 0.0063 Repa Loss: 0.3131 Recon Loss: 0.0091 Discriminator Loss: 0.0000 Perceptual Loss: 0.2692 
[11/27 02:58:19 Tokenizer]: Data (t): 0.0013, 63.94/s/gpu Batch (t): 1.0009 LR: 0.000100 Step: 36500 Total Loss: 0.4470 KL Loss: 0.0063 Repa Loss: 0.3072 Recon Loss: 0.0099 Discriminator Loss: 0.0000 Perceptual Loss: 0.2772 
[11/27 02:58:20 Tokenizer]: Reconstructing images...
[11/27 02:59:14 Tokenizer]: Data (t): 0.0013, 60.37/s/gpu Batch (t): 1.0601 LR: 0.000100 Step: 36550 Total Loss: 0.4392 KL Loss: 0.0063 Repa Loss: 0.3060 Recon Loss: 0.0096 Discriminator Loss: 0.0000 Perceptual Loss: 0.2704 
[11/27 03:00:08 Tokenizer]: Data (t): 0.0013, 58.91/s/gpu Batch (t): 1.0864 LR: 0.000100 Step: 36600 Total Loss: 0.4472 KL Loss: 0.0063 Repa Loss: 0.3099 Recon Loss: 0.0108 Discriminator Loss: 0.0000 Perceptual Loss: 0.2751 
[11/27 03:01:02 Tokenizer]: Data (t): 0.0012, 59.54/s/gpu Batch (t): 1.0749 LR: 0.000100 Step: 36650 Total Loss: 0.4479 KL Loss: 0.0063 Repa Loss: 0.3130 Recon Loss: 0.0098 Discriminator Loss: 0.0000 Perceptual Loss: 0.2753 
[11/27 03:01:56 Tokenizer]: Data (t): 0.0013, 60.17/s/gpu Batch (t): 1.0636 LR: 0.000100 Step: 36700 Total Loss: 0.4501 KL Loss: 0.0063 Repa Loss: 0.3110 Recon Loss: 0.0099 Discriminator Loss: 0.0000 Perceptual Loss: 0.2785 
[11/27 03:02:50 Tokenizer]: Data (t): 0.0013, 58.21/s/gpu Batch (t): 1.0995 LR: 0.000100 Step: 36750 Total Loss: 0.4473 KL Loss: 0.0062 Repa Loss: 0.3162 Recon Loss: 0.0094 Discriminator Loss: 0.0000 Perceptual Loss: 0.2736 
[11/27 03:03:45 Tokenizer]: Data (t): 0.0012, 57.25/s/gpu Batch (t): 1.1180 LR: 0.000100 Step: 36800 Total Loss: 0.4461 KL Loss: 0.0063 Repa Loss: 0.3112 Recon Loss: 0.0098 Discriminator Loss: 0.0000 Perceptual Loss: 0.2745 
[11/27 03:04:39 Tokenizer]: Data (t): 0.0012, 54.42/s/gpu Batch (t): 1.1761 LR: 0.000100 Step: 36850 Total Loss: 0.4431 KL Loss: 0.0062 Repa Loss: 0.3098 Recon Loss: 0.0104 Discriminator Loss: 0.0000 Perceptual Loss: 0.2716 
[11/27 03:05:33 Tokenizer]: Data (t): 0.0013, 58.52/s/gpu Batch (t): 1.0936 LR: 0.000100 Step: 36900 Total Loss: 0.4467 KL Loss: 0.0063 Repa Loss: 0.3091 Recon Loss: 0.0098 Discriminator Loss: 0.0000 Perceptual Loss: 0.2761 
[11/27 03:06:27 Tokenizer]: Data (t): 0.0014, 59.48/s/gpu Batch (t): 1.0759 LR: 0.000100 Step: 36950 Total Loss: 0.4326 KL Loss: 0.0063 Repa Loss: 0.3084 Recon Loss: 0.0088 Discriminator Loss: 0.0000 Perceptual Loss: 0.2633 
[11/27 03:07:21 Tokenizer]: Data (t): 0.0012, 48.75/s/gpu Batch (t): 1.3128 LR: 0.000100 Step: 37000 Total Loss: 0.4409 KL Loss: 0.0062 Repa Loss: 0.3060 Recon Loss: 0.0096 Discriminator Loss: 0.0000 Perceptual Loss: 0.2720 
[11/27 03:07:22 Tokenizer]: Reconstructing images...
[11/27 03:08:17 Tokenizer]: Data (t): 0.0013, 63.74/s/gpu Batch (t): 1.0041 LR: 0.000100 Step: 37050 Total Loss: 0.4438 KL Loss: 0.0063 Repa Loss: 0.3142 Recon Loss: 0.0095 Discriminator Loss: 0.0000 Perceptual Loss: 0.2709 
[11/27 03:09:10 Tokenizer]: Data (t): 0.0012, 55.33/s/gpu Batch (t): 1.1566 LR: 0.000100 Step: 37100 Total Loss: 0.4367 KL Loss: 0.0062 Repa Loss: 0.3061 Recon Loss: 0.0094 Discriminator Loss: 0.0000 Perceptual Loss: 0.2680 
[11/27 03:10:04 Tokenizer]: Data (t): 0.0012, 58.55/s/gpu Batch (t): 1.0931 LR: 0.000100 Step: 37150 Total Loss: 0.4410 KL Loss: 0.0063 Repa Loss: 0.3111 Recon Loss: 0.0090 Discriminator Loss: 0.0000 Perceptual Loss: 0.2702 
[11/27 03:10:58 Tokenizer]: Data (t): 0.0012, 60.69/s/gpu Batch (t): 1.0546 LR: 0.000100 Step: 37200 Total Loss: 0.4434 KL Loss: 0.0062 Repa Loss: 0.3108 Recon Loss: 0.0099 Discriminator Loss: 0.0000 Perceptual Loss: 0.2718 
[11/27 03:11:52 Tokenizer]: Data (t): 0.0013, 58.85/s/gpu Batch (t): 1.0875 LR: 0.000100 Step: 37250 Total Loss: 0.4378 KL Loss: 0.0063 Repa Loss: 0.3061 Recon Loss: 0.0091 Discriminator Loss: 0.0000 Perceptual Loss: 0.2693 
[11/27 03:12:46 Tokenizer]: Data (t): 0.0013, 58.33/s/gpu Batch (t): 1.0972 LR: 0.000100 Step: 37300 Total Loss: 0.4384 KL Loss: 0.0063 Repa Loss: 0.3077 Recon Loss: 0.0093 Discriminator Loss: 0.0000 Perceptual Loss: 0.2690 
[11/27 03:13:41 Tokenizer]: Data (t): 0.0013, 61.43/s/gpu Batch (t): 1.0418 LR: 0.000100 Step: 37350 Total Loss: 0.4274 KL Loss: 0.0063 Repa Loss: 0.3008 Recon Loss: 0.0087 Discriminator Loss: 0.0000 Perceptual Loss: 0.2620 
[11/27 03:14:35 Tokenizer]: Data (t): 0.0012, 60.13/s/gpu Batch (t): 1.0643 LR: 0.000100 Step: 37400 Total Loss: 0.4362 KL Loss: 0.0063 Repa Loss: 0.3092 Recon Loss: 0.0092 Discriminator Loss: 0.0000 Perceptual Loss: 0.2660 
[11/27 03:15:28 Tokenizer]: Data (t): 0.0013, 63.33/s/gpu Batch (t): 1.0106 LR: 0.000100 Step: 37450 Total Loss: 0.4441 KL Loss: 0.0063 Repa Loss: 0.3102 Recon Loss: 0.0096 Discriminator Loss: 0.0000 Perceptual Loss: 0.2731 
[11/27 03:16:21 Tokenizer]: Data (t): 0.0012, 61.42/s/gpu Batch (t): 1.0420 LR: 0.000100 Step: 37500 Total Loss: 0.4378 KL Loss: 0.0063 Repa Loss: 0.3078 Recon Loss: 0.0092 Discriminator Loss: 0.0000 Perceptual Loss: 0.2684 
[11/27 03:16:22 Tokenizer]: Reconstructing images...
[11/27 03:17:15 Tokenizer]: Data (t): 0.0012, 62.30/s/gpu Batch (t): 1.0273 LR: 0.000100 Step: 37550 Total Loss: 0.4332 KL Loss: 0.0064 Repa Loss: 0.3006 Recon Loss: 0.0097 Discriminator Loss: 0.0000 Perceptual Loss: 0.2669 
[11/27 03:18:08 Tokenizer]: Data (t): 0.0015, 59.93/s/gpu Batch (t): 1.0680 LR: 0.000100 Step: 37600 Total Loss: 0.4425 KL Loss: 0.0063 Repa Loss: 0.3084 Recon Loss: 0.0101 Discriminator Loss: 0.0000 Perceptual Loss: 0.2718 
[11/27 03:19:01 Tokenizer]: Data (t): 0.0012, 62.74/s/gpu Batch (t): 1.0201 LR: 0.000100 Step: 37650 Total Loss: 0.4386 KL Loss: 0.0063 Repa Loss: 0.3077 Recon Loss: 0.0093 Discriminator Loss: 0.0000 Perceptual Loss: 0.2691 
[11/27 03:19:54 Tokenizer]: Data (t): 0.0013, 57.01/s/gpu Batch (t): 1.1226 LR: 0.000100 Step: 37700 Total Loss: 0.4354 KL Loss: 0.0063 Repa Loss: 0.3044 Recon Loss: 0.0095 Discriminator Loss: 0.0000 Perceptual Loss: 0.2674 
[11/27 03:20:47 Tokenizer]: Data (t): 0.0013, 65.12/s/gpu Batch (t): 0.9827 LR: 0.000100 Step: 37750 Total Loss: 0.4446 KL Loss: 0.0063 Repa Loss: 0.3094 Recon Loss: 0.0097 Discriminator Loss: 0.0000 Perceptual Loss: 0.2740 
[11/27 03:21:40 Tokenizer]: Data (t): 0.0012, 59.16/s/gpu Batch (t): 1.0818 LR: 0.000100 Step: 37800 Total Loss: 0.4359 KL Loss: 0.0063 Repa Loss: 0.3004 Recon Loss: 0.0096 Discriminator Loss: 0.0000 Perceptual Loss: 0.2698 
[11/27 03:22:33 Tokenizer]: Data (t): 0.0013, 60.25/s/gpu Batch (t): 1.0622 LR: 0.000100 Step: 37850 Total Loss: 0.4463 KL Loss: 0.0063 Repa Loss: 0.3107 Recon Loss: 0.0097 Discriminator Loss: 0.0000 Perceptual Loss: 0.2750 
[11/27 03:23:26 Tokenizer]: Data (t): 0.0013, 61.51/s/gpu Batch (t): 1.0405 LR: 0.000100 Step: 37900 Total Loss: 0.4365 KL Loss: 0.0063 Repa Loss: 0.3055 Recon Loss: 0.0094 Discriminator Loss: 0.0000 Perceptual Loss: 0.2680 
[11/27 03:24:19 Tokenizer]: Data (t): 0.0012, 62.02/s/gpu Batch (t): 1.0320 LR: 0.000100 Step: 37950 Total Loss: 0.4448 KL Loss: 0.0062 Repa Loss: 0.3083 Recon Loss: 0.0103 Discriminator Loss: 0.0000 Perceptual Loss: 0.2741 
[11/27 03:25:12 Tokenizer]: Data (t): 0.0016, 53.73/s/gpu Batch (t): 1.1911 LR: 0.000100 Step: 38000 Total Loss: 0.4380 KL Loss: 0.0063 Repa Loss: 0.3066 Recon Loss: 0.0093 Discriminator Loss: 0.0000 Perceptual Loss: 0.2691 
[11/27 03:25:12 Tokenizer]: Reconstructing images...
[11/27 03:26:06 Tokenizer]: Data (t): 0.0013, 59.75/s/gpu Batch (t): 1.0710 LR: 0.000100 Step: 38050 Total Loss: 0.4352 KL Loss: 0.0063 Repa Loss: 0.3053 Recon Loss: 0.0091 Discriminator Loss: 0.0000 Perceptual Loss: 0.2671 
[11/27 03:26:59 Tokenizer]: Data (t): 0.0013, 63.78/s/gpu Batch (t): 1.0035 LR: 0.000100 Step: 38100 Total Loss: 0.4374 KL Loss: 0.0063 Repa Loss: 0.3094 Recon Loss: 0.0092 Discriminator Loss: 0.0000 Perceptual Loss: 0.2672 
[11/27 03:27:52 Tokenizer]: Data (t): 0.0012, 62.38/s/gpu Batch (t): 1.0260 LR: 0.000100 Step: 38150 Total Loss: 0.4369 KL Loss: 0.0063 Repa Loss: 0.3049 Recon Loss: 0.0093 Discriminator Loss: 0.0000 Perceptual Loss: 0.2688 
[11/27 03:28:45 Tokenizer]: Data (t): 0.0013, 59.39/s/gpu Batch (t): 1.0776 LR: 0.000100 Step: 38200 Total Loss: 0.4435 KL Loss: 0.0063 Repa Loss: 0.3094 Recon Loss: 0.0091 Discriminator Loss: 0.0000 Perceptual Loss: 0.2733 
[11/27 03:29:38 Tokenizer]: Data (t): 0.0014, 62.17/s/gpu Batch (t): 1.0295 LR: 0.000100 Step: 38250 Total Loss: 0.4415 KL Loss: 0.0061 Repa Loss: 0.3119 Recon Loss: 0.0098 Discriminator Loss: 0.0000 Perceptual Loss: 0.2697 
[11/27 03:30:31 Tokenizer]: Data (t): 0.0012, 63.18/s/gpu Batch (t): 1.0130 LR: 0.000100 Step: 38300 Total Loss: 0.4371 KL Loss: 0.0063 Repa Loss: 0.3027 Recon Loss: 0.0094 Discriminator Loss: 0.0000 Perceptual Loss: 0.2700 
[11/27 03:31:23 Tokenizer]: Data (t): 0.0012, 56.81/s/gpu Batch (t): 1.1265 LR: 0.000100 Step: 38350 Total Loss: 0.4351 KL Loss: 0.0063 Repa Loss: 0.3043 Recon Loss: 0.0093 Discriminator Loss: 0.0000 Perceptual Loss: 0.2673 
[11/27 03:32:16 Tokenizer]: Data (t): 0.0013, 60.21/s/gpu Batch (t): 1.0629 LR: 0.000100 Step: 38400 Total Loss: 0.4306 KL Loss: 0.0063 Repa Loss: 0.3047 Recon Loss: 0.0091 Discriminator Loss: 0.0000 Perceptual Loss: 0.2629 
[11/27 03:33:09 Tokenizer]: Data (t): 0.0013, 61.10/s/gpu Batch (t): 1.0475 LR: 0.000100 Step: 38450 Total Loss: 0.4367 KL Loss: 0.0063 Repa Loss: 0.3029 Recon Loss: 0.0092 Discriminator Loss: 0.0000 Perceptual Loss: 0.2697 
[11/27 03:34:02 Tokenizer]: Data (t): 0.0014, 59.94/s/gpu Batch (t): 1.0678 LR: 0.000100 Step: 38500 Total Loss: 0.4292 KL Loss: 0.0063 Repa Loss: 0.3004 Recon Loss: 0.0089 Discriminator Loss: 0.0000 Perceptual Loss: 0.2637 
[11/27 03:34:03 Tokenizer]: Reconstructing images...
[11/27 03:34:56 Tokenizer]: Data (t): 0.0013, 60.09/s/gpu Batch (t): 1.0651 LR: 0.000100 Step: 38550 Total Loss: 0.4379 KL Loss: 0.0063 Repa Loss: 0.3078 Recon Loss: 0.0100 Discriminator Loss: 0.0000 Perceptual Loss: 0.2677 
[11/27 03:35:48 Tokenizer]: Data (t): 0.0012, 62.46/s/gpu Batch (t): 1.0247 LR: 0.000100 Step: 38600 Total Loss: 0.4413 KL Loss: 0.0063 Repa Loss: 0.3077 Recon Loss: 0.0100 Discriminator Loss: 0.0000 Perceptual Loss: 0.2712 
[11/27 03:36:41 Tokenizer]: Data (t): 0.0012, 59.70/s/gpu Batch (t): 1.0720 LR: 0.000100 Step: 38650 Total Loss: 0.4386 KL Loss: 0.0063 Repa Loss: 0.3073 Recon Loss: 0.0096 Discriminator Loss: 0.0000 Perceptual Loss: 0.2690 
[11/27 03:37:34 Tokenizer]: Data (t): 0.0012, 57.97/s/gpu Batch (t): 1.1039 LR: 0.000100 Step: 38700 Total Loss: 0.4327 KL Loss: 0.0063 Repa Loss: 0.3034 Recon Loss: 0.0095 Discriminator Loss: 0.0000 Perceptual Loss: 0.2652 
[11/27 03:38:27 Tokenizer]: Data (t): 0.0012, 63.34/s/gpu Batch (t): 1.0104 LR: 0.000100 Step: 38750 Total Loss: 0.4305 KL Loss: 0.0063 Repa Loss: 0.3000 Recon Loss: 0.0089 Discriminator Loss: 0.0000 Perceptual Loss: 0.2653 
[11/27 03:39:20 Tokenizer]: Data (t): 0.0012, 61.19/s/gpu Batch (t): 1.0458 LR: 0.000100 Step: 38800 Total Loss: 0.4329 KL Loss: 0.0063 Repa Loss: 0.3007 Recon Loss: 0.0094 Discriminator Loss: 0.0000 Perceptual Loss: 0.2668 
[11/27 03:40:13 Tokenizer]: Data (t): 0.0012, 63.44/s/gpu Batch (t): 1.0088 LR: 0.000100 Step: 38850 Total Loss: 0.4440 KL Loss: 0.0063 Repa Loss: 0.3108 Recon Loss: 0.0100 Discriminator Loss: 0.0000 Perceptual Loss: 0.2723 
[11/27 03:41:06 Tokenizer]: Data (t): 0.0012, 58.71/s/gpu Batch (t): 1.0901 LR: 0.000100 Step: 38900 Total Loss: 0.4315 KL Loss: 0.0064 Repa Loss: 0.3048 Recon Loss: 0.0094 Discriminator Loss: 0.0000 Perceptual Loss: 0.2634 
[11/27 03:41:59 Tokenizer]: Data (t): 0.0013, 58.51/s/gpu Batch (t): 1.0938 LR: 0.000100 Step: 38950 Total Loss: 0.4370 KL Loss: 0.0064 Repa Loss: 0.3098 Recon Loss: 0.0104 Discriminator Loss: 0.0000 Perceptual Loss: 0.2653 
[11/27 03:42:52 Tokenizer]: Data (t): 0.0012, 54.09/s/gpu Batch (t): 1.1832 LR: 0.000100 Step: 39000 Total Loss: 0.4312 KL Loss: 0.0063 Repa Loss: 0.2995 Recon Loss: 0.0096 Discriminator Loss: 0.0000 Perceptual Loss: 0.2655 
[11/27 03:42:52 Tokenizer]: Reconstructing images...
[11/27 03:43:46 Tokenizer]: Data (t): 0.0012, 59.90/s/gpu Batch (t): 1.0684 LR: 0.000100 Step: 39050 Total Loss: 0.4388 KL Loss: 0.0063 Repa Loss: 0.3083 Recon Loss: 0.0091 Discriminator Loss: 0.0000 Perceptual Loss: 0.2691 
[11/27 03:44:38 Tokenizer]: Data (t): 0.0013, 59.37/s/gpu Batch (t): 1.0779 LR: 0.000100 Step: 39100 Total Loss: 0.4327 KL Loss: 0.0063 Repa Loss: 0.3034 Recon Loss: 0.0091 Discriminator Loss: 0.0000 Perceptual Loss: 0.2656 
[11/27 03:45:31 Tokenizer]: Data (t): 0.0013, 60.72/s/gpu Batch (t): 1.0541 LR: 0.000100 Step: 39150 Total Loss: 0.4286 KL Loss: 0.0063 Repa Loss: 0.3005 Recon Loss: 0.0091 Discriminator Loss: 0.0000 Perceptual Loss: 0.2629 
[11/27 03:46:24 Tokenizer]: Data (t): 0.0012, 58.71/s/gpu Batch (t): 1.0901 LR: 0.000100 Step: 39200 Total Loss: 0.4461 KL Loss: 0.0064 Repa Loss: 0.3264 Recon Loss: 0.0092 Discriminator Loss: 0.0000 Perceptual Loss: 0.2672 
[11/27 03:47:17 Tokenizer]: Data (t): 0.0012, 59.77/s/gpu Batch (t): 1.0708 LR: 0.000100 Step: 39250 Total Loss: 0.4312 KL Loss: 0.0063 Repa Loss: 0.3039 Recon Loss: 0.0091 Discriminator Loss: 0.0000 Perceptual Loss: 0.2637 
[11/27 03:48:10 Tokenizer]: Data (t): 0.0012, 65.17/s/gpu Batch (t): 0.9821 LR: 0.000100 Step: 39300 Total Loss: 0.4366 KL Loss: 0.0063 Repa Loss: 0.3048 Recon Loss: 0.0097 Discriminator Loss: 0.0000 Perceptual Loss: 0.2682 
[11/27 03:49:02 Tokenizer]: Data (t): 0.0012, 62.20/s/gpu Batch (t): 1.0290 LR: 0.000100 Step: 39350 Total Loss: 0.4311 KL Loss: 0.0063 Repa Loss: 0.3049 Recon Loss: 0.0094 Discriminator Loss: 0.0000 Perceptual Loss: 0.2628 
[11/27 03:49:55 Tokenizer]: Data (t): 0.0014, 65.41/s/gpu Batch (t): 0.9784 LR: 0.000100 Step: 39400 Total Loss: 0.4292 KL Loss: 0.0063 Repa Loss: 0.3017 Recon Loss: 0.0085 Discriminator Loss: 0.0000 Perceptual Loss: 0.2636 
[11/27 03:50:48 Tokenizer]: Data (t): 0.0020, 60.49/s/gpu Batch (t): 1.0580 LR: 0.000100 Step: 39450 Total Loss: 0.4252 KL Loss: 0.0063 Repa Loss: 0.2994 Recon Loss: 0.0093 Discriminator Loss: 0.0000 Perceptual Loss: 0.2599 
[11/27 03:51:41 Tokenizer]: Data (t): 0.0012, 61.89/s/gpu Batch (t): 1.0341 LR: 0.000100 Step: 39500 Total Loss: 0.4394 KL Loss: 0.0063 Repa Loss: 0.3065 Recon Loss: 0.0104 Discriminator Loss: 0.0000 Perceptual Loss: 0.2694 
[11/27 03:51:41 Tokenizer]: Reconstructing images...
[11/27 03:52:35 Tokenizer]: Data (t): 0.0012, 60.54/s/gpu Batch (t): 1.0571 LR: 0.000100 Step: 39550 Total Loss: 0.4391 KL Loss: 0.0063 Repa Loss: 0.3077 Recon Loss: 0.0093 Discriminator Loss: 0.0000 Perceptual Loss: 0.2696 
[11/27 03:53:27 Tokenizer]: Data (t): 0.0012, 60.62/s/gpu Batch (t): 1.0557 LR: 0.000100 Step: 39600 Total Loss: 0.4291 KL Loss: 0.0063 Repa Loss: 0.2987 Recon Loss: 0.0090 Discriminator Loss: 0.0000 Perceptual Loss: 0.2645 
[11/27 03:54:20 Tokenizer]: Data (t): 0.0012, 60.70/s/gpu Batch (t): 1.0544 LR: 0.000100 Step: 39650 Total Loss: 0.4303 KL Loss: 0.0063 Repa Loss: 0.3030 Recon Loss: 0.0094 Discriminator Loss: 0.0000 Perceptual Loss: 0.2631 
[11/27 03:55:13 Tokenizer]: Data (t): 0.0012, 64.01/s/gpu Batch (t): 0.9998 LR: 0.000100 Step: 39700 Total Loss: 0.4296 KL Loss: 0.0063 Repa Loss: 0.3026 Recon Loss: 0.0089 Discriminator Loss: 0.0000 Perceptual Loss: 0.2631 
[11/27 03:56:06 Tokenizer]: Data (t): 0.0012, 62.27/s/gpu Batch (t): 1.0279 LR: 0.000100 Step: 39750 Total Loss: 0.4299 KL Loss: 0.0063 Repa Loss: 0.2981 Recon Loss: 0.0094 Discriminator Loss: 0.0000 Perceptual Loss: 0.2652 
[11/27 03:56:59 Tokenizer]: Data (t): 0.0012, 59.70/s/gpu Batch (t): 1.0720 LR: 0.000100 Step: 39800 Total Loss: 0.4263 KL Loss: 0.0063 Repa Loss: 0.2994 Recon Loss: 0.0095 Discriminator Loss: 0.0000 Perceptual Loss: 0.2607 
[11/27 03:57:52 Tokenizer]: Data (t): 0.0012, 60.08/s/gpu Batch (t): 1.0652 LR: 0.000100 Step: 39850 Total Loss: 0.4392 KL Loss: 0.0063 Repa Loss: 0.3010 Recon Loss: 0.0096 Discriminator Loss: 0.0000 Perceptual Loss: 0.2729 
[11/27 03:58:45 Tokenizer]: Data (t): 0.0020, 63.87/s/gpu Batch (t): 1.0020 LR: 0.000100 Step: 39900 Total Loss: 0.4334 KL Loss: 0.0063 Repa Loss: 0.3030 Recon Loss: 0.0091 Discriminator Loss: 0.0000 Perceptual Loss: 0.2665 
[11/27 03:59:38 Tokenizer]: Data (t): 0.0012, 60.67/s/gpu Batch (t): 1.0549 LR: 0.000100 Step: 39950 Total Loss: 0.4300 KL Loss: 0.0063 Repa Loss: 0.3024 Recon Loss: 0.0093 Discriminator Loss: 0.0000 Perceptual Loss: 0.2632 
[11/27 04:00:30 Tokenizer]: Data (t): 0.0012, 51.73/s/gpu Batch (t): 1.2372 LR: 0.000100 Step: 40000 Total Loss: 0.4363 KL Loss: 0.0063 Repa Loss: 0.3042 Recon Loss: 0.0097 Discriminator Loss: 0.0000 Perceptual Loss: 0.2682 
[11/27 04:00:31 Tokenizer]: Reconstructing images...
[11/27 04:01:24 Tokenizer]: Data (t): 0.0013, 55.22/s/gpu Batch (t): 1.1589 LR: 0.000100 Step: 40050 Total Loss: 0.4285 KL Loss: 0.0063 Repa Loss: 0.3006 Recon Loss: 0.0091 Discriminator Loss: 0.0000 Perceptual Loss: 0.2628 
[11/27 04:02:17 Tokenizer]: Data (t): 0.0012, 58.74/s/gpu Batch (t): 1.0895 LR: 0.000100 Step: 40100 Total Loss: 0.4301 KL Loss: 0.0064 Repa Loss: 0.2931 Recon Loss: 0.0102 Discriminator Loss: 0.0000 Perceptual Loss: 0.2670 
[11/27 04:03:10 Tokenizer]: Data (t): 0.0012, 62.84/s/gpu Batch (t): 1.0184 LR: 0.000100 Step: 40150 Total Loss: 0.4339 KL Loss: 0.0062 Repa Loss: 0.2998 Recon Loss: 0.0095 Discriminator Loss: 0.0000 Perceptual Loss: 0.2683 
[11/27 04:04:04 Tokenizer]: Data (t): 0.0013, 60.06/s/gpu Batch (t): 1.0656 LR: 0.000100 Step: 40200 Total Loss: 0.4245 KL Loss: 0.0063 Repa Loss: 0.2923 Recon Loss: 0.0096 Discriminator Loss: 0.0000 Perceptual Loss: 0.2624 
[11/27 04:04:57 Tokenizer]: Data (t): 0.0012, 59.48/s/gpu Batch (t): 1.0761 LR: 0.000100 Step: 40250 Total Loss: 0.4321 KL Loss: 0.0063 Repa Loss: 0.3015 Recon Loss: 0.0092 Discriminator Loss: 0.0000 Perceptual Loss: 0.2658 
[11/27 04:05:49 Tokenizer]: Data (t): 0.0012, 61.69/s/gpu Batch (t): 1.0374 LR: 0.000100 Step: 40300 Total Loss: 0.4326 KL Loss: 0.0063 Repa Loss: 0.2973 Recon Loss: 0.0100 Discriminator Loss: 0.0000 Perceptual Loss: 0.2676 
[11/27 04:06:42 Tokenizer]: Data (t): 0.0012, 62.64/s/gpu Batch (t): 1.0218 LR: 0.000100 Step: 40350 Total Loss: 0.4348 KL Loss: 0.0063 Repa Loss: 0.3050 Recon Loss: 0.0093 Discriminator Loss: 0.0000 Perceptual Loss: 0.2668 
[11/27 04:07:35 Tokenizer]: Data (t): 0.0012, 60.64/s/gpu Batch (t): 1.0555 LR: 0.000100 Step: 40400 Total Loss: 0.4315 KL Loss: 0.0063 Repa Loss: 0.3016 Recon Loss: 0.0093 Discriminator Loss: 0.0000 Perceptual Loss: 0.2651 
[11/27 04:08:28 Tokenizer]: Data (t): 0.0013, 59.98/s/gpu Batch (t): 1.0670 LR: 0.000100 Step: 40450 Total Loss: 0.4209 KL Loss: 0.0063 Repa Loss: 0.2937 Recon Loss: 0.0088 Discriminator Loss: 0.0000 Perceptual Loss: 0.2589 
[11/27 04:09:21 Tokenizer]: Data (t): 0.0013, 58.54/s/gpu Batch (t): 1.0933 LR: 0.000100 Step: 40500 Total Loss: 0.4302 KL Loss: 0.0064 Repa Loss: 0.3002 Recon Loss: 0.0097 Discriminator Loss: 0.0000 Perceptual Loss: 0.2640 
[11/27 04:09:22 Tokenizer]: Reconstructing images...
[11/27 04:10:15 Tokenizer]: Data (t): 0.0012, 58.75/s/gpu Batch (t): 1.0894 LR: 0.000100 Step: 40550 Total Loss: 0.4299 KL Loss: 0.0064 Repa Loss: 0.2982 Recon Loss: 0.0095 Discriminator Loss: 0.0000 Perceptual Loss: 0.2650 
[11/27 04:11:08 Tokenizer]: Data (t): 0.0012, 63.90/s/gpu Batch (t): 1.0016 LR: 0.000100 Step: 40600 Total Loss: 0.4267 KL Loss: 0.0063 Repa Loss: 0.2990 Recon Loss: 0.0091 Discriminator Loss: 0.0000 Perceptual Loss: 0.2618 
[11/27 04:12:00 Tokenizer]: Data (t): 0.0012, 59.87/s/gpu Batch (t): 1.0690 LR: 0.000100 Step: 40650 Total Loss: 0.4216 KL Loss: 0.0063 Repa Loss: 0.2943 Recon Loss: 0.0089 Discriminator Loss: 0.0000 Perceptual Loss: 0.2592 
[11/27 04:12:53 Tokenizer]: Data (t): 0.0012, 57.23/s/gpu Batch (t): 1.1182 LR: 0.000100 Step: 40700 Total Loss: 0.4282 KL Loss: 0.0063 Repa Loss: 0.2993 Recon Loss: 0.0094 Discriminator Loss: 0.0000 Perceptual Loss: 0.2628 
[11/27 04:13:47 Tokenizer]: Data (t): 0.0012, 60.40/s/gpu Batch (t): 1.0596 LR: 0.000100 Step: 40750 Total Loss: 0.4271 KL Loss: 0.0063 Repa Loss: 0.2982 Recon Loss: 0.0093 Discriminator Loss: 0.0000 Perceptual Loss: 0.2623 
[11/27 04:14:40 Tokenizer]: Data (t): 0.0012, 61.61/s/gpu Batch (t): 1.0387 LR: 0.000100 Step: 40800 Total Loss: 0.4281 KL Loss: 0.0063 Repa Loss: 0.2973 Recon Loss: 0.0091 Discriminator Loss: 0.0000 Perceptual Loss: 0.2640 
[11/27 04:15:33 Tokenizer]: Data (t): 0.0013, 55.37/s/gpu Batch (t): 1.1558 LR: 0.000100 Step: 40850 Total Loss: 0.4251 KL Loss: 0.0063 Repa Loss: 0.2972 Recon Loss: 0.0091 Discriminator Loss: 0.0000 Perceptual Loss: 0.2610 
[11/27 04:16:26 Tokenizer]: Data (t): 0.0012, 61.57/s/gpu Batch (t): 1.0395 LR: 0.000100 Step: 40900 Total Loss: 0.4297 KL Loss: 0.0063 Repa Loss: 0.2959 Recon Loss: 0.0098 Discriminator Loss: 0.0000 Perceptual Loss: 0.2656 
[11/27 04:17:18 Tokenizer]: Data (t): 0.0012, 61.18/s/gpu Batch (t): 1.0461 LR: 0.000100 Step: 40950 Total Loss: 0.4228 KL Loss: 0.0063 Repa Loss: 0.2950 Recon Loss: 0.0089 Discriminator Loss: 0.0000 Perceptual Loss: 0.2601 
[11/27 04:18:10 Tokenizer]: Data (t): 0.0013, 54.37/s/gpu Batch (t): 1.1770 LR: 0.000100 Step: 41000 Total Loss: 0.4309 KL Loss: 0.0063 Repa Loss: 0.2969 Recon Loss: 0.0094 Discriminator Loss: 0.0000 Perceptual Loss: 0.2667 
[11/27 04:18:11 Tokenizer]: Reconstructing images...
[11/27 04:19:05 Tokenizer]: Data (t): 0.0012, 62.36/s/gpu Batch (t): 1.0262 LR: 0.000100 Step: 41050 Total Loss: 0.4287 KL Loss: 0.0063 Repa Loss: 0.2979 Recon Loss: 0.0094 Discriminator Loss: 0.0000 Perceptual Loss: 0.2640 
[11/27 04:19:58 Tokenizer]: Data (t): 0.0012, 60.81/s/gpu Batch (t): 1.0525 LR: 0.000100 Step: 41100 Total Loss: 0.4206 KL Loss: 0.0063 Repa Loss: 0.2934 Recon Loss: 0.0092 Discriminator Loss: 0.0000 Perceptual Loss: 0.2584 
[11/27 04:20:51 Tokenizer]: Data (t): 0.0013, 62.81/s/gpu Batch (t): 1.0190 LR: 0.000100 Step: 41150 Total Loss: 0.4311 KL Loss: 0.0063 Repa Loss: 0.3080 Recon Loss: 0.0092 Discriminator Loss: 0.0000 Perceptual Loss: 0.2616 
[11/27 04:21:44 Tokenizer]: Data (t): 0.0013, 67.10/s/gpu Batch (t): 0.9537 LR: 0.000100 Step: 41200 Total Loss: 0.4403 KL Loss: 0.0063 Repa Loss: 0.3208 Recon Loss: 0.0093 Discriminator Loss: 0.0000 Perceptual Loss: 0.2643 
[11/27 04:22:37 Tokenizer]: Data (t): 0.0020, 59.77/s/gpu Batch (t): 1.0708 LR: 0.000100 Step: 41250 Total Loss: 0.4322 KL Loss: 0.0064 Repa Loss: 0.3010 Recon Loss: 0.0093 Discriminator Loss: 0.0000 Perceptual Loss: 0.2660 
[11/27 04:23:30 Tokenizer]: Data (t): 0.0012, 56.81/s/gpu Batch (t): 1.1265 LR: 0.000100 Step: 41300 Total Loss: 0.4401 KL Loss: 0.0063 Repa Loss: 0.3150 Recon Loss: 0.0095 Discriminator Loss: 0.0000 Perceptual Loss: 0.2667 
[11/27 04:24:24 Tokenizer]: Data (t): 0.0013, 61.14/s/gpu Batch (t): 1.0468 LR: 0.000100 Step: 41350 Total Loss: 0.4270 KL Loss: 0.0063 Repa Loss: 0.2986 Recon Loss: 0.0093 Discriminator Loss: 0.0000 Perceptual Loss: 0.2621 
[11/27 04:25:17 Tokenizer]: Data (t): 0.0012, 56.47/s/gpu Batch (t): 1.1333 LR: 0.000100 Step: 41400 Total Loss: 0.4275 KL Loss: 0.0063 Repa Loss: 0.2972 Recon Loss: 0.0091 Discriminator Loss: 0.0000 Perceptual Loss: 0.2634 
[11/27 04:26:10 Tokenizer]: Data (t): 0.0013, 58.33/s/gpu Batch (t): 1.0973 LR: 0.000100 Step: 41450 Total Loss: 0.4225 KL Loss: 0.0063 Repa Loss: 0.2944 Recon Loss: 0.0093 Discriminator Loss: 0.0000 Perceptual Loss: 0.2596 
[11/27 04:27:03 Tokenizer]: Data (t): 0.0012, 60.91/s/gpu Batch (t): 1.0507 LR: 0.000100 Step: 41500 Total Loss: 0.4301 KL Loss: 0.0064 Repa Loss: 0.3017 Recon Loss: 0.0094 Discriminator Loss: 0.0000 Perceptual Loss: 0.2634 
[11/27 04:27:04 Tokenizer]: Reconstructing images...
[11/27 04:27:57 Tokenizer]: Data (t): 0.0013, 60.96/s/gpu Batch (t): 1.0498 LR: 0.000100 Step: 41550 Total Loss: 0.4352 KL Loss: 0.0063 Repa Loss: 0.2983 Recon Loss: 0.0091 Discriminator Loss: 0.0000 Perceptual Loss: 0.2707 
[11/27 04:28:50 Tokenizer]: Data (t): 0.0014, 59.35/s/gpu Batch (t): 1.0784 LR: 0.000100 Step: 41600 Total Loss: 0.4236 KL Loss: 0.0064 Repa Loss: 0.2929 Recon Loss: 0.0091 Discriminator Loss: 0.0000 Perceptual Loss: 0.2617 
[11/27 04:29:44 Tokenizer]: Data (t): 0.0012, 57.53/s/gpu Batch (t): 1.1124 LR: 0.000100 Step: 41650 Total Loss: 0.4224 KL Loss: 0.0064 Repa Loss: 0.2951 Recon Loss: 0.0094 Discriminator Loss: 0.0000 Perceptual Loss: 0.2591 
[11/27 04:30:37 Tokenizer]: Data (t): 0.0013, 62.71/s/gpu Batch (t): 1.0206 LR: 0.000100 Step: 41700 Total Loss: 0.4235 KL Loss: 0.0063 Repa Loss: 0.2941 Recon Loss: 0.0088 Discriminator Loss: 0.0000 Perceptual Loss: 0.2612 
[11/27 04:31:30 Tokenizer]: Data (t): 0.0012, 56.12/s/gpu Batch (t): 1.1404 LR: 0.000100 Step: 41750 Total Loss: 0.4246 KL Loss: 0.0063 Repa Loss: 0.2991 Recon Loss: 0.0090 Discriminator Loss: 0.0000 Perceptual Loss: 0.2597 
[11/27 04:32:23 Tokenizer]: Data (t): 0.0013, 61.22/s/gpu Batch (t): 1.0453 LR: 0.000100 Step: 41800 Total Loss: 0.4280 KL Loss: 0.0063 Repa Loss: 0.2992 Recon Loss: 0.0090 Discriminator Loss: 0.0000 Perceptual Loss: 0.2631 
[11/27 04:33:16 Tokenizer]: Data (t): 0.0012, 65.24/s/gpu Batch (t): 0.9809 LR: 0.000100 Step: 41850 Total Loss: 0.4245 KL Loss: 0.0063 Repa Loss: 0.2957 Recon Loss: 0.0088 Discriminator Loss: 0.0000 Perceptual Loss: 0.2616 
[11/27 04:34:09 Tokenizer]: Data (t): 0.0012, 62.91/s/gpu Batch (t): 1.0173 LR: 0.000100 Step: 41900 Total Loss: 0.4268 KL Loss: 0.0063 Repa Loss: 0.3001 Recon Loss: 0.0093 Discriminator Loss: 0.0000 Perceptual Loss: 0.2612 
[11/27 04:35:02 Tokenizer]: Data (t): 0.0013, 60.90/s/gpu Batch (t): 1.0509 LR: 0.000100 Step: 41950 Total Loss: 0.4257 KL Loss: 0.0063 Repa Loss: 0.2957 Recon Loss: 0.0089 Discriminator Loss: 0.0000 Perceptual Loss: 0.2626 
[11/27 04:35:56 Tokenizer]: Data (t): 0.0024, 52.51/s/gpu Batch (t): 1.2188 LR: 0.000100 Step: 42000 Total Loss: 0.4256 KL Loss: 0.0063 Repa Loss: 0.2956 Recon Loss: 0.0098 Discriminator Loss: 0.0000 Perceptual Loss: 0.2617 
[11/27 04:35:56 Tokenizer]: Reconstructing images...
[11/27 04:36:50 Tokenizer]: Data (t): 0.0014, 59.81/s/gpu Batch (t): 1.0701 LR: 0.000100 Step: 42050 Total Loss: 0.4182 KL Loss: 0.0063 Repa Loss: 0.2954 Recon Loss: 0.0091 Discriminator Loss: 0.0000 Perceptual Loss: 0.2550 
[11/27 04:37:43 Tokenizer]: Data (t): 0.0014, 57.57/s/gpu Batch (t): 1.1118 LR: 0.000100 Step: 42100 Total Loss: 0.4300 KL Loss: 0.0064 Repa Loss: 0.2956 Recon Loss: 0.0107 Discriminator Loss: 0.0000 Perceptual Loss: 0.2651 
[11/27 04:38:36 Tokenizer]: Data (t): 0.0014, 60.55/s/gpu Batch (t): 1.0570 LR: 0.000100 Step: 42150 Total Loss: 0.4230 KL Loss: 0.0063 Repa Loss: 0.2948 Recon Loss: 0.0089 Discriminator Loss: 0.0000 Perceptual Loss: 0.2604 
[11/27 04:39:29 Tokenizer]: Data (t): 0.0012, 58.76/s/gpu Batch (t): 1.0892 LR: 0.000100 Step: 42200 Total Loss: 0.4204 KL Loss: 0.0063 Repa Loss: 0.2943 Recon Loss: 0.0090 Discriminator Loss: 0.0000 Perceptual Loss: 0.2579 
[11/27 04:40:22 Tokenizer]: Data (t): 0.0012, 62.45/s/gpu Batch (t): 1.0248 LR: 0.000100 Step: 42250 Total Loss: 0.4156 KL Loss: 0.0064 Repa Loss: 0.2886 Recon Loss: 0.0087 Discriminator Loss: 0.0000 Perceptual Loss: 0.2563 
[11/27 04:41:15 Tokenizer]: Data (t): 0.0012, 61.55/s/gpu Batch (t): 1.0397 LR: 0.000100 Step: 42300 Total Loss: 0.4223 KL Loss: 0.0063 Repa Loss: 0.2956 Recon Loss: 0.0090 Discriminator Loss: 0.0000 Perceptual Loss: 0.2592 
[11/27 04:42:08 Tokenizer]: Data (t): 0.0013, 65.04/s/gpu Batch (t): 0.9840 LR: 0.000100 Step: 42350 Total Loss: 0.4244 KL Loss: 0.0063 Repa Loss: 0.2967 Recon Loss: 0.0090 Discriminator Loss: 0.0000 Perceptual Loss: 0.2607 
[11/27 04:43:00 Tokenizer]: Data (t): 0.0012, 59.60/s/gpu Batch (t): 1.0739 LR: 0.000100 Step: 42400 Total Loss: 0.4228 KL Loss: 0.0063 Repa Loss: 0.2943 Recon Loss: 0.0095 Discriminator Loss: 0.0000 Perceptual Loss: 0.2599 
[11/27 04:43:53 Tokenizer]: Data (t): 0.0012, 61.20/s/gpu Batch (t): 1.0457 LR: 0.000100 Step: 42450 Total Loss: 0.4236 KL Loss: 0.0063 Repa Loss: 0.2973 Recon Loss: 0.0091 Discriminator Loss: 0.0000 Perceptual Loss: 0.2596 
[11/27 04:44:46 Tokenizer]: Data (t): 0.0012, 63.38/s/gpu Batch (t): 1.0098 LR: 0.000100 Step: 42500 Total Loss: 0.4150 KL Loss: 0.0063 Repa Loss: 0.2902 Recon Loss: 0.0084 Discriminator Loss: 0.0000 Perceptual Loss: 0.2552 
[11/27 04:44:46 Tokenizer]: Reconstructing images...
[11/27 04:45:40 Tokenizer]: Data (t): 0.0012, 55.78/s/gpu Batch (t): 1.1474 LR: 0.000100 Step: 42550 Total Loss: 0.4278 KL Loss: 0.0062 Repa Loss: 0.2960 Recon Loss: 0.0093 Discriminator Loss: 0.0000 Perceptual Loss: 0.2644 
[11/27 04:46:33 Tokenizer]: Data (t): 0.0013, 59.57/s/gpu Batch (t): 1.0745 LR: 0.000100 Step: 42600 Total Loss: 0.4263 KL Loss: 0.0063 Repa Loss: 0.2941 Recon Loss: 0.0098 Discriminator Loss: 0.0000 Perceptual Loss: 0.2632 
[11/27 04:47:26 Tokenizer]: Data (t): 0.0013, 60.56/s/gpu Batch (t): 1.0568 LR: 0.000100 Step: 42650 Total Loss: 0.4167 KL Loss: 0.0063 Repa Loss: 0.2906 Recon Loss: 0.0089 Discriminator Loss: 0.0000 Perceptual Loss: 0.2562 
[11/27 04:48:19 Tokenizer]: Data (t): 0.0014, 61.31/s/gpu Batch (t): 1.0439 LR: 0.000100 Step: 42700 Total Loss: 0.4248 KL Loss: 0.0062 Repa Loss: 0.2940 Recon Loss: 0.0090 Discriminator Loss: 0.0000 Perceptual Loss: 0.2625 
[11/27 04:49:12 Tokenizer]: Data (t): 0.0012, 56.48/s/gpu Batch (t): 1.1331 LR: 0.000100 Step: 42750 Total Loss: 0.4203 KL Loss: 0.0063 Repa Loss: 0.2880 Recon Loss: 0.0093 Discriminator Loss: 0.0000 Perceptual Loss: 0.2607 
[11/27 04:50:05 Tokenizer]: Data (t): 0.0013, 59.45/s/gpu Batch (t): 1.0765 LR: 0.000100 Step: 42800 Total Loss: 0.4130 KL Loss: 0.0063 Repa Loss: 0.2872 Recon Loss: 0.0089 Discriminator Loss: 0.0000 Perceptual Loss: 0.2541 
[11/27 04:50:58 Tokenizer]: Data (t): 0.0012, 62.61/s/gpu Batch (t): 1.0222 LR: 0.000100 Step: 42850 Total Loss: 0.4197 KL Loss: 0.0064 Repa Loss: 0.2909 Recon Loss: 0.0094 Discriminator Loss: 0.0000 Perceptual Loss: 0.2584 
[11/27 04:51:51 Tokenizer]: Data (t): 0.0013, 60.36/s/gpu Batch (t): 1.0603 LR: 0.000100 Step: 42900 Total Loss: 0.4146 KL Loss: 0.0064 Repa Loss: 0.2890 Recon Loss: 0.0086 Discriminator Loss: 0.0000 Perceptual Loss: 0.2551 
[11/27 04:52:43 Tokenizer]: Data (t): 0.0012, 64.17/s/gpu Batch (t): 0.9973 LR: 0.000100 Step: 42950 Total Loss: 0.4238 KL Loss: 0.0063 Repa Loss: 0.2954 Recon Loss: 0.0096 Discriminator Loss: 0.0000 Perceptual Loss: 0.2602 
[11/27 04:53:37 Tokenizer]: Data (t): 0.0012, 54.73/s/gpu Batch (t): 1.1694 LR: 0.000100 Step: 43000 Total Loss: 0.4236 KL Loss: 0.0063 Repa Loss: 0.2936 Recon Loss: 0.0092 Discriminator Loss: 0.0000 Perceptual Loss: 0.2613 
[11/27 04:53:37 Tokenizer]: Reconstructing images...
[11/27 04:54:30 Tokenizer]: Data (t): 0.0012, 61.89/s/gpu Batch (t): 1.0341 LR: 0.000100 Step: 43050 Total Loss: 0.4279 KL Loss: 0.0063 Repa Loss: 0.2928 Recon Loss: 0.0098 Discriminator Loss: 0.0000 Perceptual Loss: 0.2653 
[11/27 04:55:23 Tokenizer]: Data (t): 0.0013, 64.37/s/gpu Batch (t): 0.9943 LR: 0.000100 Step: 43100 Total Loss: 0.4189 KL Loss: 0.0063 Repa Loss: 0.2898 Recon Loss: 0.0092 Discriminator Loss: 0.0000 Perceptual Loss: 0.2585 
[11/27 04:56:15 Tokenizer]: Data (t): 0.0012, 62.03/s/gpu Batch (t): 1.0318 LR: 0.000100 Step: 43150 Total Loss: 0.4183 KL Loss: 0.0064 Repa Loss: 0.2901 Recon Loss: 0.0089 Discriminator Loss: 0.0000 Perceptual Loss: 0.2579 
[11/27 04:57:09 Tokenizer]: Data (t): 0.0013, 61.23/s/gpu Batch (t): 1.0452 LR: 0.000100 Step: 43200 Total Loss: 0.4236 KL Loss: 0.0063 Repa Loss: 0.2916 Recon Loss: 0.0093 Discriminator Loss: 0.0000 Perceptual Loss: 0.2622 
[11/27 04:58:01 Tokenizer]: Data (t): 0.0012, 58.75/s/gpu Batch (t): 1.0893 LR: 0.000100 Step: 43250 Total Loss: 0.4233 KL Loss: 0.0064 Repa Loss: 0.2950 Recon Loss: 0.0092 Discriminator Loss: 0.0000 Perceptual Loss: 0.2602 
[11/27 04:58:55 Tokenizer]: Data (t): 0.0012, 61.24/s/gpu Batch (t): 1.0451 LR: 0.000100 Step: 43300 Total Loss: 0.4286 KL Loss: 0.0064 Repa Loss: 0.3066 Recon Loss: 0.0091 Discriminator Loss: 0.0000 Perceptual Loss: 0.2598 
[11/27 04:59:48 Tokenizer]: Data (t): 0.0012, 60.40/s/gpu Batch (t): 1.0596 LR: 0.000100 Step: 43350 Total Loss: 0.4236 KL Loss: 0.0063 Repa Loss: 0.2995 Recon Loss: 0.0091 Discriminator Loss: 0.0000 Perceptual Loss: 0.2585 
[11/27 05:00:41 Tokenizer]: Data (t): 0.0013, 57.30/s/gpu Batch (t): 1.1169 LR: 0.000100 Step: 43400 Total Loss: 0.4235 KL Loss: 0.0063 Repa Loss: 0.2959 Recon Loss: 0.0095 Discriminator Loss: 0.0000 Perceptual Loss: 0.2598 
[11/27 05:01:34 Tokenizer]: Data (t): 0.0012, 63.20/s/gpu Batch (t): 1.0127 LR: 0.000100 Step: 43450 Total Loss: 0.4165 KL Loss: 0.0063 Repa Loss: 0.2882 Recon Loss: 0.0088 Discriminator Loss: 0.0000 Perceptual Loss: 0.2573 
[11/27 05:02:27 Tokenizer]: Data (t): 0.0013, 61.67/s/gpu Batch (t): 1.0378 LR: 0.000100 Step: 43500 Total Loss: 0.4161 KL Loss: 0.0064 Repa Loss: 0.2893 Recon Loss: 0.0089 Discriminator Loss: 0.0000 Perceptual Loss: 0.2562 
[11/27 05:02:28 Tokenizer]: Reconstructing images...
[11/27 05:03:21 Tokenizer]: Data (t): 0.0014, 62.94/s/gpu Batch (t): 1.0169 LR: 0.000100 Step: 43550 Total Loss: 0.4206 KL Loss: 0.0063 Repa Loss: 0.2895 Recon Loss: 0.0094 Discriminator Loss: 0.0000 Perceptual Loss: 0.2601 
[11/27 05:04:14 Tokenizer]: Data (t): 0.0012, 60.57/s/gpu Batch (t): 1.0566 LR: 0.000100 Step: 43600 Total Loss: 0.4188 KL Loss: 0.0063 Repa Loss: 0.2901 Recon Loss: 0.0094 Discriminator Loss: 0.0000 Perceptual Loss: 0.2581 
[11/27 05:05:06 Tokenizer]: Data (t): 0.0014, 58.40/s/gpu Batch (t): 1.0958 LR: 0.000100 Step: 43650 Total Loss: 0.4187 KL Loss: 0.0064 Repa Loss: 0.2909 Recon Loss: 0.0088 Discriminator Loss: 0.0000 Perceptual Loss: 0.2581 
[11/27 05:06:00 Tokenizer]: Data (t): 0.0013, 60.55/s/gpu Batch (t): 1.0569 LR: 0.000100 Step: 43700 Total Loss: 0.4159 KL Loss: 0.0063 Repa Loss: 0.2899 Recon Loss: 0.0090 Discriminator Loss: 0.0000 Perceptual Loss: 0.2557 
[11/27 05:06:52 Tokenizer]: Data (t): 0.0012, 58.64/s/gpu Batch (t): 1.0914 LR: 0.000100 Step: 43750 Total Loss: 0.4213 KL Loss: 0.0063 Repa Loss: 0.2919 Recon Loss: 0.0092 Discriminator Loss: 0.0000 Perceptual Loss: 0.2599 
[11/27 05:07:45 Tokenizer]: Data (t): 0.0012, 62.51/s/gpu Batch (t): 1.0238 LR: 0.000100 Step: 43800 Total Loss: 0.4164 KL Loss: 0.0063 Repa Loss: 0.2914 Recon Loss: 0.0091 Discriminator Loss: 0.0000 Perceptual Loss: 0.2553 
[11/27 05:08:38 Tokenizer]: Data (t): 0.0012, 65.21/s/gpu Batch (t): 0.9815 LR: 0.000100 Step: 43850 Total Loss: 0.4206 KL Loss: 0.0063 Repa Loss: 0.2924 Recon Loss: 0.0091 Discriminator Loss: 0.0000 Perceptual Loss: 0.2590 
[11/27 05:09:30 Tokenizer]: Data (t): 0.0013, 62.16/s/gpu Batch (t): 1.0296 LR: 0.000100 Step: 43900 Total Loss: 0.4187 KL Loss: 0.0064 Repa Loss: 0.2912 Recon Loss: 0.0088 Discriminator Loss: 0.0000 Perceptual Loss: 0.2580 
[11/27 05:10:22 Tokenizer]: Data (t): 0.0021, 59.79/s/gpu Batch (t): 1.0704 LR: 0.000100 Step: 43950 Total Loss: 0.4165 KL Loss: 0.0063 Repa Loss: 0.2908 Recon Loss: 0.0087 Discriminator Loss: 0.0000 Perceptual Loss: 0.2560 
[11/27 05:11:16 Tokenizer]: Data (t): 0.0012, 53.80/s/gpu Batch (t): 1.1897 LR: 0.000100 Step: 44000 Total Loss: 0.4241 KL Loss: 0.0064 Repa Loss: 0.2909 Recon Loss: 0.0109 Discriminator Loss: 0.0000 Perceptual Loss: 0.2614 
[11/27 05:11:16 Tokenizer]: Reconstructing images...
[11/27 05:12:10 Tokenizer]: Data (t): 0.0013, 65.72/s/gpu Batch (t): 0.9738 LR: 0.000100 Step: 44050 Total Loss: 0.4167 KL Loss: 0.0063 Repa Loss: 0.2872 Recon Loss: 0.0090 Discriminator Loss: 0.0000 Perceptual Loss: 0.2578 
[11/27 05:13:04 Tokenizer]: Data (t): 0.0015, 59.16/s/gpu Batch (t): 1.0819 LR: 0.000100 Step: 44100 Total Loss: 0.4142 KL Loss: 0.0064 Repa Loss: 0.2867 Recon Loss: 0.0087 Discriminator Loss: 0.0000 Perceptual Loss: 0.2558 
[11/27 05:13:56 Tokenizer]: Data (t): 0.0013, 58.95/s/gpu Batch (t): 1.0857 LR: 0.000100 Step: 44150 Total Loss: 0.4224 KL Loss: 0.0063 Repa Loss: 0.2931 Recon Loss: 0.0092 Discriminator Loss: 0.0000 Perceptual Loss: 0.2603 
[11/27 05:14:49 Tokenizer]: Data (t): 0.0012, 61.38/s/gpu Batch (t): 1.0427 LR: 0.000100 Step: 44200 Total Loss: 0.4192 KL Loss: 0.0064 Repa Loss: 0.2907 Recon Loss: 0.0088 Discriminator Loss: 0.0000 Perceptual Loss: 0.2586 
[11/27 05:15:42 Tokenizer]: Data (t): 0.0012, 61.81/s/gpu Batch (t): 1.0354 LR: 0.000100 Step: 44250 Total Loss: 0.4134 KL Loss: 0.0063 Repa Loss: 0.2883 Recon Loss: 0.0091 Discriminator Loss: 0.0000 Perceptual Loss: 0.2538 
[11/27 05:16:35 Tokenizer]: Data (t): 0.0013, 63.13/s/gpu Batch (t): 1.0138 LR: 0.000100 Step: 44300 Total Loss: 0.4182 KL Loss: 0.0063 Repa Loss: 0.2898 Recon Loss: 0.0094 Discriminator Loss: 0.0000 Perceptual Loss: 0.2576 
[11/27 05:17:28 Tokenizer]: Data (t): 0.0012, 64.39/s/gpu Batch (t): 0.9940 LR: 0.000100 Step: 44350 Total Loss: 0.4127 KL Loss: 0.0064 Repa Loss: 0.2879 Recon Loss: 0.0084 Discriminator Loss: 0.0000 Perceptual Loss: 0.2539 
[11/27 05:18:21 Tokenizer]: Data (t): 0.0012, 61.08/s/gpu Batch (t): 1.0479 LR: 0.000100 Step: 44400 Total Loss: 0.4091 KL Loss: 0.0063 Repa Loss: 0.2877 Recon Loss: 0.0086 Discriminator Loss: 0.0000 Perceptual Loss: 0.2503 
[11/27 05:19:14 Tokenizer]: Data (t): 0.0013, 62.89/s/gpu Batch (t): 1.0177 LR: 0.000100 Step: 44450 Total Loss: 0.4176 KL Loss: 0.0064 Repa Loss: 0.2838 Recon Loss: 0.0095 Discriminator Loss: 0.0000 Perceptual Loss: 0.2598 
[11/27 05:20:06 Tokenizer]: Data (t): 0.0012, 58.51/s/gpu Batch (t): 1.0938 LR: 0.000100 Step: 44500 Total Loss: 0.4187 KL Loss: 0.0063 Repa Loss: 0.2918 Recon Loss: 0.0090 Discriminator Loss: 0.0000 Perceptual Loss: 0.2574 
[11/27 05:20:07 Tokenizer]: Reconstructing images...
[11/27 05:21:00 Tokenizer]: Data (t): 0.0012, 62.77/s/gpu Batch (t): 1.0195 LR: 0.000100 Step: 44550 Total Loss: 0.4306 KL Loss: 0.0063 Repa Loss: 0.2920 Recon Loss: 0.0095 Discriminator Loss: 0.0000 Perceptual Loss: 0.2688 
[11/27 05:21:53 Tokenizer]: Data (t): 0.0012, 59.41/s/gpu Batch (t): 1.0773 LR: 0.000100 Step: 44600 Total Loss: 0.4193 KL Loss: 0.0063 Repa Loss: 0.2881 Recon Loss: 0.0100 Discriminator Loss: 0.0000 Perceptual Loss: 0.2589 
[11/27 05:22:46 Tokenizer]: Data (t): 0.0012, 59.85/s/gpu Batch (t): 1.0694 LR: 0.000100 Step: 44650 Total Loss: 0.4134 KL Loss: 0.0063 Repa Loss: 0.2843 Recon Loss: 0.0090 Discriminator Loss: 0.0000 Perceptual Loss: 0.2558 
[11/27 05:23:39 Tokenizer]: Data (t): 0.0013, 54.94/s/gpu Batch (t): 1.1648 LR: 0.000100 Step: 44700 Total Loss: 0.4159 KL Loss: 0.0063 Repa Loss: 0.2900 Recon Loss: 0.0089 Discriminator Loss: 0.0000 Perceptual Loss: 0.2558 
[11/27 05:24:32 Tokenizer]: Data (t): 0.0014, 64.45/s/gpu Batch (t): 0.9931 LR: 0.000100 Step: 44750 Total Loss: 0.4150 KL Loss: 0.0063 Repa Loss: 0.2901 Recon Loss: 0.0092 Discriminator Loss: 0.0000 Perceptual Loss: 0.2544 
[11/27 05:25:24 Tokenizer]: Data (t): 0.0012, 63.69/s/gpu Batch (t): 1.0049 LR: 0.000100 Step: 44800 Total Loss: 0.4155 KL Loss: 0.0064 Repa Loss: 0.2852 Recon Loss: 0.0092 Discriminator Loss: 0.0000 Perceptual Loss: 0.2574 
[11/27 05:26:17 Tokenizer]: Data (t): 0.0012, 60.83/s/gpu Batch (t): 1.0521 LR: 0.000100 Step: 44850 Total Loss: 0.4264 KL Loss: 0.0063 Repa Loss: 0.2902 Recon Loss: 0.0090 Discriminator Loss: 0.0000 Perceptual Loss: 0.2659 
[11/27 05:27:11 Tokenizer]: Data (t): 0.0012, 60.92/s/gpu Batch (t): 1.0506 LR: 0.000100 Step: 44900 Total Loss: 0.4107 KL Loss: 0.0063 Repa Loss: 0.2832 Recon Loss: 0.0087 Discriminator Loss: 0.0000 Perceptual Loss: 0.2540 
[11/27 05:28:03 Tokenizer]: Data (t): 0.0013, 61.23/s/gpu Batch (t): 1.0453 LR: 0.000100 Step: 44950 Total Loss: 0.4134 KL Loss: 0.0063 Repa Loss: 0.2846 Recon Loss: 0.0091 Discriminator Loss: 0.0000 Perceptual Loss: 0.2557 
[11/27 05:28:56 Tokenizer]: Data (t): 0.0012, 53.38/s/gpu Batch (t): 1.1989 LR: 0.000100 Step: 45000 Total Loss: 0.4213 KL Loss: 0.0064 Repa Loss: 0.2908 Recon Loss: 0.0092 Discriminator Loss: 0.0000 Perceptual Loss: 0.2604 
[11/27 05:28:57 Tokenizer]: Reconstructing images...
[11/27 05:29:50 Tokenizer]: Data (t): 0.0013, 58.19/s/gpu Batch (t): 1.0999 LR: 0.000100 Step: 45050 Total Loss: 0.4175 KL Loss: 0.0064 Repa Loss: 0.2913 Recon Loss: 0.0093 Discriminator Loss: 0.0000 Perceptual Loss: 0.2561 
[11/27 05:30:43 Tokenizer]: Data (t): 0.0012, 59.81/s/gpu Batch (t): 1.0700 LR: 0.000100 Step: 45100 Total Loss: 0.4176 KL Loss: 0.0064 Repa Loss: 0.2882 Recon Loss: 0.0092 Discriminator Loss: 0.0000 Perceptual Loss: 0.2580 
[11/27 05:31:36 Tokenizer]: Data (t): 0.0012, 62.00/s/gpu Batch (t): 1.0323 LR: 0.000100 Step: 45150 Total Loss: 0.4155 KL Loss: 0.0064 Repa Loss: 0.2863 Recon Loss: 0.0099 Discriminator Loss: 0.0000 Perceptual Loss: 0.2560 
[11/27 05:32:29 Tokenizer]: Data (t): 0.0015, 63.72/s/gpu Batch (t): 1.0044 LR: 0.000100 Step: 45200 Total Loss: 0.4113 KL Loss: 0.0063 Repa Loss: 0.2843 Recon Loss: 0.0088 Discriminator Loss: 0.0000 Perceptual Loss: 0.2540 
[11/27 05:33:22 Tokenizer]: Data (t): 0.0013, 60.53/s/gpu Batch (t): 1.0573 LR: 0.000100 Step: 45250 Total Loss: 0.4179 KL Loss: 0.0063 Repa Loss: 0.2906 Recon Loss: 0.0094 Discriminator Loss: 0.0000 Perceptual Loss: 0.2568 
[11/27 05:34:15 Tokenizer]: Data (t): 0.0014, 60.95/s/gpu Batch (t): 1.0500 LR: 0.000100 Step: 45300 Total Loss: 0.4128 KL Loss: 0.0064 Repa Loss: 0.2874 Recon Loss: 0.0092 Discriminator Loss: 0.0000 Perceptual Loss: 0.2534 
[11/27 05:35:08 Tokenizer]: Data (t): 0.0019, 60.20/s/gpu Batch (t): 1.0631 LR: 0.000100 Step: 45350 Total Loss: 0.4127 KL Loss: 0.0064 Repa Loss: 0.2873 Recon Loss: 0.0085 Discriminator Loss: 0.0000 Perceptual Loss: 0.2542 
[11/27 05:36:00 Tokenizer]: Data (t): 0.0016, 56.62/s/gpu Batch (t): 1.1303 LR: 0.000100 Step: 45400 Total Loss: 0.4101 KL Loss: 0.0063 Repa Loss: 0.2836 Recon Loss: 0.0091 Discriminator Loss: 0.0000 Perceptual Loss: 0.2528 
[11/27 05:36:53 Tokenizer]: Data (t): 0.0014, 60.29/s/gpu Batch (t): 1.0615 LR: 0.000100 Step: 45450 Total Loss: 0.4078 KL Loss: 0.0063 Repa Loss: 0.2781 Recon Loss: 0.0092 Discriminator Loss: 0.0000 Perceptual Loss: 0.2532 
[11/27 05:37:45 Tokenizer]: Data (t): 0.0014, 62.93/s/gpu Batch (t): 1.0169 LR: 0.000100 Step: 45500 Total Loss: 0.4148 KL Loss: 0.0064 Repa Loss: 0.2859 Recon Loss: 0.0092 Discriminator Loss: 0.0000 Perceptual Loss: 0.2562 
[11/27 05:37:46 Tokenizer]: Reconstructing images...
[11/27 05:38:40 Tokenizer]: Data (t): 0.0014, 58.87/s/gpu Batch (t): 1.0872 LR: 0.000100 Step: 45550 Total Loss: 0.4097 KL Loss: 0.0064 Repa Loss: 0.2868 Recon Loss: 0.0087 Discriminator Loss: 0.0000 Perceptual Loss: 0.2513 
[11/27 05:39:33 Tokenizer]: Data (t): 0.0016, 60.04/s/gpu Batch (t): 1.0659 LR: 0.000100 Step: 45600 Total Loss: 0.4033 KL Loss: 0.0063 Repa Loss: 0.2801 Recon Loss: 0.0084 Discriminator Loss: 0.0000 Perceptual Loss: 0.2485 
[11/27 05:40:26 Tokenizer]: Data (t): 0.0014, 61.82/s/gpu Batch (t): 1.0352 LR: 0.000100 Step: 45650 Total Loss: 0.4181 KL Loss: 0.0063 Repa Loss: 0.2896 Recon Loss: 0.0090 Discriminator Loss: 0.0000 Perceptual Loss: 0.2580 
srun: got SIGCONT
slurmstepd: error: *** JOB 6403978 ON SH-IDCA1404-10-140-54-60 CANCELLED AT 2025-11-27T05:40:45 ***
srun: Job step aborted: Waiting up to 2 seconds for job step to finish.
slurmstepd: error: *** STEP 6403978.0 ON SH-IDCA1404-10-140-54-60 CANCELLED AT 2025-11-27T05:40:45 ***
srun: Easily find out why your job was killed by following the link below:
	https://docs.phoenix.sensetime.com/FAQ/SlurmFAQ/Find-out-why-my-job-was-killed/
srun: forcing job termination
W1127 05:40:45.487000 93677 site-packages/torch/distributed/elastic/agent/server/api.py:719] Received Signals.SIGTERM death signal, shutting down workers
W1127 05:40:45.490000 93677 site-packages/torch/distributed/elastic/multiprocessing/api.py:897] Sending process 94316 closing signal SIGTERM
W1127 05:40:45.493000 93677 site-packages/torch/distributed/elastic/multiprocessing/api.py:897] Sending process 94317 closing signal SIGTERM
W1127 05:40:45.498000 93677 site-packages/torch/distributed/elastic/multiprocessing/api.py:897] Sending process 94318 closing signal SIGTERM
