/var/spool/slurmd/job6427922/slurm_script: line 13: /mnt/petrelfs/jianglihan/miniforge3/bin/activate: No such file or directory
Head Node IP: SH-IDCA1404-10-140-54-36
Total Nodes: 2
Command to run:
accelerate launch   --config_file configs/accelerate_config/mnode8gpu.yaml   --main_process_ip=SH-IDCA1404-10-140-54-36   --main_process_port=29500   --num_processes=16   --num_machines=2   --machine_rank=$SLURM_PROCID   scripts/train_tokenizer.py config=configs/training/single_stage/quadtok_ss256_vae.yaml
attention mode is flash
attention mode is flash
attention mode is flash
attention mode is flash
attention mode is flash
attention mode is flash
attention mode is flash
attention mode is flash
attention mode is flash
attention mode is flash
attention mode is flash
attention mode is flash
attention mode is flash
attention mode is flash
attention mode is flash
attention mode is flash
Detected kernel version 3.10.0, which is below the recommended minimum of 5.5.0; this can cause the process to hang. It is recommended to upgrade the kernel to the minimum version or higher.
wandb: Tracking run with wandb version 0.23.0
wandb: W&B syncing is set to `offline` in this directory. Run `wandb online` or set WANDB_MODE=online to enable cloud syncing.
wandb: Run data is saved locally in /mnt/petrelfs/jianglihan/my_code/quadtok/wandb/offline-run-20251201_001310-7ykkdpya
[12/01 00:13:12 Tokenizer]: Saving config to checkpoints/quadtok_sl256_vae_ts16-expandprob34/config.yaml
[12/01 00:13:12 Tokenizer]: Config:
experiment:
  project: dynamic_tokenizer
  name: quadtok_sl256_vae_ts16-expandprob34
  output_dir: checkpoints/quadtok_sl256_vae_ts16-expandprob34
  max_train_examples: 685800000.0
  save_every: 10000
  eval_every: 10000
  generate_every: 500
  log_every: 50
  log_grad_norm_every: 1000
  resume: true
  explanation: null
  init_weight: null
  logging_dir: checkpoints/quadtok_sl256_vae_ts16-expandprob34/logs
model:
  type: quadtok
  grad_checkpointing: false
  train_policy: false
  vq_model:
    quantize_mode: vae
    vit_enc_model_size: small
    vit_dec_model_size: small
    vit_enc_patch_size: 16
    vit_dec_patch_size: 16
    decoder_token_size: 256
    token_size: 16
  selector:
    token_size: 16
    num_patch_side_list:
    - 1
    - 2
    - 4
    - 8
    - 16
    - 32
    patch_size_list:
    - 16
    - 16
    - 16
    - 16
    - 16
    - 8
losses:
  discriminator_start: 350000
  quantizer_weight: 1.0
  discriminator_factor: 1.0
  discriminator_weight: 0.1
  perceptual_loss: lpips-convnext_s-1.0-0.1
  perceptual_weight: 1.1
  reconstruction_loss: l2
  reconstruction_weight: 1.0
  lecam_regularization_weight: 0.001
  kl_weight: 1.0e-06
  logvar_init: 0.0
dataset:
  type: simple_image
  params:
    train_shards_path_or_url: pipe:rclone cat hoss:jianglihan/data/imagenet/imagenet-train-{000000..000070}.tar
    eval_shards_path_or_url: pipe:rclone cat hoss:jianglihan/data/imagenet/imagenet-val-{000000..000049}.tar
    num_workers_per_gpu: 12
  preprocessing:
    resize_shorter_edge: 256
    crop_size: 256
    random_crop: true
    random_flip: true
    res_ratio_filtering: true
optimizer:
  name: adamw
  params:
    learning_rate: 0.0001
    discriminator_learning_rate: 0.0001
    beta1: 0.9
    beta2: 0.999
    weight_decay: 0.0001
lr_scheduler:
  scheduler: cosine
  params:
    learning_rate: ${optimizer.params.learning_rate}
    warmup_steps: 10000
    end_lr: 1.0e-05
training:
  gradient_accumulation_steps: 1
  per_gpu_batch_size: 32
  mixed_precision: bf16
  enable_tf32: true
  enable_wandb: true
  use_ema: true
  seed: 42
  max_train_steps: 1000000
  num_generated_images: 2
  max_grad_norm: 1.0
config: configs/training/single_stage/quadtok_ss256_vae.yaml

[12/01 00:13:12 Tokenizer]: Creating model and loss module.
[12/01 00:13:12 Tokenizer]: Creating model.
self.loss_weight_lpips, self.loss_weight_convnext: 1.0, 0.1
self.loss_weight_lpips, self.loss_weight_convnext: 1.0, 0.1
self.loss_weight_lpips, self.loss_weight_convnext: 1.0, 0.1
self.train_transform: Compose(
    Resize(size=256, interpolation=bicubic, max_size=None, antialias=True)
    RandomCrop(size=(256, 256), padding=None)
    RandomHorizontalFlip(p=0.5)
    ToTensor()
    Normalize(mean=[0.0, 0.0, 0.0], std=[1.0, 1.0, 1.0])
)
self.eval_transform: Compose(
    Resize(size=256, interpolation=bilinear, max_size=None, antialias=True)
    CenterCrop(size=(256, 256))
    ToTensor()
    Normalize(mean=[0.0, 0.0, 0.0], std=[1.0, 1.0, 1.0])
)
self.train_transform: Compose(
    Resize(size=256, interpolation=bicubic, max_size=None, antialias=True)
    RandomCrop(size=(256, 256), padding=None)
    RandomHorizontalFlip(p=0.5)
    ToTensor()
    Normalize(mean=[0.0, 0.0, 0.0], std=[1.0, 1.0, 1.0])
)
self.eval_transform: Compose(
    Resize(size=256, interpolation=bilinear, max_size=None, antialias=True)
    CenterCrop(size=(256, 256))
    ToTensor()
    Normalize(mean=[0.0, 0.0, 0.0], std=[1.0, 1.0, 1.0])
)
self.train_transform: Compose(
    Resize(size=256, interpolation=bicubic, max_size=None, antialias=True)
    RandomCrop(size=(256, 256), padding=None)
    RandomHorizontalFlip(p=0.5)
    ToTensor()
    Normalize(mean=[0.0, 0.0, 0.0], std=[1.0, 1.0, 1.0])
)
self.eval_transform: Compose(
    Resize(size=256, interpolation=bilinear, max_size=None, antialias=True)
    CenterCrop(size=(256, 256))
    ToTensor()
    Normalize(mean=[0.0, 0.0, 0.0], std=[1.0, 1.0, 1.0])
)
self.loss_weight_lpips, self.loss_weight_convnext: 1.0, 0.1
self.loss_weight_lpips, self.loss_weight_convnext: 1.0, 0.1
self.train_transform: Compose(
    Resize(size=256, interpolation=bicubic, max_size=None, antialias=True)
    RandomCrop(size=(256, 256), padding=None)
    RandomHorizontalFlip(p=0.5)
    ToTensor()
    Normalize(mean=[0.0, 0.0, 0.0], std=[1.0, 1.0, 1.0])
)
self.eval_transform: Compose(
    Resize(size=256, interpolation=bilinear, max_size=None, antialias=True)
    CenterCrop(size=(256, 256))
    ToTensor()
    Normalize(mean=[0.0, 0.0, 0.0], std=[1.0, 1.0, 1.0])
)
self.train_transform: Compose(
    Resize(size=256, interpolation=bicubic, max_size=None, antialias=True)
    RandomCrop(size=(256, 256), padding=None)
    RandomHorizontalFlip(p=0.5)
    ToTensor()
    Normalize(mean=[0.0, 0.0, 0.0], std=[1.0, 1.0, 1.0])
)
self.eval_transform: Compose(
    Resize(size=256, interpolation=bilinear, max_size=None, antialias=True)
    CenterCrop(size=(256, 256))
    ToTensor()
    Normalize(mean=[0.0, 0.0, 0.0], std=[1.0, 1.0, 1.0])
)
self.loss_weight_lpips, self.loss_weight_convnext: 1.0, 0.1
self.loss_weight_lpips, self.loss_weight_convnext: 1.0, 0.1
self.train_transform: Compose(
    Resize(size=256, interpolation=bicubic, max_size=None, antialias=True)
    RandomCrop(size=(256, 256), padding=None)
    RandomHorizontalFlip(p=0.5)
    ToTensor()
    Normalize(mean=[0.0, 0.0, 0.0], std=[1.0, 1.0, 1.0])
)
self.eval_transform: Compose(
    Resize(size=256, interpolation=bilinear, max_size=None, antialias=True)
    CenterCrop(size=(256, 256))
    ToTensor()
    Normalize(mean=[0.0, 0.0, 0.0], std=[1.0, 1.0, 1.0])
)
self.train_transform: Compose(
    Resize(size=256, interpolation=bicubic, max_size=None, antialias=True)
    RandomCrop(size=(256, 256), padding=None)
    RandomHorizontalFlip(p=0.5)
    ToTensor()
    Normalize(mean=[0.0, 0.0, 0.0], std=[1.0, 1.0, 1.0])
)
self.eval_transform: Compose(
    Resize(size=256, interpolation=bilinear, max_size=None, antialias=True)
    CenterCrop(size=(256, 256))
    ToTensor()
    Normalize(mean=[0.0, 0.0, 0.0], std=[1.0, 1.0, 1.0])
)
self.loss_weight_lpips, self.loss_weight_convnext: 1.0, 0.1
self.loss_weight_lpips, self.loss_weight_convnext: 1.0, 0.1
self.train_transform: Compose(
    Resize(size=256, interpolation=bicubic, max_size=None, antialias=True)
    RandomCrop(size=(256, 256), padding=None)
    RandomHorizontalFlip(p=0.5)
    ToTensor()
    Normalize(mean=[0.0, 0.0, 0.0], std=[1.0, 1.0, 1.0])
)
self.eval_transform: Compose(
    Resize(size=256, interpolation=bilinear, max_size=None, antialias=True)
    CenterCrop(size=(256, 256))
    ToTensor()
    Normalize(mean=[0.0, 0.0, 0.0], std=[1.0, 1.0, 1.0])
)
self.loss_weight_lpips, self.loss_weight_convnext: 1.0, 0.1
self.loss_weight_lpips, self.loss_weight_convnext: 1.0, 0.1
self.train_transform: Compose(
    Resize(size=256, interpolation=bicubic, max_size=None, antialias=True)
    RandomCrop(size=(256, 256), padding=None)
    RandomHorizontalFlip(p=0.5)
    ToTensor()
    Normalize(mean=[0.0, 0.0, 0.0], std=[1.0, 1.0, 1.0])
)
self.eval_transform: Compose(
    Resize(size=256, interpolation=bilinear, max_size=None, antialias=True)
    CenterCrop(size=(256, 256))
    ToTensor()
    Normalize(mean=[0.0, 0.0, 0.0], std=[1.0, 1.0, 1.0])
)
self.train_transform: Compose(
    Resize(size=256, interpolation=bicubic, max_size=None, antialias=True)
    RandomCrop(size=(256, 256), padding=None)
    RandomHorizontalFlip(p=0.5)
    ToTensor()
    Normalize(mean=[0.0, 0.0, 0.0], std=[1.0, 1.0, 1.0])
)
self.eval_transform: Compose(
    Resize(size=256, interpolation=bilinear, max_size=None, antialias=True)
    CenterCrop(size=(256, 256))
    ToTensor()
    Normalize(mean=[0.0, 0.0, 0.0], std=[1.0, 1.0, 1.0])
)
self.loss_weight_lpips, self.loss_weight_convnext: 1.0, 0.1
self.loss_weight_lpips, self.loss_weight_convnext: 1.0, 0.1
self.train_transform: Compose(
    Resize(size=256, interpolation=bicubic, max_size=None, antialias=True)
    RandomCrop(size=(256, 256), padding=None)
    RandomHorizontalFlip(p=0.5)
    ToTensor()
    Normalize(mean=[0.0, 0.0, 0.0], std=[1.0, 1.0, 1.0])
)
self.eval_transform: Compose(
    Resize(size=256, interpolation=bilinear, max_size=None, antialias=True)
    CenterCrop(size=(256, 256))
    ToTensor()
    Normalize(mean=[0.0, 0.0, 0.0], std=[1.0, 1.0, 1.0])
)
self.train_transform: Compose(
    Resize(size=256, interpolation=bicubic, max_size=None, antialias=True)
    RandomCrop(size=(256, 256), padding=None)
    RandomHorizontalFlip(p=0.5)
    ToTensor()
    Normalize(mean=[0.0, 0.0, 0.0], std=[1.0, 1.0, 1.0])
)
self.eval_transform: Compose(
    Resize(size=256, interpolation=bilinear, max_size=None, antialias=True)
    CenterCrop(size=(256, 256))
    ToTensor()
    Normalize(mean=[0.0, 0.0, 0.0], std=[1.0, 1.0, 1.0])
)
self.loss_weight_lpips, self.loss_weight_convnext: 1.0, 0.1
self.train_transform: Compose(
    Resize(size=256, interpolation=bicubic, max_size=None, antialias=True)
    RandomCrop(size=(256, 256), padding=None)
    RandomHorizontalFlip(p=0.5)
    ToTensor()
    Normalize(mean=[0.0, 0.0, 0.0], std=[1.0, 1.0, 1.0])
)
self.eval_transform: Compose(
    Resize(size=256, interpolation=bilinear, max_size=None, antialias=True)
    CenterCrop(size=(256, 256))
    ToTensor()
    Normalize(mean=[0.0, 0.0, 0.0], std=[1.0, 1.0, 1.0])
)
self.train_transform: Compose(
    Resize(size=256, interpolation=bicubic, max_size=None, antialias=True)
    RandomCrop(size=(256, 256), padding=None)
    RandomHorizontalFlip(p=0.5)
    ToTensor()
    Normalize(mean=[0.0, 0.0, 0.0], std=[1.0, 1.0, 1.0])
)
self.eval_transform: Compose(
    Resize(size=256, interpolation=bilinear, max_size=None, antialias=True)
    CenterCrop(size=(256, 256))
    ToTensor()
    Normalize(mean=[0.0, 0.0, 0.0], std=[1.0, 1.0, 1.0])
)
self.loss_weight_lpips, self.loss_weight_convnext: 1.0, 0.1
self.train_transform: Compose(
    Resize(size=256, interpolation=bicubic, max_size=None, antialias=True)
    RandomCrop(size=(256, 256), padding=None)
    RandomHorizontalFlip(p=0.5)
    ToTensor()
    Normalize(mean=[0.0, 0.0, 0.0], std=[1.0, 1.0, 1.0])
)
self.eval_transform: Compose(
    Resize(size=256, interpolation=bilinear, max_size=None, antialias=True)
    CenterCrop(size=(256, 256))
    ToTensor()
    Normalize(mean=[0.0, 0.0, 0.0], std=[1.0, 1.0, 1.0])
)
===================================================================================================================================================================================================
Layer (type:depth-idx)                        Input Shape               Output Shape              Param #                   Param %                   Kernel Shape              Mult-Adds
===================================================================================================================================================================================================
QuadTok                                       [1, 3, 256, 256]          [1, 3, 256, 256]          --                             --                   --                        --
├─QuadTokEncoder: 1-1                         --                        [1, 256, 512]             132,096                     0.06%                   --                        --
│    └─Conv2d: 2-1                            [1, 3, 256, 256]          [1, 512, 16, 16]          393,728                     0.18%                   [16, 16]                  100,794,368
│    └─LayerNorm: 2-2                         [1, 257, 512]             [1, 257, 512]             1,024                       0.00%                   --                        1,024
│    └─ModuleList: 2-3                        --                        --                        --                             --                   --                        --
│    │    └─ResidualAttentionBlock: 3-1       [257, 1, 512]             [257, 1, 512]             --                             --                   --                        --
│    │    │    └─LayerNorm: 4-1               [257, 1, 512]             [257, 1, 512]             1,024                       0.00%                   --                        263,168
│    │    │    └─MultiheadAttention: 4-2      [257, 1, 512]             [257, 1, 512]             1,050,624                   0.49%                   --                        --
│    │    │    └─LayerNorm: 4-3               [257, 1, 512]             [257, 1, 512]             1,024                       0.00%                   --                        263,168
│    │    │    └─Sequential: 4-4              [257, 1, 512]             [257, 1, 512]             --                             --                   --                        --
│    │    │    │    └─Linear: 5-1             [257, 1, 512]             [257, 1, 2048]            1,050,624                   0.49%                   --                        270,010,368
│    │    │    │    └─GELU: 5-2               [257, 1, 2048]            [257, 1, 2048]            --                             --                   --                        --
│    │    │    │    └─Linear: 5-3             [257, 1, 2048]            [257, 1, 512]             1,049,088                   0.49%                   --                        269,615,616
│    │    └─ResidualAttentionBlock: 3-2       [257, 1, 512]             [257, 1, 512]             --                             --                   --                        --
│    │    │    └─LayerNorm: 4-5               [257, 1, 512]             [257, 1, 512]             1,024                       0.00%                   --                        263,168
│    │    │    └─MultiheadAttention: 4-6      [257, 1, 512]             [257, 1, 512]             1,050,624                   0.49%                   --                        --
│    │    │    └─LayerNorm: 4-7               [257, 1, 512]             [257, 1, 512]             1,024                       0.00%                   --                        263,168
│    │    │    └─Sequential: 4-8              [257, 1, 512]             [257, 1, 512]             --                             --                   --                        --
│    │    │    │    └─Linear: 5-4             [257, 1, 512]             [257, 1, 2048]            1,050,624                   0.49%                   --                        270,010,368
│    │    │    │    └─GELU: 5-5               [257, 1, 2048]            [257, 1, 2048]            --                             --                   --                        --
│    │    │    │    └─Linear: 5-6             [257, 1, 2048]            [257, 1, 512]             1,049,088                   0.49%                   --                        269,615,616
│    │    └─ResidualAttentionBlock: 3-3       [257, 1, 512]             [257, 1, 512]             --                             --                   --                        --
│    │    │    └─LayerNorm: 4-9               [257, 1, 512]             [257, 1, 512]             1,024                       0.00%                   --                        263,168
│    │    │    └─MultiheadAttention: 4-10     [257, 1, 512]             [257, 1, 512]             1,050,624                   0.49%                   --                        --
│    │    │    └─LayerNorm: 4-11              [257, 1, 512]             [257, 1, 512]             1,024                       0.00%                   --                        263,168
│    │    │    └─Sequential: 4-12             [257, 1, 512]             [257, 1, 512]             --                             --                   --                        --
│    │    │    │    └─Linear: 5-7             [257, 1, 512]             [257, 1, 2048]            1,050,624                   0.49%                   --                        270,010,368
│    │    │    │    └─GELU: 5-8               [257, 1, 2048]            [257, 1, 2048]            --                             --                   --                        --
│    │    │    │    └─Linear: 5-9             [257, 1, 2048]            [257, 1, 512]             1,049,088                   0.49%                   --                        269,615,616
│    │    └─ResidualAttentionBlock: 3-4       [257, 1, 512]             [257, 1, 512]             --                             --                   --                        --
│    │    │    └─LayerNorm: 4-13              [257, 1, 512]             [257, 1, 512]             1,024                       0.00%                   --                        263,168
│    │    │    └─MultiheadAttention: 4-14     [257, 1, 512]             [257, 1, 512]             1,050,624                   0.49%                   --                        --
│    │    │    └─LayerNorm: 4-15              [257, 1, 512]             [257, 1, 512]             1,024                       0.00%                   --                        263,168
│    │    │    └─Sequential: 4-16             [257, 1, 512]             [257, 1, 512]             --                             --                   --                        --
│    │    │    │    └─Linear: 5-10            [257, 1, 512]             [257, 1, 2048]            1,050,624                   0.49%                   --                        270,010,368
│    │    │    │    └─GELU: 5-11              [257, 1, 2048]            [257, 1, 2048]            --                             --                   --                        --
│    │    │    │    └─Linear: 5-12            [257, 1, 2048]            [257, 1, 512]             1,049,088                   0.49%                   --                        269,615,616
│    │    └─ResidualAttentionBlock: 3-5       [257, 1, 512]             [257, 1, 512]             --                             --                   --                        --
│    │    │    └─LayerNorm: 4-17              [257, 1, 512]             [257, 1, 512]             1,024                       0.00%                   --                        263,168
│    │    │    └─MultiheadAttention: 4-18     [257, 1, 512]             [257, 1, 512]             1,050,624                   0.49%                   --                        --
│    │    │    └─LayerNorm: 4-19              [257, 1, 512]             [257, 1, 512]             1,024                       0.00%                   --                        263,168
│    │    │    └─Sequential: 4-20             [257, 1, 512]             [257, 1, 512]             --                             --                   --                        --
│    │    │    │    └─Linear: 5-13            [257, 1, 512]             [257, 1, 2048]            1,050,624                   0.49%                   --                        270,010,368
│    │    │    │    └─GELU: 5-14              [257, 1, 2048]            [257, 1, 2048]            --                             --                   --                        --
│    │    │    │    └─Linear: 5-15            [257, 1, 2048]            [257, 1, 512]             1,049,088                   0.49%                   --                        269,615,616
│    │    └─ResidualAttentionBlock: 3-6       [257, 1, 512]             [257, 1, 512]             --                             --                   --                        --
│    │    │    └─LayerNorm: 4-21              [257, 1, 512]             [257, 1, 512]             1,024                       0.00%                   --                        263,168
│    │    │    └─MultiheadAttention: 4-22     [257, 1, 512]             [257, 1, 512]             1,050,624                   0.49%                   --                        --
│    │    │    └─LayerNorm: 4-23              [257, 1, 512]             [257, 1, 512]             1,024                       0.00%                   --                        263,168
│    │    │    └─Sequential: 4-24             [257, 1, 512]             [257, 1, 512]             --                             --                   --                        --
│    │    │    │    └─Linear: 5-16            [257, 1, 512]             [257, 1, 2048]            1,050,624                   0.49%                   --                        270,010,368
│    │    │    │    └─GELU: 5-17              [257, 1, 2048]            [257, 1, 2048]            --                             --                   --                        --
│    │    │    │    └─Linear: 5-18            [257, 1, 2048]            [257, 1, 512]             1,049,088                   0.49%                   --                        269,615,616
│    │    └─ResidualAttentionBlock: 3-7       [257, 1, 512]             [257, 1, 512]             --                             --                   --                        --
│    │    │    └─LayerNorm: 4-25              [257, 1, 512]             [257, 1, 512]             1,024                       0.00%                   --                        263,168
│    │    │    └─MultiheadAttention: 4-26     [257, 1, 512]             [257, 1, 512]             1,050,624                   0.49%                   --                        --
│    │    │    └─LayerNorm: 4-27              [257, 1, 512]             [257, 1, 512]             1,024                       0.00%                   --                        263,168
│    │    │    └─Sequential: 4-28             [257, 1, 512]             [257, 1, 512]             --                             --                   --                        --
│    │    │    │    └─Linear: 5-19            [257, 1, 512]             [257, 1, 2048]            1,050,624                   0.49%                   --                        270,010,368
│    │    │    │    └─GELU: 5-20              [257, 1, 2048]            [257, 1, 2048]            --                             --                   --                        --
│    │    │    │    └─Linear: 5-21            [257, 1, 2048]            [257, 1, 512]             1,049,088                   0.49%                   --                        269,615,616
│    │    └─ResidualAttentionBlock: 3-8       [257, 1, 512]             [257, 1, 512]             --                             --                   --                        --
│    │    │    └─LayerNorm: 4-29              [257, 1, 512]             [257, 1, 512]             1,024                       0.00%                   --                        263,168
│    │    │    └─MultiheadAttention: 4-30     [257, 1, 512]             [257, 1, 512]             1,050,624                   0.49%                   --                        --
│    │    │    └─LayerNorm: 4-31              [257, 1, 512]             [257, 1, 512]             1,024                       0.00%                   --                        263,168
│    │    │    └─Sequential: 4-32             [257, 1, 512]             [257, 1, 512]             --                             --                   --                        --
│    │    │    │    └─Linear: 5-22            [257, 1, 512]             [257, 1, 2048]            1,050,624                   0.49%                   --                        270,010,368
│    │    │    │    └─GELU: 5-23              [257, 1, 2048]            [257, 1, 2048]            --                             --                   --                        --
│    │    │    │    └─Linear: 5-24            [257, 1, 2048]            [257, 1, 512]             1,049,088                   0.49%                   --                        269,615,616
│    └─LayerNorm: 2-4                         [1, 256, 512]             [1, 256, 512]             1,024                       0.00%                   --                        1,024
│    └─Linear: 2-5                            [1, 256, 512]             [1, 256, 512]             262,656                     0.12%                   --                        262,656
├─QuadTokSelctor: 1-2                         [1, 256, 512]             [1, 32, 1, 313]           829,952                     0.39%                   --                        --
│    └─ModuleDict: 2-6                        --                        --                        --                             --                   --                        --
│    │    └─Embedding: 3-9                    [1]                       [1, 512]                  512                         0.00%                   --                        512
│    │    └─Embedding: 3-10                   [1]                       [1, 512]                  2,048                       0.00%                   --                        2,048
│    │    └─Embedding: 3-11                   [1]                       [1, 512]                  (recursive)               (recursive)               --                        2,048
│    │    └─Embedding: 3-12                   [1]                       [1, 512]                  (recursive)               (recursive)               --                        2,048
│    │    └─Embedding: 3-13                   [1]                       [1, 512]                  (recursive)               (recursive)               --                        2,048
│    │    └─Embedding: 3-14                   [1]                       [1, 512]                  8,192                       0.00%                   --                        8,192
│    │    └─Embedding: 3-15                   [1]                       [1, 512]                  (recursive)               (recursive)               --                        8,192
│    │    └─Embedding: 3-16                   [1]                       [1, 512]                  (recursive)               (recursive)               --                        8,192
│    │    └─Embedding: 3-17                   [1]                       [1, 512]                  (recursive)               (recursive)               --                        8,192
│    │    └─Embedding: 3-18                   [1]                       [1, 512]                  (recursive)               (recursive)               --                        8,192
│    │    └─Embedding: 3-19                   [1]                       [1, 512]                  (recursive)               (recursive)               --                        8,192
│    │    └─Embedding: 3-20                   [1]                       [1, 512]                  (recursive)               (recursive)               --                        8,192
│    │    └─Embedding: 3-21                   [1]                       [1, 512]                  (recursive)               (recursive)               --                        8,192
│    │    └─Embedding: 3-22                   [1]                       [1, 512]                  (recursive)               (recursive)               --                        8,192
│    │    └─Embedding: 3-23                   [1]                       [1, 512]                  (recursive)               (recursive)               --                        8,192
│    │    └─Embedding: 3-24                   [1]                       [1, 512]                  (recursive)               (recursive)               --                        8,192
│    │    └─Embedding: 3-25                   [1]                       [1, 512]                  (recursive)               (recursive)               --                        8,192
│    │    └─Embedding: 3-26                   [1]                       [1, 512]                  (recursive)               (recursive)               --                        8,192
│    │    └─Embedding: 3-27                   [1]                       [1, 512]                  (recursive)               (recursive)               --                        8,192
│    │    └─Embedding: 3-28                   [1]                       [1, 512]                  (recursive)               (recursive)               --                        8,192
│    │    └─Embedding: 3-29                   [1]                       [1, 512]                  (recursive)               (recursive)               --                        8,192
│    │    └─Embedding: 3-30                   [1]                       [1, 512]                  32,768                      0.02%                   --                        32,768
│    │    └─Embedding: 3-31                   [1]                       [1, 512]                  (recursive)               (recursive)               --                        32,768
│    │    └─Embedding: 3-32                   [1]                       [1, 512]                  (recursive)               (recursive)               --                        32,768
│    │    └─Embedding: 3-33                   [1]                       [1, 512]                  (recursive)               (recursive)               --                        32,768
│    │    └─Embedding: 3-34                   [1]                       [1, 512]                  (recursive)               (recursive)               --                        32,768
│    │    └─Embedding: 3-35                   [1]                       [1, 512]                  (recursive)               (recursive)               --                        32,768
│    │    └─Embedding: 3-36                   [1]                       [1, 512]                  (recursive)               (recursive)               --                        32,768
│    │    └─Embedding: 3-37                   [1]                       [1, 512]                  (recursive)               (recursive)               --                        32,768
│    │    └─Embedding: 3-38                   [1]                       [1, 512]                  (recursive)               (recursive)               --                        32,768
│    │    └─Embedding: 3-39                   [1]                       [1, 512]                  (recursive)               (recursive)               --                        32,768
│    │    └─Embedding: 3-40                   [1]                       [1, 512]                  (recursive)               (recursive)               --                        32,768
│    │    └─Embedding: 3-41                   [1]                       [1, 512]                  (recursive)               (recursive)               --                        32,768
│    │    └─Embedding: 3-42                   [1]                       [1, 512]                  (recursive)               (recursive)               --                        32,768
│    │    └─Embedding: 3-43                   [1]                       [1, 512]                  (recursive)               (recursive)               --                        32,768
│    │    └─Embedding: 3-44                   [1]                       [1, 512]                  (recursive)               (recursive)               --                        32,768
│    │    └─Embedding: 3-45                   [1]                       [1, 512]                  (recursive)               (recursive)               --                        32,768
│    │    └─Embedding: 3-46                   [1]                       [1, 512]                  (recursive)               (recursive)               --                        32,768
│    │    └─Embedding: 3-47                   [1]                       [1, 512]                  (recursive)               (recursive)               --                        32,768
│    │    └─Embedding: 3-48                   [1]                       [1, 512]                  (recursive)               (recursive)               --                        32,768
│    │    └─Embedding: 3-49                   [1]                       [1, 512]                  (recursive)               (recursive)               --                        32,768
│    │    └─Embedding: 3-50                   [1]                       [1, 512]                  (recursive)               (recursive)               --                        32,768
│    │    └─Embedding: 3-51                   [1]                       [1, 512]                  (recursive)               (recursive)               --                        32,768
│    │    └─Embedding: 3-52                   [1]                       [1, 512]                  (recursive)               (recursive)               --                        32,768
│    │    └─Embedding: 3-53                   [1]                       [1, 512]                  (recursive)               (recursive)               --                        32,768
│    │    └─Embedding: 3-54                   [1]                       [1, 512]                  (recursive)               (recursive)               --                        32,768
│    │    └─Embedding: 3-55                   [1]                       [1, 512]                  (recursive)               (recursive)               --                        32,768
│    │    └─Embedding: 3-56                   [1]                       [1, 512]                  (recursive)               (recursive)               --                        32,768
│    │    └─Embedding: 3-57                   [1]                       [1, 512]                  (recursive)               (recursive)               --                        32,768
│    │    └─Embedding: 3-58                   [1]                       [1, 512]                  (recursive)               (recursive)               --                        32,768
│    │    └─Embedding: 3-59                   [1]                       [1, 512]                  (recursive)               (recursive)               --                        32,768
│    │    └─Embedding: 3-60                   [1]                       [1, 512]                  (recursive)               (recursive)               --                        32,768
│    │    └─Embedding: 3-61                   [1]                       [1, 512]                  (recursive)               (recursive)               --                        32,768
│    │    └─Embedding: 3-62                   [1]                       [1, 512]                  (recursive)               (recursive)               --                        32,768
│    │    └─Embedding: 3-63                   [1]                       [1, 512]                  (recursive)               (recursive)               --                        32,768
│    │    └─Embedding: 3-64                   [1]                       [1, 512]                  (recursive)               (recursive)               --                        32,768
│    │    └─Embedding: 3-65                   [1]                       [1, 512]                  (recursive)               (recursive)               --                        32,768
│    │    └─Embedding: 3-66                   [1]                       [1, 512]                  (recursive)               (recursive)               --                        32,768
│    │    └─Embedding: 3-67                   [1]                       [1, 512]                  (recursive)               (recursive)               --                        32,768
│    │    └─Embedding: 3-68                   [1]                       [1, 512]                  (recursive)               (recursive)               --                        32,768
│    │    └─Embedding: 3-69                   [1]                       [1, 512]                  (recursive)               (recursive)               --                        32,768
│    │    └─Embedding: 3-70                   [1]                       [1, 512]                  (recursive)               (recursive)               --                        32,768
│    │    └─Embedding: 3-71                   [1]                       [1, 512]                  (recursive)               (recursive)               --                        32,768
│    │    └─Embedding: 3-72                   [1]                       [1, 512]                  (recursive)               (recursive)               --                        32,768
│    │    └─Embedding: 3-73                   [1]                       [1, 512]                  (recursive)               (recursive)               --                        32,768
│    │    └─Embedding: 3-74                   [1]                       [1, 512]                  (recursive)               (recursive)               --                        32,768
│    │    └─Embedding: 3-75                   [1]                       [1, 512]                  (recursive)               (recursive)               --                        32,768
│    │    └─Embedding: 3-76                   [1]                       [1, 512]                  (recursive)               (recursive)               --                        32,768
│    │    └─Embedding: 3-77                   [1]                       [1, 512]                  (recursive)               (recursive)               --                        32,768
│    │    └─Embedding: 3-78                   [1]                       [1, 512]                  (recursive)               (recursive)               --                        32,768
│    │    └─Embedding: 3-79                   [1]                       [1, 512]                  (recursive)               (recursive)               --                        32,768
│    │    └─Embedding: 3-80                   [1]                       [1, 512]                  (recursive)               (recursive)               --                        32,768
│    │    └─Embedding: 3-81                   [1]                       [1, 512]                  (recursive)               (recursive)               --                        32,768
│    │    └─Embedding: 3-82                   [1]                       [1, 512]                  (recursive)               (recursive)               --                        32,768
│    │    └─Embedding: 3-83                   [1]                       [1, 512]                  (recursive)               (recursive)               --                        32,768
│    │    └─Embedding: 3-84                   [1]                       [1, 512]                  (recursive)               (recursive)               --                        32,768
│    │    └─Embedding: 3-85                   [1]                       [1, 512]                  (recursive)               (recursive)               --                        32,768
│    │    └─Embedding: 3-86                   [1]                       [1, 512]                  (recursive)               (recursive)               --                        32,768
│    │    └─Embedding: 3-87                   [1]                       [1, 512]                  (recursive)               (recursive)               --                        32,768
│    │    └─Embedding: 3-88                   [1]                       [1, 512]                  (recursive)               (recursive)               --                        32,768
│    │    └─Embedding: 3-89                   [1]                       [1, 512]                  (recursive)               (recursive)               --                        32,768
│    │    └─Embedding: 3-90                   [1]                       [1, 512]                  (recursive)               (recursive)               --                        32,768
│    │    └─Embedding: 3-91                   [1]                       [1, 512]                  (recursive)               (recursive)               --                        32,768
│    │    └─Embedding: 3-92                   [1]                       [1, 512]                  (recursive)               (recursive)               --                        32,768
│    │    └─Embedding: 3-93                   [1]                       [1, 512]                  (recursive)               (recursive)               --                        32,768
│    │    └─Embedding: 3-94                   [1]                       [1, 512]                  131,072                     0.06%                   --                        131,072
│    │    └─Embedding: 3-95                   [1]                       [1, 512]                  (recursive)               (recursive)               --                        131,072
│    │    └─Embedding: 3-96                   [1]                       [1, 512]                  (recursive)               (recursive)               --                        131,072
│    │    └─Embedding: 3-97                   [1]                       [1, 512]                  (recursive)               (recursive)               --                        131,072
│    │    └─Embedding: 3-98                   [1]                       [1, 512]                  (recursive)               (recursive)               --                        131,072
│    │    └─Embedding: 3-99                   [1]                       [1, 512]                  (recursive)               (recursive)               --                        131,072
│    │    └─Embedding: 3-100                  [1]                       [1, 512]                  (recursive)               (recursive)               --                        131,072
│    │    └─Embedding: 3-101                  [1]                       [1, 512]                  (recursive)               (recursive)               --                        131,072
│    │    └─Embedding: 3-102                  [1]                       [1, 512]                  (recursive)               (recursive)               --                        131,072
│    │    └─Embedding: 3-103                  [1]                       [1, 512]                  (recursive)               (recursive)               --                        131,072
│    │    └─Embedding: 3-104                  [1]                       [1, 512]                  (recursive)               (recursive)               --                        131,072
│    │    └─Embedding: 3-105                  [1]                       [1, 512]                  (recursive)               (recursive)               --                        131,072
│    │    └─Embedding: 3-106                  [1]                       [1, 512]                  (recursive)               (recursive)               --                        131,072
│    │    └─Embedding: 3-107                  [1]                       [1, 512]                  (recursive)               (recursive)               --                        131,072
│    │    └─Embedding: 3-108                  [1]                       [1, 512]                  (recursive)               (recursive)               --                        131,072
│    │    └─Embedding: 3-109                  [1]                       [1, 512]                  (recursive)               (recursive)               --                        131,072
│    │    └─Embedding: 3-110                  [1]                       [1, 512]                  (recursive)               (recursive)               --                        131,072
│    │    └─Embedding: 3-111                  [1]                       [1, 512]                  (recursive)               (recursive)               --                        131,072
│    │    └─Embedding: 3-112                  [1]                       [1, 512]                  (recursive)               (recursive)               --                        131,072
│    │    └─Embedding: 3-113                  [1]                       [1, 512]                  (recursive)               (recursive)               --                        131,072
│    │    └─Embedding: 3-114                  [1]                       [1, 512]                  (recursive)               (recursive)               --                        131,072
│    │    └─Embedding: 3-115                  [1]                       [1, 512]                  (recursive)               (recursive)               --                        131,072
│    │    └─Embedding: 3-116                  [1]                       [1, 512]                  (recursive)               (recursive)               --                        131,072
│    │    └─Embedding: 3-117                  [1]                       [1, 512]                  (recursive)               (recursive)               --                        131,072
│    │    └─Embedding: 3-118                  [1]                       [1, 512]                  (recursive)               (recursive)               --                        131,072
│    │    └─Embedding: 3-119                  [1]                       [1, 512]                  (recursive)               (recursive)               --                        131,072
│    │    └─Embedding: 3-120                  [1]                       [1, 512]                  (recursive)               (recursive)               --                        131,072
│    │    └─Embedding: 3-121                  [1]                       [1, 512]                  (recursive)               (recursive)               --                        131,072
│    │    └─Embedding: 3-122                  [1]                       [1, 512]                  (recursive)               (recursive)               --                        131,072
│    │    └─Embedding: 3-123                  [1]                       [1, 512]                  (recursive)               (recursive)               --                        131,072
│    │    └─Embedding: 3-124                  [1]                       [1, 512]                  (recursive)               (recursive)               --                        131,072
│    │    └─Embedding: 3-125                  [1]                       [1, 512]                  (recursive)               (recursive)               --                        131,072
│    │    └─Embedding: 3-126                  [1]                       [1, 512]                  (recursive)               (recursive)               --                        131,072
│    │    └─Embedding: 3-127                  [1]                       [1, 512]                  (recursive)               (recursive)               --                        131,072
│    │    └─Embedding: 3-128                  [1]                       [1, 512]                  (recursive)               (recursive)               --                        131,072
│    │    └─Embedding: 3-129                  [1]                       [1, 512]                  (recursive)               (recursive)               --                        131,072
│    │    └─Embedding: 3-130                  [1]                       [1, 512]                  (recursive)               (recursive)               --                        131,072
│    │    └─Embedding: 3-131                  [1]                       [1, 512]                  (recursive)               (recursive)               --                        131,072
│    │    └─Embedding: 3-132                  [1]                       [1, 512]                  (recursive)               (recursive)               --                        131,072
│    │    └─Embedding: 3-133                  [1]                       [1, 512]                  (recursive)               (recursive)               --                        131,072
│    │    └─Embedding: 3-134                  [1]                       [1, 512]                  (recursive)               (recursive)               --                        131,072
│    │    └─Embedding: 3-135                  [1]                       [1, 512]                  (recursive)               (recursive)               --                        131,072
│    │    └─Embedding: 3-136                  [1]                       [1, 512]                  (recursive)               (recursive)               --                        131,072
│    │    └─Embedding: 3-137                  [1]                       [1, 512]                  (recursive)               (recursive)               --                        131,072
│    │    └─Embedding: 3-138                  [1]                       [1, 512]                  (recursive)               (recursive)               --                        131,072
│    │    └─Embedding: 3-139                  [1]                       [1, 512]                  (recursive)               (recursive)               --                        131,072
│    │    └─Embedding: 3-140                  [1]                       [1, 512]                  (recursive)               (recursive)               --                        131,072
│    │    └─Embedding: 3-141                  [1]                       [1, 512]                  (recursive)               (recursive)               --                        131,072
│    │    └─Embedding: 3-142                  [1]                       [1, 512]                  (recursive)               (recursive)               --                        131,072
│    │    └─Embedding: 3-143                  [1]                       [1, 512]                  (recursive)               (recursive)               --                        131,072
│    │    └─Embedding: 3-144                  [1]                       [1, 512]                  (recursive)               (recursive)               --                        131,072
│    │    └─Embedding: 3-145                  [1]                       [1, 512]                  (recursive)               (recursive)               --                        131,072
│    │    └─Embedding: 3-146                  [1]                       [1, 512]                  (recursive)               (recursive)               --                        131,072
│    │    └─Embedding: 3-147                  [1]                       [1, 512]                  (recursive)               (recursive)               --                        131,072
│    │    └─Embedding: 3-148                  [1]                       [1, 512]                  (recursive)               (recursive)               --                        131,072
│    │    └─Embedding: 3-149                  [1]                       [1, 512]                  (recursive)               (recursive)               --                        131,072
│    │    └─Embedding: 3-150                  [1]                       [1, 512]                  (recursive)               (recursive)               --                        131,072
│    │    └─Embedding: 3-151                  [1]                       [1, 512]                  (recursive)               (recursive)               --                        131,072
│    │    └─Embedding: 3-152                  [1]                       [1, 512]                  (recursive)               (recursive)               --                        131,072
│    │    └─Embedding: 3-153                  [1]                       [1, 512]                  (recursive)               (recursive)               --                        131,072
│    │    └─Embedding: 3-154                  [1]                       [1, 512]                  (recursive)               (recursive)               --                        131,072
│    │    └─Embedding: 3-155                  [1]                       [1, 512]                  (recursive)               (recursive)               --                        131,072
│    │    └─Embedding: 3-156                  [1]                       [1, 512]                  (recursive)               (recursive)               --                        131,072
│    │    └─Embedding: 3-157                  [1]                       [1, 512]                  (recursive)               (recursive)               --                        131,072
│    │    └─Embedding: 3-158                  [1]                       [1, 512]                  (recursive)               (recursive)               --                        131,072
│    │    └─Embedding: 3-159                  [1]                       [1, 512]                  (recursive)               (recursive)               --                        131,072
│    │    └─Embedding: 3-160                  [1]                       [1, 512]                  (recursive)               (recursive)               --                        131,072
│    │    └─Embedding: 3-161                  [1]                       [1, 512]                  (recursive)               (recursive)               --                        131,072
│    │    └─Embedding: 3-162                  [1]                       [1, 512]                  (recursive)               (recursive)               --                        131,072
│    │    └─Embedding: 3-163                  [1]                       [1, 512]                  (recursive)               (recursive)               --                        131,072
│    │    └─Embedding: 3-164                  [1]                       [1, 512]                  (recursive)               (recursive)               --                        131,072
│    │    └─Embedding: 3-165                  [1]                       [1, 512]                  (recursive)               (recursive)               --                        131,072
│    │    └─Embedding: 3-166                  [1]                       [1, 512]                  (recursive)               (recursive)               --                        131,072
│    │    └─Embedding: 3-167                  [1]                       [1, 512]                  (recursive)               (recursive)               --                        131,072
│    │    └─Embedding: 3-168                  [1]                       [1, 512]                  (recursive)               (recursive)               --                        131,072
│    │    └─Embedding: 3-169                  [1]                       [1, 512]                  (recursive)               (recursive)               --                        131,072
│    │    └─Embedding: 3-170                  [1]                       [1, 512]                  (recursive)               (recursive)               --                        131,072
│    │    └─Embedding: 3-171                  [1]                       [1, 512]                  (recursive)               (recursive)               --                        131,072
│    │    └─Embedding: 3-172                  [1]                       [1, 512]                  (recursive)               (recursive)               --                        131,072
│    │    └─Embedding: 3-173                  [1]                       [1, 512]                  (recursive)               (recursive)               --                        131,072
│    │    └─Embedding: 3-174                  [1]                       [1, 512]                  (recursive)               (recursive)               --                        131,072
│    │    └─Embedding: 3-175                  [1]                       [1, 512]                  (recursive)               (recursive)               --                        131,072
│    │    └─Embedding: 3-176                  [1]                       [1, 512]                  (recursive)               (recursive)               --                        131,072
│    │    └─Embedding: 3-177                  [1]                       [1, 512]                  (recursive)               (recursive)               --                        131,072
│    │    └─Embedding: 3-178                  [1]                       [1, 512]                  524,288                     0.24%                   --                        524,288
│    │    └─Embedding: 3-179                  [1]                       [1, 512]                  (recursive)               (recursive)               --                        524,288
│    │    └─Embedding: 3-180                  [1]                       [1, 512]                  (recursive)               (recursive)               --                        524,288
│    │    └─Embedding: 3-181                  [1]                       [1, 512]                  (recursive)               (recursive)               --                        524,288
│    │    └─Embedding: 3-182                  [1]                       [1, 512]                  (recursive)               (recursive)               --                        524,288
│    │    └─Embedding: 3-183                  [1]                       [1, 512]                  (recursive)               (recursive)               --                        524,288
│    │    └─Embedding: 3-184                  [1]                       [1, 512]                  (recursive)               (recursive)               --                        524,288
│    │    └─Embedding: 3-185                  [1]                       [1, 512]                  (recursive)               (recursive)               --                        524,288
│    │    └─Embedding: 3-186                  [1]                       [1, 512]                  (recursive)               (recursive)               --                        524,288
│    │    └─Embedding: 3-187                  [1]                       [1, 512]                  (recursive)               (recursive)               --                        524,288
│    │    └─Embedding: 3-188                  [1]                       [1, 512]                  (recursive)               (recursive)               --                        524,288
│    │    └─Embedding: 3-189                  [1]                       [1, 512]                  (recursive)               (recursive)               --                        524,288
│    │    └─Embedding: 3-190                  [1]                       [1, 512]                  (recursive)               (recursive)               --                        524,288
│    │    └─Embedding: 3-191                  [1]                       [1, 512]                  (recursive)               (recursive)               --                        524,288
│    │    └─Embedding: 3-192                  [1]                       [1, 512]                  (recursive)               (recursive)               --                        524,288
│    │    └─Embedding: 3-193                  [1]                       [1, 512]                  (recursive)               (recursive)               --                        524,288
│    │    └─Embedding: 3-194                  [1]                       [1, 512]                  (recursive)               (recursive)               --                        524,288
│    │    └─Embedding: 3-195                  [1]                       [1, 512]                  (recursive)               (recursive)               --                        524,288
│    │    └─Embedding: 3-196                  [1]                       [1, 512]                  (recursive)               (recursive)               --                        524,288
│    │    └─Embedding: 3-197                  [1]                       [1, 512]                  (recursive)               (recursive)               --                        524,288
│    │    └─Embedding: 3-198                  [1]                       [1, 512]                  (recursive)               (recursive)               --                        524,288
│    │    └─Embedding: 3-199                  [1]                       [1, 512]                  (recursive)               (recursive)               --                        524,288
│    │    └─Embedding: 3-200                  [1]                       [1, 512]                  (recursive)               (recursive)               --                        524,288
│    │    └─Embedding: 3-201                  [1]                       [1, 512]                  (recursive)               (recursive)               --                        524,288
│    │    └─Embedding: 3-202                  [1]                       [1, 512]                  (recursive)               (recursive)               --                        524,288
│    │    └─Embedding: 3-203                  [1]                       [1, 512]                  (recursive)               (recursive)               --                        524,288
│    │    └─Embedding: 3-204                  [1]                       [1, 512]                  (recursive)               (recursive)               --                        524,288
│    │    └─Embedding: 3-205                  [1]                       [1, 512]                  (recursive)               (recursive)               --                        524,288
│    │    └─Embedding: 3-206                  [1]                       [1, 512]                  (recursive)               (recursive)               --                        524,288
│    │    └─Embedding: 3-207                  [1]                       [1, 512]                  (recursive)               (recursive)               --                        524,288
│    │    └─Embedding: 3-208                  [1]                       [1, 512]                  (recursive)               (recursive)               --                        524,288
│    │    └─Embedding: 3-209                  [1]                       [1, 512]                  (recursive)               (recursive)               --                        524,288
│    │    └─Embedding: 3-210                  [1]                       [1, 512]                  (recursive)               (recursive)               --                        524,288
│    │    └─Embedding: 3-211                  [1]                       [1, 512]                  (recursive)               (recursive)               --                        524,288
│    │    └─Embedding: 3-212                  [1]                       [1, 512]                  (recursive)               (recursive)               --                        524,288
│    │    └─Embedding: 3-213                  [1]                       [1, 512]                  (recursive)               (recursive)               --                        524,288
│    │    └─Embedding: 3-214                  [1]                       [1, 512]                  (recursive)               (recursive)               --                        524,288
│    │    └─Embedding: 3-215                  [1]                       [1, 512]                  (recursive)               (recursive)               --                        524,288
│    │    └─Embedding: 3-216                  [1]                       [1, 512]                  (recursive)               (recursive)               --                        524,288
│    │    └─Embedding: 3-217                  [1]                       [1, 512]                  (recursive)               (recursive)               --                        524,288
│    │    └─Embedding: 3-218                  [1]                       [1, 512]                  (recursive)               (recursive)               --                        524,288
│    │    └─Embedding: 3-219                  [1]                       [1, 512]                  (recursive)               (recursive)               --                        524,288
│    │    └─Embedding: 3-220                  [1]                       [1, 512]                  (recursive)               (recursive)               --                        524,288
│    │    └─Embedding: 3-221                  [1]                       [1, 512]                  (recursive)               (recursive)               --                        524,288
│    │    └─Embedding: 3-222                  [1]                       [1, 512]                  (recursive)               (recursive)               --                        524,288
│    │    └─Embedding: 3-223                  [1]                       [1, 512]                  (recursive)               (recursive)               --                        524,288
│    │    └─Embedding: 3-224                  [1]                       [1, 512]                  (recursive)               (recursive)               --                        524,288
│    │    └─Embedding: 3-225                  [1]                       [1, 512]                  (recursive)               (recursive)               --                        524,288
│    │    └─Embedding: 3-226                  [1]                       [1, 512]                  (recursive)               (recursive)               --                        524,288
│    │    └─Embedding: 3-227                  [1]                       [1, 512]                  (recursive)               (recursive)               --                        524,288
│    │    └─Embedding: 3-228                  [1]                       [1, 512]                  (recursive)               (recursive)               --                        524,288
│    │    └─Embedding: 3-229                  [1]                       [1, 512]                  (recursive)               (recursive)               --                        524,288
│    │    └─Embedding: 3-230                  [1]                       [1, 512]                  (recursive)               (recursive)               --                        524,288
│    │    └─Embedding: 3-231                  [1]                       [1, 512]                  (recursive)               (recursive)               --                        524,288
│    │    └─Embedding: 3-232                  [1]                       [1, 512]                  (recursive)               (recursive)               --                        524,288
│    │    └─Embedding: 3-233                  [1]                       [1, 512]                  (recursive)               (recursive)               --                        524,288
│    │    └─Embedding: 3-234                  [1]                       [1, 512]                  (recursive)               (recursive)               --                        524,288
│    │    └─Embedding: 3-235                  [1]                       [1, 512]                  (recursive)               (recursive)               --                        524,288
│    │    └─Embedding: 3-236                  [1]                       [1, 512]                  (recursive)               (recursive)               --                        524,288
│    │    └─Embedding: 3-237                  [1]                       [1, 512]                  (recursive)               (recursive)               --                        524,288
│    │    └─Embedding: 3-238                  [1]                       [1, 512]                  (recursive)               (recursive)               --                        524,288
│    │    └─Embedding: 3-239                  [1]                       [1, 512]                  (recursive)               (recursive)               --                        524,288
│    │    └─Embedding: 3-240                  [1]                       [1, 512]                  (recursive)               (recursive)               --                        524,288
│    │    └─Embedding: 3-241                  [1]                       [1, 512]                  (recursive)               (recursive)               --                        524,288
│    │    └─Embedding: 3-242                  [1]                       [1, 512]                  (recursive)               (recursive)               --                        524,288
│    │    └─Embedding: 3-243                  [1]                       [1, 512]                  (recursive)               (recursive)               --                        524,288
│    │    └─Embedding: 3-244                  [1]                       [1, 512]                  (recursive)               (recursive)               --                        524,288
│    │    └─Embedding: 3-245                  [1]                       [1, 512]                  (recursive)               (recursive)               --                        524,288
│    │    └─Embedding: 3-246                  [1]                       [1, 512]                  (recursive)               (recursive)               --                        524,288
│    │    └─Embedding: 3-247                  [1]                       [1, 512]                  (recursive)               (recursive)               --                        524,288
│    │    └─Embedding: 3-248                  [1]                       [1, 512]                  (recursive)               (recursive)               --                        524,288
│    │    └─Embedding: 3-249                  [1]                       [1, 512]                  (recursive)               (recursive)               --                        524,288
│    │    └─Embedding: 3-250                  [1]                       [1, 512]                  (recursive)               (recursive)               --                        524,288
│    │    └─Embedding: 3-251                  [1]                       [1, 512]                  (recursive)               (recursive)               --                        524,288
│    │    └─Embedding: 3-252                  [1]                       [1, 512]                  (recursive)               (recursive)               --                        524,288
│    │    └─Embedding: 3-253                  [1]                       [1, 512]                  (recursive)               (recursive)               --                        524,288
│    │    └─Embedding: 3-254                  [1]                       [1, 512]                  (recursive)               (recursive)               --                        524,288
│    │    └─Embedding: 3-255                  [1]                       [1, 512]                  (recursive)               (recursive)               --                        524,288
│    │    └─Embedding: 3-256                  [1]                       [1, 512]                  (recursive)               (recursive)               --                        524,288
│    │    └─Embedding: 3-257                  [1]                       [1, 512]                  (recursive)               (recursive)               --                        524,288
│    │    └─Embedding: 3-258                  [1]                       [1, 512]                  (recursive)               (recursive)               --                        524,288
│    │    └─Embedding: 3-259                  [1]                       [1, 512]                  (recursive)               (recursive)               --                        524,288
│    │    └─Embedding: 3-260                  [1]                       [1, 512]                  (recursive)               (recursive)               --                        524,288
│    │    └─Embedding: 3-261                  [1]                       [1, 512]                  (recursive)               (recursive)               --                        524,288
│    │    └─Embedding: 3-262                  [1]                       [1, 512]                  (recursive)               (recursive)               --                        524,288
│    │    └─Embedding: 3-263                  [1]                       [1, 512]                  (recursive)               (recursive)               --                        524,288
│    │    └─Embedding: 3-264                  [1]                       [1, 512]                  (recursive)               (recursive)               --                        524,288
│    │    └─Embedding: 3-265                  [1]                       [1, 512]                  (recursive)               (recursive)               --                        524,288
│    │    └─Embedding: 3-266                  [1]                       [1, 512]                  (recursive)               (recursive)               --                        524,288
│    │    └─Embedding: 3-267                  [1]                       [1, 512]                  (recursive)               (recursive)               --                        524,288
│    │    └─Embedding: 3-268                  [1]                       [1, 512]                  (recursive)               (recursive)               --                        524,288
│    │    └─Embedding: 3-269                  [1]                       [1, 512]                  (recursive)               (recursive)               --                        524,288
│    │    └─Embedding: 3-270                  [1]                       [1, 512]                  (recursive)               (recursive)               --                        524,288
│    │    └─Embedding: 3-271                  [1]                       [1, 512]                  (recursive)               (recursive)               --                        524,288
│    │    └─Embedding: 3-272                  [1]                       [1, 512]                  (recursive)               (recursive)               --                        524,288
│    │    └─Embedding: 3-273                  [1]                       [1, 512]                  (recursive)               (recursive)               --                        524,288
│    │    └─Embedding: 3-274                  [1]                       [1, 512]                  (recursive)               (recursive)               --                        524,288
│    │    └─Embedding: 3-275                  [1]                       [1, 512]                  (recursive)               (recursive)               --                        524,288
│    │    └─Embedding: 3-276                  [1]                       [1, 512]                  (recursive)               (recursive)               --                        524,288
│    │    └─Embedding: 3-277                  [1]                       [1, 512]                  (recursive)               (recursive)               --                        524,288
│    │    └─Embedding: 3-278                  [1]                       [1, 512]                  (recursive)               (recursive)               --                        524,288
│    │    └─Embedding: 3-279                  [1]                       [1, 512]                  (recursive)               (recursive)               --                        524,288
│    │    └─Embedding: 3-280                  [1]                       [1, 512]                  (recursive)               (recursive)               --                        524,288
│    │    └─Embedding: 3-281                  [1]                       [1, 512]                  (recursive)               (recursive)               --                        524,288
│    │    └─Embedding: 3-282                  [1]                       [1, 512]                  (recursive)               (recursive)               --                        524,288
│    │    └─Embedding: 3-283                  [1]                       [1, 512]                  (recursive)               (recursive)               --                        524,288
│    │    └─Embedding: 3-284                  [1]                       [1, 512]                  (recursive)               (recursive)               --                        524,288
│    │    └─Embedding: 3-285                  [1]                       [1, 512]                  (recursive)               (recursive)               --                        524,288
│    │    └─Embedding: 3-286                  [1]                       [1, 512]                  (recursive)               (recursive)               --                        524,288
│    │    └─Embedding: 3-287                  [1]                       [1, 512]                  (recursive)               (recursive)               --                        524,288
│    │    └─Embedding: 3-288                  [1]                       [1, 512]                  (recursive)               (recursive)               --                        524,288
│    │    └─Embedding: 3-289                  [1]                       [1, 512]                  (recursive)               (recursive)               --                        524,288
│    │    └─Embedding: 3-290                  [1]                       [1, 512]                  (recursive)               (recursive)               --                        524,288
│    │    └─Embedding: 3-291                  [1]                       [1, 512]                  (recursive)               (recursive)               --                        524,288
│    │    └─Embedding: 3-292                  [1]                       [1, 512]                  (recursive)               (recursive)               --                        524,288
│    │    └─Embedding: 3-293                  [1]                       [1, 512]                  (recursive)               (recursive)               --                        524,288
│    │    └─Embedding: 3-294                  [1]                       [1, 512]                  (recursive)               (recursive)               --                        524,288
│    │    └─Embedding: 3-295                  [1]                       [1, 512]                  (recursive)               (recursive)               --                        524,288
│    │    └─Embedding: 3-296                  [1]                       [1, 512]                  (recursive)               (recursive)               --                        524,288
│    │    └─Embedding: 3-297                  [1]                       [1, 512]                  (recursive)               (recursive)               --                        524,288
│    │    └─Embedding: 3-298                  [1]                       [1, 512]                  (recursive)               (recursive)               --                        524,288
│    │    └─Embedding: 3-299                  [1]                       [1, 512]                  (recursive)               (recursive)               --                        524,288
│    │    └─Embedding: 3-300                  [1]                       [1, 512]                  (recursive)               (recursive)               --                        524,288
│    │    └─Embedding: 3-301                  [1]                       [1, 512]                  (recursive)               (recursive)               --                        524,288
│    │    └─Embedding: 3-302                  [1]                       [1, 512]                  (recursive)               (recursive)               --                        524,288
│    │    └─Embedding: 3-303                  [1]                       [1, 512]                  (recursive)               (recursive)               --                        524,288
│    │    └─Embedding: 3-304                  [1]                       [1, 512]                  (recursive)               (recursive)               --                        524,288
│    │    └─Embedding: 3-305                  [1]                       [1, 512]                  (recursive)               (recursive)               --                        524,288
│    │    └─Embedding: 3-306                  [1]                       [1, 512]                  (recursive)               (recursive)               --                        524,288
│    │    └─Embedding: 3-307                  [1]                       [1, 512]                  (recursive)               (recursive)               --                        524,288
│    │    └─Embedding: 3-308                  [1]                       [1, 512]                  (recursive)               (recursive)               --                        524,288
│    │    └─Embedding: 3-309                  [1]                       [1, 512]                  (recursive)               (recursive)               --                        524,288
│    │    └─Embedding: 3-310                  [1]                       [1, 512]                  (recursive)               (recursive)               --                        524,288
│    │    └─Embedding: 3-311                  [1]                       [1, 512]                  (recursive)               (recursive)               --                        524,288
│    │    └─Embedding: 3-312                  [1]                       [1, 512]                  (recursive)               (recursive)               --                        524,288
│    │    └─Embedding: 3-313                  [1]                       [1, 512]                  (recursive)               (recursive)               --                        524,288
│    │    └─Embedding: 3-314                  [1]                       [1, 512]                  (recursive)               (recursive)               --                        524,288
│    │    └─Embedding: 3-315                  [1]                       [1, 512]                  (recursive)               (recursive)               --                        524,288
│    │    └─Embedding: 3-316                  [1]                       [1, 512]                  (recursive)               (recursive)               --                        524,288
│    │    └─Embedding: 3-317                  [1]                       [1, 512]                  (recursive)               (recursive)               --                        524,288
│    │    └─Embedding: 3-318                  [1]                       [1, 512]                  (recursive)               (recursive)               --                        524,288
│    │    └─Embedding: 3-319                  [1]                       [1, 512]                  (recursive)               (recursive)               --                        524,288
│    │    └─Embedding: 3-320                  [1]                       [1, 512]                  (recursive)               (recursive)               --                        524,288
│    │    └─Embedding: 3-321                  [1]                       [1, 512]                  (recursive)               (recursive)               --                        524,288
│    └─LayerNorm: 2-7                         [1, 569, 512]             [1, 569, 512]             1,024                       0.00%                   --                        1,024
│    └─ModuleList: 2-8                        --                        --                        --                             --                   --                        --
│    │    └─ResidualAttentionBlock: 3-322     [569, 1, 512]             [569, 1, 512]             --                             --                   --                        --
│    │    │    └─LayerNorm: 4-33              [569, 1, 512]             [569, 1, 512]             1,024                       0.00%                   --                        582,656
│    │    │    └─MultiheadAttention: 4-34     [569, 1, 512]             [569, 1, 512]             1,050,624                   0.49%                   --                        --
│    │    │    └─LayerNorm: 4-35              [569, 1, 512]             [569, 1, 512]             1,024                       0.00%                   --                        582,656
│    │    │    └─Sequential: 4-36             [569, 1, 512]             [569, 1, 512]             --                             --                   --                        --
│    │    │    │    └─Linear: 5-25            [569, 1, 512]             [569, 1, 2048]            1,050,624                   0.49%                   --                        597,805,056
│    │    │    │    └─GELU: 5-26              [569, 1, 2048]            [569, 1, 2048]            --                             --                   --                        --
│    │    │    │    └─Linear: 5-27            [569, 1, 2048]            [569, 1, 512]             1,049,088                   0.49%                   --                        596,931,072
│    │    └─ResidualAttentionBlock: 3-323     [569, 1, 512]             [569, 1, 512]             --                             --                   --                        --
│    │    │    └─LayerNorm: 4-37              [569, 1, 512]             [569, 1, 512]             1,024                       0.00%                   --                        582,656
│    │    │    └─MultiheadAttention: 4-38     [569, 1, 512]             [569, 1, 512]             1,050,624                   0.49%                   --                        --
│    │    │    └─LayerNorm: 4-39              [569, 1, 512]             [569, 1, 512]             1,024                       0.00%                   --                        582,656
│    │    │    └─Sequential: 4-40             [569, 1, 512]             [569, 1, 512]             --                             --                   --                        --
│    │    │    │    └─Linear: 5-28            [569, 1, 512]             [569, 1, 2048]            1,050,624                   0.49%                   --                        597,805,056
│    │    │    │    └─GELU: 5-29              [569, 1, 2048]            [569, 1, 2048]            --                             --                   --                        --
│    │    │    │    └─Linear: 5-30            [569, 1, 2048]            [569, 1, 512]             1,049,088                   0.49%                   --                        596,931,072
│    │    └─ResidualAttentionBlock: 3-324     [569, 1, 512]             [569, 1, 512]             --                             --                   --                        --
│    │    │    └─LayerNorm: 4-41              [569, 1, 512]             [569, 1, 512]             1,024                       0.00%                   --                        582,656
│    │    │    └─MultiheadAttention: 4-42     [569, 1, 512]             [569, 1, 512]             1,050,624                   0.49%                   --                        --
│    │    │    └─LayerNorm: 4-43              [569, 1, 512]             [569, 1, 512]             1,024                       0.00%                   --                        582,656
│    │    │    └─Sequential: 4-44             [569, 1, 512]             [569, 1, 512]             --                             --                   --                        --
│    │    │    │    └─Linear: 5-31            [569, 1, 512]             [569, 1, 2048]            1,050,624                   0.49%                   --                        597,805,056
│    │    │    │    └─GELU: 5-32              [569, 1, 2048]            [569, 1, 2048]            --                             --                   --                        --
│    │    │    │    └─Linear: 5-33            [569, 1, 2048]            [569, 1, 512]             1,049,088                   0.49%                   --                        596,931,072
│    │    └─ResidualAttentionBlock: 3-325     [569, 1, 512]             [569, 1, 512]             --                             --                   --                        --
│    │    │    └─LayerNorm: 4-45              [569, 1, 512]             [569, 1, 512]             1,024                       0.00%                   --                        582,656
│    │    │    └─MultiheadAttention: 4-46     [569, 1, 512]             [569, 1, 512]             1,050,624                   0.49%                   --                        --
│    │    │    └─LayerNorm: 4-47              [569, 1, 512]             [569, 1, 512]             1,024                       0.00%                   --                        582,656
│    │    │    └─Sequential: 4-48             [569, 1, 512]             [569, 1, 512]             --                             --                   --                        --
│    │    │    │    └─Linear: 5-34            [569, 1, 512]             [569, 1, 2048]            1,050,624                   0.49%                   --                        597,805,056
│    │    │    │    └─GELU: 5-35              [569, 1, 2048]            [569, 1, 2048]            --                             --                   --                        --
│    │    │    │    └─Linear: 5-36            [569, 1, 2048]            [569, 1, 512]             1,049,088                   0.49%                   --                        596,931,072
│    │    └─ResidualAttentionBlock: 3-326     [569, 1, 512]             [569, 1, 512]             --                             --                   --                        --
│    │    │    └─LayerNorm: 4-49              [569, 1, 512]             [569, 1, 512]             1,024                       0.00%                   --                        582,656
│    │    │    └─MultiheadAttention: 4-50     [569, 1, 512]             [569, 1, 512]             1,050,624                   0.49%                   --                        --
│    │    │    └─LayerNorm: 4-51              [569, 1, 512]             [569, 1, 512]             1,024                       0.00%                   --                        582,656
│    │    │    └─Sequential: 4-52             [569, 1, 512]             [569, 1, 512]             --                             --                   --                        --
│    │    │    │    └─Linear: 5-37            [569, 1, 512]             [569, 1, 2048]            1,050,624                   0.49%                   --                        597,805,056
│    │    │    │    └─GELU: 5-38              [569, 1, 2048]            [569, 1, 2048]            --                             --                   --                        --
│    │    │    │    └─Linear: 5-39            [569, 1, 2048]            [569, 1, 512]             1,049,088                   0.49%                   --                        596,931,072
│    │    └─ResidualAttentionBlock: 3-327     [569, 1, 512]             [569, 1, 512]             --                             --                   --                        --
│    │    │    └─LayerNorm: 4-53              [569, 1, 512]             [569, 1, 512]             1,024                       0.00%                   --                        582,656
│    │    │    └─MultiheadAttention: 4-54     [569, 1, 512]             [569, 1, 512]             1,050,624                   0.49%                   --                        --
│    │    │    └─LayerNorm: 4-55              [569, 1, 512]             [569, 1, 512]             1,024                       0.00%                   --                        582,656
│    │    │    └─Sequential: 4-56             [569, 1, 512]             [569, 1, 512]             --                             --                   --                        --
│    │    │    │    └─Linear: 5-40            [569, 1, 512]             [569, 1, 2048]            1,050,624                   0.49%                   --                        597,805,056
│    │    │    │    └─GELU: 5-41              [569, 1, 2048]            [569, 1, 2048]            --                             --                   --                        --
│    │    │    │    └─Linear: 5-42            [569, 1, 2048]            [569, 1, 512]             1,049,088                   0.49%                   --                        596,931,072
│    │    └─ResidualAttentionBlock: 3-328     [569, 1, 512]             [569, 1, 512]             --                             --                   --                        --
│    │    │    └─LayerNorm: 4-57              [569, 1, 512]             [569, 1, 512]             1,024                       0.00%                   --                        582,656
│    │    │    └─MultiheadAttention: 4-58     [569, 1, 512]             [569, 1, 512]             1,050,624                   0.49%                   --                        --
│    │    │    └─LayerNorm: 4-59              [569, 1, 512]             [569, 1, 512]             1,024                       0.00%                   --                        582,656
│    │    │    └─Sequential: 4-60             [569, 1, 512]             [569, 1, 512]             --                             --                   --                        --
│    │    │    │    └─Linear: 5-43            [569, 1, 512]             [569, 1, 2048]            1,050,624                   0.49%                   --                        597,805,056
│    │    │    │    └─GELU: 5-44              [569, 1, 2048]            [569, 1, 2048]            --                             --                   --                        --
│    │    │    │    └─Linear: 5-45            [569, 1, 2048]            [569, 1, 512]             1,049,088                   0.49%                   --                        596,931,072
│    │    └─ResidualAttentionBlock: 3-329     [569, 1, 512]             [569, 1, 512]             --                             --                   --                        --
│    │    │    └─LayerNorm: 4-61              [569, 1, 512]             [569, 1, 512]             1,024                       0.00%                   --                        582,656
│    │    │    └─MultiheadAttention: 4-62     [569, 1, 512]             [569, 1, 512]             1,050,624                   0.49%                   --                        --
│    │    │    └─LayerNorm: 4-63              [569, 1, 512]             [569, 1, 512]             1,024                       0.00%                   --                        582,656
│    │    │    └─Sequential: 4-64             [569, 1, 512]             [569, 1, 512]             --                             --                   --                        --
│    │    │    │    └─Linear: 5-46            [569, 1, 512]             [569, 1, 2048]            1,050,624                   0.49%                   --                        597,805,056
│    │    │    │    └─GELU: 5-47              [569, 1, 2048]            [569, 1, 2048]            --                             --                   --                        --
│    │    │    │    └─Linear: 5-48            [569, 1, 2048]            [569, 1, 512]             1,049,088                   0.49%                   --                        596,931,072
│    └─LayerNorm: 2-9                         [1, 313, 512]             [1, 313, 512]             1,024                       0.00%                   --                        1,024
│    └─Linear: 2-10                           [1, 313, 512]             [1, 313, 32]              16,416                      0.01%                   --                        16,416
├─QuadTokDecoder: 1-3                         [1, 313, 16]              [1, 3, 256, 256]          698,880                     0.33%                   --                        --
│    └─Linear: 2-11                           [1, 313, 16]              [1, 313, 512]             8,704                       0.00%                   --                        8,704
│    └─ModuleDict: 2-12                       --                        --                        --                             --                   --                        --
│    │    └─Embedding: 3-330                  [1]                       [1, 512]                  512                         0.00%                   --                        512
│    │    └─Embedding: 3-331                  [1]                       [1, 512]                  2,048                       0.00%                   --                        2,048
│    │    └─Embedding: 3-332                  [1]                       [1, 512]                  (recursive)               (recursive)               --                        2,048
│    │    └─Embedding: 3-333                  [1]                       [1, 512]                  (recursive)               (recursive)               --                        2,048
│    │    └─Embedding: 3-334                  [1]                       [1, 512]                  (recursive)               (recursive)               --                        2,048
│    │    └─Embedding: 3-335                  [1]                       [1, 512]                  8,192                       0.00%                   --                        8,192
│    │    └─Embedding: 3-336                  [1]                       [1, 512]                  (recursive)               (recursive)               --                        8,192
│    │    └─Embedding: 3-337                  [1]                       [1, 512]                  (recursive)               (recursive)               --                        8,192
│    │    └─Embedding: 3-338                  [1]                       [1, 512]                  (recursive)               (recursive)               --                        8,192
│    │    └─Embedding: 3-339                  [1]                       [1, 512]                  (recursive)               (recursive)               --                        8,192
│    │    └─Embedding: 3-340                  [1]                       [1, 512]                  (recursive)               (recursive)               --                        8,192
│    │    └─Embedding: 3-341                  [1]                       [1, 512]                  (recursive)               (recursive)               --                        8,192
│    │    └─Embedding: 3-342                  [1]                       [1, 512]                  (recursive)               (recursive)               --                        8,192
│    │    └─Embedding: 3-343                  [1]                       [1, 512]                  (recursive)               (recursive)               --                        8,192
│    │    └─Embedding: 3-344                  [1]                       [1, 512]                  (recursive)               (recursive)               --                        8,192
│    │    └─Embedding: 3-345                  [1]                       [1, 512]                  (recursive)               (recursive)               --                        8,192
│    │    └─Embedding: 3-346                  [1]                       [1, 512]                  (recursive)               (recursive)               --                        8,192
│    │    └─Embedding: 3-347                  [1]                       [1, 512]                  (recursive)               (recursive)               --                        8,192
│    │    └─Embedding: 3-348                  [1]                       [1, 512]                  (recursive)               (recursive)               --                        8,192
│    │    └─Embedding: 3-349                  [1]                       [1, 512]                  (recursive)               (recursive)               --                        8,192
│    │    └─Embedding: 3-350                  [1]                       [1, 512]                  (recursive)               (recursive)               --                        8,192
│    │    └─Embedding: 3-351                  [1]                       [1, 512]                  32,768                      0.02%                   --                        32,768
│    │    └─Embedding: 3-352                  [1]                       [1, 512]                  (recursive)               (recursive)               --                        32,768
│    │    └─Embedding: 3-353                  [1]                       [1, 512]                  (recursive)               (recursive)               --                        32,768
│    │    └─Embedding: 3-354                  [1]                       [1, 512]                  (recursive)               (recursive)               --                        32,768
│    │    └─Embedding: 3-355                  [1]                       [1, 512]                  (recursive)               (recursive)               --                        32,768
│    │    └─Embedding: 3-356                  [1]                       [1, 512]                  (recursive)               (recursive)               --                        32,768
│    │    └─Embedding: 3-357                  [1]                       [1, 512]                  (recursive)               (recursive)               --                        32,768
│    │    └─Embedding: 3-358                  [1]                       [1, 512]                  (recursive)               (recursive)               --                        32,768
│    │    └─Embedding: 3-359                  [1]                       [1, 512]                  (recursive)               (recursive)               --                        32,768
│    │    └─Embedding: 3-360                  [1]                       [1, 512]                  (recursive)               (recursive)               --                        32,768
│    │    └─Embedding: 3-361                  [1]                       [1, 512]                  (recursive)               (recursive)               --                        32,768
│    │    └─Embedding: 3-362                  [1]                       [1, 512]                  (recursive)               (recursive)               --                        32,768
│    │    └─Embedding: 3-363                  [1]                       [1, 512]                  (recursive)               (recursive)               --                        32,768
│    │    └─Embedding: 3-364                  [1]                       [1, 512]                  (recursive)               (recursive)               --                        32,768
│    │    └─Embedding: 3-365                  [1]                       [1, 512]                  (recursive)               (recursive)               --                        32,768
│    │    └─Embedding: 3-366                  [1]                       [1, 512]                  (recursive)               (recursive)               --                        32,768
│    │    └─Embedding: 3-367                  [1]                       [1, 512]                  (recursive)               (recursive)               --                        32,768
│    │    └─Embedding: 3-368                  [1]                       [1, 512]                  (recursive)               (recursive)               --                        32,768
│    │    └─Embedding: 3-369                  [1]                       [1, 512]                  (recursive)               (recursive)               --                        32,768
│    │    └─Embedding: 3-370                  [1]                       [1, 512]                  (recursive)               (recursive)               --                        32,768
│    │    └─Embedding: 3-371                  [1]                       [1, 512]                  (recursive)               (recursive)               --                        32,768
│    │    └─Embedding: 3-372                  [1]                       [1, 512]                  (recursive)               (recursive)               --                        32,768
│    │    └─Embedding: 3-373                  [1]                       [1, 512]                  (recursive)               (recursive)               --                        32,768
│    │    └─Embedding: 3-374                  [1]                       [1, 512]                  (recursive)               (recursive)               --                        32,768
│    │    └─Embedding: 3-375                  [1]                       [1, 512]                  (recursive)               (recursive)               --                        32,768
│    │    └─Embedding: 3-376                  [1]                       [1, 512]                  (recursive)               (recursive)               --                        32,768
│    │    └─Embedding: 3-377                  [1]                       [1, 512]                  (recursive)               (recursive)               --                        32,768
│    │    └─Embedding: 3-378                  [1]                       [1, 512]                  (recursive)               (recursive)               --                        32,768
│    │    └─Embedding: 3-379                  [1]                       [1, 512]                  (recursive)               (recursive)               --                        32,768
│    │    └─Embedding: 3-380                  [1]                       [1, 512]                  (recursive)               (recursive)               --                        32,768
│    │    └─Embedding: 3-381                  [1]                       [1, 512]                  (recursive)               (recursive)               --                        32,768
│    │    └─Embedding: 3-382                  [1]                       [1, 512]                  (recursive)               (recursive)               --                        32,768
│    │    └─Embedding: 3-383                  [1]                       [1, 512]                  (recursive)               (recursive)               --                        32,768
│    │    └─Embedding: 3-384                  [1]                       [1, 512]                  (recursive)               (recursive)               --                        32,768
│    │    └─Embedding: 3-385                  [1]                       [1, 512]                  (recursive)               (recursive)               --                        32,768
│    │    └─Embedding: 3-386                  [1]                       [1, 512]                  (recursive)               (recursive)               --                        32,768
│    │    └─Embedding: 3-387                  [1]                       [1, 512]                  (recursive)               (recursive)               --                        32,768
│    │    └─Embedding: 3-388                  [1]                       [1, 512]                  (recursive)               (recursive)               --                        32,768
│    │    └─Embedding: 3-389                  [1]                       [1, 512]                  (recursive)               (recursive)               --                        32,768
│    │    └─Embedding: 3-390                  [1]                       [1, 512]                  (recursive)               (recursive)               --                        32,768
│    │    └─Embedding: 3-391                  [1]                       [1, 512]                  (recursive)               (recursive)               --                        32,768
│    │    └─Embedding: 3-392                  [1]                       [1, 512]                  (recursive)               (recursive)               --                        32,768
│    │    └─Embedding: 3-393                  [1]                       [1, 512]                  (recursive)               (recursive)               --                        32,768
│    │    └─Embedding: 3-394                  [1]                       [1, 512]                  (recursive)               (recursive)               --                        32,768
│    │    └─Embedding: 3-395                  [1]                       [1, 512]                  (recursive)               (recursive)               --                        32,768
│    │    └─Embedding: 3-396                  [1]                       [1, 512]                  (recursive)               (recursive)               --                        32,768
│    │    └─Embedding: 3-397                  [1]                       [1, 512]                  (recursive)               (recursive)               --                        32,768
│    │    └─Embedding: 3-398                  [1]                       [1, 512]                  (recursive)               (recursive)               --                        32,768
│    │    └─Embedding: 3-399                  [1]                       [1, 512]                  (recursive)               (recursive)               --                        32,768
│    │    └─Embedding: 3-400                  [1]                       [1, 512]                  (recursive)               (recursive)               --                        32,768
│    │    └─Embedding: 3-401                  [1]                       [1, 512]                  (recursive)               (recursive)               --                        32,768
│    │    └─Embedding: 3-402                  [1]                       [1, 512]                  (recursive)               (recursive)               --                        32,768
│    │    └─Embedding: 3-403                  [1]                       [1, 512]                  (recursive)               (recursive)               --                        32,768
│    │    └─Embedding: 3-404                  [1]                       [1, 512]                  (recursive)               (recursive)               --                        32,768
│    │    └─Embedding: 3-405                  [1]                       [1, 512]                  (recursive)               (recursive)               --                        32,768
│    │    └─Embedding: 3-406                  [1]                       [1, 512]                  (recursive)               (recursive)               --                        32,768
│    │    └─Embedding: 3-407                  [1]                       [1, 512]                  (recursive)               (recursive)               --                        32,768
│    │    └─Embedding: 3-408                  [1]                       [1, 512]                  (recursive)               (recursive)               --                        32,768
│    │    └─Embedding: 3-409                  [1]                       [1, 512]                  (recursive)               (recursive)               --                        32,768
│    │    └─Embedding: 3-410                  [1]                       [1, 512]                  (recursive)               (recursive)               --                        32,768
│    │    └─Embedding: 3-411                  [1]                       [1, 512]                  (recursive)               (recursive)               --                        32,768
│    │    └─Embedding: 3-412                  [1]                       [1, 512]                  (recursive)               (recursive)               --                        32,768
│    │    └─Embedding: 3-413                  [1]                       [1, 512]                  (recursive)               (recursive)               --                        32,768
│    │    └─Embedding: 3-414                  [1]                       [1, 512]                  (recursive)               (recursive)               --                        32,768
│    │    └─Embedding: 3-415                  [1]                       [1, 512]                  131,072                     0.06%                   --                        131,072
│    │    └─Embedding: 3-416                  [1]                       [1, 512]                  (recursive)               (recursive)               --                        131,072
│    │    └─Embedding: 3-417                  [1]                       [1, 512]                  (recursive)               (recursive)               --                        131,072
│    │    └─Embedding: 3-418                  [1]                       [1, 512]                  (recursive)               (recursive)               --                        131,072
│    │    └─Embedding: 3-419                  [1]                       [1, 512]                  (recursive)               (recursive)               --                        131,072
│    │    └─Embedding: 3-420                  [1]                       [1, 512]                  (recursive)               (recursive)               --                        131,072
│    │    └─Embedding: 3-421                  [1]                       [1, 512]                  (recursive)               (recursive)               --                        131,072
│    │    └─Embedding: 3-422                  [1]                       [1, 512]                  (recursive)               (recursive)               --                        131,072
│    │    └─Embedding: 3-423                  [1]                       [1, 512]                  (recursive)               (recursive)               --                        131,072
│    │    └─Embedding: 3-424                  [1]                       [1, 512]                  (recursive)               (recursive)               --                        131,072
│    │    └─Embedding: 3-425                  [1]                       [1, 512]                  (recursive)               (recursive)               --                        131,072
│    │    └─Embedding: 3-426                  [1]                       [1, 512]                  (recursive)               (recursive)               --                        131,072
│    │    └─Embedding: 3-427                  [1]                       [1, 512]                  (recursive)               (recursive)               --                        131,072
│    │    └─Embedding: 3-428                  [1]                       [1, 512]                  (recursive)               (recursive)               --                        131,072
│    │    └─Embedding: 3-429                  [1]                       [1, 512]                  (recursive)               (recursive)               --                        131,072
│    │    └─Embedding: 3-430                  [1]                       [1, 512]                  (recursive)               (recursive)               --                        131,072
│    │    └─Embedding: 3-431                  [1]                       [1, 512]                  (recursive)               (recursive)               --                        131,072
│    │    └─Embedding: 3-432                  [1]                       [1, 512]                  (recursive)               (recursive)               --                        131,072
│    │    └─Embedding: 3-433                  [1]                       [1, 512]                  (recursive)               (recursive)               --                        131,072
│    │    └─Embedding: 3-434                  [1]                       [1, 512]                  (recursive)               (recursive)               --                        131,072
│    │    └─Embedding: 3-435                  [1]                       [1, 512]                  (recursive)               (recursive)               --                        131,072
│    │    └─Embedding: 3-436                  [1]                       [1, 512]                  (recursive)               (recursive)               --                        131,072
│    │    └─Embedding: 3-437                  [1]                       [1, 512]                  (recursive)               (recursive)               --                        131,072
│    │    └─Embedding: 3-438                  [1]                       [1, 512]                  (recursive)               (recursive)               --                        131,072
│    │    └─Embedding: 3-439                  [1]                       [1, 512]                  (recursive)               (recursive)               --                        131,072
│    │    └─Embedding: 3-440                  [1]                       [1, 512]                  (recursive)               (recursive)               --                        131,072
│    │    └─Embedding: 3-441                  [1]                       [1, 512]                  (recursive)               (recursive)               --                        131,072
│    │    └─Embedding: 3-442                  [1]                       [1, 512]                  (recursive)               (recursive)               --                        131,072
│    │    └─Embedding: 3-443                  [1]                       [1, 512]                  (recursive)               (recursive)               --                        131,072
│    │    └─Embedding: 3-444                  [1]                       [1, 512]                  (recursive)               (recursive)               --                        131,072
│    │    └─Embedding: 3-445                  [1]                       [1, 512]                  (recursive)               (recursive)               --                        131,072
│    │    └─Embedding: 3-446                  [1]                       [1, 512]                  (recursive)               (recursive)               --                        131,072
│    │    └─Embedding: 3-447                  [1]                       [1, 512]                  (recursive)               (recursive)               --                        131,072
│    │    └─Embedding: 3-448                  [1]                       [1, 512]                  (recursive)               (recursive)               --                        131,072
│    │    └─Embedding: 3-449                  [1]                       [1, 512]                  (recursive)               (recursive)               --                        131,072
│    │    └─Embedding: 3-450                  [1]                       [1, 512]                  (recursive)               (recursive)               --                        131,072
│    │    └─Embedding: 3-451                  [1]                       [1, 512]                  (recursive)               (recursive)               --                        131,072
│    │    └─Embedding: 3-452                  [1]                       [1, 512]                  (recursive)               (recursive)               --                        131,072
│    │    └─Embedding: 3-453                  [1]                       [1, 512]                  (recursive)               (recursive)               --                        131,072
│    │    └─Embedding: 3-454                  [1]                       [1, 512]                  (recursive)               (recursive)               --                        131,072
│    │    └─Embedding: 3-455                  [1]                       [1, 512]                  (recursive)               (recursive)               --                        131,072
│    │    └─Embedding: 3-456                  [1]                       [1, 512]                  (recursive)               (recursive)               --                        131,072
│    │    └─Embedding: 3-457                  [1]                       [1, 512]                  (recursive)               (recursive)               --                        131,072
│    │    └─Embedding: 3-458                  [1]                       [1, 512]                  (recursive)               (recursive)               --                        131,072
│    │    └─Embedding: 3-459                  [1]                       [1, 512]                  (recursive)               (recursive)               --                        131,072
│    │    └─Embedding: 3-460                  [1]                       [1, 512]                  (recursive)               (recursive)               --                        131,072
│    │    └─Embedding: 3-461                  [1]                       [1, 512]                  (recursive)               (recursive)               --                        131,072
│    │    └─Embedding: 3-462                  [1]                       [1, 512]                  (recursive)               (recursive)               --                        131,072
│    │    └─Embedding: 3-463                  [1]                       [1, 512]                  (recursive)               (recursive)               --                        131,072
│    │    └─Embedding: 3-464                  [1]                       [1, 512]                  (recursive)               (recursive)               --                        131,072
│    │    └─Embedding: 3-465                  [1]                       [1, 512]                  (recursive)               (recursive)               --                        131,072
│    │    └─Embedding: 3-466                  [1]                       [1, 512]                  (recursive)               (recursive)               --                        131,072
│    │    └─Embedding: 3-467                  [1]                       [1, 512]                  (recursive)               (recursive)               --                        131,072
│    │    └─Embedding: 3-468                  [1]                       [1, 512]                  (recursive)               (recursive)               --                        131,072
│    │    └─Embedding: 3-469                  [1]                       [1, 512]                  (recursive)               (recursive)               --                        131,072
│    │    └─Embedding: 3-470                  [1]                       [1, 512]                  (recursive)               (recursive)               --                        131,072
│    │    └─Embedding: 3-471                  [1]                       [1, 512]                  (recursive)               (recursive)               --                        131,072
│    │    └─Embedding: 3-472                  [1]                       [1, 512]                  (recursive)               (recursive)               --                        131,072
│    │    └─Embedding: 3-473                  [1]                       [1, 512]                  (recursive)               (recursive)               --                        131,072
│    │    └─Embedding: 3-474                  [1]                       [1, 512]                  (recursive)               (recursive)               --                        131,072
│    │    └─Embedding: 3-475                  [1]                       [1, 512]                  (recursive)               (recursive)               --                        131,072
│    │    └─Embedding: 3-476                  [1]                       [1, 512]                  (recursive)               (recursive)               --                        131,072
│    │    └─Embedding: 3-477                  [1]                       [1, 512]                  (recursive)               (recursive)               --                        131,072
│    │    └─Embedding: 3-478                  [1]                       [1, 512]                  (recursive)               (recursive)               --                        131,072
│    │    └─Embedding: 3-479                  [1]                       [1, 512]                  (recursive)               (recursive)               --                        131,072
│    │    └─Embedding: 3-480                  [1]                       [1, 512]                  (recursive)               (recursive)               --                        131,072
│    │    └─Embedding: 3-481                  [1]                       [1, 512]                  (recursive)               (recursive)               --                        131,072
│    │    └─Embedding: 3-482                  [1]                       [1, 512]                  (recursive)               (recursive)               --                        131,072
│    │    └─Embedding: 3-483                  [1]                       [1, 512]                  (recursive)               (recursive)               --                        131,072
│    │    └─Embedding: 3-484                  [1]                       [1, 512]                  (recursive)               (recursive)               --                        131,072
│    │    └─Embedding: 3-485                  [1]                       [1, 512]                  (recursive)               (recursive)               --                        131,072
│    │    └─Embedding: 3-486                  [1]                       [1, 512]                  (recursive)               (recursive)               --                        131,072
│    │    └─Embedding: 3-487                  [1]                       [1, 512]                  (recursive)               (recursive)               --                        131,072
│    │    └─Embedding: 3-488                  [1]                       [1, 512]                  (recursive)               (recursive)               --                        131,072
│    │    └─Embedding: 3-489                  [1]                       [1, 512]                  (recursive)               (recursive)               --                        131,072
│    │    └─Embedding: 3-490                  [1]                       [1, 512]                  (recursive)               (recursive)               --                        131,072
│    │    └─Embedding: 3-491                  [1]                       [1, 512]                  (recursive)               (recursive)               --                        131,072
│    │    └─Embedding: 3-492                  [1]                       [1, 512]                  (recursive)               (recursive)               --                        131,072
│    │    └─Embedding: 3-493                  [1]                       [1, 512]                  (recursive)               (recursive)               --                        131,072
│    │    └─Embedding: 3-494                  [1]                       [1, 512]                  (recursive)               (recursive)               --                        131,072
│    │    └─Embedding: 3-495                  [1]                       [1, 512]                  (recursive)               (recursive)               --                        131,072
│    │    └─Embedding: 3-496                  [1]                       [1, 512]                  (recursive)               (recursive)               --                        131,072
│    │    └─Embedding: 3-497                  [1]                       [1, 512]                  (recursive)               (recursive)               --                        131,072
│    │    └─Embedding: 3-498                  [1]                       [1, 512]                  (recursive)               (recursive)               --                        131,072
│    │    └─Embedding: 3-499                  [1]                       [1, 512]                  524,288                     0.24%                   --                        524,288
│    │    └─Embedding: 3-500                  [1]                       [1, 512]                  (recursive)               (recursive)               --                        524,288
│    │    └─Embedding: 3-501                  [1]                       [1, 512]                  (recursive)               (recursive)               --                        524,288
│    │    └─Embedding: 3-502                  [1]                       [1, 512]                  (recursive)               (recursive)               --                        524,288
│    │    └─Embedding: 3-503                  [1]                       [1, 512]                  (recursive)               (recursive)               --                        524,288
│    │    └─Embedding: 3-504                  [1]                       [1, 512]                  (recursive)               (recursive)               --                        524,288
│    │    └─Embedding: 3-505                  [1]                       [1, 512]                  (recursive)               (recursive)               --                        524,288
│    │    └─Embedding: 3-506                  [1]                       [1, 512]                  (recursive)               (recursive)               --                        524,288
│    │    └─Embedding: 3-507                  [1]                       [1, 512]                  (recursive)               (recursive)               --                        524,288
│    │    └─Embedding: 3-508                  [1]                       [1, 512]                  (recursive)               (recursive)               --                        524,288
│    │    └─Embedding: 3-509                  [1]                       [1, 512]                  (recursive)               (recursive)               --                        524,288
│    │    └─Embedding: 3-510                  [1]                       [1, 512]                  (recursive)               (recursive)               --                        524,288
│    │    └─Embedding: 3-511                  [1]                       [1, 512]                  (recursive)               (recursive)               --                        524,288
│    │    └─Embedding: 3-512                  [1]                       [1, 512]                  (recursive)               (recursive)               --                        524,288
│    │    └─Embedding: 3-513                  [1]                       [1, 512]                  (recursive)               (recursive)               --                        524,288
│    │    └─Embedding: 3-514                  [1]                       [1, 512]                  (recursive)               (recursive)               --                        524,288
│    │    └─Embedding: 3-515                  [1]                       [1, 512]                  (recursive)               (recursive)               --                        524,288
│    │    └─Embedding: 3-516                  [1]                       [1, 512]                  (recursive)               (recursive)               --                        524,288
│    │    └─Embedding: 3-517                  [1]                       [1, 512]                  (recursive)               (recursive)               --                        524,288
│    │    └─Embedding: 3-518                  [1]                       [1, 512]                  (recursive)               (recursive)               --                        524,288
│    │    └─Embedding: 3-519                  [1]                       [1, 512]                  (recursive)               (recursive)               --                        524,288
│    │    └─Embedding: 3-520                  [1]                       [1, 512]                  (recursive)               (recursive)               --                        524,288
│    │    └─Embedding: 3-521                  [1]                       [1, 512]                  (recursive)               (recursive)               --                        524,288
│    │    └─Embedding: 3-522                  [1]                       [1, 512]                  (recursive)               (recursive)               --                        524,288
│    │    └─Embedding: 3-523                  [1]                       [1, 512]                  (recursive)               (recursive)               --                        524,288
│    │    └─Embedding: 3-524                  [1]                       [1, 512]                  (recursive)               (recursive)               --                        524,288
│    │    └─Embedding: 3-525                  [1]                       [1, 512]                  (recursive)               (recursive)               --                        524,288
│    │    └─Embedding: 3-526                  [1]                       [1, 512]                  (recursive)               (recursive)               --                        524,288
│    │    └─Embedding: 3-527                  [1]                       [1, 512]                  (recursive)               (recursive)               --                        524,288
│    │    └─Embedding: 3-528                  [1]                       [1, 512]                  (recursive)               (recursive)               --                        524,288
│    │    └─Embedding: 3-529                  [1]                       [1, 512]                  (recursive)               (recursive)               --                        524,288
│    │    └─Embedding: 3-530                  [1]                       [1, 512]                  (recursive)               (recursive)               --                        524,288
│    │    └─Embedding: 3-531                  [1]                       [1, 512]                  (recursive)               (recursive)               --                        524,288
│    │    └─Embedding: 3-532                  [1]                       [1, 512]                  (recursive)               (recursive)               --                        524,288
│    │    └─Embedding: 3-533                  [1]                       [1, 512]                  (recursive)               (recursive)               --                        524,288
│    │    └─Embedding: 3-534                  [1]                       [1, 512]                  (recursive)               (recursive)               --                        524,288
│    │    └─Embedding: 3-535                  [1]                       [1, 512]                  (recursive)               (recursive)               --                        524,288
│    │    └─Embedding: 3-536                  [1]                       [1, 512]                  (recursive)               (recursive)               --                        524,288
│    │    └─Embedding: 3-537                  [1]                       [1, 512]                  (recursive)               (recursive)               --                        524,288
│    │    └─Embedding: 3-538                  [1]                       [1, 512]                  (recursive)               (recursive)               --                        524,288
│    │    └─Embedding: 3-539                  [1]                       [1, 512]                  (recursive)               (recursive)               --                        524,288
│    │    └─Embedding: 3-540                  [1]                       [1, 512]                  (recursive)               (recursive)               --                        524,288
│    │    └─Embedding: 3-541                  [1]                       [1, 512]                  (recursive)               (recursive)               --                        524,288
│    │    └─Embedding: 3-542                  [1]                       [1, 512]                  (recursive)               (recursive)               --                        524,288
│    │    └─Embedding: 3-543                  [1]                       [1, 512]                  (recursive)               (recursive)               --                        524,288
│    │    └─Embedding: 3-544                  [1]                       [1, 512]                  (recursive)               (recursive)               --                        524,288
│    │    └─Embedding: 3-545                  [1]                       [1, 512]                  (recursive)               (recursive)               --                        524,288
│    │    └─Embedding: 3-546                  [1]                       [1, 512]                  (recursive)               (recursive)               --                        524,288
│    │    └─Embedding: 3-547                  [1]                       [1, 512]                  (recursive)               (recursive)               --                        524,288
│    │    └─Embedding: 3-548                  [1]                       [1, 512]                  (recursive)               (recursive)               --                        524,288
│    │    └─Embedding: 3-549                  [1]                       [1, 512]                  (recursive)               (recursive)               --                        524,288
│    │    └─Embedding: 3-550                  [1]                       [1, 512]                  (recursive)               (recursive)               --                        524,288
│    │    └─Embedding: 3-551                  [1]                       [1, 512]                  (recursive)               (recursive)               --                        524,288
│    │    └─Embedding: 3-552                  [1]                       [1, 512]                  (recursive)               (recursive)               --                        524,288
│    │    └─Embedding: 3-553                  [1]                       [1, 512]                  (recursive)               (recursive)               --                        524,288
│    │    └─Embedding: 3-554                  [1]                       [1, 512]                  (recursive)               (recursive)               --                        524,288
│    │    └─Embedding: 3-555                  [1]                       [1, 512]                  (recursive)               (recursive)               --                        524,288
│    │    └─Embedding: 3-556                  [1]                       [1, 512]                  (recursive)               (recursive)               --                        524,288
│    │    └─Embedding: 3-557                  [1]                       [1, 512]                  (recursive)               (recursive)               --                        524,288
│    │    └─Embedding: 3-558                  [1]                       [1, 512]                  (recursive)               (recursive)               --                        524,288
│    │    └─Embedding: 3-559                  [1]                       [1, 512]                  (recursive)               (recursive)               --                        524,288
│    │    └─Embedding: 3-560                  [1]                       [1, 512]                  (recursive)               (recursive)               --                        524,288
│    │    └─Embedding: 3-561                  [1]                       [1, 512]                  (recursive)               (recursive)               --                        524,288
│    │    └─Embedding: 3-562                  [1]                       [1, 512]                  (recursive)               (recursive)               --                        524,288
│    │    └─Embedding: 3-563                  [1]                       [1, 512]                  (recursive)               (recursive)               --                        524,288
│    │    └─Embedding: 3-564                  [1]                       [1, 512]                  (recursive)               (recursive)               --                        524,288
│    │    └─Embedding: 3-565                  [1]                       [1, 512]                  (recursive)               (recursive)               --                        524,288
│    │    └─Embedding: 3-566                  [1]                       [1, 512]                  (recursive)               (recursive)               --                        524,288
│    │    └─Embedding: 3-567                  [1]                       [1, 512]                  (recursive)               (recursive)               --                        524,288
│    │    └─Embedding: 3-568                  [1]                       [1, 512]                  (recursive)               (recursive)               --                        524,288
│    │    └─Embedding: 3-569                  [1]                       [1, 512]                  (recursive)               (recursive)               --                        524,288
│    │    └─Embedding: 3-570                  [1]                       [1, 512]                  (recursive)               (recursive)               --                        524,288
│    │    └─Embedding: 3-571                  [1]                       [1, 512]                  (recursive)               (recursive)               --                        524,288
│    │    └─Embedding: 3-572                  [1]                       [1, 512]                  (recursive)               (recursive)               --                        524,288
│    │    └─Embedding: 3-573                  [1]                       [1, 512]                  (recursive)               (recursive)               --                        524,288
│    │    └─Embedding: 3-574                  [1]                       [1, 512]                  (recursive)               (recursive)               --                        524,288
│    │    └─Embedding: 3-575                  [1]                       [1, 512]                  (recursive)               (recursive)               --                        524,288
│    │    └─Embedding: 3-576                  [1]                       [1, 512]                  (recursive)               (recursive)               --                        524,288
│    │    └─Embedding: 3-577                  [1]                       [1, 512]                  (recursive)               (recursive)               --                        524,288
│    │    └─Embedding: 3-578                  [1]                       [1, 512]                  (recursive)               (recursive)               --                        524,288
│    │    └─Embedding: 3-579                  [1]                       [1, 512]                  (recursive)               (recursive)               --                        524,288
│    │    └─Embedding: 3-580                  [1]                       [1, 512]                  (recursive)               (recursive)               --                        524,288
│    │    └─Embedding: 3-581                  [1]                       [1, 512]                  (recursive)               (recursive)               --                        524,288
│    │    └─Embedding: 3-582                  [1]                       [1, 512]                  (recursive)               (recursive)               --                        524,288
│    │    └─Embedding: 3-583                  [1]                       [1, 512]                  (recursive)               (recursive)               --                        524,288
│    │    └─Embedding: 3-584                  [1]                       [1, 512]                  (recursive)               (recursive)               --                        524,288
│    │    └─Embedding: 3-585                  [1]                       [1, 512]                  (recursive)               (recursive)               --                        524,288
│    │    └─Embedding: 3-586                  [1]                       [1, 512]                  (recursive)               (recursive)               --                        524,288
│    │    └─Embedding: 3-587                  [1]                       [1, 512]                  (recursive)               (recursive)               --                        524,288
│    │    └─Embedding: 3-588                  [1]                       [1, 512]                  (recursive)               (recursive)               --                        524,288
│    │    └─Embedding: 3-589                  [1]                       [1, 512]                  (recursive)               (recursive)               --                        524,288
│    │    └─Embedding: 3-590                  [1]                       [1, 512]                  (recursive)               (recursive)               --                        524,288
│    │    └─Embedding: 3-591                  [1]                       [1, 512]                  (recursive)               (recursive)               --                        524,288
│    │    └─Embedding: 3-592                  [1]                       [1, 512]                  (recursive)               (recursive)               --                        524,288
│    │    └─Embedding: 3-593                  [1]                       [1, 512]                  (recursive)               (recursive)               --                        524,288
│    │    └─Embedding: 3-594                  [1]                       [1, 512]                  (recursive)               (recursive)               --                        524,288
│    │    └─Embedding: 3-595                  [1]                       [1, 512]                  (recursive)               (recursive)               --                        524,288
│    │    └─Embedding: 3-596                  [1]                       [1, 512]                  (recursive)               (recursive)               --                        524,288
│    │    └─Embedding: 3-597                  [1]                       [1, 512]                  (recursive)               (recursive)               --                        524,288
│    │    └─Embedding: 3-598                  [1]                       [1, 512]                  (recursive)               (recursive)               --                        524,288
│    │    └─Embedding: 3-599                  [1]                       [1, 512]                  (recursive)               (recursive)               --                        524,288
│    │    └─Embedding: 3-600                  [1]                       [1, 512]                  (recursive)               (recursive)               --                        524,288
│    │    └─Embedding: 3-601                  [1]                       [1, 512]                  (recursive)               (recursive)               --                        524,288
│    │    └─Embedding: 3-602                  [1]                       [1, 512]                  (recursive)               (recursive)               --                        524,288
│    │    └─Embedding: 3-603                  [1]                       [1, 512]                  (recursive)               (recursive)               --                        524,288
│    │    └─Embedding: 3-604                  [1]                       [1, 512]                  (recursive)               (recursive)               --                        524,288
│    │    └─Embedding: 3-605                  [1]                       [1, 512]                  (recursive)               (recursive)               --                        524,288
│    │    └─Embedding: 3-606                  [1]                       [1, 512]                  (recursive)               (recursive)               --                        524,288
│    │    └─Embedding: 3-607                  [1]                       [1, 512]                  (recursive)               (recursive)               --                        524,288
│    │    └─Embedding: 3-608                  [1]                       [1, 512]                  (recursive)               (recursive)               --                        524,288
│    │    └─Embedding: 3-609                  [1]                       [1, 512]                  (recursive)               (recursive)               --                        524,288
│    │    └─Embedding: 3-610                  [1]                       [1, 512]                  (recursive)               (recursive)               --                        524,288
│    │    └─Embedding: 3-611                  [1]                       [1, 512]                  (recursive)               (recursive)               --                        524,288
│    │    └─Embedding: 3-612                  [1]                       [1, 512]                  (recursive)               (recursive)               --                        524,288
│    │    └─Embedding: 3-613                  [1]                       [1, 512]                  (recursive)               (recursive)               --                        524,288
│    │    └─Embedding: 3-614                  [1]                       [1, 512]                  (recursive)               (recursive)               --                        524,288
│    │    └─Embedding: 3-615                  [1]                       [1, 512]                  (recursive)               (recursive)               --                        524,288
│    │    └─Embedding: 3-616                  [1]                       [1, 512]                  (recursive)               (recursive)               --                        524,288
│    │    └─Embedding: 3-617                  [1]                       [1, 512]                  (recursive)               (recursive)               --                        524,288
│    │    └─Embedding: 3-618                  [1]                       [1, 512]                  (recursive)               (recursive)               --                        524,288
│    │    └─Embedding: 3-619                  [1]                       [1, 512]                  (recursive)               (recursive)               --                        524,288
│    │    └─Embedding: 3-620                  [1]                       [1, 512]                  (recursive)               (recursive)               --                        524,288
│    │    └─Embedding: 3-621                  [1]                       [1, 512]                  (recursive)               (recursive)               --                        524,288
│    │    └─Embedding: 3-622                  [1]                       [1, 512]                  (recursive)               (recursive)               --                        524,288
│    │    └─Embedding: 3-623                  [1]                       [1, 512]                  (recursive)               (recursive)               --                        524,288
│    │    └─Embedding: 3-624                  [1]                       [1, 512]                  (recursive)               (recursive)               --                        524,288
│    │    └─Embedding: 3-625                  [1]                       [1, 512]                  (recursive)               (recursive)               --                        524,288
│    │    └─Embedding: 3-626                  [1]                       [1, 512]                  (recursive)               (recursive)               --                        524,288
│    │    └─Embedding: 3-627                  [1]                       [1, 512]                  (recursive)               (recursive)               --                        524,288
│    │    └─Embedding: 3-628                  [1]                       [1, 512]                  (recursive)               (recursive)               --                        524,288
│    │    └─Embedding: 3-629                  [1]                       [1, 512]                  (recursive)               (recursive)               --                        524,288
│    │    └─Embedding: 3-630                  [1]                       [1, 512]                  (recursive)               (recursive)               --                        524,288
│    │    └─Embedding: 3-631                  [1]                       [1, 512]                  (recursive)               (recursive)               --                        524,288
│    │    └─Embedding: 3-632                  [1]                       [1, 512]                  (recursive)               (recursive)               --                        524,288
│    │    └─Embedding: 3-633                  [1]                       [1, 512]                  (recursive)               (recursive)               --                        524,288
│    │    └─Embedding: 3-634                  [1]                       [1, 512]                  (recursive)               (recursive)               --                        524,288
│    │    └─Embedding: 3-635                  [1]                       [1, 512]                  (recursive)               (recursive)               --                        524,288
│    │    └─Embedding: 3-636                  [1]                       [1, 512]                  (recursive)               (recursive)               --                        524,288
│    │    └─Embedding: 3-637                  [1]                       [1, 512]                  (recursive)               (recursive)               --                        524,288
│    │    └─Embedding: 3-638                  [1]                       [1, 512]                  (recursive)               (recursive)               --                        524,288
│    │    └─Embedding: 3-639                  [1]                       [1, 512]                  (recursive)               (recursive)               --                        524,288
│    │    └─Embedding: 3-640                  [1]                       [1, 512]                  (recursive)               (recursive)               --                        524,288
│    │    └─Embedding: 3-641                  [1]                       [1, 512]                  (recursive)               (recursive)               --                        524,288
│    │    └─Embedding: 3-642                  [1]                       [1, 512]                  (recursive)               (recursive)               --                        524,288
│    └─LayerNorm: 2-13                        [1, 313, 512]             [1, 313, 512]             1,024                       0.00%                   --                        1,024
│    └─ModuleList: 2-14                       --                        --                        --                             --                   --                        --
│    │    └─ResidualAttentionBlock: 3-643     [313, 1, 512]             [313, 1, 512]             --                             --                   --                        --
│    │    │    └─LayerNorm: 4-65              [313, 1, 512]             [313, 1, 512]             1,024                       0.00%                   --                        320,512
│    │    │    └─MultiheadAttention: 4-66     [313, 1, 512]             [313, 1, 512]             1,050,624                   0.49%                   --                        --
│    │    │    └─LayerNorm: 4-67              [313, 1, 512]             [313, 1, 512]             1,024                       0.00%                   --                        320,512
│    │    │    └─Sequential: 4-68             [313, 1, 512]             [313, 1, 512]             --                             --                   --                        --
│    │    │    │    └─Linear: 5-49            [313, 1, 512]             [313, 1, 2048]            1,050,624                   0.49%                   --                        328,845,312
│    │    │    │    └─GELU: 5-50              [313, 1, 2048]            [313, 1, 2048]            --                             --                   --                        --
│    │    │    │    └─Linear: 5-51            [313, 1, 2048]            [313, 1, 512]             1,049,088                   0.49%                   --                        328,364,544
│    │    └─ResidualAttentionBlock: 3-644     [313, 1, 512]             [313, 1, 512]             --                             --                   --                        --
│    │    │    └─LayerNorm: 4-69              [313, 1, 512]             [313, 1, 512]             1,024                       0.00%                   --                        320,512
│    │    │    └─MultiheadAttention: 4-70     [313, 1, 512]             [313, 1, 512]             1,050,624                   0.49%                   --                        --
│    │    │    └─LayerNorm: 4-71              [313, 1, 512]             [313, 1, 512]             1,024                       0.00%                   --                        320,512
│    │    │    └─Sequential: 4-72             [313, 1, 512]             [313, 1, 512]             --                             --                   --                        --
│    │    │    │    └─Linear: 5-52            [313, 1, 512]             [313, 1, 2048]            1,050,624                   0.49%                   --                        328,845,312
│    │    │    │    └─GELU: 5-53              [313, 1, 2048]            [313, 1, 2048]            --                             --                   --                        --
│    │    │    │    └─Linear: 5-54            [313, 1, 2048]            [313, 1, 512]             1,049,088                   0.49%                   --                        328,364,544
│    │    └─ResidualAttentionBlock: 3-645     [313, 1, 512]             [313, 1, 512]             --                             --                   --                        --
│    │    │    └─LayerNorm: 4-73              [313, 1, 512]             [313, 1, 512]             1,024                       0.00%                   --                        320,512
│    │    │    └─MultiheadAttention: 4-74     [313, 1, 512]             [313, 1, 512]             1,050,624                   0.49%                   --                        --
│    │    │    └─LayerNorm: 4-75              [313, 1, 512]             [313, 1, 512]             1,024                       0.00%                   --                        320,512
│    │    │    └─Sequential: 4-76             [313, 1, 512]             [313, 1, 512]             --                             --                   --                        --
│    │    │    │    └─Linear: 5-55            [313, 1, 512]             [313, 1, 2048]            1,050,624                   0.49%                   --                        328,845,312
│    │    │    │    └─GELU: 5-56              [313, 1, 2048]            [313, 1, 2048]            --                             --                   --                        --
│    │    │    │    └─Linear: 5-57            [313, 1, 2048]            [313, 1, 512]             1,049,088                   0.49%                   --                        328,364,544
│    │    └─ResidualAttentionBlock: 3-646     [313, 1, 512]             [313, 1, 512]             --                             --                   --                        --
│    │    │    └─LayerNorm: 4-77              [313, 1, 512]             [313, 1, 512]             1,024                       0.00%                   --                        320,512
│    │    │    └─MultiheadAttention: 4-78     [313, 1, 512]             [313, 1, 512]             1,050,624                   0.49%                   --                        --
│    │    │    └─LayerNorm: 4-79              [313, 1, 512]             [313, 1, 512]             1,024                       0.00%                   --                        320,512
│    │    │    └─Sequential: 4-80             [313, 1, 512]             [313, 1, 512]             --                             --                   --                        --
│    │    │    │    └─Linear: 5-58            [313, 1, 512]             [313, 1, 2048]            1,050,624                   0.49%                   --                        328,845,312
│    │    │    │    └─GELU: 5-59              [313, 1, 2048]            [313, 1, 2048]            --                             --                   --                        --
│    │    │    │    └─Linear: 5-60            [313, 1, 2048]            [313, 1, 512]             1,049,088                   0.49%                   --                        328,364,544
│    │    └─ResidualAttentionBlock: 3-647     [313, 1, 512]             [313, 1, 512]             --                             --                   --                        --
│    │    │    └─LayerNorm: 4-81              [313, 1, 512]             [313, 1, 512]             1,024                       0.00%                   --                        320,512
│    │    │    └─MultiheadAttention: 4-82     [313, 1, 512]             [313, 1, 512]             1,050,624                   0.49%                   --                        --
│    │    │    └─LayerNorm: 4-83              [313, 1, 512]             [313, 1, 512]             1,024                       0.00%                   --                        320,512
│    │    │    └─Sequential: 4-84             [313, 1, 512]             [313, 1, 512]             --                             --                   --                        --
│    │    │    │    └─Linear: 5-61            [313, 1, 512]             [313, 1, 2048]            1,050,624                   0.49%                   --                        328,845,312
│    │    │    │    └─GELU: 5-62              [313, 1, 2048]            [313, 1, 2048]            --                             --                   --                        --
│    │    │    │    └─Linear: 5-63            [313, 1, 2048]            [313, 1, 512]             1,049,088                   0.49%                   --                        328,364,544
│    │    └─ResidualAttentionBlock: 3-648     [313, 1, 512]             [313, 1, 512]             --                             --                   --                        --
│    │    │    └─LayerNorm: 4-85              [313, 1, 512]             [313, 1, 512]             1,024                       0.00%                   --                        320,512
│    │    │    └─MultiheadAttention: 4-86     [313, 1, 512]             [313, 1, 512]             1,050,624                   0.49%                   --                        --
│    │    │    └─LayerNorm: 4-87              [313, 1, 512]             [313, 1, 512]             1,024                       0.00%                   --                        320,512
│    │    │    └─Sequential: 4-88             [313, 1, 512]             [313, 1, 512]             --                             --                   --                        --
│    │    │    │    └─Linear: 5-64            [313, 1, 512]             [313, 1, 2048]            1,050,624                   0.49%                   --                        328,845,312
│    │    │    │    └─GELU: 5-65              [313, 1, 2048]            [313, 1, 2048]            --                             --                   --                        --
│    │    │    │    └─Linear: 5-66            [313, 1, 2048]            [313, 1, 512]             1,049,088                   0.49%                   --                        328,364,544
│    │    └─ResidualAttentionBlock: 3-649     [313, 1, 512]             [313, 1, 512]             --                             --                   --                        --
│    │    │    └─LayerNorm: 4-89              [313, 1, 512]             [313, 1, 512]             1,024                       0.00%                   --                        320,512
│    │    │    └─MultiheadAttention: 4-90     [313, 1, 512]             [313, 1, 512]             1,050,624                   0.49%                   --                        --
│    │    │    └─LayerNorm: 4-91              [313, 1, 512]             [313, 1, 512]             1,024                       0.00%                   --                        320,512
│    │    │    └─Sequential: 4-92             [313, 1, 512]             [313, 1, 512]             --                             --                   --                        --
│    │    │    │    └─Linear: 5-67            [313, 1, 512]             [313, 1, 2048]            1,050,624                   0.49%                   --                        328,845,312
│    │    │    │    └─GELU: 5-68              [313, 1, 2048]            [313, 1, 2048]            --                             --                   --                        --
│    │    │    │    └─Linear: 5-69            [313, 1, 2048]            [313, 1, 512]             1,049,088                   0.49%                   --                        328,364,544
│    │    └─ResidualAttentionBlock: 3-650     [313, 1, 512]             [313, 1, 512]             --                             --                   --                        --
│    │    │    └─LayerNorm: 4-93              [313, 1, 512]             [313, 1, 512]             1,024                       0.00%                   --                        320,512
│    │    │    └─MultiheadAttention: 4-94     [313, 1, 512]             [313, 1, 512]             1,050,624                   0.49%                   --                        --
│    │    │    └─LayerNorm: 4-95              [313, 1, 512]             [313, 1, 512]             1,024                       0.00%                   --                        320,512
│    │    │    └─Sequential: 4-96             [313, 1, 512]             [313, 1, 512]             --                             --                   --                        --
│    │    │    │    └─Linear: 5-70            [313, 1, 512]             [313, 1, 2048]            1,050,624                   0.49%                   --                        328,845,312
│    │    │    │    └─GELU: 5-71              [313, 1, 2048]            [313, 1, 2048]            --                             --                   --                        --
│    │    │    │    └─Linear: 5-72            [313, 1, 2048]            [313, 1, 512]             1,049,088                   0.49%                   --                        328,364,544
│    └─LayerNorm: 2-15                        [1, 313, 512]             [1, 313, 512]             1,024                       0.00%                   --                        1,024
│    └─ModuleDict: 2-26                       --                        --                        (recursive)               (recursive)               --                        --
│    │    └─Sequential: 3-651                 [1, 512]                  [1, 512, 16, 16]          --                             --                   --                        --
│    │    │    └─Linear: 4-97                 [1, 512]                  [1, 131072]               67,239,936                 31.41%                   --                        67,239,936
│    │    │    └─Rearrange: 4-98              [1, 131072]               [1, 512, 16, 16]          --                             --                   --                        --
│    └─ModuleList: 2-25                       --                        --                        (recursive)               (recursive)               --                        --
│    │    └─Sequential: 3-652                 [1, 512, 16, 16]          [1, 256, 32, 32]          --                             --                   --                        --
│    │    │    └─Conv2d: 4-99                 [1, 512, 16, 16]          [1, 512, 16, 16]          2,359,808                   1.10%                   [3, 3]                    604,110,848
│    │    │    └─GroupNorm: 4-100             [1, 512, 16, 16]          [1, 512, 16, 16]          1,024                       0.00%                   --                        1,024
│    │    │    └─GELU: 4-101                  [1, 512, 16, 16]          [1, 512, 16, 16]          --                             --                   --                        --
│    │    │    └─ConvTranspose2d: 4-102       [1, 512, 16, 16]          [1, 256, 32, 32]          524,544                     0.25%                   [2, 2]                    537,133,056
│    └─ModuleDict: 2-26                       --                        --                        (recursive)               (recursive)               --                        --
│    │    └─Sequential: 3-653                 [1, 512]                  [1, 256, 16, 16]          --                             --                   --                        --
│    │    │    └─Linear: 4-103                [1, 512]                  [1, 65536]                33,619,968                 15.71%                   --                        33,619,968
│    │    │    └─Rearrange: 4-104             [1, 65536]                [1, 256, 16, 16]          --                             --                   --                        --
│    │    └─Sequential: 3-654                 [1, 512]                  [1, 256, 16, 16]          (recursive)               (recursive)               --                        --
│    │    │    └─Linear: 4-105                [1, 512]                  [1, 65536]                (recursive)               (recursive)               --                        33,619,968
│    │    │    └─Rearrange: 4-106             [1, 65536]                [1, 256, 16, 16]          --                        (recursive)               --                        --
│    │    └─Sequential: 3-655                 [1, 512]                  [1, 256, 16, 16]          (recursive)               (recursive)               --                        --
│    │    │    └─Linear: 4-107                [1, 512]                  [1, 65536]                (recursive)               (recursive)               --                        33,619,968
│    │    │    └─Rearrange: 4-108             [1, 65536]                [1, 256, 16, 16]          --                        (recursive)               --                        --
│    │    └─Sequential: 3-656                 [1, 512]                  [1, 256, 16, 16]          (recursive)               (recursive)               --                        --
│    │    │    └─Linear: 4-109                [1, 512]                  [1, 65536]                (recursive)               (recursive)               --                        33,619,968
│    │    │    └─Rearrange: 4-110             [1, 65536]                [1, 256, 16, 16]          --                        (recursive)               --                        --
│    └─ModuleList: 2-25                       --                        --                        (recursive)               (recursive)               --                        --
│    │    └─Sequential: 3-657                 [1, 256, 32, 32]          [1, 128, 64, 64]          --                             --                   --                        --
│    │    │    └─Conv2d: 4-111                [1, 256, 32, 32]          [1, 256, 32, 32]          590,080                     0.28%                   [3, 3]                    604,241,920
│    │    │    └─GroupNorm: 4-112             [1, 256, 32, 32]          [1, 256, 32, 32]          512                         0.00%                   --                        512
│    │    │    └─GELU: 4-113                  [1, 256, 32, 32]          [1, 256, 32, 32]          --                             --                   --                        --
│    │    │    └─ConvTranspose2d: 4-114       [1, 256, 32, 32]          [1, 128, 64, 64]          131,200                     0.06%                   [2, 2]                    537,395,200
│    └─ModuleDict: 2-26                       --                        --                        (recursive)               (recursive)               --                        --
│    │    └─Sequential: 3-658                 [1, 512]                  [1, 128, 16, 16]          --                             --                   --                        --
│    │    │    └─Linear: 4-115                [1, 512]                  [1, 32768]                16,809,984                  7.85%                   --                        16,809,984
│    │    │    └─Rearrange: 4-116             [1, 32768]                [1, 128, 16, 16]          --                             --                   --                        --
│    │    └─Sequential: 3-659                 [1, 512]                  [1, 128, 16, 16]          (recursive)               (recursive)               --                        --
│    │    │    └─Linear: 4-117                [1, 512]                  [1, 32768]                (recursive)               (recursive)               --                        16,809,984
│    │    │    └─Rearrange: 4-118             [1, 32768]                [1, 128, 16, 16]          --                        (recursive)               --                        --
│    │    └─Sequential: 3-660                 [1, 512]                  [1, 128, 16, 16]          (recursive)               (recursive)               --                        --
│    │    │    └─Linear: 4-119                [1, 512]                  [1, 32768]                (recursive)               (recursive)               --                        16,809,984
│    │    │    └─Rearrange: 4-120             [1, 32768]                [1, 128, 16, 16]          --                        (recursive)               --                        --
│    │    └─Sequential: 3-661                 [1, 512]                  [1, 128, 16, 16]          (recursive)               (recursive)               --                        --
│    │    │    └─Linear: 4-121                [1, 512]                  [1, 32768]                (recursive)               (recursive)               --                        16,809,984
│    │    │    └─Rearrange: 4-122             [1, 32768]                [1, 128, 16, 16]          --                        (recursive)               --                        --
│    │    └─Sequential: 3-662                 [1, 512]                  [1, 128, 16, 16]          (recursive)               (recursive)               --                        --
│    │    │    └─Linear: 4-123                [1, 512]                  [1, 32768]                (recursive)               (recursive)               --                        16,809,984
│    │    │    └─Rearrange: 4-124             [1, 32768]                [1, 128, 16, 16]          --                        (recursive)               --                        --
│    │    └─Sequential: 3-663                 [1, 512]                  [1, 128, 16, 16]          (recursive)               (recursive)               --                        --
│    │    │    └─Linear: 4-125                [1, 512]                  [1, 32768]                (recursive)               (recursive)               --                        16,809,984
│    │    │    └─Rearrange: 4-126             [1, 32768]                [1, 128, 16, 16]          --                        (recursive)               --                        --
│    │    └─Sequential: 3-664                 [1, 512]                  [1, 128, 16, 16]          (recursive)               (recursive)               --                        --
│    │    │    └─Linear: 4-127                [1, 512]                  [1, 32768]                (recursive)               (recursive)               --                        16,809,984
│    │    │    └─Rearrange: 4-128             [1, 32768]                [1, 128, 16, 16]          --                        (recursive)               --                        --
│    │    └─Sequential: 3-665                 [1, 512]                  [1, 128, 16, 16]          (recursive)               (recursive)               --                        --
│    │    │    └─Linear: 4-129                [1, 512]                  [1, 32768]                (recursive)               (recursive)               --                        16,809,984
│    │    │    └─Rearrange: 4-130             [1, 32768]                [1, 128, 16, 16]          --                        (recursive)               --                        --
│    │    └─Sequential: 3-666                 [1, 512]                  [1, 128, 16, 16]          (recursive)               (recursive)               --                        --
│    │    │    └─Linear: 4-131                [1, 512]                  [1, 32768]                (recursive)               (recursive)               --                        16,809,984
│    │    │    └─Rearrange: 4-132             [1, 32768]                [1, 128, 16, 16]          --                        (recursive)               --                        --
│    │    └─Sequential: 3-667                 [1, 512]                  [1, 128, 16, 16]          (recursive)               (recursive)               --                        --
│    │    │    └─Linear: 4-133                [1, 512]                  [1, 32768]                (recursive)               (recursive)               --                        16,809,984
│    │    │    └─Rearrange: 4-134             [1, 32768]                [1, 128, 16, 16]          --                        (recursive)               --                        --
│    │    └─Sequential: 3-668                 [1, 512]                  [1, 128, 16, 16]          (recursive)               (recursive)               --                        --
│    │    │    └─Linear: 4-135                [1, 512]                  [1, 32768]                (recursive)               (recursive)               --                        16,809,984
│    │    │    └─Rearrange: 4-136             [1, 32768]                [1, 128, 16, 16]          --                        (recursive)               --                        --
│    │    └─Sequential: 3-669                 [1, 512]                  [1, 128, 16, 16]          (recursive)               (recursive)               --                        --
│    │    │    └─Linear: 4-137                [1, 512]                  [1, 32768]                (recursive)               (recursive)               --                        16,809,984
│    │    │    └─Rearrange: 4-138             [1, 32768]                [1, 128, 16, 16]          --                        (recursive)               --                        --
│    │    └─Sequential: 3-670                 [1, 512]                  [1, 128, 16, 16]          (recursive)               (recursive)               --                        --
│    │    │    └─Linear: 4-139                [1, 512]                  [1, 32768]                (recursive)               (recursive)               --                        16,809,984
│    │    │    └─Rearrange: 4-140             [1, 32768]                [1, 128, 16, 16]          --                        (recursive)               --                        --
│    │    └─Sequential: 3-671                 [1, 512]                  [1, 128, 16, 16]          (recursive)               (recursive)               --                        --
│    │    │    └─Linear: 4-141                [1, 512]                  [1, 32768]                (recursive)               (recursive)               --                        16,809,984
│    │    │    └─Rearrange: 4-142             [1, 32768]                [1, 128, 16, 16]          --                        (recursive)               --                        --
│    │    └─Sequential: 3-672                 [1, 512]                  [1, 128, 16, 16]          (recursive)               (recursive)               --                        --
│    │    │    └─Linear: 4-143                [1, 512]                  [1, 32768]                (recursive)               (recursive)               --                        16,809,984
│    │    │    └─Rearrange: 4-144             [1, 32768]                [1, 128, 16, 16]          --                        (recursive)               --                        --
│    │    └─Sequential: 3-673                 [1, 512]                  [1, 128, 16, 16]          (recursive)               (recursive)               --                        --
│    │    │    └─Linear: 4-145                [1, 512]                  [1, 32768]                (recursive)               (recursive)               --                        16,809,984
│    │    │    └─Rearrange: 4-146             [1, 32768]                [1, 128, 16, 16]          --                        (recursive)               --                        --
│    └─ModuleList: 2-25                       --                        --                        (recursive)               (recursive)               --                        --
│    │    └─Sequential: 3-674                 [1, 128, 64, 64]          [1, 64, 128, 128]         --                             --                   --                        --
│    │    │    └─Conv2d: 4-147                [1, 128, 64, 64]          [1, 128, 64, 64]          147,584                     0.07%                   [3, 3]                    604,504,064
│    │    │    └─GroupNorm: 4-148             [1, 128, 64, 64]          [1, 128, 64, 64]          256                         0.00%                   --                        256
│    │    │    └─GELU: 4-149                  [1, 128, 64, 64]          [1, 128, 64, 64]          --                             --                   --                        --
│    │    │    └─ConvTranspose2d: 4-150       [1, 128, 64, 64]          [1, 64, 128, 128]         32,832                      0.02%                   [2, 2]                    537,919,488
│    └─ModuleDict: 2-26                       --                        --                        (recursive)               (recursive)               --                        --
│    │    └─Sequential: 3-675                 [1, 512]                  [1, 64, 16, 16]           --                             --                   --                        --
│    │    │    └─Linear: 4-151                [1, 512]                  [1, 16384]                8,404,992                   3.93%                   --                        8,404,992
│    │    │    └─Rearrange: 4-152             [1, 16384]                [1, 64, 16, 16]           --                             --                   --                        --
│    │    └─Sequential: 3-676                 [1, 512]                  [1, 64, 16, 16]           (recursive)               (recursive)               --                        --
│    │    │    └─Linear: 4-153                [1, 512]                  [1, 16384]                (recursive)               (recursive)               --                        8,404,992
│    │    │    └─Rearrange: 4-154             [1, 16384]                [1, 64, 16, 16]           --                        (recursive)               --                        --
│    │    └─Sequential: 3-677                 [1, 512]                  [1, 64, 16, 16]           (recursive)               (recursive)               --                        --
│    │    │    └─Linear: 4-155                [1, 512]                  [1, 16384]                (recursive)               (recursive)               --                        8,404,992
│    │    │    └─Rearrange: 4-156             [1, 16384]                [1, 64, 16, 16]           --                        (recursive)               --                        --
│    │    └─Sequential: 3-678                 [1, 512]                  [1, 64, 16, 16]           (recursive)               (recursive)               --                        --
│    │    │    └─Linear: 4-157                [1, 512]                  [1, 16384]                (recursive)               (recursive)               --                        8,404,992
│    │    │    └─Rearrange: 4-158             [1, 16384]                [1, 64, 16, 16]           --                        (recursive)               --                        --
│    │    └─Sequential: 3-679                 [1, 512]                  [1, 64, 16, 16]           (recursive)               (recursive)               --                        --
│    │    │    └─Linear: 4-159                [1, 512]                  [1, 16384]                (recursive)               (recursive)               --                        8,404,992
│    │    │    └─Rearrange: 4-160             [1, 16384]                [1, 64, 16, 16]           --                        (recursive)               --                        --
│    │    └─Sequential: 3-680                 [1, 512]                  [1, 64, 16, 16]           (recursive)               (recursive)               --                        --
│    │    │    └─Linear: 4-161                [1, 512]                  [1, 16384]                (recursive)               (recursive)               --                        8,404,992
│    │    │    └─Rearrange: 4-162             [1, 16384]                [1, 64, 16, 16]           --                        (recursive)               --                        --
│    │    └─Sequential: 3-681                 [1, 512]                  [1, 64, 16, 16]           (recursive)               (recursive)               --                        --
│    │    │    └─Linear: 4-163                [1, 512]                  [1, 16384]                (recursive)               (recursive)               --                        8,404,992
│    │    │    └─Rearrange: 4-164             [1, 16384]                [1, 64, 16, 16]           --                        (recursive)               --                        --
│    │    └─Sequential: 3-682                 [1, 512]                  [1, 64, 16, 16]           (recursive)               (recursive)               --                        --
│    │    │    └─Linear: 4-165                [1, 512]                  [1, 16384]                (recursive)               (recursive)               --                        8,404,992
│    │    │    └─Rearrange: 4-166             [1, 16384]                [1, 64, 16, 16]           --                        (recursive)               --                        --
│    │    └─Sequential: 3-683                 [1, 512]                  [1, 64, 16, 16]           (recursive)               (recursive)               --                        --
│    │    │    └─Linear: 4-167                [1, 512]                  [1, 16384]                (recursive)               (recursive)               --                        8,404,992
│    │    │    └─Rearrange: 4-168             [1, 16384]                [1, 64, 16, 16]           --                        (recursive)               --                        --
│    │    └─Sequential: 3-684                 [1, 512]                  [1, 64, 16, 16]           (recursive)               (recursive)               --                        --
│    │    │    └─Linear: 4-169                [1, 512]                  [1, 16384]                (recursive)               (recursive)               --                        8,404,992
│    │    │    └─Rearrange: 4-170             [1, 16384]                [1, 64, 16, 16]           --                        (recursive)               --                        --
│    │    └─Sequential: 3-685                 [1, 512]                  [1, 64, 16, 16]           (recursive)               (recursive)               --                        --
│    │    │    └─Linear: 4-171                [1, 512]                  [1, 16384]                (recursive)               (recursive)               --                        8,404,992
│    │    │    └─Rearrange: 4-172             [1, 16384]                [1, 64, 16, 16]           --                        (recursive)               --                        --
│    │    └─Sequential: 3-686                 [1, 512]                  [1, 64, 16, 16]           (recursive)               (recursive)               --                        --
│    │    │    └─Linear: 4-173                [1, 512]                  [1, 16384]                (recursive)               (recursive)               --                        8,404,992
│    │    │    └─Rearrange: 4-174             [1, 16384]                [1, 64, 16, 16]           --                        (recursive)               --                        --
│    │    └─Sequential: 3-687                 [1, 512]                  [1, 64, 16, 16]           (recursive)               (recursive)               --                        --
│    │    │    └─Linear: 4-175                [1, 512]                  [1, 16384]                (recursive)               (recursive)               --                        8,404,992
│    │    │    └─Rearrange: 4-176             [1, 16384]                [1, 64, 16, 16]           --                        (recursive)               --                        --
│    │    └─Sequential: 3-688                 [1, 512]                  [1, 64, 16, 16]           (recursive)               (recursive)               --                        --
│    │    │    └─Linear: 4-177                [1, 512]                  [1, 16384]                (recursive)               (recursive)               --                        8,404,992
│    │    │    └─Rearrange: 4-178             [1, 16384]                [1, 64, 16, 16]           --                        (recursive)               --                        --
│    │    └─Sequential: 3-689                 [1, 512]                  [1, 64, 16, 16]           (recursive)               (recursive)               --                        --
│    │    │    └─Linear: 4-179                [1, 512]                  [1, 16384]                (recursive)               (recursive)               --                        8,404,992
│    │    │    └─Rearrange: 4-180             [1, 16384]                [1, 64, 16, 16]           --                        (recursive)               --                        --
│    │    └─Sequential: 3-690                 [1, 512]                  [1, 64, 16, 16]           (recursive)               (recursive)               --                        --
│    │    │    └─Linear: 4-181                [1, 512]                  [1, 16384]                (recursive)               (recursive)               --                        8,404,992
│    │    │    └─Rearrange: 4-182             [1, 16384]                [1, 64, 16, 16]           --                        (recursive)               --                        --
│    │    └─Sequential: 3-691                 [1, 512]                  [1, 64, 16, 16]           (recursive)               (recursive)               --                        --
│    │    │    └─Linear: 4-183                [1, 512]                  [1, 16384]                (recursive)               (recursive)               --                        8,404,992
│    │    │    └─Rearrange: 4-184             [1, 16384]                [1, 64, 16, 16]           --                        (recursive)               --                        --
│    │    └─Sequential: 3-692                 [1, 512]                  [1, 64, 16, 16]           (recursive)               (recursive)               --                        --
│    │    │    └─Linear: 4-185                [1, 512]                  [1, 16384]                (recursive)               (recursive)               --                        8,404,992
│    │    │    └─Rearrange: 4-186             [1, 16384]                [1, 64, 16, 16]           --                        (recursive)               --                        --
│    │    └─Sequential: 3-693                 [1, 512]                  [1, 64, 16, 16]           (recursive)               (recursive)               --                        --
│    │    │    └─Linear: 4-187                [1, 512]                  [1, 16384]                (recursive)               (recursive)               --                        8,404,992
│    │    │    └─Rearrange: 4-188             [1, 16384]                [1, 64, 16, 16]           --                        (recursive)               --                        --
│    │    └─Sequential: 3-694                 [1, 512]                  [1, 64, 16, 16]           (recursive)               (recursive)               --                        --
│    │    │    └─Linear: 4-189                [1, 512]                  [1, 16384]                (recursive)               (recursive)               --                        8,404,992
│    │    │    └─Rearrange: 4-190             [1, 16384]                [1, 64, 16, 16]           --                        (recursive)               --                        --
│    │    └─Sequential: 3-695                 [1, 512]                  [1, 64, 16, 16]           (recursive)               (recursive)               --                        --
│    │    │    └─Linear: 4-191                [1, 512]                  [1, 16384]                (recursive)               (recursive)               --                        8,404,992
│    │    │    └─Rearrange: 4-192             [1, 16384]                [1, 64, 16, 16]           --                        (recursive)               --                        --
│    │    └─Sequential: 3-696                 [1, 512]                  [1, 64, 16, 16]           (recursive)               (recursive)               --                        --
│    │    │    └─Linear: 4-193                [1, 512]                  [1, 16384]                (recursive)               (recursive)               --                        8,404,992
│    │    │    └─Rearrange: 4-194             [1, 16384]                [1, 64, 16, 16]           --                        (recursive)               --                        --
│    │    └─Sequential: 3-697                 [1, 512]                  [1, 64, 16, 16]           (recursive)               (recursive)               --                        --
│    │    │    └─Linear: 4-195                [1, 512]                  [1, 16384]                (recursive)               (recursive)               --                        8,404,992
│    │    │    └─Rearrange: 4-196             [1, 16384]                [1, 64, 16, 16]           --                        (recursive)               --                        --
│    │    └─Sequential: 3-698                 [1, 512]                  [1, 64, 16, 16]           (recursive)               (recursive)               --                        --
│    │    │    └─Linear: 4-197                [1, 512]                  [1, 16384]                (recursive)               (recursive)               --                        8,404,992
│    │    │    └─Rearrange: 4-198             [1, 16384]                [1, 64, 16, 16]           --                        (recursive)               --                        --
│    │    └─Sequential: 3-699                 [1, 512]                  [1, 64, 16, 16]           (recursive)               (recursive)               --                        --
│    │    │    └─Linear: 4-199                [1, 512]                  [1, 16384]                (recursive)               (recursive)               --                        8,404,992
│    │    │    └─Rearrange: 4-200             [1, 16384]                [1, 64, 16, 16]           --                        (recursive)               --                        --
│    │    └─Sequential: 3-700                 [1, 512]                  [1, 64, 16, 16]           (recursive)               (recursive)               --                        --
│    │    │    └─Linear: 4-201                [1, 512]                  [1, 16384]                (recursive)               (recursive)               --                        8,404,992
│    │    │    └─Rearrange: 4-202             [1, 16384]                [1, 64, 16, 16]           --                        (recursive)               --                        --
│    │    └─Sequential: 3-701                 [1, 512]                  [1, 64, 16, 16]           (recursive)               (recursive)               --                        --
│    │    │    └─Linear: 4-203                [1, 512]                  [1, 16384]                (recursive)               (recursive)               --                        8,404,992
│    │    │    └─Rearrange: 4-204             [1, 16384]                [1, 64, 16, 16]           --                        (recursive)               --                        --
│    │    └─Sequential: 3-702                 [1, 512]                  [1, 64, 16, 16]           (recursive)               (recursive)               --                        --
│    │    │    └─Linear: 4-205                [1, 512]                  [1, 16384]                (recursive)               (recursive)               --                        8,404,992
│    │    │    └─Rearrange: 4-206             [1, 16384]                [1, 64, 16, 16]           --                        (recursive)               --                        --
│    │    └─Sequential: 3-703                 [1, 512]                  [1, 64, 16, 16]           (recursive)               (recursive)               --                        --
│    │    │    └─Linear: 4-207                [1, 512]                  [1, 16384]                (recursive)               (recursive)               --                        8,404,992
│    │    │    └─Rearrange: 4-208             [1, 16384]                [1, 64, 16, 16]           --                        (recursive)               --                        --
│    │    └─Sequential: 3-704                 [1, 512]                  [1, 64, 16, 16]           (recursive)               (recursive)               --                        --
│    │    │    └─Linear: 4-209                [1, 512]                  [1, 16384]                (recursive)               (recursive)               --                        8,404,992
│    │    │    └─Rearrange: 4-210             [1, 16384]                [1, 64, 16, 16]           --                        (recursive)               --                        --
│    │    └─Sequential: 3-705                 [1, 512]                  [1, 64, 16, 16]           (recursive)               (recursive)               --                        --
│    │    │    └─Linear: 4-211                [1, 512]                  [1, 16384]                (recursive)               (recursive)               --                        8,404,992
│    │    │    └─Rearrange: 4-212             [1, 16384]                [1, 64, 16, 16]           --                        (recursive)               --                        --
│    │    └─Sequential: 3-706                 [1, 512]                  [1, 64, 16, 16]           (recursive)               (recursive)               --                        --
│    │    │    └─Linear: 4-213                [1, 512]                  [1, 16384]                (recursive)               (recursive)               --                        8,404,992
│    │    │    └─Rearrange: 4-214             [1, 16384]                [1, 64, 16, 16]           --                        (recursive)               --                        --
│    │    └─Sequential: 3-707                 [1, 512]                  [1, 64, 16, 16]           (recursive)               (recursive)               --                        --
│    │    │    └─Linear: 4-215                [1, 512]                  [1, 16384]                (recursive)               (recursive)               --                        8,404,992
│    │    │    └─Rearrange: 4-216             [1, 16384]                [1, 64, 16, 16]           --                        (recursive)               --                        --
│    │    └─Sequential: 3-708                 [1, 512]                  [1, 64, 16, 16]           (recursive)               (recursive)               --                        --
│    │    │    └─Linear: 4-217                [1, 512]                  [1, 16384]                (recursive)               (recursive)               --                        8,404,992
│    │    │    └─Rearrange: 4-218             [1, 16384]                [1, 64, 16, 16]           --                        (recursive)               --                        --
│    │    └─Sequential: 3-709                 [1, 512]                  [1, 64, 16, 16]           (recursive)               (recursive)               --                        --
│    │    │    └─Linear: 4-219                [1, 512]                  [1, 16384]                (recursive)               (recursive)               --                        8,404,992
│    │    │    └─Rearrange: 4-220             [1, 16384]                [1, 64, 16, 16]           --                        (recursive)               --                        --
│    │    └─Sequential: 3-710                 [1, 512]                  [1, 64, 16, 16]           (recursive)               (recursive)               --                        --
│    │    │    └─Linear: 4-221                [1, 512]                  [1, 16384]                (recursive)               (recursive)               --                        8,404,992
│    │    │    └─Rearrange: 4-222             [1, 16384]                [1, 64, 16, 16]           --                        (recursive)               --                        --
│    │    └─Sequential: 3-711                 [1, 512]                  [1, 64, 16, 16]           (recursive)               (recursive)               --                        --
│    │    │    └─Linear: 4-223                [1, 512]                  [1, 16384]                (recursive)               (recursive)               --                        8,404,992
│    │    │    └─Rearrange: 4-224             [1, 16384]                [1, 64, 16, 16]           --                        (recursive)               --                        --
│    │    └─Sequential: 3-712                 [1, 512]                  [1, 64, 16, 16]           (recursive)               (recursive)               --                        --
│    │    │    └─Linear: 4-225                [1, 512]                  [1, 16384]                (recursive)               (recursive)               --                        8,404,992
│    │    │    └─Rearrange: 4-226             [1, 16384]                [1, 64, 16, 16]           --                        (recursive)               --                        --
│    │    └─Sequential: 3-713                 [1, 512]                  [1, 64, 16, 16]           (recursive)               (recursive)               --                        --
│    │    │    └─Linear: 4-227                [1, 512]                  [1, 16384]                (recursive)               (recursive)               --                        8,404,992
│    │    │    └─Rearrange: 4-228             [1, 16384]                [1, 64, 16, 16]           --                        (recursive)               --                        --
│    │    └─Sequential: 3-714                 [1, 512]                  [1, 64, 16, 16]           (recursive)               (recursive)               --                        --
│    │    │    └─Linear: 4-229                [1, 512]                  [1, 16384]                (recursive)               (recursive)               --                        8,404,992
│    │    │    └─Rearrange: 4-230             [1, 16384]                [1, 64, 16, 16]           --                        (recursive)               --                        --
│    │    └─Sequential: 3-715                 [1, 512]                  [1, 64, 16, 16]           (recursive)               (recursive)               --                        --
│    │    │    └─Linear: 4-231                [1, 512]                  [1, 16384]                (recursive)               (recursive)               --                        8,404,992
│    │    │    └─Rearrange: 4-232             [1, 16384]                [1, 64, 16, 16]           --                        (recursive)               --                        --
│    │    └─Sequential: 3-716                 [1, 512]                  [1, 64, 16, 16]           (recursive)               (recursive)               --                        --
│    │    │    └─Linear: 4-233                [1, 512]                  [1, 16384]                (recursive)               (recursive)               --                        8,404,992
│    │    │    └─Rearrange: 4-234             [1, 16384]                [1, 64, 16, 16]           --                        (recursive)               --                        --
│    │    └─Sequential: 3-717                 [1, 512]                  [1, 64, 16, 16]           (recursive)               (recursive)               --                        --
│    │    │    └─Linear: 4-235                [1, 512]                  [1, 16384]                (recursive)               (recursive)               --                        8,404,992
│    │    │    └─Rearrange: 4-236             [1, 16384]                [1, 64, 16, 16]           --                        (recursive)               --                        --
│    │    └─Sequential: 3-718                 [1, 512]                  [1, 64, 16, 16]           (recursive)               (recursive)               --                        --
│    │    │    └─Linear: 4-237                [1, 512]                  [1, 16384]                (recursive)               (recursive)               --                        8,404,992
│    │    │    └─Rearrange: 4-238             [1, 16384]                [1, 64, 16, 16]           --                        (recursive)               --                        --
│    │    └─Sequential: 3-719                 [1, 512]                  [1, 64, 16, 16]           (recursive)               (recursive)               --                        --
│    │    │    └─Linear: 4-239                [1, 512]                  [1, 16384]                (recursive)               (recursive)               --                        8,404,992
│    │    │    └─Rearrange: 4-240             [1, 16384]                [1, 64, 16, 16]           --                        (recursive)               --                        --
│    │    └─Sequential: 3-720                 [1, 512]                  [1, 64, 16, 16]           (recursive)               (recursive)               --                        --
│    │    │    └─Linear: 4-241                [1, 512]                  [1, 16384]                (recursive)               (recursive)               --                        8,404,992
│    │    │    └─Rearrange: 4-242             [1, 16384]                [1, 64, 16, 16]           --                        (recursive)               --                        --
│    │    └─Sequential: 3-721                 [1, 512]                  [1, 64, 16, 16]           (recursive)               (recursive)               --                        --
│    │    │    └─Linear: 4-243                [1, 512]                  [1, 16384]                (recursive)               (recursive)               --                        8,404,992
│    │    │    └─Rearrange: 4-244             [1, 16384]                [1, 64, 16, 16]           --                        (recursive)               --                        --
│    │    └─Sequential: 3-722                 [1, 512]                  [1, 64, 16, 16]           (recursive)               (recursive)               --                        --
│    │    │    └─Linear: 4-245                [1, 512]                  [1, 16384]                (recursive)               (recursive)               --                        8,404,992
│    │    │    └─Rearrange: 4-246             [1, 16384]                [1, 64, 16, 16]           --                        (recursive)               --                        --
│    │    └─Sequential: 3-723                 [1, 512]                  [1, 64, 16, 16]           (recursive)               (recursive)               --                        --
│    │    │    └─Linear: 4-247                [1, 512]                  [1, 16384]                (recursive)               (recursive)               --                        8,404,992
│    │    │    └─Rearrange: 4-248             [1, 16384]                [1, 64, 16, 16]           --                        (recursive)               --                        --
│    │    └─Sequential: 3-724                 [1, 512]                  [1, 64, 16, 16]           (recursive)               (recursive)               --                        --
│    │    │    └─Linear: 4-249                [1, 512]                  [1, 16384]                (recursive)               (recursive)               --                        8,404,992
│    │    │    └─Rearrange: 4-250             [1, 16384]                [1, 64, 16, 16]           --                        (recursive)               --                        --
│    │    └─Sequential: 3-725                 [1, 512]                  [1, 64, 16, 16]           (recursive)               (recursive)               --                        --
│    │    │    └─Linear: 4-251                [1, 512]                  [1, 16384]                (recursive)               (recursive)               --                        8,404,992
│    │    │    └─Rearrange: 4-252             [1, 16384]                [1, 64, 16, 16]           --                        (recursive)               --                        --
│    │    └─Sequential: 3-726                 [1, 512]                  [1, 64, 16, 16]           (recursive)               (recursive)               --                        --
│    │    │    └─Linear: 4-253                [1, 512]                  [1, 16384]                (recursive)               (recursive)               --                        8,404,992
│    │    │    └─Rearrange: 4-254             [1, 16384]                [1, 64, 16, 16]           --                        (recursive)               --                        --
│    │    └─Sequential: 3-727                 [1, 512]                  [1, 64, 16, 16]           (recursive)               (recursive)               --                        --
│    │    │    └─Linear: 4-255                [1, 512]                  [1, 16384]                (recursive)               (recursive)               --                        8,404,992
│    │    │    └─Rearrange: 4-256             [1, 16384]                [1, 64, 16, 16]           --                        (recursive)               --                        --
│    │    └─Sequential: 3-728                 [1, 512]                  [1, 64, 16, 16]           (recursive)               (recursive)               --                        --
│    │    │    └─Linear: 4-257                [1, 512]                  [1, 16384]                (recursive)               (recursive)               --                        8,404,992
│    │    │    └─Rearrange: 4-258             [1, 16384]                [1, 64, 16, 16]           --                        (recursive)               --                        --
│    │    └─Sequential: 3-729                 [1, 512]                  [1, 64, 16, 16]           (recursive)               (recursive)               --                        --
│    │    │    └─Linear: 4-259                [1, 512]                  [1, 16384]                (recursive)               (recursive)               --                        8,404,992
│    │    │    └─Rearrange: 4-260             [1, 16384]                [1, 64, 16, 16]           --                        (recursive)               --                        --
│    │    └─Sequential: 3-730                 [1, 512]                  [1, 64, 16, 16]           (recursive)               (recursive)               --                        --
│    │    │    └─Linear: 4-261                [1, 512]                  [1, 16384]                (recursive)               (recursive)               --                        8,404,992
│    │    │    └─Rearrange: 4-262             [1, 16384]                [1, 64, 16, 16]           --                        (recursive)               --                        --
│    │    └─Sequential: 3-731                 [1, 512]                  [1, 64, 16, 16]           (recursive)               (recursive)               --                        --
│    │    │    └─Linear: 4-263                [1, 512]                  [1, 16384]                (recursive)               (recursive)               --                        8,404,992
│    │    │    └─Rearrange: 4-264             [1, 16384]                [1, 64, 16, 16]           --                        (recursive)               --                        --
│    │    └─Sequential: 3-732                 [1, 512]                  [1, 64, 16, 16]           (recursive)               (recursive)               --                        --
│    │    │    └─Linear: 4-265                [1, 512]                  [1, 16384]                (recursive)               (recursive)               --                        8,404,992
│    │    │    └─Rearrange: 4-266             [1, 16384]                [1, 64, 16, 16]           --                        (recursive)               --                        --
│    │    └─Sequential: 3-733                 [1, 512]                  [1, 64, 16, 16]           (recursive)               (recursive)               --                        --
│    │    │    └─Linear: 4-267                [1, 512]                  [1, 16384]                (recursive)               (recursive)               --                        8,404,992
│    │    │    └─Rearrange: 4-268             [1, 16384]                [1, 64, 16, 16]           --                        (recursive)               --                        --
│    │    └─Sequential: 3-734                 [1, 512]                  [1, 64, 16, 16]           (recursive)               (recursive)               --                        --
│    │    │    └─Linear: 4-269                [1, 512]                  [1, 16384]                (recursive)               (recursive)               --                        8,404,992
│    │    │    └─Rearrange: 4-270             [1, 16384]                [1, 64, 16, 16]           --                        (recursive)               --                        --
│    │    └─Sequential: 3-735                 [1, 512]                  [1, 64, 16, 16]           (recursive)               (recursive)               --                        --
│    │    │    └─Linear: 4-271                [1, 512]                  [1, 16384]                (recursive)               (recursive)               --                        8,404,992
│    │    │    └─Rearrange: 4-272             [1, 16384]                [1, 64, 16, 16]           --                        (recursive)               --                        --
│    │    └─Sequential: 3-736                 [1, 512]                  [1, 64, 16, 16]           (recursive)               (recursive)               --                        --
│    │    │    └─Linear: 4-273                [1, 512]                  [1, 16384]                (recursive)               (recursive)               --                        8,404,992
│    │    │    └─Rearrange: 4-274             [1, 16384]                [1, 64, 16, 16]           --                        (recursive)               --                        --
│    │    └─Sequential: 3-737                 [1, 512]                  [1, 64, 16, 16]           (recursive)               (recursive)               --                        --
│    │    │    └─Linear: 4-275                [1, 512]                  [1, 16384]                (recursive)               (recursive)               --                        8,404,992
│    │    │    └─Rearrange: 4-276             [1, 16384]                [1, 64, 16, 16]           --                        (recursive)               --                        --
│    │    └─Sequential: 3-738                 [1, 512]                  [1, 64, 16, 16]           (recursive)               (recursive)               --                        --
│    │    │    └─Linear: 4-277                [1, 512]                  [1, 16384]                (recursive)               (recursive)               --                        8,404,992
│    │    │    └─Rearrange: 4-278             [1, 16384]                [1, 64, 16, 16]           --                        (recursive)               --                        --
│    └─ModuleList: 2-25                       --                        --                        (recursive)               (recursive)               --                        --
│    │    └─Sequential: 3-739                 [1, 64, 128, 128]         [1, 32, 256, 256]         --                             --                   --                        --
│    │    │    └─Conv2d: 4-279                [1, 64, 128, 128]         [1, 64, 128, 128]         36,928                      0.02%                   [3, 3]                    605,028,352
│    │    │    └─GroupNorm: 4-280             [1, 64, 128, 128]         [1, 64, 128, 128]         128                         0.00%                   --                        128
│    │    │    └─GELU: 4-281                  [1, 64, 128, 128]         [1, 64, 128, 128]         --                             --                   --                        --
│    │    │    └─ConvTranspose2d: 4-282       [1, 64, 128, 128]         [1, 32, 256, 256]         8,224                       0.00%                   [2, 2]                    538,968,064
│    └─ModuleDict: 2-26                       --                        --                        (recursive)               (recursive)               --                        --
│    │    └─Sequential: 3-740                 [1, 512]                  [1, 32, 16, 16]           --                             --                   --                        --
│    │    │    └─Linear: 4-283                [1, 512]                  [1, 8192]                 4,202,496                   1.96%                   --                        4,202,496
│    │    │    └─Rearrange: 4-284             [1, 8192]                 [1, 32, 16, 16]           --                             --                   --                        --
│    │    └─Sequential: 3-741                 [1, 512]                  [1, 32, 16, 16]           (recursive)               (recursive)               --                        --
│    │    │    └─Linear: 4-285                [1, 512]                  [1, 8192]                 (recursive)               (recursive)               --                        4,202,496
│    │    │    └─Rearrange: 4-286             [1, 8192]                 [1, 32, 16, 16]           --                        (recursive)               --                        --
│    │    └─Sequential: 3-742                 [1, 512]                  [1, 32, 16, 16]           (recursive)               (recursive)               --                        --
│    │    │    └─Linear: 4-287                [1, 512]                  [1, 8192]                 (recursive)               (recursive)               --                        4,202,496
│    │    │    └─Rearrange: 4-288             [1, 8192]                 [1, 32, 16, 16]           --                        (recursive)               --                        --
│    │    └─Sequential: 3-743                 [1, 512]                  [1, 32, 16, 16]           (recursive)               (recursive)               --                        --
│    │    │    └─Linear: 4-289                [1, 512]                  [1, 8192]                 (recursive)               (recursive)               --                        4,202,496
│    │    │    └─Rearrange: 4-290             [1, 8192]                 [1, 32, 16, 16]           --                        (recursive)               --                        --
│    │    └─Sequential: 3-744                 [1, 512]                  [1, 32, 16, 16]           (recursive)               (recursive)               --                        --
│    │    │    └─Linear: 4-291                [1, 512]                  [1, 8192]                 (recursive)               (recursive)               --                        4,202,496
│    │    │    └─Rearrange: 4-292             [1, 8192]                 [1, 32, 16, 16]           --                        (recursive)               --                        --
│    │    └─Sequential: 3-745                 [1, 512]                  [1, 32, 16, 16]           (recursive)               (recursive)               --                        --
│    │    │    └─Linear: 4-293                [1, 512]                  [1, 8192]                 (recursive)               (recursive)               --                        4,202,496
│    │    │    └─Rearrange: 4-294             [1, 8192]                 [1, 32, 16, 16]           --                        (recursive)               --                        --
│    │    └─Sequential: 3-746                 [1, 512]                  [1, 32, 16, 16]           (recursive)               (recursive)               --                        --
│    │    │    └─Linear: 4-295                [1, 512]                  [1, 8192]                 (recursive)               (recursive)               --                        4,202,496
│    │    │    └─Rearrange: 4-296             [1, 8192]                 [1, 32, 16, 16]           --                        (recursive)               --                        --
│    │    └─Sequential: 3-747                 [1, 512]                  [1, 32, 16, 16]           (recursive)               (recursive)               --                        --
│    │    │    └─Linear: 4-297                [1, 512]                  [1, 8192]                 (recursive)               (recursive)               --                        4,202,496
│    │    │    └─Rearrange: 4-298             [1, 8192]                 [1, 32, 16, 16]           --                        (recursive)               --                        --
│    │    └─Sequential: 3-748                 [1, 512]                  [1, 32, 16, 16]           (recursive)               (recursive)               --                        --
│    │    │    └─Linear: 4-299                [1, 512]                  [1, 8192]                 (recursive)               (recursive)               --                        4,202,496
│    │    │    └─Rearrange: 4-300             [1, 8192]                 [1, 32, 16, 16]           --                        (recursive)               --                        --
│    │    └─Sequential: 3-749                 [1, 512]                  [1, 32, 16, 16]           (recursive)               (recursive)               --                        --
│    │    │    └─Linear: 4-301                [1, 512]                  [1, 8192]                 (recursive)               (recursive)               --                        4,202,496
│    │    │    └─Rearrange: 4-302             [1, 8192]                 [1, 32, 16, 16]           --                        (recursive)               --                        --
│    │    └─Sequential: 3-750                 [1, 512]                  [1, 32, 16, 16]           (recursive)               (recursive)               --                        --
│    │    │    └─Linear: 4-303                [1, 512]                  [1, 8192]                 (recursive)               (recursive)               --                        4,202,496
│    │    │    └─Rearrange: 4-304             [1, 8192]                 [1, 32, 16, 16]           --                        (recursive)               --                        --
│    │    └─Sequential: 3-751                 [1, 512]                  [1, 32, 16, 16]           (recursive)               (recursive)               --                        --
│    │    │    └─Linear: 4-305                [1, 512]                  [1, 8192]                 (recursive)               (recursive)               --                        4,202,496
│    │    │    └─Rearrange: 4-306             [1, 8192]                 [1, 32, 16, 16]           --                        (recursive)               --                        --
│    │    └─Sequential: 3-752                 [1, 512]                  [1, 32, 16, 16]           (recursive)               (recursive)               --                        --
│    │    │    └─Linear: 4-307                [1, 512]                  [1, 8192]                 (recursive)               (recursive)               --                        4,202,496
│    │    │    └─Rearrange: 4-308             [1, 8192]                 [1, 32, 16, 16]           --                        (recursive)               --                        --
│    │    └─Sequential: 3-753                 [1, 512]                  [1, 32, 16, 16]           (recursive)               (recursive)               --                        --
│    │    │    └─Linear: 4-309                [1, 512]                  [1, 8192]                 (recursive)               (recursive)               --                        4,202,496
│    │    │    └─Rearrange: 4-310             [1, 8192]                 [1, 32, 16, 16]           --                        (recursive)               --                        --
│    │    └─Sequential: 3-754                 [1, 512]                  [1, 32, 16, 16]           (recursive)               (recursive)               --                        --
│    │    │    └─Linear: 4-311                [1, 512]                  [1, 8192]                 (recursive)               (recursive)               --                        4,202,496
│    │    │    └─Rearrange: 4-312             [1, 8192]                 [1, 32, 16, 16]           --                        (recursive)               --                        --
│    │    └─Sequential: 3-755                 [1, 512]                  [1, 32, 16, 16]           (recursive)               (recursive)               --                        --
│    │    │    └─Linear: 4-313                [1, 512]                  [1, 8192]                 (recursive)               (recursive)               --                        4,202,496
│    │    │    └─Rearrange: 4-314             [1, 8192]                 [1, 32, 16, 16]           --                        (recursive)               --                        --
│    │    └─Sequential: 3-756                 [1, 512]                  [1, 32, 16, 16]           (recursive)               (recursive)               --                        --
│    │    │    └─Linear: 4-315                [1, 512]                  [1, 8192]                 (recursive)               (recursive)               --                        4,202,496
│    │    │    └─Rearrange: 4-316             [1, 8192]                 [1, 32, 16, 16]           --                        (recursive)               --                        --
│    │    └─Sequential: 3-757                 [1, 512]                  [1, 32, 16, 16]           (recursive)               (recursive)               --                        --
│    │    │    └─Linear: 4-317                [1, 512]                  [1, 8192]                 (recursive)               (recursive)               --                        4,202,496
│    │    │    └─Rearrange: 4-318             [1, 8192]                 [1, 32, 16, 16]           --                        (recursive)               --                        --
│    │    └─Sequential: 3-758                 [1, 512]                  [1, 32, 16, 16]           (recursive)               (recursive)               --                        --
│    │    │    └─Linear: 4-319                [1, 512]                  [1, 8192]                 (recursive)               (recursive)               --                        4,202,496
│    │    │    └─Rearrange: 4-320             [1, 8192]                 [1, 32, 16, 16]           --                        (recursive)               --                        --
│    │    └─Sequential: 3-759                 [1, 512]                  [1, 32, 16, 16]           (recursive)               (recursive)               --                        --
│    │    │    └─Linear: 4-321                [1, 512]                  [1, 8192]                 (recursive)               (recursive)               --                        4,202,496
│    │    │    └─Rearrange: 4-322             [1, 8192]                 [1, 32, 16, 16]           --                        (recursive)               --                        --
│    │    └─Sequential: 3-760                 [1, 512]                  [1, 32, 16, 16]           (recursive)               (recursive)               --                        --
│    │    │    └─Linear: 4-323                [1, 512]                  [1, 8192]                 (recursive)               (recursive)               --                        4,202,496
│    │    │    └─Rearrange: 4-324             [1, 8192]                 [1, 32, 16, 16]           --                        (recursive)               --                        --
│    │    └─Sequential: 3-761                 [1, 512]                  [1, 32, 16, 16]           (recursive)               (recursive)               --                        --
│    │    │    └─Linear: 4-325                [1, 512]                  [1, 8192]                 (recursive)               (recursive)               --                        4,202,496
│    │    │    └─Rearrange: 4-326             [1, 8192]                 [1, 32, 16, 16]           --                        (recursive)               --                        --
│    │    └─Sequential: 3-762                 [1, 512]                  [1, 32, 16, 16]           (recursive)               (recursive)               --                        --
│    │    │    └─Linear: 4-327                [1, 512]                  [1, 8192]                 (recursive)               (recursive)               --                        4,202,496
│    │    │    └─Rearrange: 4-328             [1, 8192]                 [1, 32, 16, 16]           --                        (recursive)               --                        --
│    │    └─Sequential: 3-763                 [1, 512]                  [1, 32, 16, 16]           (recursive)               (recursive)               --                        --
│    │    │    └─Linear: 4-329                [1, 512]                  [1, 8192]                 (recursive)               (recursive)               --                        4,202,496
│    │    │    └─Rearrange: 4-330             [1, 8192]                 [1, 32, 16, 16]           --                        (recursive)               --                        --
│    │    └─Sequential: 3-764                 [1, 512]                  [1, 32, 16, 16]           (recursive)               (recursive)               --                        --
│    │    │    └─Linear: 4-331                [1, 512]                  [1, 8192]                 (recursive)               (recursive)               --                        4,202,496
│    │    │    └─Rearrange: 4-332             [1, 8192]                 [1, 32, 16, 16]           --                        (recursive)               --                        --
│    │    └─Sequential: 3-765                 [1, 512]                  [1, 32, 16, 16]           (recursive)               (recursive)               --                        --
│    │    │    └─Linear: 4-333                [1, 512]                  [1, 8192]                 (recursive)               (recursive)               --                        4,202,496
│    │    │    └─Rearrange: 4-334             [1, 8192]                 [1, 32, 16, 16]           --                        (recursive)               --                        --
│    │    └─Sequential: 3-766                 [1, 512]                  [1, 32, 16, 16]           (recursive)               (recursive)               --                        --
│    │    │    └─Linear: 4-335                [1, 512]                  [1, 8192]                 (recursive)               (recursive)               --                        4,202,496
│    │    │    └─Rearrange: 4-336             [1, 8192]                 [1, 32, 16, 16]           --                        (recursive)               --                        --
│    │    └─Sequential: 3-767                 [1, 512]                  [1, 32, 16, 16]           (recursive)               (recursive)               --                        --
│    │    │    └─Linear: 4-337                [1, 512]                  [1, 8192]                 (recursive)               (recursive)               --                        4,202,496
│    │    │    └─Rearrange: 4-338             [1, 8192]                 [1, 32, 16, 16]           --                        (recursive)               --                        --
│    │    └─Sequential: 3-768                 [1, 512]                  [1, 32, 16, 16]           (recursive)               (recursive)               --                        --
│    │    │    └─Linear: 4-339                [1, 512]                  [1, 8192]                 (recursive)               (recursive)               --                        4,202,496
│    │    │    └─Rearrange: 4-340             [1, 8192]                 [1, 32, 16, 16]           --                        (recursive)               --                        --
│    │    └─Sequential: 3-769                 [1, 512]                  [1, 32, 16, 16]           (recursive)               (recursive)               --                        --
│    │    │    └─Linear: 4-341                [1, 512]                  [1, 8192]                 (recursive)               (recursive)               --                        4,202,496
│    │    │    └─Rearrange: 4-342             [1, 8192]                 [1, 32, 16, 16]           --                        (recursive)               --                        --
│    │    └─Sequential: 3-770                 [1, 512]                  [1, 32, 16, 16]           (recursive)               (recursive)               --                        --
│    │    │    └─Linear: 4-343                [1, 512]                  [1, 8192]                 (recursive)               (recursive)               --                        4,202,496
│    │    │    └─Rearrange: 4-344             [1, 8192]                 [1, 32, 16, 16]           --                        (recursive)               --                        --
│    │    └─Sequential: 3-771                 [1, 512]                  [1, 32, 16, 16]           (recursive)               (recursive)               --                        --
│    │    │    └─Linear: 4-345                [1, 512]                  [1, 8192]                 (recursive)               (recursive)               --                        4,202,496
│    │    │    └─Rearrange: 4-346             [1, 8192]                 [1, 32, 16, 16]           --                        (recursive)               --                        --
│    │    └─Sequential: 3-772                 [1, 512]                  [1, 32, 16, 16]           (recursive)               (recursive)               --                        --
│    │    │    └─Linear: 4-347                [1, 512]                  [1, 8192]                 (recursive)               (recursive)               --                        4,202,496
│    │    │    └─Rearrange: 4-348             [1, 8192]                 [1, 32, 16, 16]           --                        (recursive)               --                        --
│    │    └─Sequential: 3-773                 [1, 512]                  [1, 32, 16, 16]           (recursive)               (recursive)               --                        --
│    │    │    └─Linear: 4-349                [1, 512]                  [1, 8192]                 (recursive)               (recursive)               --                        4,202,496
│    │    │    └─Rearrange: 4-350             [1, 8192]                 [1, 32, 16, 16]           --                        (recursive)               --                        --
│    │    └─Sequential: 3-774                 [1, 512]                  [1, 32, 16, 16]           (recursive)               (recursive)               --                        --
│    │    │    └─Linear: 4-351                [1, 512]                  [1, 8192]                 (recursive)               (recursive)               --                        4,202,496
│    │    │    └─Rearrange: 4-352             [1, 8192]                 [1, 32, 16, 16]           --                        (recursive)               --                        --
│    │    └─Sequential: 3-775                 [1, 512]                  [1, 32, 16, 16]           (recursive)               (recursive)               --                        --
│    │    │    └─Linear: 4-353                [1, 512]                  [1, 8192]                 (recursive)               (recursive)               --                        4,202,496
│    │    │    └─Rearrange: 4-354             [1, 8192]                 [1, 32, 16, 16]           --                        (recursive)               --                        --
│    │    └─Sequential: 3-776                 [1, 512]                  [1, 32, 16, 16]           (recursive)               (recursive)               --                        --
│    │    │    └─Linear: 4-355                [1, 512]                  [1, 8192]                 (recursive)               (recursive)               --                        4,202,496
│    │    │    └─Rearrange: 4-356             [1, 8192]                 [1, 32, 16, 16]           --                        (recursive)               --                        --
│    │    └─Sequential: 3-777                 [1, 512]                  [1, 32, 16, 16]           (recursive)               (recursive)               --                        --
│    │    │    └─Linear: 4-357                [1, 512]                  [1, 8192]                 (recursive)               (recursive)               --                        4,202,496
│    │    │    └─Rearrange: 4-358             [1, 8192]                 [1, 32, 16, 16]           --                        (recursive)               --                        --
│    │    └─Sequential: 3-778                 [1, 512]                  [1, 32, 16, 16]           (recursive)               (recursive)               --                        --
│    │    │    └─Linear: 4-359                [1, 512]                  [1, 8192]                 (recursive)               (recursive)               --                        4,202,496
│    │    │    └─Rearrange: 4-360             [1, 8192]                 [1, 32, 16, 16]           --                        (recursive)               --                        --
│    │    └─Sequential: 3-779                 [1, 512]                  [1, 32, 16, 16]           (recursive)               (recursive)               --                        --
│    │    │    └─Linear: 4-361                [1, 512]                  [1, 8192]                 (recursive)               (recursive)               --                        4,202,496
│    │    │    └─Rearrange: 4-362             [1, 8192]                 [1, 32, 16, 16]           --                        (recursive)               --                        --
│    │    └─Sequential: 3-780                 [1, 512]                  [1, 32, 16, 16]           (recursive)               (recursive)               --                        --
│    │    │    └─Linear: 4-363                [1, 512]                  [1, 8192]                 (recursive)               (recursive)               --                        4,202,496
│    │    │    └─Rearrange: 4-364             [1, 8192]                 [1, 32, 16, 16]           --                        (recursive)               --                        --
│    │    └─Sequential: 3-781                 [1, 512]                  [1, 32, 16, 16]           (recursive)               (recursive)               --                        --
│    │    │    └─Linear: 4-365                [1, 512]                  [1, 8192]                 (recursive)               (recursive)               --                        4,202,496
│    │    │    └─Rearrange: 4-366             [1, 8192]                 [1, 32, 16, 16]           --                        (recursive)               --                        --
│    │    └─Sequential: 3-782                 [1, 512]                  [1, 32, 16, 16]           (recursive)               (recursive)               --                        --
│    │    │    └─Linear: 4-367                [1, 512]                  [1, 8192]                 (recursive)               (recursive)               --                        4,202,496
│    │    │    └─Rearrange: 4-368             [1, 8192]                 [1, 32, 16, 16]           --                        (recursive)               --                        --
│    │    └─Sequential: 3-783                 [1, 512]                  [1, 32, 16, 16]           (recursive)               (recursive)               --                        --
│    │    │    └─Linear: 4-369                [1, 512]                  [1, 8192]                 (recursive)               (recursive)               --                        4,202,496
│    │    │    └─Rearrange: 4-370             [1, 8192]                 [1, 32, 16, 16]           --                        (recursive)               --                        --
│    │    └─Sequential: 3-784                 [1, 512]                  [1, 32, 16, 16]           (recursive)               (recursive)               --                        --
│    │    │    └─Linear: 4-371                [1, 512]                  [1, 8192]                 (recursive)               (recursive)               --                        4,202,496
│    │    │    └─Rearrange: 4-372             [1, 8192]                 [1, 32, 16, 16]           --                        (recursive)               --                        --
│    │    └─Sequential: 3-785                 [1, 512]                  [1, 32, 16, 16]           (recursive)               (recursive)               --                        --
│    │    │    └─Linear: 4-373                [1, 512]                  [1, 8192]                 (recursive)               (recursive)               --                        4,202,496
│    │    │    └─Rearrange: 4-374             [1, 8192]                 [1, 32, 16, 16]           --                        (recursive)               --                        --
│    │    └─Sequential: 3-786                 [1, 512]                  [1, 32, 16, 16]           (recursive)               (recursive)               --                        --
│    │    │    └─Linear: 4-375                [1, 512]                  [1, 8192]                 (recursive)               (recursive)               --                        4,202,496
│    │    │    └─Rearrange: 4-376             [1, 8192]                 [1, 32, 16, 16]           --                        (recursive)               --                        --
│    │    └─Sequential: 3-787                 [1, 512]                  [1, 32, 16, 16]           (recursive)               (recursive)               --                        --
│    │    │    └─Linear: 4-377                [1, 512]                  [1, 8192]                 (recursive)               (recursive)               --                        4,202,496
│    │    │    └─Rearrange: 4-378             [1, 8192]                 [1, 32, 16, 16]           --                        (recursive)               --                        --
│    │    └─Sequential: 3-788                 [1, 512]                  [1, 32, 16, 16]           (recursive)               (recursive)               --                        --
│    │    │    └─Linear: 4-379                [1, 512]                  [1, 8192]                 (recursive)               (recursive)               --                        4,202,496
│    │    │    └─Rearrange: 4-380             [1, 8192]                 [1, 32, 16, 16]           --                        (recursive)               --                        --
│    │    └─Sequential: 3-789                 [1, 512]                  [1, 32, 16, 16]           (recursive)               (recursive)               --                        --
│    │    │    └─Linear: 4-381                [1, 512]                  [1, 8192]                 (recursive)               (recursive)               --                        4,202,496
│    │    │    └─Rearrange: 4-382             [1, 8192]                 [1, 32, 16, 16]           --                        (recursive)               --                        --
│    │    └─Sequential: 3-790                 [1, 512]                  [1, 32, 16, 16]           (recursive)               (recursive)               --                        --
│    │    │    └─Linear: 4-383                [1, 512]                  [1, 8192]                 (recursive)               (recursive)               --                        4,202,496
│    │    │    └─Rearrange: 4-384             [1, 8192]                 [1, 32, 16, 16]           --                        (recursive)               --                        --
│    │    └─Sequential: 3-791                 [1, 512]                  [1, 32, 16, 16]           (recursive)               (recursive)               --                        --
│    │    │    └─Linear: 4-385                [1, 512]                  [1, 8192]                 (recursive)               (recursive)               --                        4,202,496
│    │    │    └─Rearrange: 4-386             [1, 8192]                 [1, 32, 16, 16]           --                        (recursive)               --                        --
│    │    └─Sequential: 3-792                 [1, 512]                  [1, 32, 16, 16]           (recursive)               (recursive)               --                        --
│    │    │    └─Linear: 4-387                [1, 512]                  [1, 8192]                 (recursive)               (recursive)               --                        4,202,496
│    │    │    └─Rearrange: 4-388             [1, 8192]                 [1, 32, 16, 16]           --                        (recursive)               --                        --
│    │    └─Sequential: 3-793                 [1, 512]                  [1, 32, 16, 16]           (recursive)               (recursive)               --                        --
│    │    │    └─Linear: 4-389                [1, 512]                  [1, 8192]                 (recursive)               (recursive)               --                        4,202,496
│    │    │    └─Rearrange: 4-390             [1, 8192]                 [1, 32, 16, 16]           --                        (recursive)               --                        --
│    │    └─Sequential: 3-794                 [1, 512]                  [1, 32, 16, 16]           (recursive)               (recursive)               --                        --
│    │    │    └─Linear: 4-391                [1, 512]                  [1, 8192]                 (recursive)               (recursive)               --                        4,202,496
│    │    │    └─Rearrange: 4-392             [1, 8192]                 [1, 32, 16, 16]           --                        (recursive)               --                        --
│    │    └─Sequential: 3-795                 [1, 512]                  [1, 32, 16, 16]           (recursive)               (recursive)               --                        --
│    │    │    └─Linear: 4-393                [1, 512]                  [1, 8192]                 (recursive)               (recursive)               --                        4,202,496
│    │    │    └─Rearrange: 4-394             [1, 8192]                 [1, 32, 16, 16]           --                        (recursive)               --                        --
│    │    └─Sequential: 3-796                 [1, 512]                  [1, 32, 16, 16]           (recursive)               (recursive)               --                        --
│    │    │    └─Linear: 4-395                [1, 512]                  [1, 8192]                 (recursive)               (recursive)               --                        4,202,496
│    │    │    └─Rearrange: 4-396             [1, 8192]                 [1, 32, 16, 16]           --                        (recursive)               --                        --
│    │    └─Sequential: 3-797                 [1, 512]                  [1, 32, 16, 16]           (recursive)               (recursive)               --                        --
│    │    │    └─Linear: 4-397                [1, 512]                  [1, 8192]                 (recursive)               (recursive)               --                        4,202,496
│    │    │    └─Rearrange: 4-398             [1, 8192]                 [1, 32, 16, 16]           --                        (recursive)               --                        --
│    │    └─Sequential: 3-798                 [1, 512]                  [1, 32, 16, 16]           (recursive)               (recursive)               --                        --
│    │    │    └─Linear: 4-399                [1, 512]                  [1, 8192]                 (recursive)               (recursive)               --                        4,202,496
│    │    │    └─Rearrange: 4-400             [1, 8192]                 [1, 32, 16, 16]           --                        (recursive)               --                        --
│    │    └─Sequential: 3-799                 [1, 512]                  [1, 32, 16, 16]           (recursive)               (recursive)               --                        --
│    │    │    └─Linear: 4-401                [1, 512]                  [1, 8192]                 (recursive)               (recursive)               --                        4,202,496
│    │    │    └─Rearrange: 4-402             [1, 8192]                 [1, 32, 16, 16]           --                        (recursive)               --                        --
│    │    └─Sequential: 3-800                 [1, 512]                  [1, 32, 16, 16]           (recursive)               (recursive)               --                        --
│    │    │    └─Linear: 4-403                [1, 512]                  [1, 8192]                 (recursive)               (recursive)               --                        4,202,496
│    │    │    └─Rearrange: 4-404             [1, 8192]                 [1, 32, 16, 16]           --                        (recursive)               --                        --
│    │    └─Sequential: 3-801                 [1, 512]                  [1, 32, 16, 16]           (recursive)               (recursive)               --                        --
│    │    │    └─Linear: 4-405                [1, 512]                  [1, 8192]                 (recursive)               (recursive)               --                        4,202,496
│    │    │    └─Rearrange: 4-406             [1, 8192]                 [1, 32, 16, 16]           --                        (recursive)               --                        --
│    │    └─Sequential: 3-802                 [1, 512]                  [1, 32, 16, 16]           (recursive)               (recursive)               --                        --
│    │    │    └─Linear: 4-407                [1, 512]                  [1, 8192]                 (recursive)               (recursive)               --                        4,202,496
│    │    │    └─Rearrange: 4-408             [1, 8192]                 [1, 32, 16, 16]           --                        (recursive)               --                        --
│    │    └─Sequential: 3-803                 [1, 512]                  [1, 32, 16, 16]           (recursive)               (recursive)               --                        --
│    │    │    └─Linear: 4-409                [1, 512]                  [1, 8192]                 (recursive)               (recursive)               --                        4,202,496
│    │    │    └─Rearrange: 4-410             [1, 8192]                 [1, 32, 16, 16]           --                        (recursive)               --                        --
│    │    └─Sequential: 3-804                 [1, 512]                  [1, 32, 16, 16]           (recursive)               (recursive)               --                        --
│    │    │    └─Linear: 4-411                [1, 512]                  [1, 8192]                 (recursive)               (recursive)               --                        4,202,496
│    │    │    └─Rearrange: 4-412             [1, 8192]                 [1, 32, 16, 16]           --                        (recursive)               --                        --
│    │    └─Sequential: 3-805                 [1, 512]                  [1, 32, 16, 16]           (recursive)               (recursive)               --                        --
│    │    │    └─Linear: 4-413                [1, 512]                  [1, 8192]                 (recursive)               (recursive)               --                        4,202,496
│    │    │    └─Rearrange: 4-414             [1, 8192]                 [1, 32, 16, 16]           --                        (recursive)               --                        --
│    │    └─Sequential: 3-806                 [1, 512]                  [1, 32, 16, 16]           (recursive)               (recursive)               --                        --
│    │    │    └─Linear: 4-415                [1, 512]                  [1, 8192]                 (recursive)               (recursive)               --                        4,202,496
│    │    │    └─Rearrange: 4-416             [1, 8192]                 [1, 32, 16, 16]           --                        (recursive)               --                        --
│    │    └─Sequential: 3-807                 [1, 512]                  [1, 32, 16, 16]           (recursive)               (recursive)               --                        --
│    │    │    └─Linear: 4-417                [1, 512]                  [1, 8192]                 (recursive)               (recursive)               --                        4,202,496
│    │    │    └─Rearrange: 4-418             [1, 8192]                 [1, 32, 16, 16]           --                        (recursive)               --                        --
│    │    └─Sequential: 3-808                 [1, 512]                  [1, 32, 16, 16]           (recursive)               (recursive)               --                        --
│    │    │    └─Linear: 4-419                [1, 512]                  [1, 8192]                 (recursive)               (recursive)               --                        4,202,496
│    │    │    └─Rearrange: 4-420             [1, 8192]                 [1, 32, 16, 16]           --                        (recursive)               --                        --
│    │    └─Sequential: 3-809                 [1, 512]                  [1, 32, 16, 16]           (recursive)               (recursive)               --                        --
│    │    │    └─Linear: 4-421                [1, 512]                  [1, 8192]                 (recursive)               (recursive)               --                        4,202,496
│    │    │    └─Rearrange: 4-422             [1, 8192]                 [1, 32, 16, 16]           --                        (recursive)               --                        --
│    │    └─Sequential: 3-810                 [1, 512]                  [1, 32, 16, 16]           (recursive)               (recursive)               --                        --
│    │    │    └─Linear: 4-423                [1, 512]                  [1, 8192]                 (recursive)               (recursive)               --                        4,202,496
│    │    │    └─Rearrange: 4-424             [1, 8192]                 [1, 32, 16, 16]           --                        (recursive)               --                        --
│    │    └─Sequential: 3-811                 [1, 512]                  [1, 32, 16, 16]           (recursive)               (recursive)               --                        --
│    │    │    └─Linear: 4-425                [1, 512]                  [1, 8192]                 (recursive)               (recursive)               --                        4,202,496
│    │    │    └─Rearrange: 4-426             [1, 8192]                 [1, 32, 16, 16]           --                        (recursive)               --                        --
│    │    └─Sequential: 3-812                 [1, 512]                  [1, 32, 16, 16]           (recursive)               (recursive)               --                        --
│    │    │    └─Linear: 4-427                [1, 512]                  [1, 8192]                 (recursive)               (recursive)               --                        4,202,496
│    │    │    └─Rearrange: 4-428             [1, 8192]                 [1, 32, 16, 16]           --                        (recursive)               --                        --
│    │    └─Sequential: 3-813                 [1, 512]                  [1, 32, 16, 16]           (recursive)               (recursive)               --                        --
│    │    │    └─Linear: 4-429                [1, 512]                  [1, 8192]                 (recursive)               (recursive)               --                        4,202,496
│    │    │    └─Rearrange: 4-430             [1, 8192]                 [1, 32, 16, 16]           --                        (recursive)               --                        --
│    │    └─Sequential: 3-814                 [1, 512]                  [1, 32, 16, 16]           (recursive)               (recursive)               --                        --
│    │    │    └─Linear: 4-431                [1, 512]                  [1, 8192]                 (recursive)               (recursive)               --                        4,202,496
│    │    │    └─Rearrange: 4-432             [1, 8192]                 [1, 32, 16, 16]           --                        (recursive)               --                        --
│    │    └─Sequential: 3-815                 [1, 512]                  [1, 32, 16, 16]           (recursive)               (recursive)               --                        --
│    │    │    └─Linear: 4-433                [1, 512]                  [1, 8192]                 (recursive)               (recursive)               --                        4,202,496
│    │    │    └─Rearrange: 4-434             [1, 8192]                 [1, 32, 16, 16]           --                        (recursive)               --                        --
│    │    └─Sequential: 3-816                 [1, 512]                  [1, 32, 16, 16]           (recursive)               (recursive)               --                        --
│    │    │    └─Linear: 4-435                [1, 512]                  [1, 8192]                 (recursive)               (recursive)               --                        4,202,496
│    │    │    └─Rearrange: 4-436             [1, 8192]                 [1, 32, 16, 16]           --                        (recursive)               --                        --
│    │    └─Sequential: 3-817                 [1, 512]                  [1, 32, 16, 16]           (recursive)               (recursive)               --                        --
│    │    │    └─Linear: 4-437                [1, 512]                  [1, 8192]                 (recursive)               (recursive)               --                        4,202,496
│    │    │    └─Rearrange: 4-438             [1, 8192]                 [1, 32, 16, 16]           --                        (recursive)               --                        --
│    │    └─Sequential: 3-818                 [1, 512]                  [1, 32, 16, 16]           (recursive)               (recursive)               --                        --
│    │    │    └─Linear: 4-439                [1, 512]                  [1, 8192]                 (recursive)               (recursive)               --                        4,202,496
│    │    │    └─Rearrange: 4-440             [1, 8192]                 [1, 32, 16, 16]           --                        (recursive)               --                        --
│    │    └─Sequential: 3-819                 [1, 512]                  [1, 32, 16, 16]           (recursive)               (recursive)               --                        --
│    │    │    └─Linear: 4-441                [1, 512]                  [1, 8192]                 (recursive)               (recursive)               --                        4,202,496
│    │    │    └─Rearrange: 4-442             [1, 8192]                 [1, 32, 16, 16]           --                        (recursive)               --                        --
│    │    └─Sequential: 3-820                 [1, 512]                  [1, 32, 16, 16]           (recursive)               (recursive)               --                        --
│    │    │    └─Linear: 4-443                [1, 512]                  [1, 8192]                 (recursive)               (recursive)               --                        4,202,496
│    │    │    └─Rearrange: 4-444             [1, 8192]                 [1, 32, 16, 16]           --                        (recursive)               --                        --
│    │    └─Sequential: 3-821                 [1, 512]                  [1, 32, 16, 16]           (recursive)               (recursive)               --                        --
│    │    │    └─Linear: 4-445                [1, 512]                  [1, 8192]                 (recursive)               (recursive)               --                        4,202,496
│    │    │    └─Rearrange: 4-446             [1, 8192]                 [1, 32, 16, 16]           --                        (recursive)               --                        --
│    │    └─Sequential: 3-822                 [1, 512]                  [1, 32, 16, 16]           (recursive)               (recursive)               --                        --
│    │    │    └─Linear: 4-447                [1, 512]                  [1, 8192]                 (recursive)               (recursive)               --                        4,202,496
│    │    │    └─Rearrange: 4-448             [1, 8192]                 [1, 32, 16, 16]           --                        (recursive)               --                        --
│    │    └─Sequential: 3-823                 [1, 512]                  [1, 32, 16, 16]           (recursive)               (recursive)               --                        --
│    │    │    └─Linear: 4-449                [1, 512]                  [1, 8192]                 (recursive)               (recursive)               --                        4,202,496
│    │    │    └─Rearrange: 4-450             [1, 8192]                 [1, 32, 16, 16]           --                        (recursive)               --                        --
│    └─ModuleList: 2-25                       --                        --                        (recursive)               (recursive)               --                        --
│    │    └─Sequential: 3-824                 [1, 32, 256, 256]         [1, 16, 256, 256]         --                             --                   --                        --
│    │    │    └─Conv2d: 4-451                [1, 32, 256, 256]         [1, 32, 256, 256]         9,248                       0.00%                   [3, 3]                    606,076,928
│    │    │    └─GroupNorm: 4-452             [1, 32, 256, 256]         [1, 32, 256, 256]         64                          0.00%                   --                        64
│    │    │    └─GELU: 4-453                  [1, 32, 256, 256]         [1, 32, 256, 256]         --                             --                   --                        --
│    │    │    └─Conv2d: 4-454                [1, 32, 256, 256]         [1, 16, 256, 256]         4,624                       0.00%                   [3, 3]                    303,038,464
│    └─ModuleDict: 2-26                       --                        --                        (recursive)               (recursive)               --                        --
│    │    └─Sequential: 3-825                 [1, 512]                  [1, 16, 8, 8]             --                             --                   --                        --
│    │    │    └─Linear: 4-455                [1, 512]                  [1, 1024]                 525,312                     0.25%                   --                        525,312
│    │    │    └─Rearrange: 4-456             [1, 1024]                 [1, 16, 8, 8]             --                             --                   --                        --
│    │    └─Sequential: 3-826                 [1, 512]                  [1, 16, 8, 8]             (recursive)               (recursive)               --                        --
│    │    │    └─Linear: 4-457                [1, 512]                  [1, 1024]                 (recursive)               (recursive)               --                        525,312
│    │    │    └─Rearrange: 4-458             [1, 1024]                 [1, 16, 8, 8]             --                        (recursive)               --                        --
│    │    └─Sequential: 3-827                 [1, 512]                  [1, 16, 8, 8]             (recursive)               (recursive)               --                        --
│    │    │    └─Linear: 4-459                [1, 512]                  [1, 1024]                 (recursive)               (recursive)               --                        525,312
│    │    │    └─Rearrange: 4-460             [1, 1024]                 [1, 16, 8, 8]             --                        (recursive)               --                        --
│    │    └─Sequential: 3-828                 [1, 512]                  [1, 16, 8, 8]             (recursive)               (recursive)               --                        --
│    │    │    └─Linear: 4-461                [1, 512]                  [1, 1024]                 (recursive)               (recursive)               --                        525,312
│    │    │    └─Rearrange: 4-462             [1, 1024]                 [1, 16, 8, 8]             --                        (recursive)               --                        --
│    │    └─Sequential: 3-829                 [1, 512]                  [1, 16, 8, 8]             (recursive)               (recursive)               --                        --
│    │    │    └─Linear: 4-463                [1, 512]                  [1, 1024]                 (recursive)               (recursive)               --                        525,312
│    │    │    └─Rearrange: 4-464             [1, 1024]                 [1, 16, 8, 8]             --                        (recursive)               --                        --
│    │    └─Sequential: 3-830                 [1, 512]                  [1, 16, 8, 8]             (recursive)               (recursive)               --                        --
│    │    │    └─Linear: 4-465                [1, 512]                  [1, 1024]                 (recursive)               (recursive)               --                        525,312
│    │    │    └─Rearrange: 4-466             [1, 1024]                 [1, 16, 8, 8]             --                        (recursive)               --                        --
│    │    └─Sequential: 3-831                 [1, 512]                  [1, 16, 8, 8]             (recursive)               (recursive)               --                        --
│    │    │    └─Linear: 4-467                [1, 512]                  [1, 1024]                 (recursive)               (recursive)               --                        525,312
│    │    │    └─Rearrange: 4-468             [1, 1024]                 [1, 16, 8, 8]             --                        (recursive)               --                        --
│    │    └─Sequential: 3-832                 [1, 512]                  [1, 16, 8, 8]             (recursive)               (recursive)               --                        --
│    │    │    └─Linear: 4-469                [1, 512]                  [1, 1024]                 (recursive)               (recursive)               --                        525,312
│    │    │    └─Rearrange: 4-470             [1, 1024]                 [1, 16, 8, 8]             --                        (recursive)               --                        --
│    │    └─Sequential: 3-833                 [1, 512]                  [1, 16, 8, 8]             (recursive)               (recursive)               --                        --
│    │    │    └─Linear: 4-471                [1, 512]                  [1, 1024]                 (recursive)               (recursive)               --                        525,312
│    │    │    └─Rearrange: 4-472             [1, 1024]                 [1, 16, 8, 8]             --                        (recursive)               --                        --
│    │    └─Sequential: 3-834                 [1, 512]                  [1, 16, 8, 8]             (recursive)               (recursive)               --                        --
│    │    │    └─Linear: 4-473                [1, 512]                  [1, 1024]                 (recursive)               (recursive)               --                        525,312
│    │    │    └─Rearrange: 4-474             [1, 1024]                 [1, 16, 8, 8]             --                        (recursive)               --                        --
│    │    └─Sequential: 3-835                 [1, 512]                  [1, 16, 8, 8]             (recursive)               (recursive)               --                        --
│    │    │    └─Linear: 4-475                [1, 512]                  [1, 1024]                 (recursive)               (recursive)               --                        525,312
│    │    │    └─Rearrange: 4-476             [1, 1024]                 [1, 16, 8, 8]             --                        (recursive)               --                        --
│    │    └─Sequential: 3-836                 [1, 512]                  [1, 16, 8, 8]             (recursive)               (recursive)               --                        --
│    │    │    └─Linear: 4-477                [1, 512]                  [1, 1024]                 (recursive)               (recursive)               --                        525,312
│    │    │    └─Rearrange: 4-478             [1, 1024]                 [1, 16, 8, 8]             --                        (recursive)               --                        --
│    │    └─Sequential: 3-837                 [1, 512]                  [1, 16, 8, 8]             (recursive)               (recursive)               --                        --
│    │    │    └─Linear: 4-479                [1, 512]                  [1, 1024]                 (recursive)               (recursive)               --                        525,312
│    │    │    └─Rearrange: 4-480             [1, 1024]                 [1, 16, 8, 8]             --                        (recursive)               --                        --
│    │    └─Sequential: 3-838                 [1, 512]                  [1, 16, 8, 8]             (recursive)               (recursive)               --                        --
│    │    │    └─Linear: 4-481                [1, 512]                  [1, 1024]                 (recursive)               (recursive)               --                        525,312
│    │    │    └─Rearrange: 4-482             [1, 1024]                 [1, 16, 8, 8]             --                        (recursive)               --                        --
│    │    └─Sequential: 3-839                 [1, 512]                  [1, 16, 8, 8]             (recursive)               (recursive)               --                        --
│    │    │    └─Linear: 4-483                [1, 512]                  [1, 1024]                 (recursive)               (recursive)               --                        525,312
│    │    │    └─Rearrange: 4-484             [1, 1024]                 [1, 16, 8, 8]             --                        (recursive)               --                        --
│    │    └─Sequential: 3-840                 [1, 512]                  [1, 16, 8, 8]             (recursive)               (recursive)               --                        --
│    │    │    └─Linear: 4-485                [1, 512]                  [1, 1024]                 (recursive)               (recursive)               --                        525,312
│    │    │    └─Rearrange: 4-486             [1, 1024]                 [1, 16, 8, 8]             --                        (recursive)               --                        --
│    │    └─Sequential: 3-841                 [1, 512]                  [1, 16, 8, 8]             (recursive)               (recursive)               --                        --
│    │    │    └─Linear: 4-487                [1, 512]                  [1, 1024]                 (recursive)               (recursive)               --                        525,312
│    │    │    └─Rearrange: 4-488             [1, 1024]                 [1, 16, 8, 8]             --                        (recursive)               --                        --
│    │    └─Sequential: 3-842                 [1, 512]                  [1, 16, 8, 8]             (recursive)               (recursive)               --                        --
│    │    │    └─Linear: 4-489                [1, 512]                  [1, 1024]                 (recursive)               (recursive)               --                        525,312
│    │    │    └─Rearrange: 4-490             [1, 1024]                 [1, 16, 8, 8]             --                        (recursive)               --                        --
│    │    └─Sequential: 3-843                 [1, 512]                  [1, 16, 8, 8]             (recursive)               (recursive)               --                        --
│    │    │    └─Linear: 4-491                [1, 512]                  [1, 1024]                 (recursive)               (recursive)               --                        525,312
│    │    │    └─Rearrange: 4-492             [1, 1024]                 [1, 16, 8, 8]             --                        (recursive)               --                        --
│    │    └─Sequential: 3-844                 [1, 512]                  [1, 16, 8, 8]             (recursive)               (recursive)               --                        --
│    │    │    └─Linear: 4-493                [1, 512]                  [1, 1024]                 (recursive)               (recursive)               --                        525,312
│    │    │    └─Rearrange: 4-494             [1, 1024]                 [1, 16, 8, 8]             --                        (recursive)               --                        --
│    │    └─Sequential: 3-845                 [1, 512]                  [1, 16, 8, 8]             (recursive)               (recursive)               --                        --
│    │    │    └─Linear: 4-495                [1, 512]                  [1, 1024]                 (recursive)               (recursive)               --                        525,312
│    │    │    └─Rearrange: 4-496             [1, 1024]                 [1, 16, 8, 8]             --                        (recursive)               --                        --
│    │    └─Sequential: 3-846                 [1, 512]                  [1, 16, 8, 8]             (recursive)               (recursive)               --                        --
│    │    │    └─Linear: 4-497                [1, 512]                  [1, 1024]                 (recursive)               (recursive)               --                        525,312
│    │    │    └─Rearrange: 4-498             [1, 1024]                 [1, 16, 8, 8]             --                        (recursive)               --                        --
│    │    └─Sequential: 3-847                 [1, 512]                  [1, 16, 8, 8]             (recursive)               (recursive)               --                        --
│    │    │    └─Linear: 4-499                [1, 512]                  [1, 1024]                 (recursive)               (recursive)               --                        525,312
│    │    │    └─Rearrange: 4-500             [1, 1024]                 [1, 16, 8, 8]             --                        (recursive)               --                        --
│    │    └─Sequential: 3-848                 [1, 512]                  [1, 16, 8, 8]             (recursive)               (recursive)               --                        --
│    │    │    └─Linear: 4-501                [1, 512]                  [1, 1024]                 (recursive)               (recursive)               --                        525,312
│    │    │    └─Rearrange: 4-502             [1, 1024]                 [1, 16, 8, 8]             --                        (recursive)               --                        --
│    │    └─Sequential: 3-849                 [1, 512]                  [1, 16, 8, 8]             (recursive)               (recursive)               --                        --
│    │    │    └─Linear: 4-503                [1, 512]                  [1, 1024]                 (recursive)               (recursive)               --                        525,312
│    │    │    └─Rearrange: 4-504             [1, 1024]                 [1, 16, 8, 8]             --                        (recursive)               --                        --
│    │    └─Sequential: 3-850                 [1, 512]                  [1, 16, 8, 8]             (recursive)               (recursive)               --                        --
│    │    │    └─Linear: 4-505                [1, 512]                  [1, 1024]                 (recursive)               (recursive)               --                        525,312
│    │    │    └─Rearrange: 4-506             [1, 1024]                 [1, 16, 8, 8]             --                        (recursive)               --                        --
│    │    └─Sequential: 3-851                 [1, 512]                  [1, 16, 8, 8]             (recursive)               (recursive)               --                        --
│    │    │    └─Linear: 4-507                [1, 512]                  [1, 1024]                 (recursive)               (recursive)               --                        525,312
│    │    │    └─Rearrange: 4-508             [1, 1024]                 [1, 16, 8, 8]             --                        (recursive)               --                        --
│    │    └─Sequential: 3-852                 [1, 512]                  [1, 16, 8, 8]             (recursive)               (recursive)               --                        --
│    │    │    └─Linear: 4-509                [1, 512]                  [1, 1024]                 (recursive)               (recursive)               --                        525,312
│    │    │    └─Rearrange: 4-510             [1, 1024]                 [1, 16, 8, 8]             --                        (recursive)               --                        --
│    │    └─Sequential: 3-853                 [1, 512]                  [1, 16, 8, 8]             (recursive)               (recursive)               --                        --
│    │    │    └─Linear: 4-511                [1, 512]                  [1, 1024]                 (recursive)               (recursive)               --                        525,312
│    │    │    └─Rearrange: 4-512             [1, 1024]                 [1, 16, 8, 8]             --                        (recursive)               --                        --
│    │    └─Sequential: 3-854                 [1, 512]                  [1, 16, 8, 8]             (recursive)               (recursive)               --                        --
│    │    │    └─Linear: 4-513                [1, 512]                  [1, 1024]                 (recursive)               (recursive)               --                        525,312
│    │    │    └─Rearrange: 4-514             [1, 1024]                 [1, 16, 8, 8]             --                        (recursive)               --                        --
│    │    └─Sequential: 3-855                 [1, 512]                  [1, 16, 8, 8]             (recursive)               (recursive)               --                        --
│    │    │    └─Linear: 4-515                [1, 512]                  [1, 1024]                 (recursive)               (recursive)               --                        525,312
│    │    │    └─Rearrange: 4-516             [1, 1024]                 [1, 16, 8, 8]             --                        (recursive)               --                        --
│    │    └─Sequential: 3-856                 [1, 512]                  [1, 16, 8, 8]             (recursive)               (recursive)               --                        --
│    │    │    └─Linear: 4-517                [1, 512]                  [1, 1024]                 (recursive)               (recursive)               --                        525,312
│    │    │    └─Rearrange: 4-518             [1, 1024]                 [1, 16, 8, 8]             --                        (recursive)               --                        --
│    │    └─Sequential: 3-857                 [1, 512]                  [1, 16, 8, 8]             (recursive)               (recursive)               --                        --
│    │    │    └─Linear: 4-519                [1, 512]                  [1, 1024]                 (recursive)               (recursive)               --                        525,312
│    │    │    └─Rearrange: 4-520             [1, 1024]                 [1, 16, 8, 8]             --                        (recursive)               --                        --
│    │    └─Sequential: 3-858                 [1, 512]                  [1, 16, 8, 8]             (recursive)               (recursive)               --                        --
│    │    │    └─Linear: 4-521                [1, 512]                  [1, 1024]                 (recursive)               (recursive)               --                        525,312
│    │    │    └─Rearrange: 4-522             [1, 1024]                 [1, 16, 8, 8]             --                        (recursive)               --                        --
│    │    └─Sequential: 3-859                 [1, 512]                  [1, 16, 8, 8]             (recursive)               (recursive)               --                        --
│    │    │    └─Linear: 4-523                [1, 512]                  [1, 1024]                 (recursive)               (recursive)               --                        525,312
│    │    │    └─Rearrange: 4-524             [1, 1024]                 [1, 16, 8, 8]             --                        (recursive)               --                        --
│    │    └─Sequential: 3-860                 [1, 512]                  [1, 16, 8, 8]             (recursive)               (recursive)               --                        --
│    │    │    └─Linear: 4-525                [1, 512]                  [1, 1024]                 (recursive)               (recursive)               --                        525,312
│    │    │    └─Rearrange: 4-526             [1, 1024]                 [1, 16, 8, 8]             --                        (recursive)               --                        --
│    │    └─Sequential: 3-861                 [1, 512]                  [1, 16, 8, 8]             (recursive)               (recursive)               --                        --
│    │    │    └─Linear: 4-527                [1, 512]                  [1, 1024]                 (recursive)               (recursive)               --                        525,312
│    │    │    └─Rearrange: 4-528             [1, 1024]                 [1, 16, 8, 8]             --                        (recursive)               --                        --
│    │    └─Sequential: 3-862                 [1, 512]                  [1, 16, 8, 8]             (recursive)               (recursive)               --                        --
│    │    │    └─Linear: 4-529                [1, 512]                  [1, 1024]                 (recursive)               (recursive)               --                        525,312
│    │    │    └─Rearrange: 4-530             [1, 1024]                 [1, 16, 8, 8]             --                        (recursive)               --                        --
│    │    └─Sequential: 3-863                 [1, 512]                  [1, 16, 8, 8]             (recursive)               (recursive)               --                        --
│    │    │    └─Linear: 4-531                [1, 512]                  [1, 1024]                 (recursive)               (recursive)               --                        525,312
│    │    │    └─Rearrange: 4-532             [1, 1024]                 [1, 16, 8, 8]             --                        (recursive)               --                        --
│    │    └─Sequential: 3-864                 [1, 512]                  [1, 16, 8, 8]             (recursive)               (recursive)               --                        --
│    │    │    └─Linear: 4-533                [1, 512]                  [1, 1024]                 (recursive)               (recursive)               --                        525,312
│    │    │    └─Rearrange: 4-534             [1, 1024]                 [1, 16, 8, 8]             --                        (recursive)               --                        --
│    │    └─Sequential: 3-865                 [1, 512]                  [1, 16, 8, 8]             (recursive)               (recursive)               --                        --
│    │    │    └─Linear: 4-535                [1, 512]                  [1, 1024]                 (recursive)               (recursive)               --                        525,312
│    │    │    └─Rearrange: 4-536             [1, 1024]                 [1, 16, 8, 8]             --                        (recursive)               --                        --
│    │    └─Sequential: 3-866                 [1, 512]                  [1, 16, 8, 8]             (recursive)               (recursive)               --                        --
│    │    │    └─Linear: 4-537                [1, 512]                  [1, 1024]                 (recursive)               (recursive)               --                        525,312
│    │    │    └─Rearrange: 4-538             [1, 1024]                 [1, 16, 8, 8]             --                        (recursive)               --                        --
│    │    └─Sequential: 3-867                 [1, 512]                  [1, 16, 8, 8]             (recursive)               (recursive)               --                        --
│    │    │    └─Linear: 4-539                [1, 512]                  [1, 1024]                 (recursive)               (recursive)               --                        525,312
│    │    │    └─Rearrange: 4-540             [1, 1024]                 [1, 16, 8, 8]             --                        (recursive)               --                        --
│    │    └─Sequential: 3-868                 [1, 512]                  [1, 16, 8, 8]             (recursive)               (recursive)               --                        --
│    │    │    └─Linear: 4-541                [1, 512]                  [1, 1024]                 (recursive)               (recursive)               --                        525,312
│    │    │    └─Rearrange: 4-542             [1, 1024]                 [1, 16, 8, 8]             --                        (recursive)               --                        --
│    │    └─Sequential: 3-869                 [1, 512]                  [1, 16, 8, 8]             (recursive)               (recursive)               --                        --
│    │    │    └─Linear: 4-543                [1, 512]                  [1, 1024]                 (recursive)               (recursive)               --                        525,312
│    │    │    └─Rearrange: 4-544             [1, 1024]                 [1, 16, 8, 8]             --                        (recursive)               --                        --
│    │    └─Sequential: 3-870                 [1, 512]                  [1, 16, 8, 8]             (recursive)               (recursive)               --                        --
│    │    │    └─Linear: 4-545                [1, 512]                  [1, 1024]                 (recursive)               (recursive)               --                        525,312
│    │    │    └─Rearrange: 4-546             [1, 1024]                 [1, 16, 8, 8]             --                        (recursive)               --                        --
│    │    └─Sequential: 3-871                 [1, 512]                  [1, 16, 8, 8]             (recursive)               (recursive)               --                        --
│    │    │    └─Linear: 4-547                [1, 512]                  [1, 1024]                 (recursive)               (recursive)               --                        525,312
│    │    │    └─Rearrange: 4-548             [1, 1024]                 [1, 16, 8, 8]             --                        (recursive)               --                        --
│    │    └─Sequential: 3-872                 [1, 512]                  [1, 16, 8, 8]             (recursive)               (recursive)               --                        --
│    │    │    └─Linear: 4-549                [1, 512]                  [1, 1024]                 (recursive)               (recursive)               --                        525,312
│    │    │    └─Rearrange: 4-550             [1, 1024]                 [1, 16, 8, 8]             --                        (recursive)               --                        --
│    │    └─Sequential: 3-873                 [1, 512]                  [1, 16, 8, 8]             (recursive)               (recursive)               --                        --
│    │    │    └─Linear: 4-551                [1, 512]                  [1, 1024]                 (recursive)               (recursive)               --                        525,312
│    │    │    └─Rearrange: 4-552             [1, 1024]                 [1, 16, 8, 8]             --                        (recursive)               --                        --
│    │    └─Sequential: 3-874                 [1, 512]                  [1, 16, 8, 8]             (recursive)               (recursive)               --                        --
│    │    │    └─Linear: 4-553                [1, 512]                  [1, 1024]                 (recursive)               (recursive)               --                        525,312
│    │    │    └─Rearrange: 4-554             [1, 1024]                 [1, 16, 8, 8]             --                        (recursive)               --                        --
│    │    └─Sequential: 3-875                 [1, 512]                  [1, 16, 8, 8]             (recursive)               (recursive)               --                        --
│    │    │    └─Linear: 4-555                [1, 512]                  [1, 1024]                 (recursive)               (recursive)               --                        525,312
│    │    │    └─Rearrange: 4-556             [1, 1024]                 [1, 16, 8, 8]             --                        (recursive)               --                        --
│    │    └─Sequential: 3-876                 [1, 512]                  [1, 16, 8, 8]             (recursive)               (recursive)               --                        --
│    │    │    └─Linear: 4-557                [1, 512]                  [1, 1024]                 (recursive)               (recursive)               --                        525,312
│    │    │    └─Rearrange: 4-558             [1, 1024]                 [1, 16, 8, 8]             --                        (recursive)               --                        --
│    │    └─Sequential: 3-877                 [1, 512]                  [1, 16, 8, 8]             (recursive)               (recursive)               --                        --
│    │    │    └─Linear: 4-559                [1, 512]                  [1, 1024]                 (recursive)               (recursive)               --                        525,312
│    │    │    └─Rearrange: 4-560             [1, 1024]                 [1, 16, 8, 8]             --                        (recursive)               --                        --
│    │    └─Sequential: 3-878                 [1, 512]                  [1, 16, 8, 8]             (recursive)               (recursive)               --                        --
│    │    │    └─Linear: 4-561                [1, 512]                  [1, 1024]                 (recursive)               (recursive)               --                        525,312
│    │    │    └─Rearrange: 4-562             [1, 1024]                 [1, 16, 8, 8]             --                        (recursive)               --                        --
│    │    └─Sequential: 3-879                 [1, 512]                  [1, 16, 8, 8]             (recursive)               (recursive)               --                        --
│    │    │    └─Linear: 4-563                [1, 512]                  [1, 1024]                 (recursive)               (recursive)               --                        525,312
│    │    │    └─Rearrange: 4-564             [1, 1024]                 [1, 16, 8, 8]             --                        (recursive)               --                        --
│    │    └─Sequential: 3-880                 [1, 512]                  [1, 16, 8, 8]             (recursive)               (recursive)               --                        --
│    │    │    └─Linear: 4-565                [1, 512]                  [1, 1024]                 (recursive)               (recursive)               --                        525,312
│    │    │    └─Rearrange: 4-566             [1, 1024]                 [1, 16, 8, 8]             --                        (recursive)               --                        --
│    │    └─Sequential: 3-881                 [1, 512]                  [1, 16, 8, 8]             (recursive)               (recursive)               --                        --
│    │    │    └─Linear: 4-567                [1, 512]                  [1, 1024]                 (recursive)               (recursive)               --                        525,312
│    │    │    └─Rearrange: 4-568             [1, 1024]                 [1, 16, 8, 8]             --                        (recursive)               --                        --
│    │    └─Sequential: 3-882                 [1, 512]                  [1, 16, 8, 8]             (recursive)               (recursive)               --                        --
│    │    │    └─Linear: 4-569                [1, 512]                  [1, 1024]                 (recursive)               (recursive)               --                        525,312
│    │    │    └─Rearrange: 4-570             [1, 1024]                 [1, 16, 8, 8]             --                        (recursive)               --                        --
│    │    └─Sequential: 3-883                 [1, 512]                  [1, 16, 8, 8]             (recursive)               (recursive)               --                        --
│    │    │    └─Linear: 4-571                [1, 512]                  [1, 1024]                 (recursive)               (recursive)               --                        525,312
│    │    │    └─Rearrange: 4-572             [1, 1024]                 [1, 16, 8, 8]             --                        (recursive)               --                        --
│    │    └─Sequential: 3-884                 [1, 512]                  [1, 16, 8, 8]             (recursive)               (recursive)               --                        --
│    │    │    └─Linear: 4-573                [1, 512]                  [1, 1024]                 (recursive)               (recursive)               --                        525,312
│    │    │    └─Rearrange: 4-574             [1, 1024]                 [1, 16, 8, 8]             --                        (recursive)               --                        --
│    │    └─Sequential: 3-885                 [1, 512]                  [1, 16, 8, 8]             (recursive)               (recursive)               --                        --
│    │    │    └─Linear: 4-575                [1, 512]                  [1, 1024]                 (recursive)               (recursive)               --                        525,312
│    │    │    └─Rearrange: 4-576             [1, 1024]                 [1, 16, 8, 8]             --                        (recursive)               --                        --
│    │    └─Sequential: 3-886                 [1, 512]                  [1, 16, 8, 8]             (recursive)               (recursive)               --                        --
│    │    │    └─Linear: 4-577                [1, 512]                  [1, 1024]                 (recursive)               (recursive)               --                        525,312
│    │    │    └─Rearrange: 4-578             [1, 1024]                 [1, 16, 8, 8]             --                        (recursive)               --                        --
│    │    └─Sequential: 3-887                 [1, 512]                  [1, 16, 8, 8]             (recursive)               (recursive)               --                        --
│    │    │    └─Linear: 4-579                [1, 512]                  [1, 1024]                 (recursive)               (recursive)               --                        525,312
│    │    │    └─Rearrange: 4-580             [1, 1024]                 [1, 16, 8, 8]             --                        (recursive)               --                        --
│    │    └─Sequential: 3-888                 [1, 512]                  [1, 16, 8, 8]             (recursive)               (recursive)               --                        --
│    │    │    └─Linear: 4-581                [1, 512]                  [1, 1024]                 (recursive)               (recursive)               --                        525,312
│    │    │    └─Rearrange: 4-582             [1, 1024]                 [1, 16, 8, 8]             --                        (recursive)               --                        --
│    │    └─Sequential: 3-889                 [1, 512]                  [1, 16, 8, 8]             (recursive)               (recursive)               --                        --
│    │    │    └─Linear: 4-583                [1, 512]                  [1, 1024]                 (recursive)               (recursive)               --                        525,312
│    │    │    └─Rearrange: 4-584             [1, 1024]                 [1, 16, 8, 8]             --                        (recursive)               --                        --
│    │    └─Sequential: 3-890                 [1, 512]                  [1, 16, 8, 8]             (recursive)               (recursive)               --                        --
│    │    │    └─Linear: 4-585                [1, 512]                  [1, 1024]                 (recursive)               (recursive)               --                        525,312
│    │    │    └─Rearrange: 4-586             [1, 1024]                 [1, 16, 8, 8]             --                        (recursive)               --                        --
│    │    └─Sequential: 3-891                 [1, 512]                  [1, 16, 8, 8]             (recursive)               (recursive)               --                        --
│    │    │    └─Linear: 4-587                [1, 512]                  [1, 1024]                 (recursive)               (recursive)               --                        525,312
│    │    │    └─Rearrange: 4-588             [1, 1024]                 [1, 16, 8, 8]             --                        (recursive)               --                        --
│    │    └─Sequential: 3-892                 [1, 512]                  [1, 16, 8, 8]             (recursive)               (recursive)               --                        --
│    │    │    └─Linear: 4-589                [1, 512]                  [1, 1024]                 (recursive)               (recursive)               --                        525,312
│    │    │    └─Rearrange: 4-590             [1, 1024]                 [1, 16, 8, 8]             --                        (recursive)               --                        --
│    │    └─Sequential: 3-893                 [1, 512]                  [1, 16, 8, 8]             (recursive)               (recursive)               --                        --
│    │    │    └─Linear: 4-591                [1, 512]                  [1, 1024]                 (recursive)               (recursive)               --                        525,312
│    │    │    └─Rearrange: 4-592             [1, 1024]                 [1, 16, 8, 8]             --                        (recursive)               --                        --
│    │    └─Sequential: 3-894                 [1, 512]                  [1, 16, 8, 8]             (recursive)               (recursive)               --                        --
│    │    │    └─Linear: 4-593                [1, 512]                  [1, 1024]                 (recursive)               (recursive)               --                        525,312
│    │    │    └─Rearrange: 4-594             [1, 1024]                 [1, 16, 8, 8]             --                        (recursive)               --                        --
│    │    └─Sequential: 3-895                 [1, 512]                  [1, 16, 8, 8]             (recursive)               (recursive)               --                        --
│    │    │    └─Linear: 4-595                [1, 512]                  [1, 1024]                 (recursive)               (recursive)               --                        525,312
│    │    │    └─Rearrange: 4-596             [1, 1024]                 [1, 16, 8, 8]             --                        (recursive)               --                        --
│    │    └─Sequential: 3-896                 [1, 512]                  [1, 16, 8, 8]             (recursive)               (recursive)               --                        --
│    │    │    └─Linear: 4-597                [1, 512]                  [1, 1024]                 (recursive)               (recursive)               --                        525,312
│    │    │    └─Rearrange: 4-598             [1, 1024]                 [1, 16, 8, 8]             --                        (recursive)               --                        --
│    │    └─Sequential: 3-897                 [1, 512]                  [1, 16, 8, 8]             (recursive)               (recursive)               --                        --
│    │    │    └─Linear: 4-599                [1, 512]                  [1, 1024]                 (recursive)               (recursive)               --                        525,312
│    │    │    └─Rearrange: 4-600             [1, 1024]                 [1, 16, 8, 8]             --                        (recursive)               --                        --
│    │    └─Sequential: 3-898                 [1, 512]                  [1, 16, 8, 8]             (recursive)               (recursive)               --                        --
│    │    │    └─Linear: 4-601                [1, 512]                  [1, 1024]                 (recursive)               (recursive)               --                        525,312
│    │    │    └─Rearrange: 4-602             [1, 1024]                 [1, 16, 8, 8]             --                        (recursive)               --                        --
│    │    └─Sequential: 3-899                 [1, 512]                  [1, 16, 8, 8]             (recursive)               (recursive)               --                        --
│    │    │    └─Linear: 4-603                [1, 512]                  [1, 1024]                 (recursive)               (recursive)               --                        525,312
│    │    │    └─Rearrange: 4-604             [1, 1024]                 [1, 16, 8, 8]             --                        (recursive)               --                        --
│    │    └─Sequential: 3-900                 [1, 512]                  [1, 16, 8, 8]             (recursive)               (recursive)               --                        --
│    │    │    └─Linear: 4-605                [1, 512]                  [1, 1024]                 (recursive)               (recursive)               --                        525,312
│    │    │    └─Rearrange: 4-606             [1, 1024]                 [1, 16, 8, 8]             --                        (recursive)               --                        --
│    │    └─Sequential: 3-901                 [1, 512]                  [1, 16, 8, 8]             (recursive)               (recursive)               --                        --
│    │    │    └─Linear: 4-607                [1, 512]                  [1, 1024]                 (recursive)               (recursive)               --                        525,312
│    │    │    └─Rearrange: 4-608             [1, 1024]                 [1, 16, 8, 8]             --                        (recursive)               --                        --
│    │    └─Sequential: 3-902                 [1, 512]                  [1, 16, 8, 8]             (recursive)               (recursive)               --                        --
│    │    │    └─Linear: 4-609                [1, 512]                  [1, 1024]                 (recursive)               (recursive)               --                        525,312
│    │    │    └─Rearrange: 4-610             [1, 1024]                 [1, 16, 8, 8]             --                        (recursive)               --                        --
│    │    └─Sequential: 3-903                 [1, 512]                  [1, 16, 8, 8]             (recursive)               (recursive)               --                        --
│    │    │    └─Linear: 4-611                [1, 512]                  [1, 1024]                 (recursive)               (recursive)               --                        525,312
│    │    │    └─Rearrange: 4-612             [1, 1024]                 [1, 16, 8, 8]             --                        (recursive)               --                        --
│    │    └─Sequential: 3-904                 [1, 512]                  [1, 16, 8, 8]             (recursive)               (recursive)               --                        --
│    │    │    └─Linear: 4-613                [1, 512]                  [1, 1024]                 (recursive)               (recursive)               --                        525,312
│    │    │    └─Rearrange: 4-614             [1, 1024]                 [1, 16, 8, 8]             --                        (recursive)               --                        --
│    │    └─Sequential: 3-905                 [1, 512]                  [1, 16, 8, 8]             (recursive)               (recursive)               --                        --
│    │    │    └─Linear: 4-615                [1, 512]                  [1, 1024]                 (recursive)               (recursive)               --                        525,312
│    │    │    └─Rearrange: 4-616             [1, 1024]                 [1, 16, 8, 8]             --                        (recursive)               --                        --
│    │    └─Sequential: 3-906                 [1, 512]                  [1, 16, 8, 8]             (recursive)               (recursive)               --                        --
│    │    │    └─Linear: 4-617                [1, 512]                  [1, 1024]                 (recursive)               (recursive)               --                        525,312
│    │    │    └─Rearrange: 4-618             [1, 1024]                 [1, 16, 8, 8]             --                        (recursive)               --                        --
│    │    └─Sequential: 3-907                 [1, 512]                  [1, 16, 8, 8]             (recursive)               (recursive)               --                        --
│    │    │    └─Linear: 4-619                [1, 512]                  [1, 1024]                 (recursive)               (recursive)               --                        525,312
│    │    │    └─Rearrange: 4-620             [1, 1024]                 [1, 16, 8, 8]             --                        (recursive)               --                        --
│    │    └─Sequential: 3-908                 [1, 512]                  [1, 16, 8, 8]             (recursive)               (recursive)               --                        --
│    │    │    └─Linear: 4-621                [1, 512]                  [1, 1024]                 (recursive)               (recursive)               --                        525,312
│    │    │    └─Rearrange: 4-622             [1, 1024]                 [1, 16, 8, 8]             --                        (recursive)               --                        --
│    │    └─Sequential: 3-909                 [1, 512]                  [1, 16, 8, 8]             (recursive)               (recursive)               --                        --
│    │    │    └─Linear: 4-623                [1, 512]                  [1, 1024]                 (recursive)               (recursive)               --                        525,312
│    │    │    └─Rearrange: 4-624             [1, 1024]                 [1, 16, 8, 8]             --                        (recursive)               --                        --
│    │    └─Sequential: 3-910                 [1, 512]                  [1, 16, 8, 8]             (recursive)               (recursive)               --                        --
│    │    │    └─Linear: 4-625                [1, 512]                  [1, 1024]                 (recursive)               (recursive)               --                        525,312
│    │    │    └─Rearrange: 4-626             [1, 1024]                 [1, 16, 8, 8]             --                        (recursive)               --                        --
│    │    └─Sequential: 3-911                 [1, 512]                  [1, 16, 8, 8]             (recursive)               (recursive)               --                        --
│    │    │    └─Linear: 4-627                [1, 512]                  [1, 1024]                 (recursive)               (recursive)               --                        525,312
│    │    │    └─Rearrange: 4-628             [1, 1024]                 [1, 16, 8, 8]             --                        (recursive)               --                        --
│    │    └─Sequential: 3-912                 [1, 512]                  [1, 16, 8, 8]             (recursive)               (recursive)               --                        --
│    │    │    └─Linear: 4-629                [1, 512]                  [1, 1024]                 (recursive)               (recursive)               --                        525,312
│    │    │    └─Rearrange: 4-630             [1, 1024]                 [1, 16, 8, 8]             --                        (recursive)               --                        --
│    │    └─Sequential: 3-913                 [1, 512]                  [1, 16, 8, 8]             (recursive)               (recursive)               --                        --
│    │    │    └─Linear: 4-631                [1, 512]                  [1, 1024]                 (recursive)               (recursive)               --                        525,312
│    │    │    └─Rearrange: 4-632             [1, 1024]                 [1, 16, 8, 8]             --                        (recursive)               --                        --
│    │    └─Sequential: 3-914                 [1, 512]                  [1, 16, 8, 8]             (recursive)               (recursive)               --                        --
│    │    │    └─Linear: 4-633                [1, 512]                  [1, 1024]                 (recursive)               (recursive)               --                        525,312
│    │    │    └─Rearrange: 4-634             [1, 1024]                 [1, 16, 8, 8]             --                        (recursive)               --                        --
│    │    └─Sequential: 3-915                 [1, 512]                  [1, 16, 8, 8]             (recursive)               (recursive)               --                        --
│    │    │    └─Linear: 4-635                [1, 512]                  [1, 1024]                 (recursive)               (recursive)               --                        525,312
│    │    │    └─Rearrange: 4-636             [1, 1024]                 [1, 16, 8, 8]             --                        (recursive)               --                        --
│    │    └─Sequential: 3-916                 [1, 512]                  [1, 16, 8, 8]             (recursive)               (recursive)               --                        --
│    │    │    └─Linear: 4-637                [1, 512]                  [1, 1024]                 (recursive)               (recursive)               --                        525,312
│    │    │    └─Rearrange: 4-638             [1, 1024]                 [1, 16, 8, 8]             --                        (recursive)               --                        --
│    │    └─Sequential: 3-917                 [1, 512]                  [1, 16, 8, 8]             (recursive)               (recursive)               --                        --
│    │    │    └─Linear: 4-639                [1, 512]                  [1, 1024]                 (recursive)               (recursive)               --                        525,312
│    │    │    └─Rearrange: 4-640             [1, 1024]                 [1, 16, 8, 8]             --                        (recursive)               --                        --
│    │    └─Sequential: 3-918                 [1, 512]                  [1, 16, 8, 8]             (recursive)               (recursive)               --                        --
│    │    │    └─Linear: 4-641                [1, 512]                  [1, 1024]                 (recursive)               (recursive)               --                        525,312
│    │    │    └─Rearrange: 4-642             [1, 1024]                 [1, 16, 8, 8]             --                        (recursive)               --                        --
│    │    └─Sequential: 3-919                 [1, 512]                  [1, 16, 8, 8]             (recursive)               (recursive)               --                        --
│    │    │    └─Linear: 4-643                [1, 512]                  [1, 1024]                 (recursive)               (recursive)               --                        525,312
│    │    │    └─Rearrange: 4-644             [1, 1024]                 [1, 16, 8, 8]             --                        (recursive)               --                        --
│    │    └─Sequential: 3-920                 [1, 512]                  [1, 16, 8, 8]             (recursive)               (recursive)               --                        --
│    │    │    └─Linear: 4-645                [1, 512]                  [1, 1024]                 (recursive)               (recursive)               --                        525,312
│    │    │    └─Rearrange: 4-646             [1, 1024]                 [1, 16, 8, 8]             --                        (recursive)               --                        --
│    │    └─Sequential: 3-921                 [1, 512]                  [1, 16, 8, 8]             (recursive)               (recursive)               --                        --
│    │    │    └─Linear: 4-647                [1, 512]                  [1, 1024]                 (recursive)               (recursive)               --                        525,312
│    │    │    └─Rearrange: 4-648             [1, 1024]                 [1, 16, 8, 8]             --                        (recursive)               --                        --
│    │    └─Sequential: 3-922                 [1, 512]                  [1, 16, 8, 8]             (recursive)               (recursive)               --                        --
│    │    │    └─Linear: 4-649                [1, 512]                  [1, 1024]                 (recursive)               (recursive)               --                        525,312
│    │    │    └─Rearrange: 4-650             [1, 1024]                 [1, 16, 8, 8]             --                        (recursive)               --                        --
│    │    └─Sequential: 3-923                 [1, 512]                  [1, 16, 8, 8]             (recursive)               (recursive)               --                        --
│    │    │    └─Linear: 4-651                [1, 512]                  [1, 1024]                 (recursive)               (recursive)               --                        525,312
│    │    │    └─Rearrange: 4-652             [1, 1024]                 [1, 16, 8, 8]             --                        (recursive)               --                        --
│    │    └─Sequential: 3-924                 [1, 512]                  [1, 16, 8, 8]             (recursive)               (recursive)               --                        --
│    │    │    └─Linear: 4-653                [1, 512]                  [1, 1024]                 (recursive)               (recursive)               --                        525,312
│    │    │    └─Rearrange: 4-654             [1, 1024]                 [1, 16, 8, 8]             --                        (recursive)               --                        --
│    │    └─Sequential: 3-925                 [1, 512]                  [1, 16, 8, 8]             (recursive)               (recursive)               --                        --
│    │    │    └─Linear: 4-655                [1, 512]                  [1, 1024]                 (recursive)               (recursive)               --                        525,312
│    │    │    └─Rearrange: 4-656             [1, 1024]                 [1, 16, 8, 8]             --                        (recursive)               --                        --
│    │    └─Sequential: 3-926                 [1, 512]                  [1, 16, 8, 8]             (recursive)               (recursive)               --                        --
│    │    │    └─Linear: 4-657                [1, 512]                  [1, 1024]                 (recursive)               (recursive)               --                        525,312
│    │    │    └─Rearrange: 4-658             [1, 1024]                 [1, 16, 8, 8]             --                        (recursive)               --                        --
│    │    └─Sequential: 3-927                 [1, 512]                  [1, 16, 8, 8]             (recursive)               (recursive)               --                        --
│    │    │    └─Linear: 4-659                [1, 512]                  [1, 1024]                 (recursive)               (recursive)               --                        525,312
│    │    │    └─Rearrange: 4-660             [1, 1024]                 [1, 16, 8, 8]             --                        (recursive)               --                        --
│    │    └─Sequential: 3-928                 [1, 512]                  [1, 16, 8, 8]             (recursive)               (recursive)               --                        --
│    │    │    └─Linear: 4-661                [1, 512]                  [1, 1024]                 (recursive)               (recursive)               --                        525,312
│    │    │    └─Rearrange: 4-662             [1, 1024]                 [1, 16, 8, 8]             --                        (recursive)               --                        --
│    │    └─Sequential: 3-929                 [1, 512]                  [1, 16, 8, 8]             (recursive)               (recursive)               --                        --
│    │    │    └─Linear: 4-663                [1, 512]                  [1, 1024]                 (recursive)               (recursive)               --                        525,312
│    │    │    └─Rearrange: 4-664             [1, 1024]                 [1, 16, 8, 8]             --                        (recursive)               --                        --
│    │    └─Sequential: 3-930                 [1, 512]                  [1, 16, 8, 8]             (recursive)               (recursive)               --                        --
│    │    │    └─Linear: 4-665                [1, 512]                  [1, 1024]                 (recursive)               (recursive)               --                        525,312
│    │    │    └─Rearrange: 4-666             [1, 1024]                 [1, 16, 8, 8]             --                        (recursive)               --                        --
│    │    └─Sequential: 3-931                 [1, 512]                  [1, 16, 8, 8]             (recursive)               (recursive)               --                        --
│    │    │    └─Linear: 4-667                [1, 512]                  [1, 1024]                 (recursive)               (recursive)               --                        525,312
│    │    │    └─Rearrange: 4-668             [1, 1024]                 [1, 16, 8, 8]             --                        (recursive)               --                        --
│    │    └─Sequential: 3-932                 [1, 512]                  [1, 16, 8, 8]             (recursive)               (recursive)               --                        --
│    │    │    └─Linear: 4-669                [1, 512]                  [1, 1024]                 (recursive)               (recursive)               --                        525,312
│    │    │    └─Rearrange: 4-670             [1, 1024]                 [1, 16, 8, 8]             --                        (recursive)               --                        --
│    │    └─Sequential: 3-933                 [1, 512]                  [1, 16, 8, 8]             (recursive)               (recursive)               --                        --
│    │    │    └─Linear: 4-671                [1, 512]                  [1, 1024]                 (recursive)               (recursive)               --                        525,312
│    │    │    └─Rearrange: 4-672             [1, 1024]                 [1, 16, 8, 8]             --                        (recursive)               --                        --
│    │    └─Sequential: 3-934                 [1, 512]                  [1, 16, 8, 8]             (recursive)               (recursive)               --                        --
│    │    │    └─Linear: 4-673                [1, 512]                  [1, 1024]                 (recursive)               (recursive)               --                        525,312
│    │    │    └─Rearrange: 4-674             [1, 1024]                 [1, 16, 8, 8]             --                        (recursive)               --                        --
│    │    └─Sequential: 3-935                 [1, 512]                  [1, 16, 8, 8]             (recursive)               (recursive)               --                        --
│    │    │    └─Linear: 4-675                [1, 512]                  [1, 1024]                 (recursive)               (recursive)               --                        525,312
│    │    │    └─Rearrange: 4-676             [1, 1024]                 [1, 16, 8, 8]             --                        (recursive)               --                        --
│    │    └─Sequential: 3-936                 [1, 512]                  [1, 16, 8, 8]             (recursive)               (recursive)               --                        --
│    │    │    └─Linear: 4-677                [1, 512]                  [1, 1024]                 (recursive)               (recursive)               --                        525,312
│    │    │    └─Rearrange: 4-678             [1, 1024]                 [1, 16, 8, 8]             --                        (recursive)               --                        --
│    │    └─Sequential: 3-937                 [1, 512]                  [1, 16, 8, 8]             (recursive)               (recursive)               --                        --
│    │    │    └─Linear: 4-679                [1, 512]                  [1, 1024]                 (recursive)               (recursive)               --                        525,312
│    │    │    └─Rearrange: 4-680             [1, 1024]                 [1, 16, 8, 8]             --                        (recursive)               --                        --
│    │    └─Sequential: 3-938                 [1, 512]                  [1, 16, 8, 8]             (recursive)               (recursive)               --                        --
│    │    │    └─Linear: 4-681                [1, 512]                  [1, 1024]                 (recursive)               (recursive)               --                        525,312
│    │    │    └─Rearrange: 4-682             [1, 1024]                 [1, 16, 8, 8]             --                        (recursive)               --                        --
│    │    └─Sequential: 3-939                 [1, 512]                  [1, 16, 8, 8]             (recursive)               (recursive)               --                        --
│    │    │    └─Linear: 4-683                [1, 512]                  [1, 1024]                 (recursive)               (recursive)               --                        525,312
│    │    │    └─Rearrange: 4-684             [1, 1024]                 [1, 16, 8, 8]             --                        (recursive)               --                        --
│    │    └─Sequential: 3-940                 [1, 512]                  [1, 16, 8, 8]             (recursive)               (recursive)               --                        --
│    │    │    └─Linear: 4-685                [1, 512]                  [1, 1024]                 (recursive)               (recursive)               --                        525,312
│    │    │    └─Rearrange: 4-686             [1, 1024]                 [1, 16, 8, 8]             --                        (recursive)               --                        --
│    │    └─Sequential: 3-941                 [1, 512]                  [1, 16, 8, 8]             (recursive)               (recursive)               --                        --
│    │    │    └─Linear: 4-687                [1, 512]                  [1, 1024]                 (recursive)               (recursive)               --                        525,312
│    │    │    └─Rearrange: 4-688             [1, 1024]                 [1, 16, 8, 8]             --                        (recursive)               --                        --
│    │    └─Sequential: 3-942                 [1, 512]                  [1, 16, 8, 8]             (recursive)               (recursive)               --                        --
│    │    │    └─Linear: 4-689                [1, 512]                  [1, 1024]                 (recursive)               (recursive)               --                        525,312
│    │    │    └─Rearrange: 4-690             [1, 1024]                 [1, 16, 8, 8]             --                        (recursive)               --                        --
│    │    └─Sequential: 3-943                 [1, 512]                  [1, 16, 8, 8]             (recursive)               (recursive)               --                        --
│    │    │    └─Linear: 4-691                [1, 512]                  [1, 1024]                 (recursive)               (recursive)               --                        525,312
│    │    │    └─Rearrange: 4-692             [1, 1024]                 [1, 16, 8, 8]             --                        (recursive)               --                        --
│    │    └─Sequential: 3-944                 [1, 512]                  [1, 16, 8, 8]             (recursive)               (recursive)               --                        --
│    │    │    └─Linear: 4-693                [1, 512]                  [1, 1024]                 (recursive)               (recursive)               --                        525,312
│    │    │    └─Rearrange: 4-694             [1, 1024]                 [1, 16, 8, 8]             --                        (recursive)               --                        --
│    │    └─Sequential: 3-945                 [1, 512]                  [1, 16, 8, 8]             (recursive)               (recursive)               --                        --
│    │    │    └─Linear: 4-695                [1, 512]                  [1, 1024]                 (recursive)               (recursive)               --                        525,312
│    │    │    └─Rearrange: 4-696             [1, 1024]                 [1, 16, 8, 8]             --                        (recursive)               --                        --
│    │    └─Sequential: 3-946                 [1, 512]                  [1, 16, 8, 8]             (recursive)               (recursive)               --                        --
│    │    │    └─Linear: 4-697                [1, 512]                  [1, 1024]                 (recursive)               (recursive)               --                        525,312
│    │    │    └─Rearrange: 4-698             [1, 1024]                 [1, 16, 8, 8]             --                        (recursive)               --                        --
│    │    └─Sequential: 3-947                 [1, 512]                  [1, 16, 8, 8]             (recursive)               (recursive)               --                        --
│    │    │    └─Linear: 4-699                [1, 512]                  [1, 1024]                 (recursive)               (recursive)               --                        525,312
│    │    │    └─Rearrange: 4-700             [1, 1024]                 [1, 16, 8, 8]             --                        (recursive)               --                        --
│    │    └─Sequential: 3-948                 [1, 512]                  [1, 16, 8, 8]             (recursive)               (recursive)               --                        --
│    │    │    └─Linear: 4-701                [1, 512]                  [1, 1024]                 (recursive)               (recursive)               --                        525,312
│    │    │    └─Rearrange: 4-702             [1, 1024]                 [1, 16, 8, 8]             --                        (recursive)               --                        --
│    │    └─Sequential: 3-949                 [1, 512]                  [1, 16, 8, 8]             (recursive)               (recursive)               --                        --
│    │    │    └─Linear: 4-703                [1, 512]                  [1, 1024]                 (recursive)               (recursive)               --                        525,312
│    │    │    └─Rearrange: 4-704             [1, 1024]                 [1, 16, 8, 8]             --                        (recursive)               --                        --
│    │    └─Sequential: 3-950                 [1, 512]                  [1, 16, 8, 8]             (recursive)               (recursive)               --                        --
│    │    │    └─Linear: 4-705                [1, 512]                  [1, 1024]                 (recursive)               (recursive)               --                        525,312
│    │    │    └─Rearrange: 4-706             [1, 1024]                 [1, 16, 8, 8]             --                        (recursive)               --                        --
│    │    └─Sequential: 3-951                 [1, 512]                  [1, 16, 8, 8]             (recursive)               (recursive)               --                        --
│    │    │    └─Linear: 4-707                [1, 512]                  [1, 1024]                 (recursive)               (recursive)               --                        525,312
│    │    │    └─Rearrange: 4-708             [1, 1024]                 [1, 16, 8, 8]             --                        (recursive)               --                        --
│    │    └─Sequential: 3-952                 [1, 512]                  [1, 16, 8, 8]             (recursive)               (recursive)               --                        --
│    │    │    └─Linear: 4-709                [1, 512]                  [1, 1024]                 (recursive)               (recursive)               --                        525,312
│    │    │    └─Rearrange: 4-710             [1, 1024]                 [1, 16, 8, 8]             --                        (recursive)               --                        --
│    │    └─Sequential: 3-953                 [1, 512]                  [1, 16, 8, 8]             (recursive)               (recursive)               --                        --
│    │    │    └─Linear: 4-711                [1, 512]                  [1, 1024]                 (recursive)               (recursive)               --                        525,312
│    │    │    └─Rearrange: 4-712             [1, 1024]                 [1, 16, 8, 8]             --                        (recursive)               --                        --
│    │    └─Sequential: 3-954                 [1, 512]                  [1, 16, 8, 8]             (recursive)               (recursive)               --                        --
│    │    │    └─Linear: 4-713                [1, 512]                  [1, 1024]                 (recursive)               (recursive)               --                        525,312
│    │    │    └─Rearrange: 4-714             [1, 1024]                 [1, 16, 8, 8]             --                        (recursive)               --                        --
│    │    └─Sequential: 3-955                 [1, 512]                  [1, 16, 8, 8]             (recursive)               (recursive)               --                        --
│    │    │    └─Linear: 4-715                [1, 512]                  [1, 1024]                 (recursive)               (recursive)               --                        525,312
│    │    │    └─Rearrange: 4-716             [1, 1024]                 [1, 16, 8, 8]             --                        (recursive)               --                        --
│    │    └─Sequential: 3-956                 [1, 512]                  [1, 16, 8, 8]             (recursive)               (recursive)               --                        --
│    │    │    └─Linear: 4-717                [1, 512]                  [1, 1024]                 (recursive)               (recursive)               --                        525,312
│    │    │    └─Rearrange: 4-718             [1, 1024]                 [1, 16, 8, 8]             --                        (recursive)               --                        --
│    │    └─Sequential: 3-957                 [1, 512]                  [1, 16, 8, 8]             (recursive)               (recursive)               --                        --
│    │    │    └─Linear: 4-719                [1, 512]                  [1, 1024]                 (recursive)               (recursive)               --                        525,312
│    │    │    └─Rearrange: 4-720             [1, 1024]                 [1, 16, 8, 8]             --                        (recursive)               --                        --
│    │    └─Sequential: 3-958                 [1, 512]                  [1, 16, 8, 8]             (recursive)               (recursive)               --                        --
│    │    │    └─Linear: 4-721                [1, 512]                  [1, 1024]                 (recursive)               (recursive)               --                        525,312
│    │    │    └─Rearrange: 4-722             [1, 1024]                 [1, 16, 8, 8]             --                        (recursive)               --                        --
│    │    └─Sequential: 3-959                 [1, 512]                  [1, 16, 8, 8]             (recursive)               (recursive)               --                        --
│    │    │    └─Linear: 4-723                [1, 512]                  [1, 1024]                 (recursive)               (recursive)               --                        525,312
│    │    │    └─Rearrange: 4-724             [1, 1024]                 [1, 16, 8, 8]             --                        (recursive)               --                        --
│    │    └─Sequential: 3-960                 [1, 512]                  [1, 16, 8, 8]             (recursive)               (recursive)               --                        --
│    │    │    └─Linear: 4-725                [1, 512]                  [1, 1024]                 (recursive)               (recursive)               --                        525,312
│    │    │    └─Rearrange: 4-726             [1, 1024]                 [1, 16, 8, 8]             --                        (recursive)               --                        --
│    │    └─Sequential: 3-961                 [1, 512]                  [1, 16, 8, 8]             (recursive)               (recursive)               --                        --
│    │    │    └─Linear: 4-727                [1, 512]                  [1, 1024]                 (recursive)               (recursive)               --                        525,312
│    │    │    └─Rearrange: 4-728             [1, 1024]                 [1, 16, 8, 8]             --                        (recursive)               --                        --
│    │    └─Sequential: 3-962                 [1, 512]                  [1, 16, 8, 8]             (recursive)               (recursive)               --                        --
│    │    │    └─Linear: 4-729                [1, 512]                  [1, 1024]                 (recursive)               (recursive)               --                        525,312
│    │    │    └─Rearrange: 4-730             [1, 1024]                 [1, 16, 8, 8]             --                        (recursive)               --                        --
│    │    └─Sequential: 3-963                 [1, 512]                  [1, 16, 8, 8]             (recursive)               (recursive)               --                        --
│    │    │    └─Linear: 4-731                [1, 512]                  [1, 1024]                 (recursive)               (recursive)               --                        525,312
│    │    │    └─Rearrange: 4-732             [1, 1024]                 [1, 16, 8, 8]             --                        (recursive)               --                        --
│    │    └─Sequential: 3-964                 [1, 512]                  [1, 16, 8, 8]             (recursive)               (recursive)               --                        --
│    │    │    └─Linear: 4-733                [1, 512]                  [1, 1024]                 (recursive)               (recursive)               --                        525,312
│    │    │    └─Rearrange: 4-734             [1, 1024]                 [1, 16, 8, 8]             --                        (recursive)               --                        --
│    │    └─Sequential: 3-965                 [1, 512]                  [1, 16, 8, 8]             (recursive)               (recursive)               --                        --
│    │    │    └─Linear: 4-735                [1, 512]                  [1, 1024]                 (recursive)               (recursive)               --                        525,312
│    │    │    └─Rearrange: 4-736             [1, 1024]                 [1, 16, 8, 8]             --                        (recursive)               --                        --
│    │    └─Sequential: 3-966                 [1, 512]                  [1, 16, 8, 8]             (recursive)               (recursive)               --                        --
│    │    │    └─Linear: 4-737                [1, 512]                  [1, 1024]                 (recursive)               (recursive)               --                        525,312
│    │    │    └─Rearrange: 4-738             [1, 1024]                 [1, 16, 8, 8]             --                        (recursive)               --                        --
│    │    └─Sequential: 3-967                 [1, 512]                  [1, 16, 8, 8]             (recursive)               (recursive)               --                        --
│    │    │    └─Linear: 4-739                [1, 512]                  [1, 1024]                 (recursive)               (recursive)               --                        525,312
│    │    │    └─Rearrange: 4-740             [1, 1024]                 [1, 16, 8, 8]             --                        (recursive)               --                        --
│    │    └─Sequential: 3-968                 [1, 512]                  [1, 16, 8, 8]             (recursive)               (recursive)               --                        --
│    │    │    └─Linear: 4-741                [1, 512]                  [1, 1024]                 (recursive)               (recursive)               --                        525,312
│    │    │    └─Rearrange: 4-742             [1, 1024]                 [1, 16, 8, 8]             --                        (recursive)               --                        --
│    └─Conv2d: 2-27                           [1, 16, 256, 256]         [1, 3, 256, 256]          435                         0.00%                   [3, 3]                    28,508,160
===================================================================================================================================================================================================
Total params: 214,053,731
Trainable params: 214,053,731
Non-trainable params: 0
Total mult-adds (G): 26.37
===================================================================================================================================================================================================
Input size (MB): 0.79
Forward/backward pass size (MB): 404.40
Params size (MB): 748.71
Estimated Total Size (MB): 1153.90
===================================================================================================================================================================================================
[12/01 00:13:21 Tokenizer]: ===================================================================================================================================================================================================
Layer (type:depth-idx)                        Input Shape               Output Shape              Param #                   Param %                   Kernel Shape              Mult-Adds
===================================================================================================================================================================================================
QuadTok                                       [1, 3, 256, 256]          [1, 3, 256, 256]          --                             --                   --                        --
├─QuadTokEncoder: 1-1                         --                        [1, 256, 512]             132,096                     0.06%                   --                        --
│    └─Conv2d: 2-1                            [1, 3, 256, 256]          [1, 512, 16, 16]          393,728                     0.18%                   [16, 16]                  100,794,368
│    └─LayerNorm: 2-2                         [1, 257, 512]             [1, 257, 512]             1,024                       0.00%                   --                        1,024
│    └─ModuleList: 2-3                        --                        --                        --                             --                   --                        --
│    │    └─ResidualAttentionBlock: 3-1       [257, 1, 512]             [257, 1, 512]             --                             --                   --                        --
│    │    │    └─LayerNorm: 4-1               [257, 1, 512]             [257, 1, 512]             1,024                       0.00%                   --                        263,168
│    │    │    └─MultiheadAttention: 4-2      [257, 1, 512]             [257, 1, 512]             1,050,624                   0.49%                   --                        --
│    │    │    └─LayerNorm: 4-3               [257, 1, 512]             [257, 1, 512]             1,024                       0.00%                   --                        263,168
│    │    │    └─Sequential: 4-4              [257, 1, 512]             [257, 1, 512]             --                             --                   --                        --
│    │    │    │    └─Linear: 5-1             [257, 1, 512]             [257, 1, 2048]            1,050,624                   0.49%                   --                        270,010,368
│    │    │    │    └─GELU: 5-2               [257, 1, 2048]            [257, 1, 2048]            --                             --                   --                        --
│    │    │    │    └─Linear: 5-3             [257, 1, 2048]            [257, 1, 512]             1,049,088                   0.49%                   --                        269,615,616
│    │    └─ResidualAttentionBlock: 3-2       [257, 1, 512]             [257, 1, 512]             --                             --                   --                        --
│    │    │    └─LayerNorm: 4-5               [257, 1, 512]             [257, 1, 512]             1,024                       0.00%                   --                        263,168
│    │    │    └─MultiheadAttention: 4-6      [257, 1, 512]             [257, 1, 512]             1,050,624                   0.49%                   --                        --
│    │    │    └─LayerNorm: 4-7               [257, 1, 512]             [257, 1, 512]             1,024                       0.00%                   --                        263,168
│    │    │    └─Sequential: 4-8              [257, 1, 512]             [257, 1, 512]             --                             --                   --                        --
│    │    │    │    └─Linear: 5-4             [257, 1, 512]             [257, 1, 2048]            1,050,624                   0.49%                   --                        270,010,368
│    │    │    │    └─GELU: 5-5               [257, 1, 2048]            [257, 1, 2048]            --                             --                   --                        --
│    │    │    │    └─Linear: 5-6             [257, 1, 2048]            [257, 1, 512]             1,049,088                   0.49%                   --                        269,615,616
│    │    └─ResidualAttentionBlock: 3-3       [257, 1, 512]             [257, 1, 512]             --                             --                   --                        --
│    │    │    └─LayerNorm: 4-9               [257, 1, 512]             [257, 1, 512]             1,024                       0.00%                   --                        263,168
│    │    │    └─MultiheadAttention: 4-10     [257, 1, 512]             [257, 1, 512]             1,050,624                   0.49%                   --                        --
│    │    │    └─LayerNorm: 4-11              [257, 1, 512]             [257, 1, 512]             1,024                       0.00%                   --                        263,168
│    │    │    └─Sequential: 4-12             [257, 1, 512]             [257, 1, 512]             --                             --                   --                        --
│    │    │    │    └─Linear: 5-7             [257, 1, 512]             [257, 1, 2048]            1,050,624                   0.49%                   --                        270,010,368
│    │    │    │    └─GELU: 5-8               [257, 1, 2048]            [257, 1, 2048]            --                             --                   --                        --
│    │    │    │    └─Linear: 5-9             [257, 1, 2048]            [257, 1, 512]             1,049,088                   0.49%                   --                        269,615,616
│    │    └─ResidualAttentionBlock: 3-4       [257, 1, 512]             [257, 1, 512]             --                             --                   --                        --
│    │    │    └─LayerNorm: 4-13              [257, 1, 512]             [257, 1, 512]             1,024                       0.00%                   --                        263,168
│    │    │    └─MultiheadAttention: 4-14     [257, 1, 512]             [257, 1, 512]             1,050,624                   0.49%                   --                        --
│    │    │    └─LayerNorm: 4-15              [257, 1, 512]             [257, 1, 512]             1,024                       0.00%                   --                        263,168
│    │    │    └─Sequential: 4-16             [257, 1, 512]             [257, 1, 512]             --                             --                   --                        --
│    │    │    │    └─Linear: 5-10            [257, 1, 512]             [257, 1, 2048]            1,050,624                   0.49%                   --                        270,010,368
│    │    │    │    └─GELU: 5-11              [257, 1, 2048]            [257, 1, 2048]            --                             --                   --                        --
│    │    │    │    └─Linear: 5-12            [257, 1, 2048]            [257, 1, 512]             1,049,088                   0.49%                   --                        269,615,616
│    │    └─ResidualAttentionBlock: 3-5       [257, 1, 512]             [257, 1, 512]             --                             --                   --                        --
│    │    │    └─LayerNorm: 4-17              [257, 1, 512]             [257, 1, 512]             1,024                       0.00%                   --                        263,168
│    │    │    └─MultiheadAttention: 4-18     [257, 1, 512]             [257, 1, 512]             1,050,624                   0.49%                   --                        --
│    │    │    └─LayerNorm: 4-19              [257, 1, 512]             [257, 1, 512]             1,024                       0.00%                   --                        263,168
│    │    │    └─Sequential: 4-20             [257, 1, 512]             [257, 1, 512]             --                             --                   --                        --
│    │    │    │    └─Linear: 5-13            [257, 1, 512]             [257, 1, 2048]            1,050,624                   0.49%                   --                        270,010,368
│    │    │    │    └─GELU: 5-14              [257, 1, 2048]            [257, 1, 2048]            --                             --                   --                        --
│    │    │    │    └─Linear: 5-15            [257, 1, 2048]            [257, 1, 512]             1,049,088                   0.49%                   --                        269,615,616
│    │    └─ResidualAttentionBlock: 3-6       [257, 1, 512]             [257, 1, 512]             --                             --                   --                        --
│    │    │    └─LayerNorm: 4-21              [257, 1, 512]             [257, 1, 512]             1,024                       0.00%                   --                        263,168
│    │    │    └─MultiheadAttention: 4-22     [257, 1, 512]             [257, 1, 512]             1,050,624                   0.49%                   --                        --
│    │    │    └─LayerNorm: 4-23              [257, 1, 512]             [257, 1, 512]             1,024                       0.00%                   --                        263,168
│    │    │    └─Sequential: 4-24             [257, 1, 512]             [257, 1, 512]             --                             --                   --                        --
│    │    │    │    └─Linear: 5-16            [257, 1, 512]             [257, 1, 2048]            1,050,624                   0.49%                   --                        270,010,368
│    │    │    │    └─GELU: 5-17              [257, 1, 2048]            [257, 1, 2048]            --                             --                   --                        --
│    │    │    │    └─Linear: 5-18            [257, 1, 2048]            [257, 1, 512]             1,049,088                   0.49%                   --                        269,615,616
│    │    └─ResidualAttentionBlock: 3-7       [257, 1, 512]             [257, 1, 512]             --                             --                   --                        --
│    │    │    └─LayerNorm: 4-25              [257, 1, 512]             [257, 1, 512]             1,024                       0.00%                   --                        263,168
│    │    │    └─MultiheadAttention: 4-26     [257, 1, 512]             [257, 1, 512]             1,050,624                   0.49%                   --                        --
│    │    │    └─LayerNorm: 4-27              [257, 1, 512]             [257, 1, 512]             1,024                       0.00%                   --                        263,168
│    │    │    └─Sequential: 4-28             [257, 1, 512]             [257, 1, 512]             --                             --                   --                        --
│    │    │    │    └─Linear: 5-19            [257, 1, 512]             [257, 1, 2048]            1,050,624                   0.49%                   --                        270,010,368
│    │    │    │    └─GELU: 5-20              [257, 1, 2048]            [257, 1, 2048]            --                             --                   --                        --
│    │    │    │    └─Linear: 5-21            [257, 1, 2048]            [257, 1, 512]             1,049,088                   0.49%                   --                        269,615,616
│    │    └─ResidualAttentionBlock: 3-8       [257, 1, 512]             [257, 1, 512]             --                             --                   --                        --
│    │    │    └─LayerNorm: 4-29              [257, 1, 512]             [257, 1, 512]             1,024                       0.00%                   --                        263,168
│    │    │    └─MultiheadAttention: 4-30     [257, 1, 512]             [257, 1, 512]             1,050,624                   0.49%                   --                        --
│    │    │    └─LayerNorm: 4-31              [257, 1, 512]             [257, 1, 512]             1,024                       0.00%                   --                        263,168
│    │    │    └─Sequential: 4-32             [257, 1, 512]             [257, 1, 512]             --                             --                   --                        --
│    │    │    │    └─Linear: 5-22            [257, 1, 512]             [257, 1, 2048]            1,050,624                   0.49%                   --                        270,010,368
│    │    │    │    └─GELU: 5-23              [257, 1, 2048]            [257, 1, 2048]            --                             --                   --                        --
│    │    │    │    └─Linear: 5-24            [257, 1, 2048]            [257, 1, 512]             1,049,088                   0.49%                   --                        269,615,616
│    └─LayerNorm: 2-4                         [1, 256, 512]             [1, 256, 512]             1,024                       0.00%                   --                        1,024
│    └─Linear: 2-5                            [1, 256, 512]             [1, 256, 512]             262,656                     0.12%                   --                        262,656
├─QuadTokSelctor: 1-2                         [1, 256, 512]             [1, 32, 1, 313]           829,952                     0.39%                   --                        --
│    └─ModuleDict: 2-6                        --                        --                        --                             --                   --                        --
│    │    └─Embedding: 3-9                    [1]                       [1, 512]                  512                         0.00%                   --                        512
│    │    └─Embedding: 3-10                   [1]                       [1, 512]                  2,048                       0.00%                   --                        2,048
│    │    └─Embedding: 3-11                   [1]                       [1, 512]                  (recursive)               (recursive)               --                        2,048
│    │    └─Embedding: 3-12                   [1]                       [1, 512]                  (recursive)               (recursive)               --                        2,048
│    │    └─Embedding: 3-13                   [1]                       [1, 512]                  (recursive)               (recursive)               --                        2,048
│    │    └─Embedding: 3-14                   [1]                       [1, 512]                  8,192                       0.00%                   --                        8,192
│    │    └─Embedding: 3-15                   [1]                       [1, 512]                  (recursive)               (recursive)               --                        8,192
│    │    └─Embedding: 3-16                   [1]                       [1, 512]                  (recursive)               (recursive)               --                        8,192
│    │    └─Embedding: 3-17                   [1]                       [1, 512]                  (recursive)               (recursive)               --                        8,192
│    │    └─Embedding: 3-18                   [1]                       [1, 512]                  (recursive)               (recursive)               --                        8,192
│    │    └─Embedding: 3-19                   [1]                       [1, 512]                  (recursive)               (recursive)               --                        8,192
│    │    └─Embedding: 3-20                   [1]                       [1, 512]                  (recursive)               (recursive)               --                        8,192
│    │    └─Embedding: 3-21                   [1]                       [1, 512]                  (recursive)               (recursive)               --                        8,192
│    │    └─Embedding: 3-22                   [1]                       [1, 512]                  (recursive)               (recursive)               --                        8,192
│    │    └─Embedding: 3-23                   [1]                       [1, 512]                  (recursive)               (recursive)               --                        8,192
│    │    └─Embedding: 3-24                   [1]                       [1, 512]                  (recursive)               (recursive)               --                        8,192
│    │    └─Embedding: 3-25                   [1]                       [1, 512]                  (recursive)               (recursive)               --                        8,192
│    │    └─Embedding: 3-26                   [1]                       [1, 512]                  (recursive)               (recursive)               --                        8,192
│    │    └─Embedding: 3-27                   [1]                       [1, 512]                  (recursive)               (recursive)               --                        8,192
│    │    └─Embedding: 3-28                   [1]                       [1, 512]                  (recursive)               (recursive)               --                        8,192
│    │    └─Embedding: 3-29                   [1]                       [1, 512]                  (recursive)               (recursive)               --                        8,192
│    │    └─Embedding: 3-30                   [1]                       [1, 512]                  32,768                      0.02%                   --                        32,768
│    │    └─Embedding: 3-31                   [1]                       [1, 512]                  (recursive)               (recursive)               --                        32,768
│    │    └─Embedding: 3-32                   [1]                       [1, 512]                  (recursive)               (recursive)               --                        32,768
│    │    └─Embedding: 3-33                   [1]                       [1, 512]                  (recursive)               (recursive)               --                        32,768
│    │    └─Embedding: 3-34                   [1]                       [1, 512]                  (recursive)               (recursive)               --                        32,768
│    │    └─Embedding: 3-35                   [1]                       [1, 512]                  (recursive)               (recursive)               --                        32,768
│    │    └─Embedding: 3-36                   [1]                       [1, 512]                  (recursive)               (recursive)               --                        32,768
│    │    └─Embedding: 3-37                   [1]                       [1, 512]                  (recursive)               (recursive)               --                        32,768
│    │    └─Embedding: 3-38                   [1]                       [1, 512]                  (recursive)               (recursive)               --                        32,768
│    │    └─Embedding: 3-39                   [1]                       [1, 512]                  (recursive)               (recursive)               --                        32,768
│    │    └─Embedding: 3-40                   [1]                       [1, 512]                  (recursive)               (recursive)               --                        32,768
│    │    └─Embedding: 3-41                   [1]                       [1, 512]                  (recursive)               (recursive)               --                        32,768
│    │    └─Embedding: 3-42                   [1]                       [1, 512]                  (recursive)               (recursive)               --                        32,768
│    │    └─Embedding: 3-43                   [1]                       [1, 512]                  (recursive)               (recursive)               --                        32,768
│    │    └─Embedding: 3-44                   [1]                       [1, 512]                  (recursive)               (recursive)               --                        32,768
│    │    └─Embedding: 3-45                   [1]                       [1, 512]                  (recursive)               (recursive)               --                        32,768
│    │    └─Embedding: 3-46                   [1]                       [1, 512]                  (recursive)               (recursive)               --                        32,768
│    │    └─Embedding: 3-47                   [1]                       [1, 512]                  (recursive)               (recursive)               --                        32,768
│    │    └─Embedding: 3-48                   [1]                       [1, 512]                  (recursive)               (recursive)               --                        32,768
│    │    └─Embedding: 3-49                   [1]                       [1, 512]                  (recursive)               (recursive)               --                        32,768
│    │    └─Embedding: 3-50                   [1]                       [1, 512]                  (recursive)               (recursive)               --                        32,768
│    │    └─Embedding: 3-51                   [1]                       [1, 512]                  (recursive)               (recursive)               --                        32,768
│    │    └─Embedding: 3-52                   [1]                       [1, 512]                  (recursive)               (recursive)               --                        32,768
│    │    └─Embedding: 3-53                   [1]                       [1, 512]                  (recursive)               (recursive)               --                        32,768
│    │    └─Embedding: 3-54                   [1]                       [1, 512]                  (recursive)               (recursive)               --                        32,768
│    │    └─Embedding: 3-55                   [1]                       [1, 512]                  (recursive)               (recursive)               --                        32,768
│    │    └─Embedding: 3-56                   [1]                       [1, 512]                  (recursive)               (recursive)               --                        32,768
│    │    └─Embedding: 3-57                   [1]                       [1, 512]                  (recursive)               (recursive)               --                        32,768
│    │    └─Embedding: 3-58                   [1]                       [1, 512]                  (recursive)               (recursive)               --                        32,768
│    │    └─Embedding: 3-59                   [1]                       [1, 512]                  (recursive)               (recursive)               --                        32,768
│    │    └─Embedding: 3-60                   [1]                       [1, 512]                  (recursive)               (recursive)               --                        32,768
│    │    └─Embedding: 3-61                   [1]                       [1, 512]                  (recursive)               (recursive)               --                        32,768
│    │    └─Embedding: 3-62                   [1]                       [1, 512]                  (recursive)               (recursive)               --                        32,768
│    │    └─Embedding: 3-63                   [1]                       [1, 512]                  (recursive)               (recursive)               --                        32,768
│    │    └─Embedding: 3-64                   [1]                       [1, 512]                  (recursive)               (recursive)               --                        32,768
│    │    └─Embedding: 3-65                   [1]                       [1, 512]                  (recursive)               (recursive)               --                        32,768
│    │    └─Embedding: 3-66                   [1]                       [1, 512]                  (recursive)               (recursive)               --                        32,768
│    │    └─Embedding: 3-67                   [1]                       [1, 512]                  (recursive)               (recursive)               --                        32,768
│    │    └─Embedding: 3-68                   [1]                       [1, 512]                  (recursive)               (recursive)               --                        32,768
│    │    └─Embedding: 3-69                   [1]                       [1, 512]                  (recursive)               (recursive)               --                        32,768
│    │    └─Embedding: 3-70                   [1]                       [1, 512]                  (recursive)               (recursive)               --                        32,768
│    │    └─Embedding: 3-71                   [1]                       [1, 512]                  (recursive)               (recursive)               --                        32,768
│    │    └─Embedding: 3-72                   [1]                       [1, 512]                  (recursive)               (recursive)               --                        32,768
│    │    └─Embedding: 3-73                   [1]                       [1, 512]                  (recursive)               (recursive)               --                        32,768
│    │    └─Embedding: 3-74                   [1]                       [1, 512]                  (recursive)               (recursive)               --                        32,768
│    │    └─Embedding: 3-75                   [1]                       [1, 512]                  (recursive)               (recursive)               --                        32,768
│    │    └─Embedding: 3-76                   [1]                       [1, 512]                  (recursive)               (recursive)               --                        32,768
│    │    └─Embedding: 3-77                   [1]                       [1, 512]                  (recursive)               (recursive)               --                        32,768
│    │    └─Embedding: 3-78                   [1]                       [1, 512]                  (recursive)               (recursive)               --                        32,768
│    │    └─Embedding: 3-79                   [1]                       [1, 512]                  (recursive)               (recursive)               --                        32,768
│    │    └─Embedding: 3-80                   [1]                       [1, 512]                  (recursive)               (recursive)               --                        32,768
│    │    └─Embedding: 3-81                   [1]                       [1, 512]                  (recursive)               (recursive)               --                        32,768
│    │    └─Embedding: 3-82                   [1]                       [1, 512]                  (recursive)               (recursive)               --                        32,768
│    │    └─Embedding: 3-83                   [1]                       [1, 512]                  (recursive)               (recursive)               --                        32,768
│    │    └─Embedding: 3-84                   [1]                       [1, 512]                  (recursive)               (recursive)               --                        32,768
│    │    └─Embedding: 3-85                   [1]                       [1, 512]                  (recursive)               (recursive)               --                        32,768
│    │    └─Embedding: 3-86                   [1]                       [1, 512]                  (recursive)               (recursive)               --                        32,768
│    │    └─Embedding: 3-87                   [1]                       [1, 512]                  (recursive)               (recursive)               --                        32,768
│    │    └─Embedding: 3-88                   [1]                       [1, 512]                  (recursive)               (recursive)               --                        32,768
│    │    └─Embedding: 3-89                   [1]                       [1, 512]                  (recursive)               (recursive)               --                        32,768
│    │    └─Embedding: 3-90                   [1]                       [1, 512]                  (recursive)               (recursive)               --                        32,768
│    │    └─Embedding: 3-91                   [1]                       [1, 512]                  (recursive)               (recursive)               --                        32,768
│    │    └─Embedding: 3-92                   [1]                       [1, 512]                  (recursive)               (recursive)               --                        32,768
│    │    └─Embedding: 3-93                   [1]                       [1, 512]                  (recursive)               (recursive)               --                        32,768
│    │    └─Embedding: 3-94                   [1]                       [1, 512]                  131,072                     0.06%                   --                        131,072
│    │    └─Embedding: 3-95                   [1]                       [1, 512]                  (recursive)               (recursive)               --                        131,072
│    │    └─Embedding: 3-96                   [1]                       [1, 512]                  (recursive)               (recursive)               --                        131,072
│    │    └─Embedding: 3-97                   [1]                       [1, 512]                  (recursive)               (recursive)               --                        131,072
│    │    └─Embedding: 3-98                   [1]                       [1, 512]                  (recursive)               (recursive)               --                        131,072
│    │    └─Embedding: 3-99                   [1]                       [1, 512]                  (recursive)               (recursive)               --                        131,072
│    │    └─Embedding: 3-100                  [1]                       [1, 512]                  (recursive)               (recursive)               --                        131,072
│    │    └─Embedding: 3-101                  [1]                       [1, 512]                  (recursive)               (recursive)               --                        131,072
│    │    └─Embedding: 3-102                  [1]                       [1, 512]                  (recursive)               (recursive)               --                        131,072
│    │    └─Embedding: 3-103                  [1]                       [1, 512]                  (recursive)               (recursive)               --                        131,072
│    │    └─Embedding: 3-104                  [1]                       [1, 512]                  (recursive)               (recursive)               --                        131,072
│    │    └─Embedding: 3-105                  [1]                       [1, 512]                  (recursive)               (recursive)               --                        131,072
│    │    └─Embedding: 3-106                  [1]                       [1, 512]                  (recursive)               (recursive)               --                        131,072
│    │    └─Embedding: 3-107                  [1]                       [1, 512]                  (recursive)               (recursive)               --                        131,072
│    │    └─Embedding: 3-108                  [1]                       [1, 512]                  (recursive)               (recursive)               --                        131,072
│    │    └─Embedding: 3-109                  [1]                       [1, 512]                  (recursive)               (recursive)               --                        131,072
│    │    └─Embedding: 3-110                  [1]                       [1, 512]                  (recursive)               (recursive)               --                        131,072
│    │    └─Embedding: 3-111                  [1]                       [1, 512]                  (recursive)               (recursive)               --                        131,072
│    │    └─Embedding: 3-112                  [1]                       [1, 512]                  (recursive)               (recursive)               --                        131,072
│    │    └─Embedding: 3-113                  [1]                       [1, 512]                  (recursive)               (recursive)               --                        131,072
│    │    └─Embedding: 3-114                  [1]                       [1, 512]                  (recursive)               (recursive)               --                        131,072
│    │    └─Embedding: 3-115                  [1]                       [1, 512]                  (recursive)               (recursive)               --                        131,072
│    │    └─Embedding: 3-116                  [1]                       [1, 512]                  (recursive)               (recursive)               --                        131,072
│    │    └─Embedding: 3-117                  [1]                       [1, 512]                  (recursive)               (recursive)               --                        131,072
│    │    └─Embedding: 3-118                  [1]                       [1, 512]                  (recursive)               (recursive)               --                        131,072
│    │    └─Embedding: 3-119                  [1]                       [1, 512]                  (recursive)               (recursive)               --                        131,072
│    │    └─Embedding: 3-120                  [1]                       [1, 512]                  (recursive)               (recursive)               --                        131,072
│    │    └─Embedding: 3-121                  [1]                       [1, 512]                  (recursive)               (recursive)               --                        131,072
│    │    └─Embedding: 3-122                  [1]                       [1, 512]                  (recursive)               (recursive)               --                        131,072
│    │    └─Embedding: 3-123                  [1]                       [1, 512]                  (recursive)               (recursive)               --                        131,072
│    │    └─Embedding: 3-124                  [1]                       [1, 512]                  (recursive)               (recursive)               --                        131,072
│    │    └─Embedding: 3-125                  [1]                       [1, 512]                  (recursive)               (recursive)               --                        131,072
│    │    └─Embedding: 3-126                  [1]                       [1, 512]                  (recursive)               (recursive)               --                        131,072
│    │    └─Embedding: 3-127                  [1]                       [1, 512]                  (recursive)               (recursive)               --                        131,072
│    │    └─Embedding: 3-128                  [1]                       [1, 512]                  (recursive)               (recursive)               --                        131,072
│    │    └─Embedding: 3-129                  [1]                       [1, 512]                  (recursive)               (recursive)               --                        131,072
│    │    └─Embedding: 3-130                  [1]                       [1, 512]                  (recursive)               (recursive)               --                        131,072
│    │    └─Embedding: 3-131                  [1]                       [1, 512]                  (recursive)               (recursive)               --                        131,072
│    │    └─Embedding: 3-132                  [1]                       [1, 512]                  (recursive)               (recursive)               --                        131,072
│    │    └─Embedding: 3-133                  [1]                       [1, 512]                  (recursive)               (recursive)               --                        131,072
│    │    └─Embedding: 3-134                  [1]                       [1, 512]                  (recursive)               (recursive)               --                        131,072
│    │    └─Embedding: 3-135                  [1]                       [1, 512]                  (recursive)               (recursive)               --                        131,072
│    │    └─Embedding: 3-136                  [1]                       [1, 512]                  (recursive)               (recursive)               --                        131,072
│    │    └─Embedding: 3-137                  [1]                       [1, 512]                  (recursive)               (recursive)               --                        131,072
│    │    └─Embedding: 3-138                  [1]                       [1, 512]                  (recursive)               (recursive)               --                        131,072
│    │    └─Embedding: 3-139                  [1]                       [1, 512]                  (recursive)               (recursive)               --                        131,072
│    │    └─Embedding: 3-140                  [1]                       [1, 512]                  (recursive)               (recursive)               --                        131,072
│    │    └─Embedding: 3-141                  [1]                       [1, 512]                  (recursive)               (recursive)               --                        131,072
│    │    └─Embedding: 3-142                  [1]                       [1, 512]                  (recursive)               (recursive)               --                        131,072
│    │    └─Embedding: 3-143                  [1]                       [1, 512]                  (recursive)               (recursive)               --                        131,072
│    │    └─Embedding: 3-144                  [1]                       [1, 512]                  (recursive)               (recursive)               --                        131,072
│    │    └─Embedding: 3-145                  [1]                       [1, 512]                  (recursive)               (recursive)               --                        131,072
│    │    └─Embedding: 3-146                  [1]                       [1, 512]                  (recursive)               (recursive)               --                        131,072
│    │    └─Embedding: 3-147                  [1]                       [1, 512]                  (recursive)               (recursive)               --                        131,072
│    │    └─Embedding: 3-148                  [1]                       [1, 512]                  (recursive)               (recursive)               --                        131,072
│    │    └─Embedding: 3-149                  [1]                       [1, 512]                  (recursive)               (recursive)               --                        131,072
│    │    └─Embedding: 3-150                  [1]                       [1, 512]                  (recursive)               (recursive)               --                        131,072
│    │    └─Embedding: 3-151                  [1]                       [1, 512]                  (recursive)               (recursive)               --                        131,072
│    │    └─Embedding: 3-152                  [1]                       [1, 512]                  (recursive)               (recursive)               --                        131,072
│    │    └─Embedding: 3-153                  [1]                       [1, 512]                  (recursive)               (recursive)               --                        131,072
│    │    └─Embedding: 3-154                  [1]                       [1, 512]                  (recursive)               (recursive)               --                        131,072
│    │    └─Embedding: 3-155                  [1]                       [1, 512]                  (recursive)               (recursive)               --                        131,072
│    │    └─Embedding: 3-156                  [1]                       [1, 512]                  (recursive)               (recursive)               --                        131,072
│    │    └─Embedding: 3-157                  [1]                       [1, 512]                  (recursive)               (recursive)               --                        131,072
│    │    └─Embedding: 3-158                  [1]                       [1, 512]                  (recursive)               (recursive)               --                        131,072
│    │    └─Embedding: 3-159                  [1]                       [1, 512]                  (recursive)               (recursive)               --                        131,072
│    │    └─Embedding: 3-160                  [1]                       [1, 512]                  (recursive)               (recursive)               --                        131,072
│    │    └─Embedding: 3-161                  [1]                       [1, 512]                  (recursive)               (recursive)               --                        131,072
│    │    └─Embedding: 3-162                  [1]                       [1, 512]                  (recursive)               (recursive)               --                        131,072
│    │    └─Embedding: 3-163                  [1]                       [1, 512]                  (recursive)               (recursive)               --                        131,072
│    │    └─Embedding: 3-164                  [1]                       [1, 512]                  (recursive)               (recursive)               --                        131,072
│    │    └─Embedding: 3-165                  [1]                       [1, 512]                  (recursive)               (recursive)               --                        131,072
│    │    └─Embedding: 3-166                  [1]                       [1, 512]                  (recursive)               (recursive)               --                        131,072
│    │    └─Embedding: 3-167                  [1]                       [1, 512]                  (recursive)               (recursive)               --                        131,072
│    │    └─Embedding: 3-168                  [1]                       [1, 512]                  (recursive)               (recursive)               --                        131,072
│    │    └─Embedding: 3-169                  [1]                       [1, 512]                  (recursive)               (recursive)               --                        131,072
│    │    └─Embedding: 3-170                  [1]                       [1, 512]                  (recursive)               (recursive)               --                        131,072
│    │    └─Embedding: 3-171                  [1]                       [1, 512]                  (recursive)               (recursive)               --                        131,072
│    │    └─Embedding: 3-172                  [1]                       [1, 512]                  (recursive)               (recursive)               --                        131,072
│    │    └─Embedding: 3-173                  [1]                       [1, 512]                  (recursive)               (recursive)               --                        131,072
│    │    └─Embedding: 3-174                  [1]                       [1, 512]                  (recursive)               (recursive)               --                        131,072
│    │    └─Embedding: 3-175                  [1]                       [1, 512]                  (recursive)               (recursive)               --                        131,072
│    │    └─Embedding: 3-176                  [1]                       [1, 512]                  (recursive)               (recursive)               --                        131,072
│    │    └─Embedding: 3-177                  [1]                       [1, 512]                  (recursive)               (recursive)               --                        131,072
│    │    └─Embedding: 3-178                  [1]                       [1, 512]                  524,288                     0.24%                   --                        524,288
│    │    └─Embedding: 3-179                  [1]                       [1, 512]                  (recursive)               (recursive)               --                        524,288
│    │    └─Embedding: 3-180                  [1]                       [1, 512]                  (recursive)               (recursive)               --                        524,288
│    │    └─Embedding: 3-181                  [1]                       [1, 512]                  (recursive)               (recursive)               --                        524,288
│    │    └─Embedding: 3-182                  [1]                       [1, 512]                  (recursive)               (recursive)               --                        524,288
│    │    └─Embedding: 3-183                  [1]                       [1, 512]                  (recursive)               (recursive)               --                        524,288
│    │    └─Embedding: 3-184                  [1]                       [1, 512]                  (recursive)               (recursive)               --                        524,288
│    │    └─Embedding: 3-185                  [1]                       [1, 512]                  (recursive)               (recursive)               --                        524,288
│    │    └─Embedding: 3-186                  [1]                       [1, 512]                  (recursive)               (recursive)               --                        524,288
│    │    └─Embedding: 3-187                  [1]                       [1, 512]                  (recursive)               (recursive)               --                        524,288
│    │    └─Embedding: 3-188                  [1]                       [1, 512]                  (recursive)               (recursive)               --                        524,288
│    │    └─Embedding: 3-189                  [1]                       [1, 512]                  (recursive)               (recursive)               --                        524,288
│    │    └─Embedding: 3-190                  [1]                       [1, 512]                  (recursive)               (recursive)               --                        524,288
│    │    └─Embedding: 3-191                  [1]                       [1, 512]                  (recursive)               (recursive)               --                        524,288
│    │    └─Embedding: 3-192                  [1]                       [1, 512]                  (recursive)               (recursive)               --                        524,288
│    │    └─Embedding: 3-193                  [1]                       [1, 512]                  (recursive)               (recursive)               --                        524,288
│    │    └─Embedding: 3-194                  [1]                       [1, 512]                  (recursive)               (recursive)               --                        524,288
│    │    └─Embedding: 3-195                  [1]                       [1, 512]                  (recursive)               (recursive)               --                        524,288
│    │    └─Embedding: 3-196                  [1]                       [1, 512]                  (recursive)               (recursive)               --                        524,288
│    │    └─Embedding: 3-197                  [1]                       [1, 512]                  (recursive)               (recursive)               --                        524,288
│    │    └─Embedding: 3-198                  [1]                       [1, 512]                  (recursive)               (recursive)               --                        524,288
│    │    └─Embedding: 3-199                  [1]                       [1, 512]                  (recursive)               (recursive)               --                        524,288
│    │    └─Embedding: 3-200                  [1]                       [1, 512]                  (recursive)               (recursive)               --                        524,288
│    │    └─Embedding: 3-201                  [1]                       [1, 512]                  (recursive)               (recursive)               --                        524,288
│    │    └─Embedding: 3-202                  [1]                       [1, 512]                  (recursive)               (recursive)               --                        524,288
│    │    └─Embedding: 3-203                  [1]                       [1, 512]                  (recursive)               (recursive)               --                        524,288
│    │    └─Embedding: 3-204                  [1]                       [1, 512]                  (recursive)               (recursive)               --                        524,288
│    │    └─Embedding: 3-205                  [1]                       [1, 512]                  (recursive)               (recursive)               --                        524,288
│    │    └─Embedding: 3-206                  [1]                       [1, 512]                  (recursive)               (recursive)               --                        524,288
│    │    └─Embedding: 3-207                  [1]                       [1, 512]                  (recursive)               (recursive)               --                        524,288
│    │    └─Embedding: 3-208                  [1]                       [1, 512]                  (recursive)               (recursive)               --                        524,288
│    │    └─Embedding: 3-209                  [1]                       [1, 512]                  (recursive)               (recursive)               --                        524,288
│    │    └─Embedding: 3-210                  [1]                       [1, 512]                  (recursive)               (recursive)               --                        524,288
│    │    └─Embedding: 3-211                  [1]                       [1, 512]                  (recursive)               (recursive)               --                        524,288
│    │    └─Embedding: 3-212                  [1]                       [1, 512]                  (recursive)               (recursive)               --                        524,288
│    │    └─Embedding: 3-213                  [1]                       [1, 512]                  (recursive)               (recursive)               --                        524,288
│    │    └─Embedding: 3-214                  [1]                       [1, 512]                  (recursive)               (recursive)               --                        524,288
│    │    └─Embedding: 3-215                  [1]                       [1, 512]                  (recursive)               (recursive)               --                        524,288
│    │    └─Embedding: 3-216                  [1]                       [1, 512]                  (recursive)               (recursive)               --                        524,288
│    │    └─Embedding: 3-217                  [1]                       [1, 512]                  (recursive)               (recursive)               --                        524,288
│    │    └─Embedding: 3-218                  [1]                       [1, 512]                  (recursive)               (recursive)               --                        524,288
│    │    └─Embedding: 3-219                  [1]                       [1, 512]                  (recursive)               (recursive)               --                        524,288
│    │    └─Embedding: 3-220                  [1]                       [1, 512]                  (recursive)               (recursive)               --                        524,288
│    │    └─Embedding: 3-221                  [1]                       [1, 512]                  (recursive)               (recursive)               --                        524,288
│    │    └─Embedding: 3-222                  [1]                       [1, 512]                  (recursive)               (recursive)               --                        524,288
│    │    └─Embedding: 3-223                  [1]                       [1, 512]                  (recursive)               (recursive)               --                        524,288
│    │    └─Embedding: 3-224                  [1]                       [1, 512]                  (recursive)               (recursive)               --                        524,288
│    │    └─Embedding: 3-225                  [1]                       [1, 512]                  (recursive)               (recursive)               --                        524,288
│    │    └─Embedding: 3-226                  [1]                       [1, 512]                  (recursive)               (recursive)               --                        524,288
│    │    └─Embedding: 3-227                  [1]                       [1, 512]                  (recursive)               (recursive)               --                        524,288
│    │    └─Embedding: 3-228                  [1]                       [1, 512]                  (recursive)               (recursive)               --                        524,288
│    │    └─Embedding: 3-229                  [1]                       [1, 512]                  (recursive)               (recursive)               --                        524,288
│    │    └─Embedding: 3-230                  [1]                       [1, 512]                  (recursive)               (recursive)               --                        524,288
│    │    └─Embedding: 3-231                  [1]                       [1, 512]                  (recursive)               (recursive)               --                        524,288
│    │    └─Embedding: 3-232                  [1]                       [1, 512]                  (recursive)               (recursive)               --                        524,288
│    │    └─Embedding: 3-233                  [1]                       [1, 512]                  (recursive)               (recursive)               --                        524,288
│    │    └─Embedding: 3-234                  [1]                       [1, 512]                  (recursive)               (recursive)               --                        524,288
│    │    └─Embedding: 3-235                  [1]                       [1, 512]                  (recursive)               (recursive)               --                        524,288
│    │    └─Embedding: 3-236                  [1]                       [1, 512]                  (recursive)               (recursive)               --                        524,288
│    │    └─Embedding: 3-237                  [1]                       [1, 512]                  (recursive)               (recursive)               --                        524,288
│    │    └─Embedding: 3-238                  [1]                       [1, 512]                  (recursive)               (recursive)               --                        524,288
│    │    └─Embedding: 3-239                  [1]                       [1, 512]                  (recursive)               (recursive)               --                        524,288
│    │    └─Embedding: 3-240                  [1]                       [1, 512]                  (recursive)               (recursive)               --                        524,288
│    │    └─Embedding: 3-241                  [1]                       [1, 512]                  (recursive)               (recursive)               --                        524,288
│    │    └─Embedding: 3-242                  [1]                       [1, 512]                  (recursive)               (recursive)               --                        524,288
│    │    └─Embedding: 3-243                  [1]                       [1, 512]                  (recursive)               (recursive)               --                        524,288
│    │    └─Embedding: 3-244                  [1]                       [1, 512]                  (recursive)               (recursive)               --                        524,288
│    │    └─Embedding: 3-245                  [1]                       [1, 512]                  (recursive)               (recursive)               --                        524,288
│    │    └─Embedding: 3-246                  [1]                       [1, 512]                  (recursive)               (recursive)               --                        524,288
│    │    └─Embedding: 3-247                  [1]                       [1, 512]                  (recursive)               (recursive)               --                        524,288
│    │    └─Embedding: 3-248                  [1]                       [1, 512]                  (recursive)               (recursive)               --                        524,288
│    │    └─Embedding: 3-249                  [1]                       [1, 512]                  (recursive)               (recursive)               --                        524,288
│    │    └─Embedding: 3-250                  [1]                       [1, 512]                  (recursive)               (recursive)               --                        524,288
│    │    └─Embedding: 3-251                  [1]                       [1, 512]                  (recursive)               (recursive)               --                        524,288
│    │    └─Embedding: 3-252                  [1]                       [1, 512]                  (recursive)               (recursive)               --                        524,288
│    │    └─Embedding: 3-253                  [1]                       [1, 512]                  (recursive)               (recursive)               --                        524,288
│    │    └─Embedding: 3-254                  [1]                       [1, 512]                  (recursive)               (recursive)               --                        524,288
│    │    └─Embedding: 3-255                  [1]                       [1, 512]                  (recursive)               (recursive)               --                        524,288
│    │    └─Embedding: 3-256                  [1]                       [1, 512]                  (recursive)               (recursive)               --                        524,288
│    │    └─Embedding: 3-257                  [1]                       [1, 512]                  (recursive)               (recursive)               --                        524,288
│    │    └─Embedding: 3-258                  [1]                       [1, 512]                  (recursive)               (recursive)               --                        524,288
│    │    └─Embedding: 3-259                  [1]                       [1, 512]                  (recursive)               (recursive)               --                        524,288
│    │    └─Embedding: 3-260                  [1]                       [1, 512]                  (recursive)               (recursive)               --                        524,288
│    │    └─Embedding: 3-261                  [1]                       [1, 512]                  (recursive)               (recursive)               --                        524,288
│    │    └─Embedding: 3-262                  [1]                       [1, 512]                  (recursive)               (recursive)               --                        524,288
│    │    └─Embedding: 3-263                  [1]                       [1, 512]                  (recursive)               (recursive)               --                        524,288
│    │    └─Embedding: 3-264                  [1]                       [1, 512]                  (recursive)               (recursive)               --                        524,288
│    │    └─Embedding: 3-265                  [1]                       [1, 512]                  (recursive)               (recursive)               --                        524,288
│    │    └─Embedding: 3-266                  [1]                       [1, 512]                  (recursive)               (recursive)               --                        524,288
│    │    └─Embedding: 3-267                  [1]                       [1, 512]                  (recursive)               (recursive)               --                        524,288
│    │    └─Embedding: 3-268                  [1]                       [1, 512]                  (recursive)               (recursive)               --                        524,288
│    │    └─Embedding: 3-269                  [1]                       [1, 512]                  (recursive)               (recursive)               --                        524,288
│    │    └─Embedding: 3-270                  [1]                       [1, 512]                  (recursive)               (recursive)               --                        524,288
│    │    └─Embedding: 3-271                  [1]                       [1, 512]                  (recursive)               (recursive)               --                        524,288
│    │    └─Embedding: 3-272                  [1]                       [1, 512]                  (recursive)               (recursive)               --                        524,288
│    │    └─Embedding: 3-273                  [1]                       [1, 512]                  (recursive)               (recursive)               --                        524,288
│    │    └─Embedding: 3-274                  [1]                       [1, 512]                  (recursive)               (recursive)               --                        524,288
│    │    └─Embedding: 3-275                  [1]                       [1, 512]                  (recursive)               (recursive)               --                        524,288
│    │    └─Embedding: 3-276                  [1]                       [1, 512]                  (recursive)               (recursive)               --                        524,288
│    │    └─Embedding: 3-277                  [1]                       [1, 512]                  (recursive)               (recursive)               --                        524,288
│    │    └─Embedding: 3-278                  [1]                       [1, 512]                  (recursive)               (recursive)               --                        524,288
│    │    └─Embedding: 3-279                  [1]                       [1, 512]                  (recursive)               (recursive)               --                        524,288
│    │    └─Embedding: 3-280                  [1]                       [1, 512]                  (recursive)               (recursive)               --                        524,288
│    │    └─Embedding: 3-281                  [1]                       [1, 512]                  (recursive)               (recursive)               --                        524,288
│    │    └─Embedding: 3-282                  [1]                       [1, 512]                  (recursive)               (recursive)               --                        524,288
│    │    └─Embedding: 3-283                  [1]                       [1, 512]                  (recursive)               (recursive)               --                        524,288
│    │    └─Embedding: 3-284                  [1]                       [1, 512]                  (recursive)               (recursive)               --                        524,288
│    │    └─Embedding: 3-285                  [1]                       [1, 512]                  (recursive)               (recursive)               --                        524,288
│    │    └─Embedding: 3-286                  [1]                       [1, 512]                  (recursive)               (recursive)               --                        524,288
│    │    └─Embedding: 3-287                  [1]                       [1, 512]                  (recursive)               (recursive)               --                        524,288
│    │    └─Embedding: 3-288                  [1]                       [1, 512]                  (recursive)               (recursive)               --                        524,288
│    │    └─Embedding: 3-289                  [1]                       [1, 512]                  (recursive)               (recursive)               --                        524,288
│    │    └─Embedding: 3-290                  [1]                       [1, 512]                  (recursive)               (recursive)               --                        524,288
│    │    └─Embedding: 3-291                  [1]                       [1, 512]                  (recursive)               (recursive)               --                        524,288
│    │    └─Embedding: 3-292                  [1]                       [1, 512]                  (recursive)               (recursive)               --                        524,288
│    │    └─Embedding: 3-293                  [1]                       [1, 512]                  (recursive)               (recursive)               --                        524,288
│    │    └─Embedding: 3-294                  [1]                       [1, 512]                  (recursive)               (recursive)               --                        524,288
│    │    └─Embedding: 3-295                  [1]                       [1, 512]                  (recursive)               (recursive)               --                        524,288
│    │    └─Embedding: 3-296                  [1]                       [1, 512]                  (recursive)               (recursive)               --                        524,288
│    │    └─Embedding: 3-297                  [1]                       [1, 512]                  (recursive)               (recursive)               --                        524,288
│    │    └─Embedding: 3-298                  [1]                       [1, 512]                  (recursive)               (recursive)               --                        524,288
│    │    └─Embedding: 3-299                  [1]                       [1, 512]                  (recursive)               (recursive)               --                        524,288
│    │    └─Embedding: 3-300                  [1]                       [1, 512]                  (recursive)               (recursive)               --                        524,288
│    │    └─Embedding: 3-301                  [1]                       [1, 512]                  (recursive)               (recursive)               --                        524,288
│    │    └─Embedding: 3-302                  [1]                       [1, 512]                  (recursive)               (recursive)               --                        524,288
│    │    └─Embedding: 3-303                  [1]                       [1, 512]                  (recursive)               (recursive)               --                        524,288
│    │    └─Embedding: 3-304                  [1]                       [1, 512]                  (recursive)               (recursive)               --                        524,288
│    │    └─Embedding: 3-305                  [1]                       [1, 512]                  (recursive)               (recursive)               --                        524,288
│    │    └─Embedding: 3-306                  [1]                       [1, 512]                  (recursive)               (recursive)               --                        524,288
│    │    └─Embedding: 3-307                  [1]                       [1, 512]                  (recursive)               (recursive)               --                        524,288
│    │    └─Embedding: 3-308                  [1]                       [1, 512]                  (recursive)               (recursive)               --                        524,288
│    │    └─Embedding: 3-309                  [1]                       [1, 512]                  (recursive)               (recursive)               --                        524,288
│    │    └─Embedding: 3-310                  [1]                       [1, 512]                  (recursive)               (recursive)               --                        524,288
│    │    └─Embedding: 3-311                  [1]                       [1, 512]                  (recursive)               (recursive)               --                        524,288
│    │    └─Embedding: 3-312                  [1]                       [1, 512]                  (recursive)               (recursive)               --                        524,288
│    │    └─Embedding: 3-313                  [1]                       [1, 512]                  (recursive)               (recursive)               --                        524,288
│    │    └─Embedding: 3-314                  [1]                       [1, 512]                  (recursive)               (recursive)               --                        524,288
│    │    └─Embedding: 3-315                  [1]                       [1, 512]                  (recursive)               (recursive)               --                        524,288
│    │    └─Embedding: 3-316                  [1]                       [1, 512]                  (recursive)               (recursive)               --                        524,288
│    │    └─Embedding: 3-317                  [1]                       [1, 512]                  (recursive)               (recursive)               --                        524,288
│    │    └─Embedding: 3-318                  [1]                       [1, 512]                  (recursive)               (recursive)               --                        524,288
│    │    └─Embedding: 3-319                  [1]                       [1, 512]                  (recursive)               (recursive)               --                        524,288
│    │    └─Embedding: 3-320                  [1]                       [1, 512]                  (recursive)               (recursive)               --                        524,288
│    │    └─Embedding: 3-321                  [1]                       [1, 512]                  (recursive)               (recursive)               --                        524,288
│    └─LayerNorm: 2-7                         [1, 569, 512]             [1, 569, 512]             1,024                       0.00%                   --                        1,024
│    └─ModuleList: 2-8                        --                        --                        --                             --                   --                        --
│    │    └─ResidualAttentionBlock: 3-322     [569, 1, 512]             [569, 1, 512]             --                             --                   --                        --
│    │    │    └─LayerNorm: 4-33              [569, 1, 512]             [569, 1, 512]             1,024                       0.00%                   --                        582,656
│    │    │    └─MultiheadAttention: 4-34     [569, 1, 512]             [569, 1, 512]             1,050,624                   0.49%                   --                        --
│    │    │    └─LayerNorm: 4-35              [569, 1, 512]             [569, 1, 512]             1,024                       0.00%                   --                        582,656
│    │    │    └─Sequential: 4-36             [569, 1, 512]             [569, 1, 512]             --                             --                   --                        --
│    │    │    │    └─Linear: 5-25            [569, 1, 512]             [569, 1, 2048]            1,050,624                   0.49%                   --                        597,805,056
│    │    │    │    └─GELU: 5-26              [569, 1, 2048]            [569, 1, 2048]            --                             --                   --                        --
│    │    │    │    └─Linear: 5-27            [569, 1, 2048]            [569, 1, 512]             1,049,088                   0.49%                   --                        596,931,072
│    │    └─ResidualAttentionBlock: 3-323     [569, 1, 512]             [569, 1, 512]             --                             --                   --                        --
│    │    │    └─LayerNorm: 4-37              [569, 1, 512]             [569, 1, 512]             1,024                       0.00%                   --                        582,656
│    │    │    └─MultiheadAttention: 4-38     [569, 1, 512]             [569, 1, 512]             1,050,624                   0.49%                   --                        --
│    │    │    └─LayerNorm: 4-39              [569, 1, 512]             [569, 1, 512]             1,024                       0.00%                   --                        582,656
│    │    │    └─Sequential: 4-40             [569, 1, 512]             [569, 1, 512]             --                             --                   --                        --
│    │    │    │    └─Linear: 5-28            [569, 1, 512]             [569, 1, 2048]            1,050,624                   0.49%                   --                        597,805,056
│    │    │    │    └─GELU: 5-29              [569, 1, 2048]            [569, 1, 2048]            --                             --                   --                        --
│    │    │    │    └─Linear: 5-30            [569, 1, 2048]            [569, 1, 512]             1,049,088                   0.49%                   --                        596,931,072
│    │    └─ResidualAttentionBlock: 3-324     [569, 1, 512]             [569, 1, 512]             --                             --                   --                        --
│    │    │    └─LayerNorm: 4-41              [569, 1, 512]             [569, 1, 512]             1,024                       0.00%                   --                        582,656
│    │    │    └─MultiheadAttention: 4-42     [569, 1, 512]             [569, 1, 512]             1,050,624                   0.49%                   --                        --
│    │    │    └─LayerNorm: 4-43              [569, 1, 512]             [569, 1, 512]             1,024                       0.00%                   --                        582,656
│    │    │    └─Sequential: 4-44             [569, 1, 512]             [569, 1, 512]             --                             --                   --                        --
│    │    │    │    └─Linear: 5-31            [569, 1, 512]             [569, 1, 2048]            1,050,624                   0.49%                   --                        597,805,056
│    │    │    │    └─GELU: 5-32              [569, 1, 2048]            [569, 1, 2048]            --                             --                   --                        --
│    │    │    │    └─Linear: 5-33            [569, 1, 2048]            [569, 1, 512]             1,049,088                   0.49%                   --                        596,931,072
│    │    └─ResidualAttentionBlock: 3-325     [569, 1, 512]             [569, 1, 512]             --                             --                   --                        --
│    │    │    └─LayerNorm: 4-45              [569, 1, 512]             [569, 1, 512]             1,024                       0.00%                   --                        582,656
│    │    │    └─MultiheadAttention: 4-46     [569, 1, 512]             [569, 1, 512]             1,050,624                   0.49%                   --                        --
│    │    │    └─LayerNorm: 4-47              [569, 1, 512]             [569, 1, 512]             1,024                       0.00%                   --                        582,656
│    │    │    └─Sequential: 4-48             [569, 1, 512]             [569, 1, 512]             --                             --                   --                        --
│    │    │    │    └─Linear: 5-34            [569, 1, 512]             [569, 1, 2048]            1,050,624                   0.49%                   --                        597,805,056
│    │    │    │    └─GELU: 5-35              [569, 1, 2048]            [569, 1, 2048]            --                             --                   --                        --
│    │    │    │    └─Linear: 5-36            [569, 1, 2048]            [569, 1, 512]             1,049,088                   0.49%                   --                        596,931,072
│    │    └─ResidualAttentionBlock: 3-326     [569, 1, 512]             [569, 1, 512]             --                             --                   --                        --
│    │    │    └─LayerNorm: 4-49              [569, 1, 512]             [569, 1, 512]             1,024                       0.00%                   --                        582,656
│    │    │    └─MultiheadAttention: 4-50     [569, 1, 512]             [569, 1, 512]             1,050,624                   0.49%                   --                        --
│    │    │    └─LayerNorm: 4-51              [569, 1, 512]             [569, 1, 512]             1,024                       0.00%                   --                        582,656
│    │    │    └─Sequential: 4-52             [569, 1, 512]             [569, 1, 512]             --                             --                   --                        --
│    │    │    │    └─Linear: 5-37            [569, 1, 512]             [569, 1, 2048]            1,050,624                   0.49%                   --                        597,805,056
│    │    │    │    └─GELU: 5-38              [569, 1, 2048]            [569, 1, 2048]            --                             --                   --                        --
│    │    │    │    └─Linear: 5-39            [569, 1, 2048]            [569, 1, 512]             1,049,088                   0.49%                   --                        596,931,072
│    │    └─ResidualAttentionBlock: 3-327     [569, 1, 512]             [569, 1, 512]             --                             --                   --                        --
│    │    │    └─LayerNorm: 4-53              [569, 1, 512]             [569, 1, 512]             1,024                       0.00%                   --                        582,656
│    │    │    └─MultiheadAttention: 4-54     [569, 1, 512]             [569, 1, 512]             1,050,624                   0.49%                   --                        --
│    │    │    └─LayerNorm: 4-55              [569, 1, 512]             [569, 1, 512]             1,024                       0.00%                   --                        582,656
│    │    │    └─Sequential: 4-56             [569, 1, 512]             [569, 1, 512]             --                             --                   --                        --
│    │    │    │    └─Linear: 5-40            [569, 1, 512]             [569, 1, 2048]            1,050,624                   0.49%                   --                        597,805,056
│    │    │    │    └─GELU: 5-41              [569, 1, 2048]            [569, 1, 2048]            --                             --                   --                        --
│    │    │    │    └─Linear: 5-42            [569, 1, 2048]            [569, 1, 512]             1,049,088                   0.49%                   --                        596,931,072
│    │    └─ResidualAttentionBlock: 3-328     [569, 1, 512]             [569, 1, 512]             --                             --                   --                        --
│    │    │    └─LayerNorm: 4-57              [569, 1, 512]             [569, 1, 512]             1,024                       0.00%                   --                        582,656
│    │    │    └─MultiheadAttention: 4-58     [569, 1, 512]             [569, 1, 512]             1,050,624                   0.49%                   --                        --
│    │    │    └─LayerNorm: 4-59              [569, 1, 512]             [569, 1, 512]             1,024                       0.00%                   --                        582,656
│    │    │    └─Sequential: 4-60             [569, 1, 512]             [569, 1, 512]             --                             --                   --                        --
│    │    │    │    └─Linear: 5-43            [569, 1, 512]             [569, 1, 2048]            1,050,624                   0.49%                   --                        597,805,056
│    │    │    │    └─GELU: 5-44              [569, 1, 2048]            [569, 1, 2048]            --                             --                   --                        --
│    │    │    │    └─Linear: 5-45            [569, 1, 2048]            [569, 1, 512]             1,049,088                   0.49%                   --                        596,931,072
│    │    └─ResidualAttentionBlock: 3-329     [569, 1, 512]             [569, 1, 512]             --                             --                   --                        --
│    │    │    └─LayerNorm: 4-61              [569, 1, 512]             [569, 1, 512]             1,024                       0.00%                   --                        582,656
│    │    │    └─MultiheadAttention: 4-62     [569, 1, 512]             [569, 1, 512]             1,050,624                   0.49%                   --                        --
│    │    │    └─LayerNorm: 4-63              [569, 1, 512]             [569, 1, 512]             1,024                       0.00%                   --                        582,656
│    │    │    └─Sequential: 4-64             [569, 1, 512]             [569, 1, 512]             --                             --                   --                        --
│    │    │    │    └─Linear: 5-46            [569, 1, 512]             [569, 1, 2048]            1,050,624                   0.49%                   --                        597,805,056
│    │    │    │    └─GELU: 5-47              [569, 1, 2048]            [569, 1, 2048]            --                             --                   --                        --
│    │    │    │    └─Linear: 5-48            [569, 1, 2048]            [569, 1, 512]             1,049,088                   0.49%                   --                        596,931,072
│    └─LayerNorm: 2-9                         [1, 313, 512]             [1, 313, 512]             1,024                       0.00%                   --                        1,024
│    └─Linear: 2-10                           [1, 313, 512]             [1, 313, 32]              16,416                      0.01%                   --                        16,416
├─QuadTokDecoder: 1-3                         [1, 313, 16]              [1, 3, 256, 256]          698,880                     0.33%                   --                        --
│    └─Linear: 2-11                           [1, 313, 16]              [1, 313, 512]             8,704                       0.00%                   --                        8,704
│    └─ModuleDict: 2-12                       --                        --                        --                             --                   --                        --
│    │    └─Embedding: 3-330                  [1]                       [1, 512]                  512                         0.00%                   --                        512
│    │    └─Embedding: 3-331                  [1]                       [1, 512]                  2,048                       0.00%                   --                        2,048
│    │    └─Embedding: 3-332                  [1]                       [1, 512]                  (recursive)               (recursive)               --                        2,048
│    │    └─Embedding: 3-333                  [1]                       [1, 512]                  (recursive)               (recursive)               --                        2,048
│    │    └─Embedding: 3-334                  [1]                       [1, 512]                  (recursive)               (recursive)               --                        2,048
│    │    └─Embedding: 3-335                  [1]                       [1, 512]                  8,192                       0.00%                   --                        8,192
│    │    └─Embedding: 3-336                  [1]                       [1, 512]                  (recursive)               (recursive)               --                        8,192
│    │    └─Embedding: 3-337                  [1]                       [1, 512]                  (recursive)               (recursive)               --                        8,192
│    │    └─Embedding: 3-338                  [1]                       [1, 512]                  (recursive)               (recursive)               --                        8,192
│    │    └─Embedding: 3-339                  [1]                       [1, 512]                  (recursive)               (recursive)               --                        8,192
│    │    └─Embedding: 3-340                  [1]                       [1, 512]                  (recursive)               (recursive)               --                        8,192
│    │    └─Embedding: 3-341                  [1]                       [1, 512]                  (recursive)               (recursive)               --                        8,192
│    │    └─Embedding: 3-342                  [1]                       [1, 512]                  (recursive)               (recursive)               --                        8,192
│    │    └─Embedding: 3-343                  [1]                       [1, 512]                  (recursive)               (recursive)               --                        8,192
│    │    └─Embedding: 3-344                  [1]                       [1, 512]                  (recursive)               (recursive)               --                        8,192
│    │    └─Embedding: 3-345                  [1]                       [1, 512]                  (recursive)               (recursive)               --                        8,192
│    │    └─Embedding: 3-346                  [1]                       [1, 512]                  (recursive)               (recursive)               --                        8,192
│    │    └─Embedding: 3-347                  [1]                       [1, 512]                  (recursive)               (recursive)               --                        8,192
│    │    └─Embedding: 3-348                  [1]                       [1, 512]                  (recursive)               (recursive)               --                        8,192
│    │    └─Embedding: 3-349                  [1]                       [1, 512]                  (recursive)               (recursive)               --                        8,192
│    │    └─Embedding: 3-350                  [1]                       [1, 512]                  (recursive)               (recursive)               --                        8,192
│    │    └─Embedding: 3-351                  [1]                       [1, 512]                  32,768                      0.02%                   --                        32,768
│    │    └─Embedding: 3-352                  [1]                       [1, 512]                  (recursive)               (recursive)               --                        32,768
│    │    └─Embedding: 3-353                  [1]                       [1, 512]                  (recursive)               (recursive)               --                        32,768
│    │    └─Embedding: 3-354                  [1]                       [1, 512]                  (recursive)               (recursive)               --                        32,768
│    │    └─Embedding: 3-355                  [1]                       [1, 512]                  (recursive)               (recursive)               --                        32,768
│    │    └─Embedding: 3-356                  [1]                       [1, 512]                  (recursive)               (recursive)               --                        32,768
│    │    └─Embedding: 3-357                  [1]                       [1, 512]                  (recursive)               (recursive)               --                        32,768
│    │    └─Embedding: 3-358                  [1]                       [1, 512]                  (recursive)               (recursive)               --                        32,768
│    │    └─Embedding: 3-359                  [1]                       [1, 512]                  (recursive)               (recursive)               --                        32,768
│    │    └─Embedding: 3-360                  [1]                       [1, 512]                  (recursive)               (recursive)               --                        32,768
│    │    └─Embedding: 3-361                  [1]                       [1, 512]                  (recursive)               (recursive)               --                        32,768
│    │    └─Embedding: 3-362                  [1]                       [1, 512]                  (recursive)               (recursive)               --                        32,768
│    │    └─Embedding: 3-363                  [1]                       [1, 512]                  (recursive)               (recursive)               --                        32,768
│    │    └─Embedding: 3-364                  [1]                       [1, 512]                  (recursive)               (recursive)               --                        32,768
│    │    └─Embedding: 3-365                  [1]                       [1, 512]                  (recursive)               (recursive)               --                        32,768
│    │    └─Embedding: 3-366                  [1]                       [1, 512]                  (recursive)               (recursive)               --                        32,768
│    │    └─Embedding: 3-367                  [1]                       [1, 512]                  (recursive)               (recursive)               --                        32,768
│    │    └─Embedding: 3-368                  [1]                       [1, 512]                  (recursive)               (recursive)               --                        32,768
│    │    └─Embedding: 3-369                  [1]                       [1, 512]                  (recursive)               (recursive)               --                        32,768
│    │    └─Embedding: 3-370                  [1]                       [1, 512]                  (recursive)               (recursive)               --                        32,768
│    │    └─Embedding: 3-371                  [1]                       [1, 512]                  (recursive)               (recursive)               --                        32,768
│    │    └─Embedding: 3-372                  [1]                       [1, 512]                  (recursive)               (recursive)               --                        32,768
│    │    └─Embedding: 3-373                  [1]                       [1, 512]                  (recursive)               (recursive)               --                        32,768
│    │    └─Embedding: 3-374                  [1]                       [1, 512]                  (recursive)               (recursive)               --                        32,768
│    │    └─Embedding: 3-375                  [1]                       [1, 512]                  (recursive)               (recursive)               --                        32,768
│    │    └─Embedding: 3-376                  [1]                       [1, 512]                  (recursive)               (recursive)               --                        32,768
│    │    └─Embedding: 3-377                  [1]                       [1, 512]                  (recursive)               (recursive)               --                        32,768
│    │    └─Embedding: 3-378                  [1]                       [1, 512]                  (recursive)               (recursive)               --                        32,768
│    │    └─Embedding: 3-379                  [1]                       [1, 512]                  (recursive)               (recursive)               --                        32,768
│    │    └─Embedding: 3-380                  [1]                       [1, 512]                  (recursive)               (recursive)               --                        32,768
│    │    └─Embedding: 3-381                  [1]                       [1, 512]                  (recursive)               (recursive)               --                        32,768
│    │    └─Embedding: 3-382                  [1]                       [1, 512]                  (recursive)               (recursive)               --                        32,768
│    │    └─Embedding: 3-383                  [1]                       [1, 512]                  (recursive)               (recursive)               --                        32,768
│    │    └─Embedding: 3-384                  [1]                       [1, 512]                  (recursive)               (recursive)               --                        32,768
│    │    └─Embedding: 3-385                  [1]                       [1, 512]                  (recursive)               (recursive)               --                        32,768
│    │    └─Embedding: 3-386                  [1]                       [1, 512]                  (recursive)               (recursive)               --                        32,768
│    │    └─Embedding: 3-387                  [1]                       [1, 512]                  (recursive)               (recursive)               --                        32,768
│    │    └─Embedding: 3-388                  [1]                       [1, 512]                  (recursive)               (recursive)               --                        32,768
│    │    └─Embedding: 3-389                  [1]                       [1, 512]                  (recursive)               (recursive)               --                        32,768
│    │    └─Embedding: 3-390                  [1]                       [1, 512]                  (recursive)               (recursive)               --                        32,768
│    │    └─Embedding: 3-391                  [1]                       [1, 512]                  (recursive)               (recursive)               --                        32,768
│    │    └─Embedding: 3-392                  [1]                       [1, 512]                  (recursive)               (recursive)               --                        32,768
│    │    └─Embedding: 3-393                  [1]                       [1, 512]                  (recursive)               (recursive)               --                        32,768
│    │    └─Embedding: 3-394                  [1]                       [1, 512]                  (recursive)               (recursive)               --                        32,768
│    │    └─Embedding: 3-395                  [1]                       [1, 512]                  (recursive)               (recursive)               --                        32,768
│    │    └─Embedding: 3-396                  [1]                       [1, 512]                  (recursive)               (recursive)               --                        32,768
│    │    └─Embedding: 3-397                  [1]                       [1, 512]                  (recursive)               (recursive)               --                        32,768
│    │    └─Embedding: 3-398                  [1]                       [1, 512]                  (recursive)               (recursive)               --                        32,768
│    │    └─Embedding: 3-399                  [1]                       [1, 512]                  (recursive)               (recursive)               --                        32,768
│    │    └─Embedding: 3-400                  [1]                       [1, 512]                  (recursive)               (recursive)               --                        32,768
│    │    └─Embedding: 3-401                  [1]                       [1, 512]                  (recursive)               (recursive)               --                        32,768
│    │    └─Embedding: 3-402                  [1]                       [1, 512]                  (recursive)               (recursive)               --                        32,768
│    │    └─Embedding: 3-403                  [1]                       [1, 512]                  (recursive)               (recursive)               --                        32,768
│    │    └─Embedding: 3-404                  [1]                       [1, 512]                  (recursive)               (recursive)               --                        32,768
│    │    └─Embedding: 3-405                  [1]                       [1, 512]                  (recursive)               (recursive)               --                        32,768
│    │    └─Embedding: 3-406                  [1]                       [1, 512]                  (recursive)               (recursive)               --                        32,768
│    │    └─Embedding: 3-407                  [1]                       [1, 512]                  (recursive)               (recursive)               --                        32,768
│    │    └─Embedding: 3-408                  [1]                       [1, 512]                  (recursive)               (recursive)               --                        32,768
│    │    └─Embedding: 3-409                  [1]                       [1, 512]                  (recursive)               (recursive)               --                        32,768
│    │    └─Embedding: 3-410                  [1]                       [1, 512]                  (recursive)               (recursive)               --                        32,768
│    │    └─Embedding: 3-411                  [1]                       [1, 512]                  (recursive)               (recursive)               --                        32,768
│    │    └─Embedding: 3-412                  [1]                       [1, 512]                  (recursive)               (recursive)               --                        32,768
│    │    └─Embedding: 3-413                  [1]                       [1, 512]                  (recursive)               (recursive)               --                        32,768
│    │    └─Embedding: 3-414                  [1]                       [1, 512]                  (recursive)               (recursive)               --                        32,768
│    │    └─Embedding: 3-415                  [1]                       [1, 512]                  131,072                     0.06%                   --                        131,072
│    │    └─Embedding: 3-416                  [1]                       [1, 512]                  (recursive)               (recursive)               --                        131,072
│    │    └─Embedding: 3-417                  [1]                       [1, 512]                  (recursive)               (recursive)               --                        131,072
│    │    └─Embedding: 3-418                  [1]                       [1, 512]                  (recursive)               (recursive)               --                        131,072
│    │    └─Embedding: 3-419                  [1]                       [1, 512]                  (recursive)               (recursive)               --                        131,072
│    │    └─Embedding: 3-420                  [1]                       [1, 512]                  (recursive)               (recursive)               --                        131,072
│    │    └─Embedding: 3-421                  [1]                       [1, 512]                  (recursive)               (recursive)               --                        131,072
│    │    └─Embedding: 3-422                  [1]                       [1, 512]                  (recursive)               (recursive)               --                        131,072
│    │    └─Embedding: 3-423                  [1]                       [1, 512]                  (recursive)               (recursive)               --                        131,072
│    │    └─Embedding: 3-424                  [1]                       [1, 512]                  (recursive)               (recursive)               --                        131,072
│    │    └─Embedding: 3-425                  [1]                       [1, 512]                  (recursive)               (recursive)               --                        131,072
│    │    └─Embedding: 3-426                  [1]                       [1, 512]                  (recursive)               (recursive)               --                        131,072
│    │    └─Embedding: 3-427                  [1]                       [1, 512]                  (recursive)               (recursive)               --                        131,072
│    │    └─Embedding: 3-428                  [1]                       [1, 512]                  (recursive)               (recursive)               --                        131,072
│    │    └─Embedding: 3-429                  [1]                       [1, 512]                  (recursive)               (recursive)               --                        131,072
│    │    └─Embedding: 3-430                  [1]                       [1, 512]                  (recursive)               (recursive)               --                        131,072
│    │    └─Embedding: 3-431                  [1]                       [1, 512]                  (recursive)               (recursive)               --                        131,072
│    │    └─Embedding: 3-432                  [1]                       [1, 512]                  (recursive)               (recursive)               --                        131,072
│    │    └─Embedding: 3-433                  [1]                       [1, 512]                  (recursive)               (recursive)               --                        131,072
│    │    └─Embedding: 3-434                  [1]                       [1, 512]                  (recursive)               (recursive)               --                        131,072
│    │    └─Embedding: 3-435                  [1]                       [1, 512]                  (recursive)               (recursive)               --                        131,072
│    │    └─Embedding: 3-436                  [1]                       [1, 512]                  (recursive)               (recursive)               --                        131,072
│    │    └─Embedding: 3-437                  [1]                       [1, 512]                  (recursive)               (recursive)               --                        131,072
│    │    └─Embedding: 3-438                  [1]                       [1, 512]                  (recursive)               (recursive)               --                        131,072
│    │    └─Embedding: 3-439                  [1]                       [1, 512]                  (recursive)               (recursive)               --                        131,072
│    │    └─Embedding: 3-440                  [1]                       [1, 512]                  (recursive)               (recursive)               --                        131,072
│    │    └─Embedding: 3-441                  [1]                       [1, 512]                  (recursive)               (recursive)               --                        131,072
│    │    └─Embedding: 3-442                  [1]                       [1, 512]                  (recursive)               (recursive)               --                        131,072
│    │    └─Embedding: 3-443                  [1]                       [1, 512]                  (recursive)               (recursive)               --                        131,072
│    │    └─Embedding: 3-444                  [1]                       [1, 512]                  (recursive)               (recursive)               --                        131,072
│    │    └─Embedding: 3-445                  [1]                       [1, 512]                  (recursive)               (recursive)               --                        131,072
│    │    └─Embedding: 3-446                  [1]                       [1, 512]                  (recursive)               (recursive)               --                        131,072
│    │    └─Embedding: 3-447                  [1]                       [1, 512]                  (recursive)               (recursive)               --                        131,072
│    │    └─Embedding: 3-448                  [1]                       [1, 512]                  (recursive)               (recursive)               --                        131,072
│    │    └─Embedding: 3-449                  [1]                       [1, 512]                  (recursive)               (recursive)               --                        131,072
│    │    └─Embedding: 3-450                  [1]                       [1, 512]                  (recursive)               (recursive)               --                        131,072
│    │    └─Embedding: 3-451                  [1]                       [1, 512]                  (recursive)               (recursive)               --                        131,072
│    │    └─Embedding: 3-452                  [1]                       [1, 512]                  (recursive)               (recursive)               --                        131,072
│    │    └─Embedding: 3-453                  [1]                       [1, 512]                  (recursive)               (recursive)               --                        131,072
│    │    └─Embedding: 3-454                  [1]                       [1, 512]                  (recursive)               (recursive)               --                        131,072
│    │    └─Embedding: 3-455                  [1]                       [1, 512]                  (recursive)               (recursive)               --                        131,072
│    │    └─Embedding: 3-456                  [1]                       [1, 512]                  (recursive)               (recursive)               --                        131,072
│    │    └─Embedding: 3-457                  [1]                       [1, 512]                  (recursive)               (recursive)               --                        131,072
│    │    └─Embedding: 3-458                  [1]                       [1, 512]                  (recursive)               (recursive)               --                        131,072
│    │    └─Embedding: 3-459                  [1]                       [1, 512]                  (recursive)               (recursive)               --                        131,072
│    │    └─Embedding: 3-460                  [1]                       [1, 512]                  (recursive)               (recursive)               --                        131,072
│    │    └─Embedding: 3-461                  [1]                       [1, 512]                  (recursive)               (recursive)               --                        131,072
│    │    └─Embedding: 3-462                  [1]                       [1, 512]                  (recursive)               (recursive)               --                        131,072
│    │    └─Embedding: 3-463                  [1]                       [1, 512]                  (recursive)               (recursive)               --                        131,072
│    │    └─Embedding: 3-464                  [1]                       [1, 512]                  (recursive)               (recursive)               --                        131,072
│    │    └─Embedding: 3-465                  [1]                       [1, 512]                  (recursive)               (recursive)               --                        131,072
│    │    └─Embedding: 3-466                  [1]                       [1, 512]                  (recursive)               (recursive)               --                        131,072
│    │    └─Embedding: 3-467                  [1]                       [1, 512]                  (recursive)               (recursive)               --                        131,072
│    │    └─Embedding: 3-468                  [1]                       [1, 512]                  (recursive)               (recursive)               --                        131,072
│    │    └─Embedding: 3-469                  [1]                       [1, 512]                  (recursive)               (recursive)               --                        131,072
│    │    └─Embedding: 3-470                  [1]                       [1, 512]                  (recursive)               (recursive)               --                        131,072
│    │    └─Embedding: 3-471                  [1]                       [1, 512]                  (recursive)               (recursive)               --                        131,072
│    │    └─Embedding: 3-472                  [1]                       [1, 512]                  (recursive)               (recursive)               --                        131,072
│    │    └─Embedding: 3-473                  [1]                       [1, 512]                  (recursive)               (recursive)               --                        131,072
│    │    └─Embedding: 3-474                  [1]                       [1, 512]                  (recursive)               (recursive)               --                        131,072
│    │    └─Embedding: 3-475                  [1]                       [1, 512]                  (recursive)               (recursive)               --                        131,072
│    │    └─Embedding: 3-476                  [1]                       [1, 512]                  (recursive)               (recursive)               --                        131,072
│    │    └─Embedding: 3-477                  [1]                       [1, 512]                  (recursive)               (recursive)               --                        131,072
│    │    └─Embedding: 3-478                  [1]                       [1, 512]                  (recursive)               (recursive)               --                        131,072
│    │    └─Embedding: 3-479                  [1]                       [1, 512]                  (recursive)               (recursive)               --                        131,072
│    │    └─Embedding: 3-480                  [1]                       [1, 512]                  (recursive)               (recursive)               --                        131,072
│    │    └─Embedding: 3-481                  [1]                       [1, 512]                  (recursive)               (recursive)               --                        131,072
│    │    └─Embedding: 3-482                  [1]                       [1, 512]                  (recursive)               (recursive)               --                        131,072
│    │    └─Embedding: 3-483                  [1]                       [1, 512]                  (recursive)               (recursive)               --                        131,072
│    │    └─Embedding: 3-484                  [1]                       [1, 512]                  (recursive)               (recursive)               --                        131,072
│    │    └─Embedding: 3-485                  [1]                       [1, 512]                  (recursive)               (recursive)               --                        131,072
│    │    └─Embedding: 3-486                  [1]                       [1, 512]                  (recursive)               (recursive)               --                        131,072
│    │    └─Embedding: 3-487                  [1]                       [1, 512]                  (recursive)               (recursive)               --                        131,072
│    │    └─Embedding: 3-488                  [1]                       [1, 512]                  (recursive)               (recursive)               --                        131,072
│    │    └─Embedding: 3-489                  [1]                       [1, 512]                  (recursive)               (recursive)               --                        131,072
│    │    └─Embedding: 3-490                  [1]                       [1, 512]                  (recursive)               (recursive)               --                        131,072
│    │    └─Embedding: 3-491                  [1]                       [1, 512]                  (recursive)               (recursive)               --                        131,072
│    │    └─Embedding: 3-492                  [1]                       [1, 512]                  (recursive)               (recursive)               --                        131,072
│    │    └─Embedding: 3-493                  [1]                       [1, 512]                  (recursive)               (recursive)               --                        131,072
│    │    └─Embedding: 3-494                  [1]                       [1, 512]                  (recursive)               (recursive)               --                        131,072
│    │    └─Embedding: 3-495                  [1]                       [1, 512]                  (recursive)               (recursive)               --                        131,072
│    │    └─Embedding: 3-496                  [1]                       [1, 512]                  (recursive)               (recursive)               --                        131,072
│    │    └─Embedding: 3-497                  [1]                       [1, 512]                  (recursive)               (recursive)               --                        131,072
│    │    └─Embedding: 3-498                  [1]                       [1, 512]                  (recursive)               (recursive)               --                        131,072
│    │    └─Embedding: 3-499                  [1]                       [1, 512]                  524,288                     0.24%                   --                        524,288
│    │    └─Embedding: 3-500                  [1]                       [1, 512]                  (recursive)               (recursive)               --                        524,288
│    │    └─Embedding: 3-501                  [1]                       [1, 512]                  (recursive)               (recursive)               --                        524,288
│    │    └─Embedding: 3-502                  [1]                       [1, 512]                  (recursive)               (recursive)               --                        524,288
│    │    └─Embedding: 3-503                  [1]                       [1, 512]                  (recursive)               (recursive)               --                        524,288
│    │    └─Embedding: 3-504                  [1]                       [1, 512]                  (recursive)               (recursive)               --                        524,288
│    │    └─Embedding: 3-505                  [1]                       [1, 512]                  (recursive)               (recursive)               --                        524,288
│    │    └─Embedding: 3-506                  [1]                       [1, 512]                  (recursive)               (recursive)               --                        524,288
│    │    └─Embedding: 3-507                  [1]                       [1, 512]                  (recursive)               (recursive)               --                        524,288
│    │    └─Embedding: 3-508                  [1]                       [1, 512]                  (recursive)               (recursive)               --                        524,288
│    │    └─Embedding: 3-509                  [1]                       [1, 512]                  (recursive)               (recursive)               --                        524,288
│    │    └─Embedding: 3-510                  [1]                       [1, 512]                  (recursive)               (recursive)               --                        524,288
│    │    └─Embedding: 3-511                  [1]                       [1, 512]                  (recursive)               (recursive)               --                        524,288
│    │    └─Embedding: 3-512                  [1]                       [1, 512]                  (recursive)               (recursive)               --                        524,288
│    │    └─Embedding: 3-513                  [1]                       [1, 512]                  (recursive)               (recursive)               --                        524,288
│    │    └─Embedding: 3-514                  [1]                       [1, 512]                  (recursive)               (recursive)               --                        524,288
│    │    └─Embedding: 3-515                  [1]                       [1, 512]                  (recursive)               (recursive)               --                        524,288
│    │    └─Embedding: 3-516                  [1]                       [1, 512]                  (recursive)               (recursive)               --                        524,288
│    │    └─Embedding: 3-517                  [1]                       [1, 512]                  (recursive)               (recursive)               --                        524,288
│    │    └─Embedding: 3-518                  [1]                       [1, 512]                  (recursive)               (recursive)               --                        524,288
│    │    └─Embedding: 3-519                  [1]                       [1, 512]                  (recursive)               (recursive)               --                        524,288
│    │    └─Embedding: 3-520                  [1]                       [1, 512]                  (recursive)               (recursive)               --                        524,288
│    │    └─Embedding: 3-521                  [1]                       [1, 512]                  (recursive)               (recursive)               --                        524,288
│    │    └─Embedding: 3-522                  [1]                       [1, 512]                  (recursive)               (recursive)               --                        524,288
│    │    └─Embedding: 3-523                  [1]                       [1, 512]                  (recursive)               (recursive)               --                        524,288
│    │    └─Embedding: 3-524                  [1]                       [1, 512]                  (recursive)               (recursive)               --                        524,288
│    │    └─Embedding: 3-525                  [1]                       [1, 512]                  (recursive)               (recursive)               --                        524,288
│    │    └─Embedding: 3-526                  [1]                       [1, 512]                  (recursive)               (recursive)               --                        524,288
│    │    └─Embedding: 3-527                  [1]                       [1, 512]                  (recursive)               (recursive)               --                        524,288
│    │    └─Embedding: 3-528                  [1]                       [1, 512]                  (recursive)               (recursive)               --                        524,288
│    │    └─Embedding: 3-529                  [1]                       [1, 512]                  (recursive)               (recursive)               --                        524,288
│    │    └─Embedding: 3-530                  [1]                       [1, 512]                  (recursive)               (recursive)               --                        524,288
│    │    └─Embedding: 3-531                  [1]                       [1, 512]                  (recursive)               (recursive)               --                        524,288
│    │    └─Embedding: 3-532                  [1]                       [1, 512]                  (recursive)               (recursive)               --                        524,288
│    │    └─Embedding: 3-533                  [1]                       [1, 512]                  (recursive)               (recursive)               --                        524,288
│    │    └─Embedding: 3-534                  [1]                       [1, 512]                  (recursive)               (recursive)               --                        524,288
│    │    └─Embedding: 3-535                  [1]                       [1, 512]                  (recursive)               (recursive)               --                        524,288
│    │    └─Embedding: 3-536                  [1]                       [1, 512]                  (recursive)               (recursive)               --                        524,288
│    │    └─Embedding: 3-537                  [1]                       [1, 512]                  (recursive)               (recursive)               --                        524,288
│    │    └─Embedding: 3-538                  [1]                       [1, 512]                  (recursive)               (recursive)               --                        524,288
│    │    └─Embedding: 3-539                  [1]                       [1, 512]                  (recursive)               (recursive)               --                        524,288
│    │    └─Embedding: 3-540                  [1]                       [1, 512]                  (recursive)               (recursive)               --                        524,288
│    │    └─Embedding: 3-541                  [1]                       [1, 512]                  (recursive)               (recursive)               --                        524,288
│    │    └─Embedding: 3-542                  [1]                       [1, 512]                  (recursive)               (recursive)               --                        524,288
│    │    └─Embedding: 3-543                  [1]                       [1, 512]                  (recursive)               (recursive)               --                        524,288
│    │    └─Embedding: 3-544                  [1]                       [1, 512]                  (recursive)               (recursive)               --                        524,288
│    │    └─Embedding: 3-545                  [1]                       [1, 512]                  (recursive)               (recursive)               --                        524,288
│    │    └─Embedding: 3-546                  [1]                       [1, 512]                  (recursive)               (recursive)               --                        524,288
│    │    └─Embedding: 3-547                  [1]                       [1, 512]                  (recursive)               (recursive)               --                        524,288
│    │    └─Embedding: 3-548                  [1]                       [1, 512]                  (recursive)               (recursive)               --                        524,288
│    │    └─Embedding: 3-549                  [1]                       [1, 512]                  (recursive)               (recursive)               --                        524,288
│    │    └─Embedding: 3-550                  [1]                       [1, 512]                  (recursive)               (recursive)               --                        524,288
│    │    └─Embedding: 3-551                  [1]                       [1, 512]                  (recursive)               (recursive)               --                        524,288
│    │    └─Embedding: 3-552                  [1]                       [1, 512]                  (recursive)               (recursive)               --                        524,288
│    │    └─Embedding: 3-553                  [1]                       [1, 512]                  (recursive)               (recursive)               --                        524,288
│    │    └─Embedding: 3-554                  [1]                       [1, 512]                  (recursive)               (recursive)               --                        524,288
│    │    └─Embedding: 3-555                  [1]                       [1, 512]                  (recursive)               (recursive)               --                        524,288
│    │    └─Embedding: 3-556                  [1]                       [1, 512]                  (recursive)               (recursive)               --                        524,288
│    │    └─Embedding: 3-557                  [1]                       [1, 512]                  (recursive)               (recursive)               --                        524,288
│    │    └─Embedding: 3-558                  [1]                       [1, 512]                  (recursive)               (recursive)               --                        524,288
│    │    └─Embedding: 3-559                  [1]                       [1, 512]                  (recursive)               (recursive)               --                        524,288
│    │    └─Embedding: 3-560                  [1]                       [1, 512]                  (recursive)               (recursive)               --                        524,288
│    │    └─Embedding: 3-561                  [1]                       [1, 512]                  (recursive)               (recursive)               --                        524,288
│    │    └─Embedding: 3-562                  [1]                       [1, 512]                  (recursive)               (recursive)               --                        524,288
│    │    └─Embedding: 3-563                  [1]                       [1, 512]                  (recursive)               (recursive)               --                        524,288
│    │    └─Embedding: 3-564                  [1]                       [1, 512]                  (recursive)               (recursive)               --                        524,288
│    │    └─Embedding: 3-565                  [1]                       [1, 512]                  (recursive)               (recursive)               --                        524,288
│    │    └─Embedding: 3-566                  [1]                       [1, 512]                  (recursive)               (recursive)               --                        524,288
│    │    └─Embedding: 3-567                  [1]                       [1, 512]                  (recursive)               (recursive)               --                        524,288
│    │    └─Embedding: 3-568                  [1]                       [1, 512]                  (recursive)               (recursive)               --                        524,288
│    │    └─Embedding: 3-569                  [1]                       [1, 512]                  (recursive)               (recursive)               --                        524,288
│    │    └─Embedding: 3-570                  [1]                       [1, 512]                  (recursive)               (recursive)               --                        524,288
│    │    └─Embedding: 3-571                  [1]                       [1, 512]                  (recursive)               (recursive)               --                        524,288
│    │    └─Embedding: 3-572                  [1]                       [1, 512]                  (recursive)               (recursive)               --                        524,288
│    │    └─Embedding: 3-573                  [1]                       [1, 512]                  (recursive)               (recursive)               --                        524,288
│    │    └─Embedding: 3-574                  [1]                       [1, 512]                  (recursive)               (recursive)               --                        524,288
│    │    └─Embedding: 3-575                  [1]                       [1, 512]                  (recursive)               (recursive)               --                        524,288
│    │    └─Embedding: 3-576                  [1]                       [1, 512]                  (recursive)               (recursive)               --                        524,288
│    │    └─Embedding: 3-577                  [1]                       [1, 512]                  (recursive)               (recursive)               --                        524,288
│    │    └─Embedding: 3-578                  [1]                       [1, 512]                  (recursive)               (recursive)               --                        524,288
│    │    └─Embedding: 3-579                  [1]                       [1, 512]                  (recursive)               (recursive)               --                        524,288
│    │    └─Embedding: 3-580                  [1]                       [1, 512]                  (recursive)               (recursive)               --                        524,288
│    │    └─Embedding: 3-581                  [1]                       [1, 512]                  (recursive)               (recursive)               --                        524,288
│    │    └─Embedding: 3-582                  [1]                       [1, 512]                  (recursive)               (recursive)               --                        524,288
│    │    └─Embedding: 3-583                  [1]                       [1, 512]                  (recursive)               (recursive)               --                        524,288
│    │    └─Embedding: 3-584                  [1]                       [1, 512]                  (recursive)               (recursive)               --                        524,288
│    │    └─Embedding: 3-585                  [1]                       [1, 512]                  (recursive)               (recursive)               --                        524,288
│    │    └─Embedding: 3-586                  [1]                       [1, 512]                  (recursive)               (recursive)               --                        524,288
│    │    └─Embedding: 3-587                  [1]                       [1, 512]                  (recursive)               (recursive)               --                        524,288
│    │    └─Embedding: 3-588                  [1]                       [1, 512]                  (recursive)               (recursive)               --                        524,288
│    │    └─Embedding: 3-589                  [1]                       [1, 512]                  (recursive)               (recursive)               --                        524,288
│    │    └─Embedding: 3-590                  [1]                       [1, 512]                  (recursive)               (recursive)               --                        524,288
│    │    └─Embedding: 3-591                  [1]                       [1, 512]                  (recursive)               (recursive)               --                        524,288
│    │    └─Embedding: 3-592                  [1]                       [1, 512]                  (recursive)               (recursive)               --                        524,288
│    │    └─Embedding: 3-593                  [1]                       [1, 512]                  (recursive)               (recursive)               --                        524,288
│    │    └─Embedding: 3-594                  [1]                       [1, 512]                  (recursive)               (recursive)               --                        524,288
│    │    └─Embedding: 3-595                  [1]                       [1, 512]                  (recursive)               (recursive)               --                        524,288
│    │    └─Embedding: 3-596                  [1]                       [1, 512]                  (recursive)               (recursive)               --                        524,288
│    │    └─Embedding: 3-597                  [1]                       [1, 512]                  (recursive)               (recursive)               --                        524,288
│    │    └─Embedding: 3-598                  [1]                       [1, 512]                  (recursive)               (recursive)               --                        524,288
│    │    └─Embedding: 3-599                  [1]                       [1, 512]                  (recursive)               (recursive)               --                        524,288
│    │    └─Embedding: 3-600                  [1]                       [1, 512]                  (recursive)               (recursive)               --                        524,288
│    │    └─Embedding: 3-601                  [1]                       [1, 512]                  (recursive)               (recursive)               --                        524,288
│    │    └─Embedding: 3-602                  [1]                       [1, 512]                  (recursive)               (recursive)               --                        524,288
│    │    └─Embedding: 3-603                  [1]                       [1, 512]                  (recursive)               (recursive)               --                        524,288
│    │    └─Embedding: 3-604                  [1]                       [1, 512]                  (recursive)               (recursive)               --                        524,288
│    │    └─Embedding: 3-605                  [1]                       [1, 512]                  (recursive)               (recursive)               --                        524,288
│    │    └─Embedding: 3-606                  [1]                       [1, 512]                  (recursive)               (recursive)               --                        524,288
│    │    └─Embedding: 3-607                  [1]                       [1, 512]                  (recursive)               (recursive)               --                        524,288
│    │    └─Embedding: 3-608                  [1]                       [1, 512]                  (recursive)               (recursive)               --                        524,288
│    │    └─Embedding: 3-609                  [1]                       [1, 512]                  (recursive)               (recursive)               --                        524,288
│    │    └─Embedding: 3-610                  [1]                       [1, 512]                  (recursive)               (recursive)               --                        524,288
│    │    └─Embedding: 3-611                  [1]                       [1, 512]                  (recursive)               (recursive)               --                        524,288
│    │    └─Embedding: 3-612                  [1]                       [1, 512]                  (recursive)               (recursive)               --                        524,288
│    │    └─Embedding: 3-613                  [1]                       [1, 512]                  (recursive)               (recursive)               --                        524,288
│    │    └─Embedding: 3-614                  [1]                       [1, 512]                  (recursive)               (recursive)               --                        524,288
│    │    └─Embedding: 3-615                  [1]                       [1, 512]                  (recursive)               (recursive)               --                        524,288
│    │    └─Embedding: 3-616                  [1]                       [1, 512]                  (recursive)               (recursive)               --                        524,288
│    │    └─Embedding: 3-617                  [1]                       [1, 512]                  (recursive)               (recursive)               --                        524,288
│    │    └─Embedding: 3-618                  [1]                       [1, 512]                  (recursive)               (recursive)               --                        524,288
│    │    └─Embedding: 3-619                  [1]                       [1, 512]                  (recursive)               (recursive)               --                        524,288
│    │    └─Embedding: 3-620                  [1]                       [1, 512]                  (recursive)               (recursive)               --                        524,288
│    │    └─Embedding: 3-621                  [1]                       [1, 512]                  (recursive)               (recursive)               --                        524,288
│    │    └─Embedding: 3-622                  [1]                       [1, 512]                  (recursive)               (recursive)               --                        524,288
│    │    └─Embedding: 3-623                  [1]                       [1, 512]                  (recursive)               (recursive)               --                        524,288
│    │    └─Embedding: 3-624                  [1]                       [1, 512]                  (recursive)               (recursive)               --                        524,288
│    │    └─Embedding: 3-625                  [1]                       [1, 512]                  (recursive)               (recursive)               --                        524,288
│    │    └─Embedding: 3-626                  [1]                       [1, 512]                  (recursive)               (recursive)               --                        524,288
│    │    └─Embedding: 3-627                  [1]                       [1, 512]                  (recursive)               (recursive)               --                        524,288
│    │    └─Embedding: 3-628                  [1]                       [1, 512]                  (recursive)               (recursive)               --                        524,288
│    │    └─Embedding: 3-629                  [1]                       [1, 512]                  (recursive)               (recursive)               --                        524,288
│    │    └─Embedding: 3-630                  [1]                       [1, 512]                  (recursive)               (recursive)               --                        524,288
│    │    └─Embedding: 3-631                  [1]                       [1, 512]                  (recursive)               (recursive)               --                        524,288
│    │    └─Embedding: 3-632                  [1]                       [1, 512]                  (recursive)               (recursive)               --                        524,288
│    │    └─Embedding: 3-633                  [1]                       [1, 512]                  (recursive)               (recursive)               --                        524,288
│    │    └─Embedding: 3-634                  [1]                       [1, 512]                  (recursive)               (recursive)               --                        524,288
│    │    └─Embedding: 3-635                  [1]                       [1, 512]                  (recursive)               (recursive)               --                        524,288
│    │    └─Embedding: 3-636                  [1]                       [1, 512]                  (recursive)               (recursive)               --                        524,288
│    │    └─Embedding: 3-637                  [1]                       [1, 512]                  (recursive)               (recursive)               --                        524,288
│    │    └─Embedding: 3-638                  [1]                       [1, 512]                  (recursive)               (recursive)               --                        524,288
│    │    └─Embedding: 3-639                  [1]                       [1, 512]                  (recursive)               (recursive)               --                        524,288
│    │    └─Embedding: 3-640                  [1]                       [1, 512]                  (recursive)               (recursive)               --                        524,288
│    │    └─Embedding: 3-641                  [1]                       [1, 512]                  (recursive)               (recursive)               --                        524,288
│    │    └─Embedding: 3-642                  [1]                       [1, 512]                  (recursive)               (recursive)               --                        524,288
│    └─LayerNorm: 2-13                        [1, 313, 512]             [1, 313, 512]             1,024                       0.00%                   --                        1,024
│    └─ModuleList: 2-14                       --                        --                        --                             --                   --                        --
│    │    └─ResidualAttentionBlock: 3-643     [313, 1, 512]             [313, 1, 512]             --                             --                   --                        --
│    │    │    └─LayerNorm: 4-65              [313, 1, 512]             [313, 1, 512]             1,024                       0.00%                   --                        320,512
│    │    │    └─MultiheadAttention: 4-66     [313, 1, 512]             [313, 1, 512]             1,050,624                   0.49%                   --                        --
│    │    │    └─LayerNorm: 4-67              [313, 1, 512]             [313, 1, 512]             1,024                       0.00%                   --                        320,512
│    │    │    └─Sequential: 4-68             [313, 1, 512]             [313, 1, 512]             --                             --                   --                        --
│    │    │    │    └─Linear: 5-49            [313, 1, 512]             [313, 1, 2048]            1,050,624                   0.49%                   --                        328,845,312
│    │    │    │    └─GELU: 5-50              [313, 1, 2048]            [313, 1, 2048]            --                             --                   --                        --
│    │    │    │    └─Linear: 5-51            [313, 1, 2048]            [313, 1, 512]             1,049,088                   0.49%                   --                        328,364,544
│    │    └─ResidualAttentionBlock: 3-644     [313, 1, 512]             [313, 1, 512]             --                             --                   --                        --
│    │    │    └─LayerNorm: 4-69              [313, 1, 512]             [313, 1, 512]             1,024                       0.00%                   --                        320,512
│    │    │    └─MultiheadAttention: 4-70     [313, 1, 512]             [313, 1, 512]             1,050,624                   0.49%                   --                        --
│    │    │    └─LayerNorm: 4-71              [313, 1, 512]             [313, 1, 512]             1,024                       0.00%                   --                        320,512
│    │    │    └─Sequential: 4-72             [313, 1, 512]             [313, 1, 512]             --                             --                   --                        --
│    │    │    │    └─Linear: 5-52            [313, 1, 512]             [313, 1, 2048]            1,050,624                   0.49%                   --                        328,845,312
│    │    │    │    └─GELU: 5-53              [313, 1, 2048]            [313, 1, 2048]            --                             --                   --                        --
│    │    │    │    └─Linear: 5-54            [313, 1, 2048]            [313, 1, 512]             1,049,088                   0.49%                   --                        328,364,544
│    │    └─ResidualAttentionBlock: 3-645     [313, 1, 512]             [313, 1, 512]             --                             --                   --                        --
│    │    │    └─LayerNorm: 4-73              [313, 1, 512]             [313, 1, 512]             1,024                       0.00%                   --                        320,512
│    │    │    └─MultiheadAttention: 4-74     [313, 1, 512]             [313, 1, 512]             1,050,624                   0.49%                   --                        --
│    │    │    └─LayerNorm: 4-75              [313, 1, 512]             [313, 1, 512]             1,024                       0.00%                   --                        320,512
│    │    │    └─Sequential: 4-76             [313, 1, 512]             [313, 1, 512]             --                             --                   --                        --
│    │    │    │    └─Linear: 5-55            [313, 1, 512]             [313, 1, 2048]            1,050,624                   0.49%                   --                        328,845,312
│    │    │    │    └─GELU: 5-56              [313, 1, 2048]            [313, 1, 2048]            --                             --                   --                        --
│    │    │    │    └─Linear: 5-57            [313, 1, 2048]            [313, 1, 512]             1,049,088                   0.49%                   --                        328,364,544
│    │    └─ResidualAttentionBlock: 3-646     [313, 1, 512]             [313, 1, 512]             --                             --                   --                        --
│    │    │    └─LayerNorm: 4-77              [313, 1, 512]             [313, 1, 512]             1,024                       0.00%                   --                        320,512
│    │    │    └─MultiheadAttention: 4-78     [313, 1, 512]             [313, 1, 512]             1,050,624                   0.49%                   --                        --
│    │    │    └─LayerNorm: 4-79              [313, 1, 512]             [313, 1, 512]             1,024                       0.00%                   --                        320,512
│    │    │    └─Sequential: 4-80             [313, 1, 512]             [313, 1, 512]             --                             --                   --                        --
│    │    │    │    └─Linear: 5-58            [313, 1, 512]             [313, 1, 2048]            1,050,624                   0.49%                   --                        328,845,312
│    │    │    │    └─GELU: 5-59              [313, 1, 2048]            [313, 1, 2048]            --                             --                   --                        --
│    │    │    │    └─Linear: 5-60            [313, 1, 2048]            [313, 1, 512]             1,049,088                   0.49%                   --                        328,364,544
│    │    └─ResidualAttentionBlock: 3-647     [313, 1, 512]             [313, 1, 512]             --                             --                   --                        --
│    │    │    └─LayerNorm: 4-81              [313, 1, 512]             [313, 1, 512]             1,024                       0.00%                   --                        320,512
│    │    │    └─MultiheadAttention: 4-82     [313, 1, 512]             [313, 1, 512]             1,050,624                   0.49%                   --                        --
│    │    │    └─LayerNorm: 4-83              [313, 1, 512]             [313, 1, 512]             1,024                       0.00%                   --                        320,512
│    │    │    └─Sequential: 4-84             [313, 1, 512]             [313, 1, 512]             --                             --                   --                        --
│    │    │    │    └─Linear: 5-61            [313, 1, 512]             [313, 1, 2048]            1,050,624                   0.49%                   --                        328,845,312
│    │    │    │    └─GELU: 5-62              [313, 1, 2048]            [313, 1, 2048]            --                             --                   --                        --
│    │    │    │    └─Linear: 5-63            [313, 1, 2048]            [313, 1, 512]             1,049,088                   0.49%                   --                        328,364,544
│    │    └─ResidualAttentionBlock: 3-648     [313, 1, 512]             [313, 1, 512]             --                             --                   --                        --
│    │    │    └─LayerNorm: 4-85              [313, 1, 512]             [313, 1, 512]             1,024                       0.00%                   --                        320,512
│    │    │    └─MultiheadAttention: 4-86     [313, 1, 512]             [313, 1, 512]             1,050,624                   0.49%                   --                        --
│    │    │    └─LayerNorm: 4-87              [313, 1, 512]             [313, 1, 512]             1,024                       0.00%                   --                        320,512
│    │    │    └─Sequential: 4-88             [313, 1, 512]             [313, 1, 512]             --                             --                   --                        --
│    │    │    │    └─Linear: 5-64            [313, 1, 512]             [313, 1, 2048]            1,050,624                   0.49%                   --                        328,845,312
│    │    │    │    └─GELU: 5-65              [313, 1, 2048]            [313, 1, 2048]            --                             --                   --                        --
│    │    │    │    └─Linear: 5-66            [313, 1, 2048]            [313, 1, 512]             1,049,088                   0.49%                   --                        328,364,544
│    │    └─ResidualAttentionBlock: 3-649     [313, 1, 512]             [313, 1, 512]             --                             --                   --                        --
│    │    │    └─LayerNorm: 4-89              [313, 1, 512]             [313, 1, 512]             1,024                       0.00%                   --                        320,512
│    │    │    └─MultiheadAttention: 4-90     [313, 1, 512]             [313, 1, 512]             1,050,624                   0.49%                   --                        --
│    │    │    └─LayerNorm: 4-91              [313, 1, 512]             [313, 1, 512]             1,024                       0.00%                   --                        320,512
│    │    │    └─Sequential: 4-92             [313, 1, 512]             [313, 1, 512]             --                             --                   --                        --
│    │    │    │    └─Linear: 5-67            [313, 1, 512]             [313, 1, 2048]            1,050,624                   0.49%                   --                        328,845,312
│    │    │    │    └─GELU: 5-68              [313, 1, 2048]            [313, 1, 2048]            --                             --                   --                        --
│    │    │    │    └─Linear: 5-69            [313, 1, 2048]            [313, 1, 512]             1,049,088                   0.49%                   --                        328,364,544
│    │    └─ResidualAttentionBlock: 3-650     [313, 1, 512]             [313, 1, 512]             --                             --                   --                        --
│    │    │    └─LayerNorm: 4-93              [313, 1, 512]             [313, 1, 512]             1,024                       0.00%                   --                        320,512
│    │    │    └─MultiheadAttention: 4-94     [313, 1, 512]             [313, 1, 512]             1,050,624                   0.49%                   --                        --
│    │    │    └─LayerNorm: 4-95              [313, 1, 512]             [313, 1, 512]             1,024                       0.00%                   --                        320,512
│    │    │    └─Sequential: 4-96             [313, 1, 512]             [313, 1, 512]             --                             --                   --                        --
│    │    │    │    └─Linear: 5-70            [313, 1, 512]             [313, 1, 2048]            1,050,624                   0.49%                   --                        328,845,312
│    │    │    │    └─GELU: 5-71              [313, 1, 2048]            [313, 1, 2048]            --                             --                   --                        --
│    │    │    │    └─Linear: 5-72            [313, 1, 2048]            [313, 1, 512]             1,049,088                   0.49%                   --                        328,364,544
│    └─LayerNorm: 2-15                        [1, 313, 512]             [1, 313, 512]             1,024                       0.00%                   --                        1,024
│    └─ModuleDict: 2-26                       --                        --                        (recursive)               (recursive)               --                        --
│    │    └─Sequential: 3-651                 [1, 512]                  [1, 512, 16, 16]          --                             --                   --                        --
│    │    │    └─Linear: 4-97                 [1, 512]                  [1, 131072]               67,239,936                 31.41%                   --                        67,239,936
│    │    │    └─Rearrange: 4-98              [1, 131072]               [1, 512, 16, 16]          --                             --                   --                        --
│    └─ModuleList: 2-25                       --                        --                        (recursive)               (recursive)               --                        --
│    │    └─Sequential: 3-652                 [1, 512, 16, 16]          [1, 256, 32, 32]          --                             --                   --                        --
│    │    │    └─Conv2d: 4-99                 [1, 512, 16, 16]          [1, 512, 16, 16]          2,359,808                   1.10%                   [3, 3]                    604,110,848
│    │    │    └─GroupNorm: 4-100             [1, 512, 16, 16]          [1, 512, 16, 16]          1,024                       0.00%                   --                        1,024
│    │    │    └─GELU: 4-101                  [1, 512, 16, 16]          [1, 512, 16, 16]          --                             --                   --                        --
│    │    │    └─ConvTranspose2d: 4-102       [1, 512, 16, 16]          [1, 256, 32, 32]          524,544                     0.25%                   [2, 2]                    537,133,056
│    └─ModuleDict: 2-26                       --                        --                        (recursive)               (recursive)               --                        --
│    │    └─Sequential: 3-653                 [1, 512]                  [1, 256, 16, 16]          --                             --                   --                        --
│    │    │    └─Linear: 4-103                [1, 512]                  [1, 65536]                33,619,968                 15.71%                   --                        33,619,968
│    │    │    └─Rearrange: 4-104             [1, 65536]                [1, 256, 16, 16]          --                             --                   --                        --
│    │    └─Sequential: 3-654                 [1, 512]                  [1, 256, 16, 16]          (recursive)               (recursive)               --                        --
│    │    │    └─Linear: 4-105                [1, 512]                  [1, 65536]                (recursive)               (recursive)               --                        33,619,968
│    │    │    └─Rearrange: 4-106             [1, 65536]                [1, 256, 16, 16]          --                        (recursive)               --                        --
│    │    └─Sequential: 3-655                 [1, 512]                  [1, 256, 16, 16]          (recursive)               (recursive)               --                        --
│    │    │    └─Linear: 4-107                [1, 512]                  [1, 65536]                (recursive)               (recursive)               --                        33,619,968
│    │    │    └─Rearrange: 4-108             [1, 65536]                [1, 256, 16, 16]          --                        (recursive)               --                        --
│    │    └─Sequential: 3-656                 [1, 512]                  [1, 256, 16, 16]          (recursive)               (recursive)               --                        --
│    │    │    └─Linear: 4-109                [1, 512]                  [1, 65536]                (recursive)               (recursive)               --                        33,619,968
│    │    │    └─Rearrange: 4-110             [1, 65536]                [1, 256, 16, 16]          --                        (recursive)               --                        --
│    └─ModuleList: 2-25                       --                        --                        (recursive)               (recursive)               --                        --
│    │    └─Sequential: 3-657                 [1, 256, 32, 32]          [1, 128, 64, 64]          --                             --                   --                        --
│    │    │    └─Conv2d: 4-111                [1, 256, 32, 32]          [1, 256, 32, 32]          590,080                     0.28%                   [3, 3]                    604,241,920
│    │    │    └─GroupNorm: 4-112             [1, 256, 32, 32]          [1, 256, 32, 32]          512                         0.00%                   --                        512
│    │    │    └─GELU: 4-113                  [1, 256, 32, 32]          [1, 256, 32, 32]          --                             --                   --                        --
│    │    │    └─ConvTranspose2d: 4-114       [1, 256, 32, 32]          [1, 128, 64, 64]          131,200                     0.06%                   [2, 2]                    537,395,200
│    └─ModuleDict: 2-26                       --                        --                        (recursive)               (recursive)               --                        --
│    │    └─Sequential: 3-658                 [1, 512]                  [1, 128, 16, 16]          --                             --                   --                        --
│    │    │    └─Linear: 4-115                [1, 512]                  [1, 32768]                16,809,984                  7.85%                   --                        16,809,984
│    │    │    └─Rearrange: 4-116             [1, 32768]                [1, 128, 16, 16]          --                             --                   --                        --
│    │    └─Sequential: 3-659                 [1, 512]                  [1, 128, 16, 16]          (recursive)               (recursive)               --                        --
│    │    │    └─Linear: 4-117                [1, 512]                  [1, 32768]                (recursive)               (recursive)               --                        16,809,984
│    │    │    └─Rearrange: 4-118             [1, 32768]                [1, 128, 16, 16]          --                        (recursive)               --                        --
│    │    └─Sequential: 3-660                 [1, 512]                  [1, 128, 16, 16]          (recursive)               (recursive)               --                        --
│    │    │    └─Linear: 4-119                [1, 512]                  [1, 32768]                (recursive)               (recursive)               --                        16,809,984
│    │    │    └─Rearrange: 4-120             [1, 32768]                [1, 128, 16, 16]          --                        (recursive)               --                        --
│    │    └─Sequential: 3-661                 [1, 512]                  [1, 128, 16, 16]          (recursive)               (recursive)               --                        --
│    │    │    └─Linear: 4-121                [1, 512]                  [1, 32768]                (recursive)               (recursive)               --                        16,809,984
│    │    │    └─Rearrange: 4-122             [1, 32768]                [1, 128, 16, 16]          --                        (recursive)               --                        --
│    │    └─Sequential: 3-662                 [1, 512]                  [1, 128, 16, 16]          (recursive)               (recursive)               --                        --
│    │    │    └─Linear: 4-123                [1, 512]                  [1, 32768]                (recursive)               (recursive)               --                        16,809,984
│    │    │    └─Rearrange: 4-124             [1, 32768]                [1, 128, 16, 16]          --                        (recursive)               --                        --
│    │    └─Sequential: 3-663                 [1, 512]                  [1, 128, 16, 16]          (recursive)               (recursive)               --                        --
│    │    │    └─Linear: 4-125                [1, 512]                  [1, 32768]                (recursive)               (recursive)               --                        16,809,984
│    │    │    └─Rearrange: 4-126             [1, 32768]                [1, 128, 16, 16]          --                        (recursive)               --                        --
│    │    └─Sequential: 3-664                 [1, 512]                  [1, 128, 16, 16]          (recursive)               (recursive)               --                        --
│    │    │    └─Linear: 4-127                [1, 512]                  [1, 32768]                (recursive)               (recursive)               --                        16,809,984
│    │    │    └─Rearrange: 4-128             [1, 32768]                [1, 128, 16, 16]          --                        (recursive)               --                        --
│    │    └─Sequential: 3-665                 [1, 512]                  [1, 128, 16, 16]          (recursive)               (recursive)               --                        --
│    │    │    └─Linear: 4-129                [1, 512]                  [1, 32768]                (recursive)               (recursive)               --                        16,809,984
│    │    │    └─Rearrange: 4-130             [1, 32768]                [1, 128, 16, 16]          --                        (recursive)               --                        --
│    │    └─Sequential: 3-666                 [1, 512]                  [1, 128, 16, 16]          (recursive)               (recursive)               --                        --
│    │    │    └─Linear: 4-131                [1, 512]                  [1, 32768]                (recursive)               (recursive)               --                        16,809,984
│    │    │    └─Rearrange: 4-132             [1, 32768]                [1, 128, 16, 16]          --                        (recursive)               --                        --
│    │    └─Sequential: 3-667                 [1, 512]                  [1, 128, 16, 16]          (recursive)               (recursive)               --                        --
│    │    │    └─Linear: 4-133                [1, 512]                  [1, 32768]                (recursive)               (recursive)               --                        16,809,984
│    │    │    └─Rearrange: 4-134             [1, 32768]                [1, 128, 16, 16]          --                        (recursive)               --                        --
│    │    └─Sequential: 3-668                 [1, 512]                  [1, 128, 16, 16]          (recursive)               (recursive)               --                        --
│    │    │    └─Linear: 4-135                [1, 512]                  [1, 32768]                (recursive)               (recursive)               --                        16,809,984
│    │    │    └─Rearrange: 4-136             [1, 32768]                [1, 128, 16, 16]          --                        (recursive)               --                        --
│    │    └─Sequential: 3-669                 [1, 512]                  [1, 128, 16, 16]          (recursive)               (recursive)               --                        --
│    │    │    └─Linear: 4-137                [1, 512]                  [1, 32768]                (recursive)               (recursive)               --                        16,809,984
│    │    │    └─Rearrange: 4-138             [1, 32768]                [1, 128, 16, 16]          --                        (recursive)               --                        --
│    │    └─Sequential: 3-670                 [1, 512]                  [1, 128, 16, 16]          (recursive)               (recursive)               --                        --
│    │    │    └─Linear: 4-139                [1, 512]                  [1, 32768]                (recursive)               (recursive)               --                        16,809,984
│    │    │    └─Rearrange: 4-140             [1, 32768]                [1, 128, 16, 16]          --                        (recursive)               --                        --
│    │    └─Sequential: 3-671                 [1, 512]                  [1, 128, 16, 16]          (recursive)               (recursive)               --                        --
│    │    │    └─Linear: 4-141                [1, 512]                  [1, 32768]                (recursive)               (recursive)               --                        16,809,984
│    │    │    └─Rearrange: 4-142             [1, 32768]                [1, 128, 16, 16]          --                        (recursive)               --                        --
│    │    └─Sequential: 3-672                 [1, 512]                  [1, 128, 16, 16]          (recursive)               (recursive)               --                        --
│    │    │    └─Linear: 4-143                [1, 512]                  [1, 32768]                (recursive)               (recursive)               --                        16,809,984
│    │    │    └─Rearrange: 4-144             [1, 32768]                [1, 128, 16, 16]          --                        (recursive)               --                        --
│    │    └─Sequential: 3-673                 [1, 512]                  [1, 128, 16, 16]          (recursive)               (recursive)               --                        --
│    │    │    └─Linear: 4-145                [1, 512]                  [1, 32768]                (recursive)               (recursive)               --                        16,809,984
│    │    │    └─Rearrange: 4-146             [1, 32768]                [1, 128, 16, 16]          --                        (recursive)               --                        --
│    └─ModuleList: 2-25                       --                        --                        (recursive)               (recursive)               --                        --
│    │    └─Sequential: 3-674                 [1, 128, 64, 64]          [1, 64, 128, 128]         --                             --                   --                        --
│    │    │    └─Conv2d: 4-147                [1, 128, 64, 64]          [1, 128, 64, 64]          147,584                     0.07%                   [3, 3]                    604,504,064
│    │    │    └─GroupNorm: 4-148             [1, 128, 64, 64]          [1, 128, 64, 64]          256                         0.00%                   --                        256
│    │    │    └─GELU: 4-149                  [1, 128, 64, 64]          [1, 128, 64, 64]          --                             --                   --                        --
│    │    │    └─ConvTranspose2d: 4-150       [1, 128, 64, 64]          [1, 64, 128, 128]         32,832                      0.02%                   [2, 2]                    537,919,488
│    └─ModuleDict: 2-26                       --                        --                        (recursive)               (recursive)               --                        --
│    │    └─Sequential: 3-675                 [1, 512]                  [1, 64, 16, 16]           --                             --                   --                        --
│    │    │    └─Linear: 4-151                [1, 512]                  [1, 16384]                8,404,992                   3.93%                   --                        8,404,992
│    │    │    └─Rearrange: 4-152             [1, 16384]                [1, 64, 16, 16]           --                             --                   --                        --
│    │    └─Sequential: 3-676                 [1, 512]                  [1, 64, 16, 16]           (recursive)               (recursive)               --                        --
│    │    │    └─Linear: 4-153                [1, 512]                  [1, 16384]                (recursive)               (recursive)               --                        8,404,992
│    │    │    └─Rearrange: 4-154             [1, 16384]                [1, 64, 16, 16]           --                        (recursive)               --                        --
│    │    └─Sequential: 3-677                 [1, 512]                  [1, 64, 16, 16]           (recursive)               (recursive)               --                        --
│    │    │    └─Linear: 4-155                [1, 512]                  [1, 16384]                (recursive)               (recursive)               --                        8,404,992
│    │    │    └─Rearrange: 4-156             [1, 16384]                [1, 64, 16, 16]           --                        (recursive)               --                        --
│    │    └─Sequential: 3-678                 [1, 512]                  [1, 64, 16, 16]           (recursive)               (recursive)               --                        --
│    │    │    └─Linear: 4-157                [1, 512]                  [1, 16384]                (recursive)               (recursive)               --                        8,404,992
│    │    │    └─Rearrange: 4-158             [1, 16384]                [1, 64, 16, 16]           --                        (recursive)               --                        --
│    │    └─Sequential: 3-679                 [1, 512]                  [1, 64, 16, 16]           (recursive)               (recursive)               --                        --
│    │    │    └─Linear: 4-159                [1, 512]                  [1, 16384]                (recursive)               (recursive)               --                        8,404,992
│    │    │    └─Rearrange: 4-160             [1, 16384]                [1, 64, 16, 16]           --                        (recursive)               --                        --
│    │    └─Sequential: 3-680                 [1, 512]                  [1, 64, 16, 16]           (recursive)               (recursive)               --                        --
│    │    │    └─Linear: 4-161                [1, 512]                  [1, 16384]                (recursive)               (recursive)               --                        8,404,992
│    │    │    └─Rearrange: 4-162             [1, 16384]                [1, 64, 16, 16]           --                        (recursive)               --                        --
│    │    └─Sequential: 3-681                 [1, 512]                  [1, 64, 16, 16]           (recursive)               (recursive)               --                        --
│    │    │    └─Linear: 4-163                [1, 512]                  [1, 16384]                (recursive)               (recursive)               --                        8,404,992
│    │    │    └─Rearrange: 4-164             [1, 16384]                [1, 64, 16, 16]           --                        (recursive)               --                        --
│    │    └─Sequential: 3-682                 [1, 512]                  [1, 64, 16, 16]           (recursive)               (recursive)               --                        --
│    │    │    └─Linear: 4-165                [1, 512]                  [1, 16384]                (recursive)               (recursive)               --                        8,404,992
│    │    │    └─Rearrange: 4-166             [1, 16384]                [1, 64, 16, 16]           --                        (recursive)               --                        --
│    │    └─Sequential: 3-683                 [1, 512]                  [1, 64, 16, 16]           (recursive)               (recursive)               --                        --
│    │    │    └─Linear: 4-167                [1, 512]                  [1, 16384]                (recursive)               (recursive)               --                        8,404,992
│    │    │    └─Rearrange: 4-168             [1, 16384]                [1, 64, 16, 16]           --                        (recursive)               --                        --
│    │    └─Sequential: 3-684                 [1, 512]                  [1, 64, 16, 16]           (recursive)               (recursive)               --                        --
│    │    │    └─Linear: 4-169                [1, 512]                  [1, 16384]                (recursive)               (recursive)               --                        8,404,992
│    │    │    └─Rearrange: 4-170             [1, 16384]                [1, 64, 16, 16]           --                        (recursive)               --                        --
│    │    └─Sequential: 3-685                 [1, 512]                  [1, 64, 16, 16]           (recursive)               (recursive)               --                        --
│    │    │    └─Linear: 4-171                [1, 512]                  [1, 16384]                (recursive)               (recursive)               --                        8,404,992
│    │    │    └─Rearrange: 4-172             [1, 16384]                [1, 64, 16, 16]           --                        (recursive)               --                        --
│    │    └─Sequential: 3-686                 [1, 512]                  [1, 64, 16, 16]           (recursive)               (recursive)               --                        --
│    │    │    └─Linear: 4-173                [1, 512]                  [1, 16384]                (recursive)               (recursive)               --                        8,404,992
│    │    │    └─Rearrange: 4-174             [1, 16384]                [1, 64, 16, 16]           --                        (recursive)               --                        --
│    │    └─Sequential: 3-687                 [1, 512]                  [1, 64, 16, 16]           (recursive)               (recursive)               --                        --
│    │    │    └─Linear: 4-175                [1, 512]                  [1, 16384]                (recursive)               (recursive)               --                        8,404,992
│    │    │    └─Rearrange: 4-176             [1, 16384]                [1, 64, 16, 16]           --                        (recursive)               --                        --
│    │    └─Sequential: 3-688                 [1, 512]                  [1, 64, 16, 16]           (recursive)               (recursive)               --                        --
│    │    │    └─Linear: 4-177                [1, 512]                  [1, 16384]                (recursive)               (recursive)               --                        8,404,992
│    │    │    └─Rearrange: 4-178             [1, 16384]                [1, 64, 16, 16]           --                        (recursive)               --                        --
│    │    └─Sequential: 3-689                 [1, 512]                  [1, 64, 16, 16]           (recursive)               (recursive)               --                        --
│    │    │    └─Linear: 4-179                [1, 512]                  [1, 16384]                (recursive)               (recursive)               --                        8,404,992
│    │    │    └─Rearrange: 4-180             [1, 16384]                [1, 64, 16, 16]           --                        (recursive)               --                        --
│    │    └─Sequential: 3-690                 [1, 512]                  [1, 64, 16, 16]           (recursive)               (recursive)               --                        --
│    │    │    └─Linear: 4-181                [1, 512]                  [1, 16384]                (recursive)               (recursive)               --                        8,404,992
│    │    │    └─Rearrange: 4-182             [1, 16384]                [1, 64, 16, 16]           --                        (recursive)               --                        --
│    │    └─Sequential: 3-691                 [1, 512]                  [1, 64, 16, 16]           (recursive)               (recursive)               --                        --
│    │    │    └─Linear: 4-183                [1, 512]                  [1, 16384]                (recursive)               (recursive)               --                        8,404,992
│    │    │    └─Rearrange: 4-184             [1, 16384]                [1, 64, 16, 16]           --                        (recursive)               --                        --
│    │    └─Sequential: 3-692                 [1, 512]                  [1, 64, 16, 16]           (recursive)               (recursive)               --                        --
│    │    │    └─Linear: 4-185                [1, 512]                  [1, 16384]                (recursive)               (recursive)               --                        8,404,992
│    │    │    └─Rearrange: 4-186             [1, 16384]                [1, 64, 16, 16]           --                        (recursive)               --                        --
│    │    └─Sequential: 3-693                 [1, 512]                  [1, 64, 16, 16]           (recursive)               (recursive)               --                        --
│    │    │    └─Linear: 4-187                [1, 512]                  [1, 16384]                (recursive)               (recursive)               --                        8,404,992
│    │    │    └─Rearrange: 4-188             [1, 16384]                [1, 64, 16, 16]           --                        (recursive)               --                        --
│    │    └─Sequential: 3-694                 [1, 512]                  [1, 64, 16, 16]           (recursive)               (recursive)               --                        --
│    │    │    └─Linear: 4-189                [1, 512]                  [1, 16384]                (recursive)               (recursive)               --                        8,404,992
│    │    │    └─Rearrange: 4-190             [1, 16384]                [1, 64, 16, 16]           --                        (recursive)               --                        --
│    │    └─Sequential: 3-695                 [1, 512]                  [1, 64, 16, 16]           (recursive)               (recursive)               --                        --
│    │    │    └─Linear: 4-191                [1, 512]                  [1, 16384]                (recursive)               (recursive)               --                        8,404,992
│    │    │    └─Rearrange: 4-192             [1, 16384]                [1, 64, 16, 16]           --                        (recursive)               --                        --
│    │    └─Sequential: 3-696                 [1, 512]                  [1, 64, 16, 16]           (recursive)               (recursive)               --                        --
│    │    │    └─Linear: 4-193                [1, 512]                  [1, 16384]                (recursive)               (recursive)               --                        8,404,992
│    │    │    └─Rearrange: 4-194             [1, 16384]                [1, 64, 16, 16]           --                        (recursive)               --                        --
│    │    └─Sequential: 3-697                 [1, 512]                  [1, 64, 16, 16]           (recursive)               (recursive)               --                        --
│    │    │    └─Linear: 4-195                [1, 512]                  [1, 16384]                (recursive)               (recursive)               --                        8,404,992
│    │    │    └─Rearrange: 4-196             [1, 16384]                [1, 64, 16, 16]           --                        (recursive)               --                        --
│    │    └─Sequential: 3-698                 [1, 512]                  [1, 64, 16, 16]           (recursive)               (recursive)               --                        --
│    │    │    └─Linear: 4-197                [1, 512]                  [1, 16384]                (recursive)               (recursive)               --                        8,404,992
│    │    │    └─Rearrange: 4-198             [1, 16384]                [1, 64, 16, 16]           --                        (recursive)               --                        --
│    │    └─Sequential: 3-699                 [1, 512]                  [1, 64, 16, 16]           (recursive)               (recursive)               --                        --
│    │    │    └─Linear: 4-199                [1, 512]                  [1, 16384]                (recursive)               (recursive)               --                        8,404,992
│    │    │    └─Rearrange: 4-200             [1, 16384]                [1, 64, 16, 16]           --                        (recursive)               --                        --
│    │    └─Sequential: 3-700                 [1, 512]                  [1, 64, 16, 16]           (recursive)               (recursive)               --                        --
│    │    │    └─Linear: 4-201                [1, 512]                  [1, 16384]                (recursive)               (recursive)               --                        8,404,992
│    │    │    └─Rearrange: 4-202             [1, 16384]                [1, 64, 16, 16]           --                        (recursive)               --                        --
│    │    └─Sequential: 3-701                 [1, 512]                  [1, 64, 16, 16]           (recursive)               (recursive)               --                        --
│    │    │    └─Linear: 4-203                [1, 512]                  [1, 16384]                (recursive)               (recursive)               --                        8,404,992
│    │    │    └─Rearrange: 4-204             [1, 16384]                [1, 64, 16, 16]           --                        (recursive)               --                        --
│    │    └─Sequential: 3-702                 [1, 512]                  [1, 64, 16, 16]           (recursive)               (recursive)               --                        --
│    │    │    └─Linear: 4-205                [1, 512]                  [1, 16384]                (recursive)               (recursive)               --                        8,404,992
│    │    │    └─Rearrange: 4-206             [1, 16384]                [1, 64, 16, 16]           --                        (recursive)               --                        --
│    │    └─Sequential: 3-703                 [1, 512]                  [1, 64, 16, 16]           (recursive)               (recursive)               --                        --
│    │    │    └─Linear: 4-207                [1, 512]                  [1, 16384]                (recursive)               (recursive)               --                        8,404,992
│    │    │    └─Rearrange: 4-208             [1, 16384]                [1, 64, 16, 16]           --                        (recursive)               --                        --
│    │    └─Sequential: 3-704                 [1, 512]                  [1, 64, 16, 16]           (recursive)               (recursive)               --                        --
│    │    │    └─Linear: 4-209                [1, 512]                  [1, 16384]                (recursive)               (recursive)               --                        8,404,992
│    │    │    └─Rearrange: 4-210             [1, 16384]                [1, 64, 16, 16]           --                        (recursive)               --                        --
│    │    └─Sequential: 3-705                 [1, 512]                  [1, 64, 16, 16]           (recursive)               (recursive)               --                        --
│    │    │    └─Linear: 4-211                [1, 512]                  [1, 16384]                (recursive)               (recursive)               --                        8,404,992
│    │    │    └─Rearrange: 4-212             [1, 16384]                [1, 64, 16, 16]           --                        (recursive)               --                        --
│    │    └─Sequential: 3-706                 [1, 512]                  [1, 64, 16, 16]           (recursive)               (recursive)               --                        --
│    │    │    └─Linear: 4-213                [1, 512]                  [1, 16384]                (recursive)               (recursive)               --                        8,404,992
│    │    │    └─Rearrange: 4-214             [1, 16384]                [1, 64, 16, 16]           --                        (recursive)               --                        --
│    │    └─Sequential: 3-707                 [1, 512]                  [1, 64, 16, 16]           (recursive)               (recursive)               --                        --
│    │    │    └─Linear: 4-215                [1, 512]                  [1, 16384]                (recursive)               (recursive)               --                        8,404,992
│    │    │    └─Rearrange: 4-216             [1, 16384]                [1, 64, 16, 16]           --                        (recursive)               --                        --
│    │    └─Sequential: 3-708                 [1, 512]                  [1, 64, 16, 16]           (recursive)               (recursive)               --                        --
│    │    │    └─Linear: 4-217                [1, 512]                  [1, 16384]                (recursive)               (recursive)               --                        8,404,992
│    │    │    └─Rearrange: 4-218             [1, 16384]                [1, 64, 16, 16]           --                        (recursive)               --                        --
│    │    └─Sequential: 3-709                 [1, 512]                  [1, 64, 16, 16]           (recursive)               (recursive)               --                        --
│    │    │    └─Linear: 4-219                [1, 512]                  [1, 16384]                (recursive)               (recursive)               --                        8,404,992
│    │    │    └─Rearrange: 4-220             [1, 16384]                [1, 64, 16, 16]           --                        (recursive)               --                        --
│    │    └─Sequential: 3-710                 [1, 512]                  [1, 64, 16, 16]           (recursive)               (recursive)               --                        --
│    │    │    └─Linear: 4-221                [1, 512]                  [1, 16384]                (recursive)               (recursive)               --                        8,404,992
│    │    │    └─Rearrange: 4-222             [1, 16384]                [1, 64, 16, 16]           --                        (recursive)               --                        --
│    │    └─Sequential: 3-711                 [1, 512]                  [1, 64, 16, 16]           (recursive)               (recursive)               --                        --
│    │    │    └─Linear: 4-223                [1, 512]                  [1, 16384]                (recursive)               (recursive)               --                        8,404,992
│    │    │    └─Rearrange: 4-224             [1, 16384]                [1, 64, 16, 16]           --                        (recursive)               --                        --
│    │    └─Sequential: 3-712                 [1, 512]                  [1, 64, 16, 16]           (recursive)               (recursive)               --                        --
│    │    │    └─Linear: 4-225                [1, 512]                  [1, 16384]                (recursive)               (recursive)               --                        8,404,992
│    │    │    └─Rearrange: 4-226             [1, 16384]                [1, 64, 16, 16]           --                        (recursive)               --                        --
│    │    └─Sequential: 3-713                 [1, 512]                  [1, 64, 16, 16]           (recursive)               (recursive)               --                        --
│    │    │    └─Linear: 4-227                [1, 512]                  [1, 16384]                (recursive)               (recursive)               --                        8,404,992
│    │    │    └─Rearrange: 4-228             [1, 16384]                [1, 64, 16, 16]           --                        (recursive)               --                        --
│    │    └─Sequential: 3-714                 [1, 512]                  [1, 64, 16, 16]           (recursive)               (recursive)               --                        --
│    │    │    └─Linear: 4-229                [1, 512]                  [1, 16384]                (recursive)               (recursive)               --                        8,404,992
│    │    │    └─Rearrange: 4-230             [1, 16384]                [1, 64, 16, 16]           --                        (recursive)               --                        --
│    │    └─Sequential: 3-715                 [1, 512]                  [1, 64, 16, 16]           (recursive)               (recursive)               --                        --
│    │    │    └─Linear: 4-231                [1, 512]                  [1, 16384]                (recursive)               (recursive)               --                        8,404,992
│    │    │    └─Rearrange: 4-232             [1, 16384]                [1, 64, 16, 16]           --                        (recursive)               --                        --
│    │    └─Sequential: 3-716                 [1, 512]                  [1, 64, 16, 16]           (recursive)               (recursive)               --                        --
│    │    │    └─Linear: 4-233                [1, 512]                  [1, 16384]                (recursive)               (recursive)               --                        8,404,992
│    │    │    └─Rearrange: 4-234             [1, 16384]                [1, 64, 16, 16]           --                        (recursive)               --                        --
│    │    └─Sequential: 3-717                 [1, 512]                  [1, 64, 16, 16]           (recursive)               (recursive)               --                        --
│    │    │    └─Linear: 4-235                [1, 512]                  [1, 16384]                (recursive)               (recursive)               --                        8,404,992
│    │    │    └─Rearrange: 4-236             [1, 16384]                [1, 64, 16, 16]           --                        (recursive)               --                        --
│    │    └─Sequential: 3-718                 [1, 512]                  [1, 64, 16, 16]           (recursive)               (recursive)               --                        --
│    │    │    └─Linear: 4-237                [1, 512]                  [1, 16384]                (recursive)               (recursive)               --                        8,404,992
│    │    │    └─Rearrange: 4-238             [1, 16384]                [1, 64, 16, 16]           --                        (recursive)               --                        --
│    │    └─Sequential: 3-719                 [1, 512]                  [1, 64, 16, 16]           (recursive)               (recursive)               --                        --
│    │    │    └─Linear: 4-239                [1, 512]                  [1, 16384]                (recursive)               (recursive)               --                        8,404,992
│    │    │    └─Rearrange: 4-240             [1, 16384]                [1, 64, 16, 16]           --                        (recursive)               --                        --
│    │    └─Sequential: 3-720                 [1, 512]                  [1, 64, 16, 16]           (recursive)               (recursive)               --                        --
│    │    │    └─Linear: 4-241                [1, 512]                  [1, 16384]                (recursive)               (recursive)               --                        8,404,992
│    │    │    └─Rearrange: 4-242             [1, 16384]                [1, 64, 16, 16]           --                        (recursive)               --                        --
│    │    └─Sequential: 3-721                 [1, 512]                  [1, 64, 16, 16]           (recursive)               (recursive)               --                        --
│    │    │    └─Linear: 4-243                [1, 512]                  [1, 16384]                (recursive)               (recursive)               --                        8,404,992
│    │    │    └─Rearrange: 4-244             [1, 16384]                [1, 64, 16, 16]           --                        (recursive)               --                        --
│    │    └─Sequential: 3-722                 [1, 512]                  [1, 64, 16, 16]           (recursive)               (recursive)               --                        --
│    │    │    └─Linear: 4-245                [1, 512]                  [1, 16384]                (recursive)               (recursive)               --                        8,404,992
│    │    │    └─Rearrange: 4-246             [1, 16384]                [1, 64, 16, 16]           --                        (recursive)               --                        --
│    │    └─Sequential: 3-723                 [1, 512]                  [1, 64, 16, 16]           (recursive)               (recursive)               --                        --
│    │    │    └─Linear: 4-247                [1, 512]                  [1, 16384]                (recursive)               (recursive)               --                        8,404,992
│    │    │    └─Rearrange: 4-248             [1, 16384]                [1, 64, 16, 16]           --                        (recursive)               --                        --
│    │    └─Sequential: 3-724                 [1, 512]                  [1, 64, 16, 16]           (recursive)               (recursive)               --                        --
│    │    │    └─Linear: 4-249                [1, 512]                  [1, 16384]                (recursive)               (recursive)               --                        8,404,992
│    │    │    └─Rearrange: 4-250             [1, 16384]                [1, 64, 16, 16]           --                        (recursive)               --                        --
│    │    └─Sequential: 3-725                 [1, 512]                  [1, 64, 16, 16]           (recursive)               (recursive)               --                        --
│    │    │    └─Linear: 4-251                [1, 512]                  [1, 16384]                (recursive)               (recursive)               --                        8,404,992
│    │    │    └─Rearrange: 4-252             [1, 16384]                [1, 64, 16, 16]           --                        (recursive)               --                        --
│    │    └─Sequential: 3-726                 [1, 512]                  [1, 64, 16, 16]           (recursive)               (recursive)               --                        --
│    │    │    └─Linear: 4-253                [1, 512]                  [1, 16384]                (recursive)               (recursive)               --                        8,404,992
│    │    │    └─Rearrange: 4-254             [1, 16384]                [1, 64, 16, 16]           --                        (recursive)               --                        --
│    │    └─Sequential: 3-727                 [1, 512]                  [1, 64, 16, 16]           (recursive)               (recursive)               --                        --
│    │    │    └─Linear: 4-255                [1, 512]                  [1, 16384]                (recursive)               (recursive)               --                        8,404,992
│    │    │    └─Rearrange: 4-256             [1, 16384]                [1, 64, 16, 16]           --                        (recursive)               --                        --
│    │    └─Sequential: 3-728                 [1, 512]                  [1, 64, 16, 16]           (recursive)               (recursive)               --                        --
│    │    │    └─Linear: 4-257                [1, 512]                  [1, 16384]                (recursive)               (recursive)               --                        8,404,992
│    │    │    └─Rearrange: 4-258             [1, 16384]                [1, 64, 16, 16]           --                        (recursive)               --                        --
│    │    └─Sequential: 3-729                 [1, 512]                  [1, 64, 16, 16]           (recursive)               (recursive)               --                        --
│    │    │    └─Linear: 4-259                [1, 512]                  [1, 16384]                (recursive)               (recursive)               --                        8,404,992
│    │    │    └─Rearrange: 4-260             [1, 16384]                [1, 64, 16, 16]           --                        (recursive)               --                        --
│    │    └─Sequential: 3-730                 [1, 512]                  [1, 64, 16, 16]           (recursive)               (recursive)               --                        --
│    │    │    └─Linear: 4-261                [1, 512]                  [1, 16384]                (recursive)               (recursive)               --                        8,404,992
│    │    │    └─Rearrange: 4-262             [1, 16384]                [1, 64, 16, 16]           --                        (recursive)               --                        --
│    │    └─Sequential: 3-731                 [1, 512]                  [1, 64, 16, 16]           (recursive)               (recursive)               --                        --
│    │    │    └─Linear: 4-263                [1, 512]                  [1, 16384]                (recursive)               (recursive)               --                        8,404,992
│    │    │    └─Rearrange: 4-264             [1, 16384]                [1, 64, 16, 16]           --                        (recursive)               --                        --
│    │    └─Sequential: 3-732                 [1, 512]                  [1, 64, 16, 16]           (recursive)               (recursive)               --                        --
│    │    │    └─Linear: 4-265                [1, 512]                  [1, 16384]                (recursive)               (recursive)               --                        8,404,992
│    │    │    └─Rearrange: 4-266             [1, 16384]                [1, 64, 16, 16]           --                        (recursive)               --                        --
│    │    └─Sequential: 3-733                 [1, 512]                  [1, 64, 16, 16]           (recursive)               (recursive)               --                        --
│    │    │    └─Linear: 4-267                [1, 512]                  [1, 16384]                (recursive)               (recursive)               --                        8,404,992
│    │    │    └─Rearrange: 4-268             [1, 16384]                [1, 64, 16, 16]           --                        (recursive)               --                        --
│    │    └─Sequential: 3-734                 [1, 512]                  [1, 64, 16, 16]           (recursive)               (recursive)               --                        --
│    │    │    └─Linear: 4-269                [1, 512]                  [1, 16384]                (recursive)               (recursive)               --                        8,404,992
│    │    │    └─Rearrange: 4-270             [1, 16384]                [1, 64, 16, 16]           --                        (recursive)               --                        --
│    │    └─Sequential: 3-735                 [1, 512]                  [1, 64, 16, 16]           (recursive)               (recursive)               --                        --
│    │    │    └─Linear: 4-271                [1, 512]                  [1, 16384]                (recursive)               (recursive)               --                        8,404,992
│    │    │    └─Rearrange: 4-272             [1, 16384]                [1, 64, 16, 16]           --                        (recursive)               --                        --
│    │    └─Sequential: 3-736                 [1, 512]                  [1, 64, 16, 16]           (recursive)               (recursive)               --                        --
│    │    │    └─Linear: 4-273                [1, 512]                  [1, 16384]                (recursive)               (recursive)               --                        8,404,992
│    │    │    └─Rearrange: 4-274             [1, 16384]                [1, 64, 16, 16]           --                        (recursive)               --                        --
│    │    └─Sequential: 3-737                 [1, 512]                  [1, 64, 16, 16]           (recursive)               (recursive)               --                        --
│    │    │    └─Linear: 4-275                [1, 512]                  [1, 16384]                (recursive)               (recursive)               --                        8,404,992
│    │    │    └─Rearrange: 4-276             [1, 16384]                [1, 64, 16, 16]           --                        (recursive)               --                        --
│    │    └─Sequential: 3-738                 [1, 512]                  [1, 64, 16, 16]           (recursive)               (recursive)               --                        --
│    │    │    └─Linear: 4-277                [1, 512]                  [1, 16384]                (recursive)               (recursive)               --                        8,404,992
│    │    │    └─Rearrange: 4-278             [1, 16384]                [1, 64, 16, 16]           --                        (recursive)               --                        --
│    └─ModuleList: 2-25                       --                        --                        (recursive)               (recursive)               --                        --
│    │    └─Sequential: 3-739                 [1, 64, 128, 128]         [1, 32, 256, 256]         --                             --                   --                        --
│    │    │    └─Conv2d: 4-279                [1, 64, 128, 128]         [1, 64, 128, 128]         36,928                      0.02%                   [3, 3]                    605,028,352
│    │    │    └─GroupNorm: 4-280             [1, 64, 128, 128]         [1, 64, 128, 128]         128                         0.00%                   --                        128
│    │    │    └─GELU: 4-281                  [1, 64, 128, 128]         [1, 64, 128, 128]         --                             --                   --                        --
│    │    │    └─ConvTranspose2d: 4-282       [1, 64, 128, 128]         [1, 32, 256, 256]         8,224                       0.00%                   [2, 2]                    538,968,064
│    └─ModuleDict: 2-26                       --                        --                        (recursive)               (recursive)               --                        --
│    │    └─Sequential: 3-740                 [1, 512]                  [1, 32, 16, 16]           --                             --                   --                        --
│    │    │    └─Linear: 4-283                [1, 512]                  [1, 8192]                 4,202,496                   1.96%                   --                        4,202,496
│    │    │    └─Rearrange: 4-284             [1, 8192]                 [1, 32, 16, 16]           --                             --                   --                        --
│    │    └─Sequential: 3-741                 [1, 512]                  [1, 32, 16, 16]           (recursive)               (recursive)               --                        --
│    │    │    └─Linear: 4-285                [1, 512]                  [1, 8192]                 (recursive)               (recursive)               --                        4,202,496
│    │    │    └─Rearrange: 4-286             [1, 8192]                 [1, 32, 16, 16]           --                        (recursive)               --                        --
│    │    └─Sequential: 3-742                 [1, 512]                  [1, 32, 16, 16]           (recursive)               (recursive)               --                        --
│    │    │    └─Linear: 4-287                [1, 512]                  [1, 8192]                 (recursive)               (recursive)               --                        4,202,496
│    │    │    └─Rearrange: 4-288             [1, 8192]                 [1, 32, 16, 16]           --                        (recursive)               --                        --
│    │    └─Sequential: 3-743                 [1, 512]                  [1, 32, 16, 16]           (recursive)               (recursive)               --                        --
│    │    │    └─Linear: 4-289                [1, 512]                  [1, 8192]                 (recursive)               (recursive)               --                        4,202,496
│    │    │    └─Rearrange: 4-290             [1, 8192]                 [1, 32, 16, 16]           --                        (recursive)               --                        --
│    │    └─Sequential: 3-744                 [1, 512]                  [1, 32, 16, 16]           (recursive)               (recursive)               --                        --
│    │    │    └─Linear: 4-291                [1, 512]                  [1, 8192]                 (recursive)               (recursive)               --                        4,202,496
│    │    │    └─Rearrange: 4-292             [1, 8192]                 [1, 32, 16, 16]           --                        (recursive)               --                        --
│    │    └─Sequential: 3-745                 [1, 512]                  [1, 32, 16, 16]           (recursive)               (recursive)               --                        --
│    │    │    └─Linear: 4-293                [1, 512]                  [1, 8192]                 (recursive)               (recursive)               --                        4,202,496
│    │    │    └─Rearrange: 4-294             [1, 8192]                 [1, 32, 16, 16]           --                        (recursive)               --                        --
│    │    └─Sequential: 3-746                 [1, 512]                  [1, 32, 16, 16]           (recursive)               (recursive)               --                        --
│    │    │    └─Linear: 4-295                [1, 512]                  [1, 8192]                 (recursive)               (recursive)               --                        4,202,496
│    │    │    └─Rearrange: 4-296             [1, 8192]                 [1, 32, 16, 16]           --                        (recursive)               --                        --
│    │    └─Sequential: 3-747                 [1, 512]                  [1, 32, 16, 16]           (recursive)               (recursive)               --                        --
│    │    │    └─Linear: 4-297                [1, 512]                  [1, 8192]                 (recursive)               (recursive)               --                        4,202,496
│    │    │    └─Rearrange: 4-298             [1, 8192]                 [1, 32, 16, 16]           --                        (recursive)               --                        --
│    │    └─Sequential: 3-748                 [1, 512]                  [1, 32, 16, 16]           (recursive)               (recursive)               --                        --
│    │    │    └─Linear: 4-299                [1, 512]                  [1, 8192]                 (recursive)               (recursive)               --                        4,202,496
│    │    │    └─Rearrange: 4-300             [1, 8192]                 [1, 32, 16, 16]           --                        (recursive)               --                        --
│    │    └─Sequential: 3-749                 [1, 512]                  [1, 32, 16, 16]           (recursive)               (recursive)               --                        --
│    │    │    └─Linear: 4-301                [1, 512]                  [1, 8192]                 (recursive)               (recursive)               --                        4,202,496
│    │    │    └─Rearrange: 4-302             [1, 8192]                 [1, 32, 16, 16]           --                        (recursive)               --                        --
│    │    └─Sequential: 3-750                 [1, 512]                  [1, 32, 16, 16]           (recursive)               (recursive)               --                        --
│    │    │    └─Linear: 4-303                [1, 512]                  [1, 8192]                 (recursive)               (recursive)               --                        4,202,496
│    │    │    └─Rearrange: 4-304             [1, 8192]                 [1, 32, 16, 16]           --                        (recursive)               --                        --
│    │    └─Sequential: 3-751                 [1, 512]                  [1, 32, 16, 16]           (recursive)               (recursive)               --                        --
│    │    │    └─Linear: 4-305                [1, 512]                  [1, 8192]                 (recursive)               (recursive)               --                        4,202,496
│    │    │    └─Rearrange: 4-306             [1, 8192]                 [1, 32, 16, 16]           --                        (recursive)               --                        --
│    │    └─Sequential: 3-752                 [1, 512]                  [1, 32, 16, 16]           (recursive)               (recursive)               --                        --
│    │    │    └─Linear: 4-307                [1, 512]                  [1, 8192]                 (recursive)               (recursive)               --                        4,202,496
│    │    │    └─Rearrange: 4-308             [1, 8192]                 [1, 32, 16, 16]           --                        (recursive)               --                        --
│    │    └─Sequential: 3-753                 [1, 512]                  [1, 32, 16, 16]           (recursive)               (recursive)               --                        --
│    │    │    └─Linear: 4-309                [1, 512]                  [1, 8192]                 (recursive)               (recursive)               --                        4,202,496
│    │    │    └─Rearrange: 4-310             [1, 8192]                 [1, 32, 16, 16]           --                        (recursive)               --                        --
│    │    └─Sequential: 3-754                 [1, 512]                  [1, 32, 16, 16]           (recursive)               (recursive)               --                        --
│    │    │    └─Linear: 4-311                [1, 512]                  [1, 8192]                 (recursive)               (recursive)               --                        4,202,496
│    │    │    └─Rearrange: 4-312             [1, 8192]                 [1, 32, 16, 16]           --                        (recursive)               --                        --
│    │    └─Sequential: 3-755                 [1, 512]                  [1, 32, 16, 16]           (recursive)               (recursive)               --                        --
│    │    │    └─Linear: 4-313                [1, 512]                  [1, 8192]                 (recursive)               (recursive)               --                        4,202,496
│    │    │    └─Rearrange: 4-314             [1, 8192]                 [1, 32, 16, 16]           --                        (recursive)               --                        --
│    │    └─Sequential: 3-756                 [1, 512]                  [1, 32, 16, 16]           (recursive)               (recursive)               --                        --
│    │    │    └─Linear: 4-315                [1, 512]                  [1, 8192]                 (recursive)               (recursive)               --                        4,202,496
│    │    │    └─Rearrange: 4-316             [1, 8192]                 [1, 32, 16, 16]           --                        (recursive)               --                        --
│    │    └─Sequential: 3-757                 [1, 512]                  [1, 32, 16, 16]           (recursive)               (recursive)               --                        --
│    │    │    └─Linear: 4-317                [1, 512]                  [1, 8192]                 (recursive)               (recursive)               --                        4,202,496
│    │    │    └─Rearrange: 4-318             [1, 8192]                 [1, 32, 16, 16]           --                        (recursive)               --                        --
│    │    └─Sequential: 3-758                 [1, 512]                  [1, 32, 16, 16]           (recursive)               (recursive)               --                        --
│    │    │    └─Linear: 4-319                [1, 512]                  [1, 8192]                 (recursive)               (recursive)               --                        4,202,496
│    │    │    └─Rearrange: 4-320             [1, 8192]                 [1, 32, 16, 16]           --                        (recursive)               --                        --
│    │    └─Sequential: 3-759                 [1, 512]                  [1, 32, 16, 16]           (recursive)               (recursive)               --                        --
│    │    │    └─Linear: 4-321                [1, 512]                  [1, 8192]                 (recursive)               (recursive)               --                        4,202,496
│    │    │    └─Rearrange: 4-322             [1, 8192]                 [1, 32, 16, 16]           --                        (recursive)               --                        --
│    │    └─Sequential: 3-760                 [1, 512]                  [1, 32, 16, 16]           (recursive)               (recursive)               --                        --
│    │    │    └─Linear: 4-323                [1, 512]                  [1, 8192]                 (recursive)               (recursive)               --                        4,202,496
│    │    │    └─Rearrange: 4-324             [1, 8192]                 [1, 32, 16, 16]           --                        (recursive)               --                        --
│    │    └─Sequential: 3-761                 [1, 512]                  [1, 32, 16, 16]           (recursive)               (recursive)               --                        --
│    │    │    └─Linear: 4-325                [1, 512]                  [1, 8192]                 (recursive)               (recursive)               --                        4,202,496
│    │    │    └─Rearrange: 4-326             [1, 8192]                 [1, 32, 16, 16]           --                        (recursive)               --                        --
│    │    └─Sequential: 3-762                 [1, 512]                  [1, 32, 16, 16]           (recursive)               (recursive)               --                        --
│    │    │    └─Linear: 4-327                [1, 512]                  [1, 8192]                 (recursive)               (recursive)               --                        4,202,496
│    │    │    └─Rearrange: 4-328             [1, 8192]                 [1, 32, 16, 16]           --                        (recursive)               --                        --
│    │    └─Sequential: 3-763                 [1, 512]                  [1, 32, 16, 16]           (recursive)               (recursive)               --                        --
│    │    │    └─Linear: 4-329                [1, 512]                  [1, 8192]                 (recursive)               (recursive)               --                        4,202,496
│    │    │    └─Rearrange: 4-330             [1, 8192]                 [1, 32, 16, 16]           --                        (recursive)               --                        --
│    │    └─Sequential: 3-764                 [1, 512]                  [1, 32, 16, 16]           (recursive)               (recursive)               --                        --
│    │    │    └─Linear: 4-331                [1, 512]                  [1, 8192]                 (recursive)               (recursive)               --                        4,202,496
│    │    │    └─Rearrange: 4-332             [1, 8192]                 [1, 32, 16, 16]           --                        (recursive)               --                        --
│    │    └─Sequential: 3-765                 [1, 512]                  [1, 32, 16, 16]           (recursive)               (recursive)               --                        --
│    │    │    └─Linear: 4-333                [1, 512]                  [1, 8192]                 (recursive)               (recursive)               --                        4,202,496
│    │    │    └─Rearrange: 4-334             [1, 8192]                 [1, 32, 16, 16]           --                        (recursive)               --                        --
│    │    └─Sequential: 3-766                 [1, 512]                  [1, 32, 16, 16]           (recursive)               (recursive)               --                        --
│    │    │    └─Linear: 4-335                [1, 512]                  [1, 8192]                 (recursive)               (recursive)               --                        4,202,496
│    │    │    └─Rearrange: 4-336             [1, 8192]                 [1, 32, 16, 16]           --                        (recursive)               --                        --
│    │    └─Sequential: 3-767                 [1, 512]                  [1, 32, 16, 16]           (recursive)               (recursive)               --                        --
│    │    │    └─Linear: 4-337                [1, 512]                  [1, 8192]                 (recursive)               (recursive)               --                        4,202,496
│    │    │    └─Rearrange: 4-338             [1, 8192]                 [1, 32, 16, 16]           --                        (recursive)               --                        --
│    │    └─Sequential: 3-768                 [1, 512]                  [1, 32, 16, 16]           (recursive)               (recursive)               --                        --
│    │    │    └─Linear: 4-339                [1, 512]                  [1, 8192]                 (recursive)               (recursive)               --                        4,202,496
│    │    │    └─Rearrange: 4-340             [1, 8192]                 [1, 32, 16, 16]           --                        (recursive)               --                        --
│    │    └─Sequential: 3-769                 [1, 512]                  [1, 32, 16, 16]           (recursive)               (recursive)               --                        --
│    │    │    └─Linear: 4-341                [1, 512]                  [1, 8192]                 (recursive)               (recursive)               --                        4,202,496
│    │    │    └─Rearrange: 4-342             [1, 8192]                 [1, 32, 16, 16]           --                        (recursive)               --                        --
│    │    └─Sequential: 3-770                 [1, 512]                  [1, 32, 16, 16]           (recursive)               (recursive)               --                        --
│    │    │    └─Linear: 4-343                [1, 512]                  [1, 8192]                 (recursive)               (recursive)               --                        4,202,496
│    │    │    └─Rearrange: 4-344             [1, 8192]                 [1, 32, 16, 16]           --                        (recursive)               --                        --
│    │    └─Sequential: 3-771                 [1, 512]                  [1, 32, 16, 16]           (recursive)               (recursive)               --                        --
│    │    │    └─Linear: 4-345                [1, 512]                  [1, 8192]                 (recursive)               (recursive)               --                        4,202,496
│    │    │    └─Rearrange: 4-346             [1, 8192]                 [1, 32, 16, 16]           --                        (recursive)               --                        --
│    │    └─Sequential: 3-772                 [1, 512]                  [1, 32, 16, 16]           (recursive)               (recursive)               --                        --
│    │    │    └─Linear: 4-347                [1, 512]                  [1, 8192]                 (recursive)               (recursive)               --                        4,202,496
│    │    │    └─Rearrange: 4-348             [1, 8192]                 [1, 32, 16, 16]           --                        (recursive)               --                        --
│    │    └─Sequential: 3-773                 [1, 512]                  [1, 32, 16, 16]           (recursive)               (recursive)               --                        --
│    │    │    └─Linear: 4-349                [1, 512]                  [1, 8192]                 (recursive)               (recursive)               --                        4,202,496
│    │    │    └─Rearrange: 4-350             [1, 8192]                 [1, 32, 16, 16]           --                        (recursive)               --                        --
│    │    └─Sequential: 3-774                 [1, 512]                  [1, 32, 16, 16]           (recursive)               (recursive)               --                        --
│    │    │    └─Linear: 4-351                [1, 512]                  [1, 8192]                 (recursive)               (recursive)               --                        4,202,496
│    │    │    └─Rearrange: 4-352             [1, 8192]                 [1, 32, 16, 16]           --                        (recursive)               --                        --
│    │    └─Sequential: 3-775                 [1, 512]                  [1, 32, 16, 16]           (recursive)               (recursive)               --                        --
│    │    │    └─Linear: 4-353                [1, 512]                  [1, 8192]                 (recursive)               (recursive)               --                        4,202,496
│    │    │    └─Rearrange: 4-354             [1, 8192]                 [1, 32, 16, 16]           --                        (recursive)               --                        --
│    │    └─Sequential: 3-776                 [1, 512]                  [1, 32, 16, 16]           (recursive)               (recursive)               --                        --
│    │    │    └─Linear: 4-355                [1, 512]                  [1, 8192]                 (recursive)               (recursive)               --                        4,202,496
│    │    │    └─Rearrange: 4-356             [1, 8192]                 [1, 32, 16, 16]           --                        (recursive)               --                        --
│    │    └─Sequential: 3-777                 [1, 512]                  [1, 32, 16, 16]           (recursive)               (recursive)               --                        --
│    │    │    └─Linear: 4-357                [1, 512]                  [1, 8192]                 (recursive)               (recursive)               --                        4,202,496
│    │    │    └─Rearrange: 4-358             [1, 8192]                 [1, 32, 16, 16]           --                        (recursive)               --                        --
│    │    └─Sequential: 3-778                 [1, 512]                  [1, 32, 16, 16]           (recursive)               (recursive)               --                        --
│    │    │    └─Linear: 4-359                [1, 512]                  [1, 8192]                 (recursive)               (recursive)               --                        4,202,496
│    │    │    └─Rearrange: 4-360             [1, 8192]                 [1, 32, 16, 16]           --                        (recursive)               --                        --
│    │    └─Sequential: 3-779                 [1, 512]                  [1, 32, 16, 16]           (recursive)               (recursive)               --                        --
│    │    │    └─Linear: 4-361                [1, 512]                  [1, 8192]                 (recursive)               (recursive)               --                        4,202,496
│    │    │    └─Rearrange: 4-362             [1, 8192]                 [1, 32, 16, 16]           --                        (recursive)               --                        --
│    │    └─Sequential: 3-780                 [1, 512]                  [1, 32, 16, 16]           (recursive)               (recursive)               --                        --
│    │    │    └─Linear: 4-363                [1, 512]                  [1, 8192]                 (recursive)               (recursive)               --                        4,202,496
│    │    │    └─Rearrange: 4-364             [1, 8192]                 [1, 32, 16, 16]           --                        (recursive)               --                        --
│    │    └─Sequential: 3-781                 [1, 512]                  [1, 32, 16, 16]           (recursive)               (recursive)               --                        --
│    │    │    └─Linear: 4-365                [1, 512]                  [1, 8192]                 (recursive)               (recursive)               --                        4,202,496
│    │    │    └─Rearrange: 4-366             [1, 8192]                 [1, 32, 16, 16]           --                        (recursive)               --                        --
│    │    └─Sequential: 3-782                 [1, 512]                  [1, 32, 16, 16]           (recursive)               (recursive)               --                        --
│    │    │    └─Linear: 4-367                [1, 512]                  [1, 8192]                 (recursive)               (recursive)               --                        4,202,496
│    │    │    └─Rearrange: 4-368             [1, 8192]                 [1, 32, 16, 16]           --                        (recursive)               --                        --
│    │    └─Sequential: 3-783                 [1, 512]                  [1, 32, 16, 16]           (recursive)               (recursive)               --                        --
│    │    │    └─Linear: 4-369                [1, 512]                  [1, 8192]                 (recursive)               (recursive)               --                        4,202,496
│    │    │    └─Rearrange: 4-370             [1, 8192]                 [1, 32, 16, 16]           --                        (recursive)               --                        --
│    │    └─Sequential: 3-784                 [1, 512]                  [1, 32, 16, 16]           (recursive)               (recursive)               --                        --
│    │    │    └─Linear: 4-371                [1, 512]                  [1, 8192]                 (recursive)               (recursive)               --                        4,202,496
│    │    │    └─Rearrange: 4-372             [1, 8192]                 [1, 32, 16, 16]           --                        (recursive)               --                        --
│    │    └─Sequential: 3-785                 [1, 512]                  [1, 32, 16, 16]           (recursive)               (recursive)               --                        --
│    │    │    └─Linear: 4-373                [1, 512]                  [1, 8192]                 (recursive)               (recursive)               --                        4,202,496
│    │    │    └─Rearrange: 4-374             [1, 8192]                 [1, 32, 16, 16]           --                        (recursive)               --                        --
│    │    └─Sequential: 3-786                 [1, 512]                  [1, 32, 16, 16]           (recursive)               (recursive)               --                        --
│    │    │    └─Linear: 4-375                [1, 512]                  [1, 8192]                 (recursive)               (recursive)               --                        4,202,496
│    │    │    └─Rearrange: 4-376             [1, 8192]                 [1, 32, 16, 16]           --                        (recursive)               --                        --
│    │    └─Sequential: 3-787                 [1, 512]                  [1, 32, 16, 16]           (recursive)               (recursive)               --                        --
│    │    │    └─Linear: 4-377                [1, 512]                  [1, 8192]                 (recursive)               (recursive)               --                        4,202,496
│    │    │    └─Rearrange: 4-378             [1, 8192]                 [1, 32, 16, 16]           --                        (recursive)               --                        --
│    │    └─Sequential: 3-788                 [1, 512]                  [1, 32, 16, 16]           (recursive)               (recursive)               --                        --
│    │    │    └─Linear: 4-379                [1, 512]                  [1, 8192]                 (recursive)               (recursive)               --                        4,202,496
│    │    │    └─Rearrange: 4-380             [1, 8192]                 [1, 32, 16, 16]           --                        (recursive)               --                        --
│    │    └─Sequential: 3-789                 [1, 512]                  [1, 32, 16, 16]           (recursive)               (recursive)               --                        --
│    │    │    └─Linear: 4-381                [1, 512]                  [1, 8192]                 (recursive)               (recursive)               --                        4,202,496
│    │    │    └─Rearrange: 4-382             [1, 8192]                 [1, 32, 16, 16]           --                        (recursive)               --                        --
│    │    └─Sequential: 3-790                 [1, 512]                  [1, 32, 16, 16]           (recursive)               (recursive)               --                        --
│    │    │    └─Linear: 4-383                [1, 512]                  [1, 8192]                 (recursive)               (recursive)               --                        4,202,496
│    │    │    └─Rearrange: 4-384             [1, 8192]                 [1, 32, 16, 16]           --                        (recursive)               --                        --
│    │    └─Sequential: 3-791                 [1, 512]                  [1, 32, 16, 16]           (recursive)               (recursive)               --                        --
│    │    │    └─Linear: 4-385                [1, 512]                  [1, 8192]                 (recursive)               (recursive)               --                        4,202,496
│    │    │    └─Rearrange: 4-386             [1, 8192]                 [1, 32, 16, 16]           --                        (recursive)               --                        --
│    │    └─Sequential: 3-792                 [1, 512]                  [1, 32, 16, 16]           (recursive)               (recursive)               --                        --
│    │    │    └─Linear: 4-387                [1, 512]                  [1, 8192]                 (recursive)               (recursive)               --                        4,202,496
│    │    │    └─Rearrange: 4-388             [1, 8192]                 [1, 32, 16, 16]           --                        (recursive)               --                        --
│    │    └─Sequential: 3-793                 [1, 512]                  [1, 32, 16, 16]           (recursive)               (recursive)               --                        --
│    │    │    └─Linear: 4-389                [1, 512]                  [1, 8192]                 (recursive)               (recursive)               --                        4,202,496
│    │    │    └─Rearrange: 4-390             [1, 8192]                 [1, 32, 16, 16]           --                        (recursive)               --                        --
│    │    └─Sequential: 3-794                 [1, 512]                  [1, 32, 16, 16]           (recursive)               (recursive)               --                        --
│    │    │    └─Linear: 4-391                [1, 512]                  [1, 8192]                 (recursive)               (recursive)               --                        4,202,496
│    │    │    └─Rearrange: 4-392             [1, 8192]                 [1, 32, 16, 16]           --                        (recursive)               --                        --
│    │    └─Sequential: 3-795                 [1, 512]                  [1, 32, 16, 16]           (recursive)               (recursive)               --                        --
│    │    │    └─Linear: 4-393                [1, 512]                  [1, 8192]                 (recursive)               (recursive)               --                        4,202,496
│    │    │    └─Rearrange: 4-394             [1, 8192]                 [1, 32, 16, 16]           --                        (recursive)               --                        --
│    │    └─Sequential: 3-796                 [1, 512]                  [1, 32, 16, 16]           (recursive)               (recursive)               --                        --
│    │    │    └─Linear: 4-395                [1, 512]                  [1, 8192]                 (recursive)               (recursive)               --                        4,202,496
│    │    │    └─Rearrange: 4-396             [1, 8192]                 [1, 32, 16, 16]           --                        (recursive)               --                        --
│    │    └─Sequential: 3-797                 [1, 512]                  [1, 32, 16, 16]           (recursive)               (recursive)               --                        --
│    │    │    └─Linear: 4-397                [1, 512]                  [1, 8192]                 (recursive)               (recursive)               --                        4,202,496
│    │    │    └─Rearrange: 4-398             [1, 8192]                 [1, 32, 16, 16]           --                        (recursive)               --                        --
│    │    └─Sequential: 3-798                 [1, 512]                  [1, 32, 16, 16]           (recursive)               (recursive)               --                        --
│    │    │    └─Linear: 4-399                [1, 512]                  [1, 8192]                 (recursive)               (recursive)               --                        4,202,496
│    │    │    └─Rearrange: 4-400             [1, 8192]                 [1, 32, 16, 16]           --                        (recursive)               --                        --
│    │    └─Sequential: 3-799                 [1, 512]                  [1, 32, 16, 16]           (recursive)               (recursive)               --                        --
│    │    │    └─Linear: 4-401                [1, 512]                  [1, 8192]                 (recursive)               (recursive)               --                        4,202,496
│    │    │    └─Rearrange: 4-402             [1, 8192]                 [1, 32, 16, 16]           --                        (recursive)               --                        --
│    │    └─Sequential: 3-800                 [1, 512]                  [1, 32, 16, 16]           (recursive)               (recursive)               --                        --
│    │    │    └─Linear: 4-403                [1, 512]                  [1, 8192]                 (recursive)               (recursive)               --                        4,202,496
│    │    │    └─Rearrange: 4-404             [1, 8192]                 [1, 32, 16, 16]           --                        (recursive)               --                        --
│    │    └─Sequential: 3-801                 [1, 512]                  [1, 32, 16, 16]           (recursive)               (recursive)               --                        --
│    │    │    └─Linear: 4-405                [1, 512]                  [1, 8192]                 (recursive)               (recursive)               --                        4,202,496
│    │    │    └─Rearrange: 4-406             [1, 8192]                 [1, 32, 16, 16]           --                        (recursive)               --                        --
│    │    └─Sequential: 3-802                 [1, 512]                  [1, 32, 16, 16]           (recursive)               (recursive)               --                        --
│    │    │    └─Linear: 4-407                [1, 512]                  [1, 8192]                 (recursive)               (recursive)               --                        4,202,496
│    │    │    └─Rearrange: 4-408             [1, 8192]                 [1, 32, 16, 16]           --                        (recursive)               --                        --
│    │    └─Sequential: 3-803                 [1, 512]                  [1, 32, 16, 16]           (recursive)               (recursive)               --                        --
│    │    │    └─Linear: 4-409                [1, 512]                  [1, 8192]                 (recursive)               (recursive)               --                        4,202,496
│    │    │    └─Rearrange: 4-410             [1, 8192]                 [1, 32, 16, 16]           --                        (recursive)               --                        --
│    │    └─Sequential: 3-804                 [1, 512]                  [1, 32, 16, 16]           (recursive)               (recursive)               --                        --
│    │    │    └─Linear: 4-411                [1, 512]                  [1, 8192]                 (recursive)               (recursive)               --                        4,202,496
│    │    │    └─Rearrange: 4-412             [1, 8192]                 [1, 32, 16, 16]           --                        (recursive)               --                        --
│    │    └─Sequential: 3-805                 [1, 512]                  [1, 32, 16, 16]           (recursive)               (recursive)               --                        --
│    │    │    └─Linear: 4-413                [1, 512]                  [1, 8192]                 (recursive)               (recursive)               --                        4,202,496
│    │    │    └─Rearrange: 4-414             [1, 8192]                 [1, 32, 16, 16]           --                        (recursive)               --                        --
│    │    └─Sequential: 3-806                 [1, 512]                  [1, 32, 16, 16]           (recursive)               (recursive)               --                        --
│    │    │    └─Linear: 4-415                [1, 512]                  [1, 8192]                 (recursive)               (recursive)               --                        4,202,496
│    │    │    └─Rearrange: 4-416             [1, 8192]                 [1, 32, 16, 16]           --                        (recursive)               --                        --
│    │    └─Sequential: 3-807                 [1, 512]                  [1, 32, 16, 16]           (recursive)               (recursive)               --                        --
│    │    │    └─Linear: 4-417                [1, 512]                  [1, 8192]                 (recursive)               (recursive)               --                        4,202,496
│    │    │    └─Rearrange: 4-418             [1, 8192]                 [1, 32, 16, 16]           --                        (recursive)               --                        --
│    │    └─Sequential: 3-808                 [1, 512]                  [1, 32, 16, 16]           (recursive)               (recursive)               --                        --
│    │    │    └─Linear: 4-419                [1, 512]                  [1, 8192]                 (recursive)               (recursive)               --                        4,202,496
│    │    │    └─Rearrange: 4-420             [1, 8192]                 [1, 32, 16, 16]           --                        (recursive)               --                        --
│    │    └─Sequential: 3-809                 [1, 512]                  [1, 32, 16, 16]           (recursive)               (recursive)               --                        --
│    │    │    └─Linear: 4-421                [1, 512]                  [1, 8192]                 (recursive)               (recursive)               --                        4,202,496
│    │    │    └─Rearrange: 4-422             [1, 8192]                 [1, 32, 16, 16]           --                        (recursive)               --                        --
│    │    └─Sequential: 3-810                 [1, 512]                  [1, 32, 16, 16]           (recursive)               (recursive)               --                        --
│    │    │    └─Linear: 4-423                [1, 512]                  [1, 8192]                 (recursive)               (recursive)               --                        4,202,496
│    │    │    └─Rearrange: 4-424             [1, 8192]                 [1, 32, 16, 16]           --                        (recursive)               --                        --
│    │    └─Sequential: 3-811                 [1, 512]                  [1, 32, 16, 16]           (recursive)               (recursive)               --                        --
│    │    │    └─Linear: 4-425                [1, 512]                  [1, 8192]                 (recursive)               (recursive)               --                        4,202,496
│    │    │    └─Rearrange: 4-426             [1, 8192]                 [1, 32, 16, 16]           --                        (recursive)               --                        --
│    │    └─Sequential: 3-812                 [1, 512]                  [1, 32, 16, 16]           (recursive)               (recursive)               --                        --
│    │    │    └─Linear: 4-427                [1, 512]                  [1, 8192]                 (recursive)               (recursive)               --                        4,202,496
│    │    │    └─Rearrange: 4-428             [1, 8192]                 [1, 32, 16, 16]           --                        (recursive)               --                        --
│    │    └─Sequential: 3-813                 [1, 512]                  [1, 32, 16, 16]           (recursive)               (recursive)               --                        --
│    │    │    └─Linear: 4-429                [1, 512]                  [1, 8192]                 (recursive)               (recursive)               --                        4,202,496
│    │    │    └─Rearrange: 4-430             [1, 8192]                 [1, 32, 16, 16]           --                        (recursive)               --                        --
│    │    └─Sequential: 3-814                 [1, 512]                  [1, 32, 16, 16]           (recursive)               (recursive)               --                        --
│    │    │    └─Linear: 4-431                [1, 512]                  [1, 8192]                 (recursive)               (recursive)               --                        4,202,496
│    │    │    └─Rearrange: 4-432             [1, 8192]                 [1, 32, 16, 16]           --                        (recursive)               --                        --
│    │    └─Sequential: 3-815                 [1, 512]                  [1, 32, 16, 16]           (recursive)               (recursive)               --                        --
│    │    │    └─Linear: 4-433                [1, 512]                  [1, 8192]                 (recursive)               (recursive)               --                        4,202,496
│    │    │    └─Rearrange: 4-434             [1, 8192]                 [1, 32, 16, 16]           --                        (recursive)               --                        --
│    │    └─Sequential: 3-816                 [1, 512]                  [1, 32, 16, 16]           (recursive)               (recursive)               --                        --
│    │    │    └─Linear: 4-435                [1, 512]                  [1, 8192]                 (recursive)               (recursive)               --                        4,202,496
│    │    │    └─Rearrange: 4-436             [1, 8192]                 [1, 32, 16, 16]           --                        (recursive)               --                        --
│    │    └─Sequential: 3-817                 [1, 512]                  [1, 32, 16, 16]           (recursive)               (recursive)               --                        --
│    │    │    └─Linear: 4-437                [1, 512]                  [1, 8192]                 (recursive)               (recursive)               --                        4,202,496
│    │    │    └─Rearrange: 4-438             [1, 8192]                 [1, 32, 16, 16]           --                        (recursive)               --                        --
│    │    └─Sequential: 3-818                 [1, 512]                  [1, 32, 16, 16]           (recursive)               (recursive)               --                        --
│    │    │    └─Linear: 4-439                [1, 512]                  [1, 8192]                 (recursive)               (recursive)               --                        4,202,496
│    │    │    └─Rearrange: 4-440             [1, 8192]                 [1, 32, 16, 16]           --                        (recursive)               --                        --
│    │    └─Sequential: 3-819                 [1, 512]                  [1, 32, 16, 16]           (recursive)               (recursive)               --                        --
│    │    │    └─Linear: 4-441                [1, 512]                  [1, 8192]                 (recursive)               (recursive)               --                        4,202,496
│    │    │    └─Rearrange: 4-442             [1, 8192]                 [1, 32, 16, 16]           --                        (recursive)               --                        --
│    │    └─Sequential: 3-820                 [1, 512]                  [1, 32, 16, 16]           (recursive)               (recursive)               --                        --
│    │    │    └─Linear: 4-443                [1, 512]                  [1, 8192]                 (recursive)               (recursive)               --                        4,202,496
│    │    │    └─Rearrange: 4-444             [1, 8192]                 [1, 32, 16, 16]           --                        (recursive)               --                        --
│    │    └─Sequential: 3-821                 [1, 512]                  [1, 32, 16, 16]           (recursive)               (recursive)               --                        --
│    │    │    └─Linear: 4-445                [1, 512]                  [1, 8192]                 (recursive)               (recursive)               --                        4,202,496
│    │    │    └─Rearrange: 4-446             [1, 8192]                 [1, 32, 16, 16]           --                        (recursive)               --                        --
│    │    └─Sequential: 3-822                 [1, 512]                  [1, 32, 16, 16]           (recursive)               (recursive)               --                        --
│    │    │    └─Linear: 4-447                [1, 512]                  [1, 8192]                 (recursive)               (recursive)               --                        4,202,496
│    │    │    └─Rearrange: 4-448             [1, 8192]                 [1, 32, 16, 16]           --                        (recursive)               --                        --
│    │    └─Sequential: 3-823                 [1, 512]                  [1, 32, 16, 16]           (recursive)               (recursive)               --                        --
│    │    │    └─Linear: 4-449                [1, 512]                  [1, 8192]                 (recursive)               (recursive)               --                        4,202,496
│    │    │    └─Rearrange: 4-450             [1, 8192]                 [1, 32, 16, 16]           --                        (recursive)               --                        --
│    └─ModuleList: 2-25                       --                        --                        (recursive)               (recursive)               --                        --
│    │    └─Sequential: 3-824                 [1, 32, 256, 256]         [1, 16, 256, 256]         --                             --                   --                        --
│    │    │    └─Conv2d: 4-451                [1, 32, 256, 256]         [1, 32, 256, 256]         9,248                       0.00%                   [3, 3]                    606,076,928
│    │    │    └─GroupNorm: 4-452             [1, 32, 256, 256]         [1, 32, 256, 256]         64                          0.00%                   --                        64
│    │    │    └─GELU: 4-453                  [1, 32, 256, 256]         [1, 32, 256, 256]         --                             --                   --                        --
│    │    │    └─Conv2d: 4-454                [1, 32, 256, 256]         [1, 16, 256, 256]         4,624                       0.00%                   [3, 3]                    303,038,464
│    └─ModuleDict: 2-26                       --                        --                        (recursive)               (recursive)               --                        --
│    │    └─Sequential: 3-825                 [1, 512]                  [1, 16, 8, 8]             --                             --                   --                        --
│    │    │    └─Linear: 4-455                [1, 512]                  [1, 1024]                 525,312                     0.25%                   --                        525,312
│    │    │    └─Rearrange: 4-456             [1, 1024]                 [1, 16, 8, 8]             --                             --                   --                        --
│    │    └─Sequential: 3-826                 [1, 512]                  [1, 16, 8, 8]             (recursive)               (recursive)               --                        --
│    │    │    └─Linear: 4-457                [1, 512]                  [1, 1024]                 (recursive)               (recursive)               --                        525,312
│    │    │    └─Rearrange: 4-458             [1, 1024]                 [1, 16, 8, 8]             --                        (recursive)               --                        --
│    │    └─Sequential: 3-827                 [1, 512]                  [1, 16, 8, 8]             (recursive)               (recursive)               --                        --
│    │    │    └─Linear: 4-459                [1, 512]                  [1, 1024]                 (recursive)               (recursive)               --                        525,312
│    │    │    └─Rearrange: 4-460             [1, 1024]                 [1, 16, 8, 8]             --                        (recursive)               --                        --
│    │    └─Sequential: 3-828                 [1, 512]                  [1, 16, 8, 8]             (recursive)               (recursive)               --                        --
│    │    │    └─Linear: 4-461                [1, 512]                  [1, 1024]                 (recursive)               (recursive)               --                        525,312
│    │    │    └─Rearrange: 4-462             [1, 1024]                 [1, 16, 8, 8]             --                        (recursive)               --                        --
│    │    └─Sequential: 3-829                 [1, 512]                  [1, 16, 8, 8]             (recursive)               (recursive)               --                        --
│    │    │    └─Linear: 4-463                [1, 512]                  [1, 1024]                 (recursive)               (recursive)               --                        525,312
│    │    │    └─Rearrange: 4-464             [1, 1024]                 [1, 16, 8, 8]             --                        (recursive)               --                        --
│    │    └─Sequential: 3-830                 [1, 512]                  [1, 16, 8, 8]             (recursive)               (recursive)               --                        --
│    │    │    └─Linear: 4-465                [1, 512]                  [1, 1024]                 (recursive)               (recursive)               --                        525,312
│    │    │    └─Rearrange: 4-466             [1, 1024]                 [1, 16, 8, 8]             --                        (recursive)               --                        --
│    │    └─Sequential: 3-831                 [1, 512]                  [1, 16, 8, 8]             (recursive)               (recursive)               --                        --
│    │    │    └─Linear: 4-467                [1, 512]                  [1, 1024]                 (recursive)               (recursive)               --                        525,312
│    │    │    └─Rearrange: 4-468             [1, 1024]                 [1, 16, 8, 8]             --                        (recursive)               --                        --
│    │    └─Sequential: 3-832                 [1, 512]                  [1, 16, 8, 8]             (recursive)               (recursive)               --                        --
│    │    │    └─Linear: 4-469                [1, 512]                  [1, 1024]                 (recursive)               (recursive)               --                        525,312
│    │    │    └─Rearrange: 4-470             [1, 1024]                 [1, 16, 8, 8]             --                        (recursive)               --                        --
│    │    └─Sequential: 3-833                 [1, 512]                  [1, 16, 8, 8]             (recursive)               (recursive)               --                        --
│    │    │    └─Linear: 4-471                [1, 512]                  [1, 1024]                 (recursive)               (recursive)               --                        525,312
│    │    │    └─Rearrange: 4-472             [1, 1024]                 [1, 16, 8, 8]             --                        (recursive)               --                        --
│    │    └─Sequential: 3-834                 [1, 512]                  [1, 16, 8, 8]             (recursive)               (recursive)               --                        --
│    │    │    └─Linear: 4-473                [1, 512]                  [1, 1024]                 (recursive)               (recursive)               --                        525,312
│    │    │    └─Rearrange: 4-474             [1, 1024]                 [1, 16, 8, 8]             --                        (recursive)               --                        --
│    │    └─Sequential: 3-835                 [1, 512]                  [1, 16, 8, 8]             (recursive)               (recursive)               --                        --
│    │    │    └─Linear: 4-475                [1, 512]                  [1, 1024]                 (recursive)               (recursive)               --                        525,312
│    │    │    └─Rearrange: 4-476             [1, 1024]                 [1, 16, 8, 8]             --                        (recursive)               --                        --
│    │    └─Sequential: 3-836                 [1, 512]                  [1, 16, 8, 8]             (recursive)               (recursive)               --                        --
│    │    │    └─Linear: 4-477                [1, 512]                  [1, 1024]                 (recursive)               (recursive)               --                        525,312
│    │    │    └─Rearrange: 4-478             [1, 1024]                 [1, 16, 8, 8]             --                        (recursive)               --                        --
│    │    └─Sequential: 3-837                 [1, 512]                  [1, 16, 8, 8]             (recursive)               (recursive)               --                        --
│    │    │    └─Linear: 4-479                [1, 512]                  [1, 1024]                 (recursive)               (recursive)               --                        525,312
│    │    │    └─Rearrange: 4-480             [1, 1024]                 [1, 16, 8, 8]             --                        (recursive)               --                        --
│    │    └─Sequential: 3-838                 [1, 512]                  [1, 16, 8, 8]             (recursive)               (recursive)               --                        --
│    │    │    └─Linear: 4-481                [1, 512]                  [1, 1024]                 (recursive)               (recursive)               --                        525,312
│    │    │    └─Rearrange: 4-482             [1, 1024]                 [1, 16, 8, 8]             --                        (recursive)               --                        --
│    │    └─Sequential: 3-839                 [1, 512]                  [1, 16, 8, 8]             (recursive)               (recursive)               --                        --
│    │    │    └─Linear: 4-483                [1, 512]                  [1, 1024]                 (recursive)               (recursive)               --                        525,312
│    │    │    └─Rearrange: 4-484             [1, 1024]                 [1, 16, 8, 8]             --                        (recursive)               --                        --
│    │    └─Sequential: 3-840                 [1, 512]                  [1, 16, 8, 8]             (recursive)               (recursive)               --                        --
│    │    │    └─Linear: 4-485                [1, 512]                  [1, 1024]                 (recursive)               (recursive)               --                        525,312
│    │    │    └─Rearrange: 4-486             [1, 1024]                 [1, 16, 8, 8]             --                        (recursive)               --                        --
│    │    └─Sequential: 3-841                 [1, 512]                  [1, 16, 8, 8]             (recursive)               (recursive)               --                        --
│    │    │    └─Linear: 4-487                [1, 512]                  [1, 1024]                 (recursive)               (recursive)               --                        525,312
│    │    │    └─Rearrange: 4-488             [1, 1024]                 [1, 16, 8, 8]             --                        (recursive)               --                        --
│    │    └─Sequential: 3-842                 [1, 512]                  [1, 16, 8, 8]             (recursive)               (recursive)               --                        --
│    │    │    └─Linear: 4-489                [1, 512]                  [1, 1024]                 (recursive)               (recursive)               --                        525,312
│    │    │    └─Rearrange: 4-490             [1, 1024]                 [1, 16, 8, 8]             --                        (recursive)               --                        --
│    │    └─Sequential: 3-843                 [1, 512]                  [1, 16, 8, 8]             (recursive)               (recursive)               --                        --
│    │    │    └─Linear: 4-491                [1, 512]                  [1, 1024]                 (recursive)               (recursive)               --                        525,312
│    │    │    └─Rearrange: 4-492             [1, 1024]                 [1, 16, 8, 8]             --                        (recursive)               --                        --
│    │    └─Sequential: 3-844                 [1, 512]                  [1, 16, 8, 8]             (recursive)               (recursive)               --                        --
│    │    │    └─Linear: 4-493                [1, 512]                  [1, 1024]                 (recursive)               (recursive)               --                        525,312
│    │    │    └─Rearrange: 4-494             [1, 1024]                 [1, 16, 8, 8]             --                        (recursive)               --                        --
│    │    └─Sequential: 3-845                 [1, 512]                  [1, 16, 8, 8]             (recursive)               (recursive)               --                        --
│    │    │    └─Linear: 4-495                [1, 512]                  [1, 1024]                 (recursive)               (recursive)               --                        525,312
│    │    │    └─Rearrange: 4-496             [1, 1024]                 [1, 16, 8, 8]             --                        (recursive)               --                        --
│    │    └─Sequential: 3-846                 [1, 512]                  [1, 16, 8, 8]             (recursive)               (recursive)               --                        --
│    │    │    └─Linear: 4-497                [1, 512]                  [1, 1024]                 (recursive)               (recursive)               --                        525,312
│    │    │    └─Rearrange: 4-498             [1, 1024]                 [1, 16, 8, 8]             --                        (recursive)               --                        --
│    │    └─Sequential: 3-847                 [1, 512]                  [1, 16, 8, 8]             (recursive)               (recursive)               --                        --
│    │    │    └─Linear: 4-499                [1, 512]                  [1, 1024]                 (recursive)               (recursive)               --                        525,312
│    │    │    └─Rearrange: 4-500             [1, 1024]                 [1, 16, 8, 8]             --                        (recursive)               --                        --
│    │    └─Sequential: 3-848                 [1, 512]                  [1, 16, 8, 8]             (recursive)               (recursive)               --                        --
│    │    │    └─Linear: 4-501                [1, 512]                  [1, 1024]                 (recursive)               (recursive)               --                        525,312
│    │    │    └─Rearrange: 4-502             [1, 1024]                 [1, 16, 8, 8]             --                        (recursive)               --                        --
│    │    └─Sequential: 3-849                 [1, 512]                  [1, 16, 8, 8]             (recursive)               (recursive)               --                        --
│    │    │    └─Linear: 4-503                [1, 512]                  [1, 1024]                 (recursive)               (recursive)               --                        525,312
│    │    │    └─Rearrange: 4-504             [1, 1024]                 [1, 16, 8, 8]             --                        (recursive)               --                        --
│    │    └─Sequential: 3-850                 [1, 512]                  [1, 16, 8, 8]             (recursive)               (recursive)               --                        --
│    │    │    └─Linear: 4-505                [1, 512]                  [1, 1024]                 (recursive)               (recursive)               --                        525,312
│    │    │    └─Rearrange: 4-506             [1, 1024]                 [1, 16, 8, 8]             --                        (recursive)               --                        --
│    │    └─Sequential: 3-851                 [1, 512]                  [1, 16, 8, 8]             (recursive)               (recursive)               --                        --
│    │    │    └─Linear: 4-507                [1, 512]                  [1, 1024]                 (recursive)               (recursive)               --                        525,312
│    │    │    └─Rearrange: 4-508             [1, 1024]                 [1, 16, 8, 8]             --                        (recursive)               --                        --
│    │    └─Sequential: 3-852                 [1, 512]                  [1, 16, 8, 8]             (recursive)               (recursive)               --                        --
│    │    │    └─Linear: 4-509                [1, 512]                  [1, 1024]                 (recursive)               (recursive)               --                        525,312
│    │    │    └─Rearrange: 4-510             [1, 1024]                 [1, 16, 8, 8]             --                        (recursive)               --                        --
│    │    └─Sequential: 3-853                 [1, 512]                  [1, 16, 8, 8]             (recursive)               (recursive)               --                        --
│    │    │    └─Linear: 4-511                [1, 512]                  [1, 1024]                 (recursive)               (recursive)               --                        525,312
│    │    │    └─Rearrange: 4-512             [1, 1024]                 [1, 16, 8, 8]             --                        (recursive)               --                        --
│    │    └─Sequential: 3-854                 [1, 512]                  [1, 16, 8, 8]             (recursive)               (recursive)               --                        --
│    │    │    └─Linear: 4-513                [1, 512]                  [1, 1024]                 (recursive)               (recursive)               --                        525,312
│    │    │    └─Rearrange: 4-514             [1, 1024]                 [1, 16, 8, 8]             --                        (recursive)               --                        --
│    │    └─Sequential: 3-855                 [1, 512]                  [1, 16, 8, 8]             (recursive)               (recursive)               --                        --
│    │    │    └─Linear: 4-515                [1, 512]                  [1, 1024]                 (recursive)               (recursive)               --                        525,312
│    │    │    └─Rearrange: 4-516             [1, 1024]                 [1, 16, 8, 8]             --                        (recursive)               --                        --
│    │    └─Sequential: 3-856                 [1, 512]                  [1, 16, 8, 8]             (recursive)               (recursive)               --                        --
│    │    │    └─Linear: 4-517                [1, 512]                  [1, 1024]                 (recursive)               (recursive)               --                        525,312
│    │    │    └─Rearrange: 4-518             [1, 1024]                 [1, 16, 8, 8]             --                        (recursive)               --                        --
│    │    └─Sequential: 3-857                 [1, 512]                  [1, 16, 8, 8]             (recursive)               (recursive)               --                        --
│    │    │    └─Linear: 4-519                [1, 512]                  [1, 1024]                 (recursive)               (recursive)               --                        525,312
│    │    │    └─Rearrange: 4-520             [1, 1024]                 [1, 16, 8, 8]             --                        (recursive)               --                        --
│    │    └─Sequential: 3-858                 [1, 512]                  [1, 16, 8, 8]             (recursive)               (recursive)               --                        --
│    │    │    └─Linear: 4-521                [1, 512]                  [1, 1024]                 (recursive)               (recursive)               --                        525,312
│    │    │    └─Rearrange: 4-522             [1, 1024]                 [1, 16, 8, 8]             --                        (recursive)               --                        --
│    │    └─Sequential: 3-859                 [1, 512]                  [1, 16, 8, 8]             (recursive)               (recursive)               --                        --
│    │    │    └─Linear: 4-523                [1, 512]                  [1, 1024]                 (recursive)               (recursive)               --                        525,312
│    │    │    └─Rearrange: 4-524             [1, 1024]                 [1, 16, 8, 8]             --                        (recursive)               --                        --
│    │    └─Sequential: 3-860                 [1, 512]                  [1, 16, 8, 8]             (recursive)               (recursive)               --                        --
│    │    │    └─Linear: 4-525                [1, 512]                  [1, 1024]                 (recursive)               (recursive)               --                        525,312
│    │    │    └─Rearrange: 4-526             [1, 1024]                 [1, 16, 8, 8]             --                        (recursive)               --                        --
│    │    └─Sequential: 3-861                 [1, 512]                  [1, 16, 8, 8]             (recursive)               (recursive)               --                        --
│    │    │    └─Linear: 4-527                [1, 512]                  [1, 1024]                 (recursive)               (recursive)               --                        525,312
│    │    │    └─Rearrange: 4-528             [1, 1024]                 [1, 16, 8, 8]             --                        (recursive)               --                        --
│    │    └─Sequential: 3-862                 [1, 512]                  [1, 16, 8, 8]             (recursive)               (recursive)               --                        --
│    │    │    └─Linear: 4-529                [1, 512]                  [1, 1024]                 (recursive)               (recursive)               --                        525,312
│    │    │    └─Rearrange: 4-530             [1, 1024]                 [1, 16, 8, 8]             --                        (recursive)               --                        --
│    │    └─Sequential: 3-863                 [1, 512]                  [1, 16, 8, 8]             (recursive)               (recursive)               --                        --
│    │    │    └─Linear: 4-531                [1, 512]                  [1, 1024]                 (recursive)               (recursive)               --                        525,312
│    │    │    └─Rearrange: 4-532             [1, 1024]                 [1, 16, 8, 8]             --                        (recursive)               --                        --
│    │    └─Sequential: 3-864                 [1, 512]                  [1, 16, 8, 8]             (recursive)               (recursive)               --                        --
│    │    │    └─Linear: 4-533                [1, 512]                  [1, 1024]                 (recursive)               (recursive)               --                        525,312
│    │    │    └─Rearrange: 4-534             [1, 1024]                 [1, 16, 8, 8]             --                        (recursive)               --                        --
│    │    └─Sequential: 3-865                 [1, 512]                  [1, 16, 8, 8]             (recursive)               (recursive)               --                        --
│    │    │    └─Linear: 4-535                [1, 512]                  [1, 1024]                 (recursive)               (recursive)               --                        525,312
│    │    │    └─Rearrange: 4-536             [1, 1024]                 [1, 16, 8, 8]             --                        (recursive)               --                        --
│    │    └─Sequential: 3-866                 [1, 512]                  [1, 16, 8, 8]             (recursive)               (recursive)               --                        --
│    │    │    └─Linear: 4-537                [1, 512]                  [1, 1024]                 (recursive)               (recursive)               --                        525,312
│    │    │    └─Rearrange: 4-538             [1, 1024]                 [1, 16, 8, 8]             --                        (recursive)               --                        --
│    │    └─Sequential: 3-867                 [1, 512]                  [1, 16, 8, 8]             (recursive)               (recursive)               --                        --
│    │    │    └─Linear: 4-539                [1, 512]                  [1, 1024]                 (recursive)               (recursive)               --                        525,312
│    │    │    └─Rearrange: 4-540             [1, 1024]                 [1, 16, 8, 8]             --                        (recursive)               --                        --
│    │    └─Sequential: 3-868                 [1, 512]                  [1, 16, 8, 8]             (recursive)               (recursive)               --                        --
│    │    │    └─Linear: 4-541                [1, 512]                  [1, 1024]                 (recursive)               (recursive)               --                        525,312
│    │    │    └─Rearrange: 4-542             [1, 1024]                 [1, 16, 8, 8]             --                        (recursive)               --                        --
│    │    └─Sequential: 3-869                 [1, 512]                  [1, 16, 8, 8]             (recursive)               (recursive)               --                        --
│    │    │    └─Linear: 4-543                [1, 512]                  [1, 1024]                 (recursive)               (recursive)               --                        525,312
│    │    │    └─Rearrange: 4-544             [1, 1024]                 [1, 16, 8, 8]             --                        (recursive)               --                        --
│    │    └─Sequential: 3-870                 [1, 512]                  [1, 16, 8, 8]             (recursive)               (recursive)               --                        --
│    │    │    └─Linear: 4-545                [1, 512]                  [1, 1024]                 (recursive)               (recursive)               --                        525,312
│    │    │    └─Rearrange: 4-546             [1, 1024]                 [1, 16, 8, 8]             --                        (recursive)               --                        --
│    │    └─Sequential: 3-871                 [1, 512]                  [1, 16, 8, 8]             (recursive)               (recursive)               --                        --
│    │    │    └─Linear: 4-547                [1, 512]                  [1, 1024]                 (recursive)               (recursive)               --                        525,312
│    │    │    └─Rearrange: 4-548             [1, 1024]                 [1, 16, 8, 8]             --                        (recursive)               --                        --
│    │    └─Sequential: 3-872                 [1, 512]                  [1, 16, 8, 8]             (recursive)               (recursive)               --                        --
│    │    │    └─Linear: 4-549                [1, 512]                  [1, 1024]                 (recursive)               (recursive)               --                        525,312
│    │    │    └─Rearrange: 4-550             [1, 1024]                 [1, 16, 8, 8]             --                        (recursive)               --                        --
│    │    └─Sequential: 3-873                 [1, 512]                  [1, 16, 8, 8]             (recursive)               (recursive)               --                        --
│    │    │    └─Linear: 4-551                [1, 512]                  [1, 1024]                 (recursive)               (recursive)               --                        525,312
│    │    │    └─Rearrange: 4-552             [1, 1024]                 [1, 16, 8, 8]             --                        (recursive)               --                        --
│    │    └─Sequential: 3-874                 [1, 512]                  [1, 16, 8, 8]             (recursive)               (recursive)               --                        --
│    │    │    └─Linear: 4-553                [1, 512]                  [1, 1024]                 (recursive)               (recursive)               --                        525,312
│    │    │    └─Rearrange: 4-554             [1, 1024]                 [1, 16, 8, 8]             --                        (recursive)               --                        --
│    │    └─Sequential: 3-875                 [1, 512]                  [1, 16, 8, 8]             (recursive)               (recursive)               --                        --
│    │    │    └─Linear: 4-555                [1, 512]                  [1, 1024]                 (recursive)               (recursive)               --                        525,312
│    │    │    └─Rearrange: 4-556             [1, 1024]                 [1, 16, 8, 8]             --                        (recursive)               --                        --
│    │    └─Sequential: 3-876                 [1, 512]                  [1, 16, 8, 8]             (recursive)               (recursive)               --                        --
│    │    │    └─Linear: 4-557                [1, 512]                  [1, 1024]                 (recursive)               (recursive)               --                        525,312
│    │    │    └─Rearrange: 4-558             [1, 1024]                 [1, 16, 8, 8]             --                        (recursive)               --                        --
│    │    └─Sequential: 3-877                 [1, 512]                  [1, 16, 8, 8]             (recursive)               (recursive)               --                        --
│    │    │    └─Linear: 4-559                [1, 512]                  [1, 1024]                 (recursive)               (recursive)               --                        525,312
│    │    │    └─Rearrange: 4-560             [1, 1024]                 [1, 16, 8, 8]             --                        (recursive)               --                        --
│    │    └─Sequential: 3-878                 [1, 512]                  [1, 16, 8, 8]             (recursive)               (recursive)               --                        --
│    │    │    └─Linear: 4-561                [1, 512]                  [1, 1024]                 (recursive)               (recursive)               --                        525,312
│    │    │    └─Rearrange: 4-562             [1, 1024]                 [1, 16, 8, 8]             --                        (recursive)               --                        --
│    │    └─Sequential: 3-879                 [1, 512]                  [1, 16, 8, 8]             (recursive)               (recursive)               --                        --
│    │    │    └─Linear: 4-563                [1, 512]                  [1, 1024]                 (recursive)               (recursive)               --                        525,312
│    │    │    └─Rearrange: 4-564             [1, 1024]                 [1, 16, 8, 8]             --                        (recursive)               --                        --
│    │    └─Sequential: 3-880                 [1, 512]                  [1, 16, 8, 8]             (recursive)               (recursive)               --                        --
│    │    │    └─Linear: 4-565                [1, 512]                  [1, 1024]                 (recursive)               (recursive)               --                        525,312
│    │    │    └─Rearrange: 4-566             [1, 1024]                 [1, 16, 8, 8]             --                        (recursive)               --                        --
│    │    └─Sequential: 3-881                 [1, 512]                  [1, 16, 8, 8]             (recursive)               (recursive)               --                        --
│    │    │    └─Linear: 4-567                [1, 512]                  [1, 1024]                 (recursive)               (recursive)               --                        525,312
│    │    │    └─Rearrange: 4-568             [1, 1024]                 [1, 16, 8, 8]             --                        (recursive)               --                        --
│    │    └─Sequential: 3-882                 [1, 512]                  [1, 16, 8, 8]             (recursive)               (recursive)               --                        --
│    │    │    └─Linear: 4-569                [1, 512]                  [1, 1024]                 (recursive)               (recursive)               --                        525,312
│    │    │    └─Rearrange: 4-570             [1, 1024]                 [1, 16, 8, 8]             --                        (recursive)               --                        --
│    │    └─Sequential: 3-883                 [1, 512]                  [1, 16, 8, 8]             (recursive)               (recursive)               --                        --
│    │    │    └─Linear: 4-571                [1, 512]                  [1, 1024]                 (recursive)               (recursive)               --                        525,312
│    │    │    └─Rearrange: 4-572             [1, 1024]                 [1, 16, 8, 8]             --                        (recursive)               --                        --
│    │    └─Sequential: 3-884                 [1, 512]                  [1, 16, 8, 8]             (recursive)               (recursive)               --                        --
│    │    │    └─Linear: 4-573                [1, 512]                  [1, 1024]                 (recursive)               (recursive)               --                        525,312
│    │    │    └─Rearrange: 4-574             [1, 1024]                 [1, 16, 8, 8]             --                        (recursive)               --                        --
│    │    └─Sequential: 3-885                 [1, 512]                  [1, 16, 8, 8]             (recursive)               (recursive)               --                        --
│    │    │    └─Linear: 4-575                [1, 512]                  [1, 1024]                 (recursive)               (recursive)               --                        525,312
│    │    │    └─Rearrange: 4-576             [1, 1024]                 [1, 16, 8, 8]             --                        (recursive)               --                        --
│    │    └─Sequential: 3-886                 [1, 512]                  [1, 16, 8, 8]             (recursive)               (recursive)               --                        --
│    │    │    └─Linear: 4-577                [1, 512]                  [1, 1024]                 (recursive)               (recursive)               --                        525,312
│    │    │    └─Rearrange: 4-578             [1, 1024]                 [1, 16, 8, 8]             --                        (recursive)               --                        --
│    │    └─Sequential: 3-887                 [1, 512]                  [1, 16, 8, 8]             (recursive)               (recursive)               --                        --
│    │    │    └─Linear: 4-579                [1, 512]                  [1, 1024]                 (recursive)               (recursive)               --                        525,312
│    │    │    └─Rearrange: 4-580             [1, 1024]                 [1, 16, 8, 8]             --                        (recursive)               --                        --
│    │    └─Sequential: 3-888                 [1, 512]                  [1, 16, 8, 8]             (recursive)               (recursive)               --                        --
│    │    │    └─Linear: 4-581                [1, 512]                  [1, 1024]                 (recursive)               (recursive)               --                        525,312
│    │    │    └─Rearrange: 4-582             [1, 1024]                 [1, 16, 8, 8]             --                        (recursive)               --                        --
│    │    └─Sequential: 3-889                 [1, 512]                  [1, 16, 8, 8]             (recursive)               (recursive)               --                        --
│    │    │    └─Linear: 4-583                [1, 512]                  [1, 1024]                 (recursive)               (recursive)               --                        525,312
│    │    │    └─Rearrange: 4-584             [1, 1024]                 [1, 16, 8, 8]             --                        (recursive)               --                        --
│    │    └─Sequential: 3-890                 [1, 512]                  [1, 16, 8, 8]             (recursive)               (recursive)               --                        --
│    │    │    └─Linear: 4-585                [1, 512]                  [1, 1024]                 (recursive)               (recursive)               --                        525,312
│    │    │    └─Rearrange: 4-586             [1, 1024]                 [1, 16, 8, 8]             --                        (recursive)               --                        --
│    │    └─Sequential: 3-891                 [1, 512]                  [1, 16, 8, 8]             (recursive)               (recursive)               --                        --
│    │    │    └─Linear: 4-587                [1, 512]                  [1, 1024]                 (recursive)               (recursive)               --                        525,312
│    │    │    └─Rearrange: 4-588             [1, 1024]                 [1, 16, 8, 8]             --                        (recursive)               --                        --
│    │    └─Sequential: 3-892                 [1, 512]                  [1, 16, 8, 8]             (recursive)               (recursive)               --                        --
│    │    │    └─Linear: 4-589                [1, 512]                  [1, 1024]                 (recursive)               (recursive)               --                        525,312
│    │    │    └─Rearrange: 4-590             [1, 1024]                 [1, 16, 8, 8]             --                        (recursive)               --                        --
│    │    └─Sequential: 3-893                 [1, 512]                  [1, 16, 8, 8]             (recursive)               (recursive)               --                        --
│    │    │    └─Linear: 4-591                [1, 512]                  [1, 1024]                 (recursive)               (recursive)               --                        525,312
│    │    │    └─Rearrange: 4-592             [1, 1024]                 [1, 16, 8, 8]             --                        (recursive)               --                        --
│    │    └─Sequential: 3-894                 [1, 512]                  [1, 16, 8, 8]             (recursive)               (recursive)               --                        --
│    │    │    └─Linear: 4-593                [1, 512]                  [1, 1024]                 (recursive)               (recursive)               --                        525,312
│    │    │    └─Rearrange: 4-594             [1, 1024]                 [1, 16, 8, 8]             --                        (recursive)               --                        --
│    │    └─Sequential: 3-895                 [1, 512]                  [1, 16, 8, 8]             (recursive)               (recursive)               --                        --
│    │    │    └─Linear: 4-595                [1, 512]                  [1, 1024]                 (recursive)               (recursive)               --                        525,312
│    │    │    └─Rearrange: 4-596             [1, 1024]                 [1, 16, 8, 8]             --                        (recursive)               --                        --
│    │    └─Sequential: 3-896                 [1, 512]                  [1, 16, 8, 8]             (recursive)               (recursive)               --                        --
│    │    │    └─Linear: 4-597                [1, 512]                  [1, 1024]                 (recursive)               (recursive)               --                        525,312
│    │    │    └─Rearrange: 4-598             [1, 1024]                 [1, 16, 8, 8]             --                        (recursive)               --                        --
│    │    └─Sequential: 3-897                 [1, 512]                  [1, 16, 8, 8]             (recursive)               (recursive)               --                        --
│    │    │    └─Linear: 4-599                [1, 512]                  [1, 1024]                 (recursive)               (recursive)               --                        525,312
│    │    │    └─Rearrange: 4-600             [1, 1024]                 [1, 16, 8, 8]             --                        (recursive)               --                        --
│    │    └─Sequential: 3-898                 [1, 512]                  [1, 16, 8, 8]             (recursive)               (recursive)               --                        --
│    │    │    └─Linear: 4-601                [1, 512]                  [1, 1024]                 (recursive)               (recursive)               --                        525,312
│    │    │    └─Rearrange: 4-602             [1, 1024]                 [1, 16, 8, 8]             --                        (recursive)               --                        --
│    │    └─Sequential: 3-899                 [1, 512]                  [1, 16, 8, 8]             (recursive)               (recursive)               --                        --
│    │    │    └─Linear: 4-603                [1, 512]                  [1, 1024]                 (recursive)               (recursive)               --                        525,312
│    │    │    └─Rearrange: 4-604             [1, 1024]                 [1, 16, 8, 8]             --                        (recursive)               --                        --
│    │    └─Sequential: 3-900                 [1, 512]                  [1, 16, 8, 8]             (recursive)               (recursive)               --                        --
│    │    │    └─Linear: 4-605                [1, 512]                  [1, 1024]                 (recursive)               (recursive)               --                        525,312
│    │    │    └─Rearrange: 4-606             [1, 1024]                 [1, 16, 8, 8]             --                        (recursive)               --                        --
│    │    └─Sequential: 3-901                 [1, 512]                  [1, 16, 8, 8]             (recursive)               (recursive)               --                        --
│    │    │    └─Linear: 4-607                [1, 512]                  [1, 1024]                 (recursive)               (recursive)               --                        525,312
│    │    │    └─Rearrange: 4-608             [1, 1024]                 [1, 16, 8, 8]             --                        (recursive)               --                        --
│    │    └─Sequential: 3-902                 [1, 512]                  [1, 16, 8, 8]             (recursive)               (recursive)               --                        --
│    │    │    └─Linear: 4-609                [1, 512]                  [1, 1024]                 (recursive)               (recursive)               --                        525,312
│    │    │    └─Rearrange: 4-610             [1, 1024]                 [1, 16, 8, 8]             --                        (recursive)               --                        --
│    │    └─Sequential: 3-903                 [1, 512]                  [1, 16, 8, 8]             (recursive)               (recursive)               --                        --
│    │    │    └─Linear: 4-611                [1, 512]                  [1, 1024]                 (recursive)               (recursive)               --                        525,312
│    │    │    └─Rearrange: 4-612             [1, 1024]                 [1, 16, 8, 8]             --                        (recursive)               --                        --
│    │    └─Sequential: 3-904                 [1, 512]                  [1, 16, 8, 8]             (recursive)               (recursive)               --                        --
│    │    │    └─Linear: 4-613                [1, 512]                  [1, 1024]                 (recursive)               (recursive)               --                        525,312
│    │    │    └─Rearrange: 4-614             [1, 1024]                 [1, 16, 8, 8]             --                        (recursive)               --                        --
│    │    └─Sequential: 3-905                 [1, 512]                  [1, 16, 8, 8]             (recursive)               (recursive)               --                        --
│    │    │    └─Linear: 4-615                [1, 512]                  [1, 1024]                 (recursive)               (recursive)               --                        525,312
│    │    │    └─Rearrange: 4-616             [1, 1024]                 [1, 16, 8, 8]             --                        (recursive)               --                        --
│    │    └─Sequential: 3-906                 [1, 512]                  [1, 16, 8, 8]             (recursive)               (recursive)               --                        --
│    │    │    └─Linear: 4-617                [1, 512]                  [1, 1024]                 (recursive)               (recursive)               --                        525,312
│    │    │    └─Rearrange: 4-618             [1, 1024]                 [1, 16, 8, 8]             --                        (recursive)               --                        --
│    │    └─Sequential: 3-907                 [1, 512]                  [1, 16, 8, 8]             (recursive)               (recursive)               --                        --
│    │    │    └─Linear: 4-619                [1, 512]                  [1, 1024]                 (recursive)               (recursive)               --                        525,312
│    │    │    └─Rearrange: 4-620             [1, 1024]                 [1, 16, 8, 8]             --                        (recursive)               --                        --
│    │    └─Sequential: 3-908                 [1, 512]                  [1, 16, 8, 8]             (recursive)               (recursive)               --                        --
│    │    │    └─Linear: 4-621                [1, 512]                  [1, 1024]                 (recursive)               (recursive)               --                        525,312
│    │    │    └─Rearrange: 4-622             [1, 1024]                 [1, 16, 8, 8]             --                        (recursive)               --                        --
│    │    └─Sequential: 3-909                 [1, 512]                  [1, 16, 8, 8]             (recursive)               (recursive)               --                        --
│    │    │    └─Linear: 4-623                [1, 512]                  [1, 1024]                 (recursive)               (recursive)               --                        525,312
│    │    │    └─Rearrange: 4-624             [1, 1024]                 [1, 16, 8, 8]             --                        (recursive)               --                        --
│    │    └─Sequential: 3-910                 [1, 512]                  [1, 16, 8, 8]             (recursive)               (recursive)               --                        --
│    │    │    └─Linear: 4-625                [1, 512]                  [1, 1024]                 (recursive)               (recursive)               --                        525,312
│    │    │    └─Rearrange: 4-626             [1, 1024]                 [1, 16, 8, 8]             --                        (recursive)               --                        --
│    │    └─Sequential: 3-911                 [1, 512]                  [1, 16, 8, 8]             (recursive)               (recursive)               --                        --
│    │    │    └─Linear: 4-627                [1, 512]                  [1, 1024]                 (recursive)               (recursive)               --                        525,312
│    │    │    └─Rearrange: 4-628             [1, 1024]                 [1, 16, 8, 8]             --                        (recursive)               --                        --
│    │    └─Sequential: 3-912                 [1, 512]                  [1, 16, 8, 8]             (recursive)               (recursive)               --                        --
│    │    │    └─Linear: 4-629                [1, 512]                  [1, 1024]                 (recursive)               (recursive)               --                        525,312
│    │    │    └─Rearrange: 4-630             [1, 1024]                 [1, 16, 8, 8]             --                        (recursive)               --                        --
│    │    └─Sequential: 3-913                 [1, 512]                  [1, 16, 8, 8]             (recursive)               (recursive)               --                        --
│    │    │    └─Linear: 4-631                [1, 512]                  [1, 1024]                 (recursive)               (recursive)               --                        525,312
│    │    │    └─Rearrange: 4-632             [1, 1024]                 [1, 16, 8, 8]             --                        (recursive)               --                        --
│    │    └─Sequential: 3-914                 [1, 512]                  [1, 16, 8, 8]             (recursive)               (recursive)               --                        --
│    │    │    └─Linear: 4-633                [1, 512]                  [1, 1024]                 (recursive)               (recursive)               --                        525,312
│    │    │    └─Rearrange: 4-634             [1, 1024]                 [1, 16, 8, 8]             --                        (recursive)               --                        --
│    │    └─Sequential: 3-915                 [1, 512]                  [1, 16, 8, 8]             (recursive)               (recursive)               --                        --
│    │    │    └─Linear: 4-635                [1, 512]                  [1, 1024]                 (recursive)               (recursive)               --                        525,312
│    │    │    └─Rearrange: 4-636             [1, 1024]                 [1, 16, 8, 8]             --                        (recursive)               --                        --
│    │    └─Sequential: 3-916                 [1, 512]                  [1, 16, 8, 8]             (recursive)               (recursive)               --                        --
│    │    │    └─Linear: 4-637                [1, 512]                  [1, 1024]                 (recursive)               (recursive)               --                        525,312
│    │    │    └─Rearrange: 4-638             [1, 1024]                 [1, 16, 8, 8]             --                        (recursive)               --                        --
│    │    └─Sequential: 3-917                 [1, 512]                  [1, 16, 8, 8]             (recursive)               (recursive)               --                        --
│    │    │    └─Linear: 4-639                [1, 512]                  [1, 1024]                 (recursive)               (recursive)               --                        525,312
│    │    │    └─Rearrange: 4-640             [1, 1024]                 [1, 16, 8, 8]             --                        (recursive)               --                        --
│    │    └─Sequential: 3-918                 [1, 512]                  [1, 16, 8, 8]             (recursive)               (recursive)               --                        --
│    │    │    └─Linear: 4-641                [1, 512]                  [1, 1024]                 (recursive)               (recursive)               --                        525,312
│    │    │    └─Rearrange: 4-642             [1, 1024]                 [1, 16, 8, 8]             --                        (recursive)               --                        --
│    │    └─Sequential: 3-919                 [1, 512]                  [1, 16, 8, 8]             (recursive)               (recursive)               --                        --
│    │    │    └─Linear: 4-643                [1, 512]                  [1, 1024]                 (recursive)               (recursive)               --                        525,312
│    │    │    └─Rearrange: 4-644             [1, 1024]                 [1, 16, 8, 8]             --                        (recursive)               --                        --
│    │    └─Sequential: 3-920                 [1, 512]                  [1, 16, 8, 8]             (recursive)               (recursive)               --                        --
│    │    │    └─Linear: 4-645                [1, 512]                  [1, 1024]                 (recursive)               (recursive)               --                        525,312
│    │    │    └─Rearrange: 4-646             [1, 1024]                 [1, 16, 8, 8]             --                        (recursive)               --                        --
│    │    └─Sequential: 3-921                 [1, 512]                  [1, 16, 8, 8]             (recursive)               (recursive)               --                        --
│    │    │    └─Linear: 4-647                [1, 512]                  [1, 1024]                 (recursive)               (recursive)               --                        525,312
│    │    │    └─Rearrange: 4-648             [1, 1024]                 [1, 16, 8, 8]             --                        (recursive)               --                        --
│    │    └─Sequential: 3-922                 [1, 512]                  [1, 16, 8, 8]             (recursive)               (recursive)               --                        --
│    │    │    └─Linear: 4-649                [1, 512]                  [1, 1024]                 (recursive)               (recursive)               --                        525,312
│    │    │    └─Rearrange: 4-650             [1, 1024]                 [1, 16, 8, 8]             --                        (recursive)               --                        --
│    │    └─Sequential: 3-923                 [1, 512]                  [1, 16, 8, 8]             (recursive)               (recursive)               --                        --
│    │    │    └─Linear: 4-651                [1, 512]                  [1, 1024]                 (recursive)               (recursive)               --                        525,312
│    │    │    └─Rearrange: 4-652             [1, 1024]                 [1, 16, 8, 8]             --                        (recursive)               --                        --
│    │    └─Sequential: 3-924                 [1, 512]                  [1, 16, 8, 8]             (recursive)               (recursive)               --                        --
│    │    │    └─Linear: 4-653                [1, 512]                  [1, 1024]                 (recursive)               (recursive)               --                        525,312
│    │    │    └─Rearrange: 4-654             [1, 1024]                 [1, 16, 8, 8]             --                        (recursive)               --                        --
│    │    └─Sequential: 3-925                 [1, 512]                  [1, 16, 8, 8]             (recursive)               (recursive)               --                        --
│    │    │    └─Linear: 4-655                [1, 512]                  [1, 1024]                 (recursive)               (recursive)               --                        525,312
│    │    │    └─Rearrange: 4-656             [1, 1024]                 [1, 16, 8, 8]             --                        (recursive)               --                        --
│    │    └─Sequential: 3-926                 [1, 512]                  [1, 16, 8, 8]             (recursive)               (recursive)               --                        --
│    │    │    └─Linear: 4-657                [1, 512]                  [1, 1024]                 (recursive)               (recursive)               --                        525,312
│    │    │    └─Rearrange: 4-658             [1, 1024]                 [1, 16, 8, 8]             --                        (recursive)               --                        --
│    │    └─Sequential: 3-927                 [1, 512]                  [1, 16, 8, 8]             (recursive)               (recursive)               --                        --
│    │    │    └─Linear: 4-659                [1, 512]                  [1, 1024]                 (recursive)               (recursive)               --                        525,312
│    │    │    └─Rearrange: 4-660             [1, 1024]                 [1, 16, 8, 8]             --                        (recursive)               --                        --
│    │    └─Sequential: 3-928                 [1, 512]                  [1, 16, 8, 8]             (recursive)               (recursive)               --                        --
│    │    │    └─Linear: 4-661                [1, 512]                  [1, 1024]                 (recursive)               (recursive)               --                        525,312
│    │    │    └─Rearrange: 4-662             [1, 1024]                 [1, 16, 8, 8]             --                        (recursive)               --                        --
│    │    └─Sequential: 3-929                 [1, 512]                  [1, 16, 8, 8]             (recursive)               (recursive)               --                        --
│    │    │    └─Linear: 4-663                [1, 512]                  [1, 1024]                 (recursive)               (recursive)               --                        525,312
│    │    │    └─Rearrange: 4-664             [1, 1024]                 [1, 16, 8, 8]             --                        (recursive)               --                        --
│    │    └─Sequential: 3-930                 [1, 512]                  [1, 16, 8, 8]             (recursive)               (recursive)               --                        --
│    │    │    └─Linear: 4-665                [1, 512]                  [1, 1024]                 (recursive)               (recursive)               --                        525,312
│    │    │    └─Rearrange: 4-666             [1, 1024]                 [1, 16, 8, 8]             --                        (recursive)               --                        --
│    │    └─Sequential: 3-931                 [1, 512]                  [1, 16, 8, 8]             (recursive)               (recursive)               --                        --
│    │    │    └─Linear: 4-667                [1, 512]                  [1, 1024]                 (recursive)               (recursive)               --                        525,312
│    │    │    └─Rearrange: 4-668             [1, 1024]                 [1, 16, 8, 8]             --                        (recursive)               --                        --
│    │    └─Sequential: 3-932                 [1, 512]                  [1, 16, 8, 8]             (recursive)               (recursive)               --                        --
│    │    │    └─Linear: 4-669                [1, 512]                  [1, 1024]                 (recursive)               (recursive)               --                        525,312
│    │    │    └─Rearrange: 4-670             [1, 1024]                 [1, 16, 8, 8]             --                        (recursive)               --                        --
│    │    └─Sequential: 3-933                 [1, 512]                  [1, 16, 8, 8]             (recursive)               (recursive)               --                        --
│    │    │    └─Linear: 4-671                [1, 512]                  [1, 1024]                 (recursive)               (recursive)               --                        525,312
│    │    │    └─Rearrange: 4-672             [1, 1024]                 [1, 16, 8, 8]             --                        (recursive)               --                        --
│    │    └─Sequential: 3-934                 [1, 512]                  [1, 16, 8, 8]             (recursive)               (recursive)               --                        --
│    │    │    └─Linear: 4-673                [1, 512]                  [1, 1024]                 (recursive)               (recursive)               --                        525,312
│    │    │    └─Rearrange: 4-674             [1, 1024]                 [1, 16, 8, 8]             --                        (recursive)               --                        --
│    │    └─Sequential: 3-935                 [1, 512]                  [1, 16, 8, 8]             (recursive)               (recursive)               --                        --
│    │    │    └─Linear: 4-675                [1, 512]                  [1, 1024]                 (recursive)               (recursive)               --                        525,312
│    │    │    └─Rearrange: 4-676             [1, 1024]                 [1, 16, 8, 8]             --                        (recursive)               --                        --
│    │    └─Sequential: 3-936                 [1, 512]                  [1, 16, 8, 8]             (recursive)               (recursive)               --                        --
│    │    │    └─Linear: 4-677                [1, 512]                  [1, 1024]                 (recursive)               (recursive)               --                        525,312
│    │    │    └─Rearrange: 4-678             [1, 1024]                 [1, 16, 8, 8]             --                        (recursive)               --                        --
│    │    └─Sequential: 3-937                 [1, 512]                  [1, 16, 8, 8]             (recursive)               (recursive)               --                        --
│    │    │    └─Linear: 4-679                [1, 512]                  [1, 1024]                 (recursive)               (recursive)               --                        525,312
│    │    │    └─Rearrange: 4-680             [1, 1024]                 [1, 16, 8, 8]             --                        (recursive)               --                        --
│    │    └─Sequential: 3-938                 [1, 512]                  [1, 16, 8, 8]             (recursive)               (recursive)               --                        --
│    │    │    └─Linear: 4-681                [1, 512]                  [1, 1024]                 (recursive)               (recursive)               --                        525,312
│    │    │    └─Rearrange: 4-682             [1, 1024]                 [1, 16, 8, 8]             --                        (recursive)               --                        --
│    │    └─Sequential: 3-939                 [1, 512]                  [1, 16, 8, 8]             (recursive)               (recursive)               --                        --
│    │    │    └─Linear: 4-683                [1, 512]                  [1, 1024]                 (recursive)               (recursive)               --                        525,312
│    │    │    └─Rearrange: 4-684             [1, 1024]                 [1, 16, 8, 8]             --                        (recursive)               --                        --
│    │    └─Sequential: 3-940                 [1, 512]                  [1, 16, 8, 8]             (recursive)               (recursive)               --                        --
│    │    │    └─Linear: 4-685                [1, 512]                  [1, 1024]                 (recursive)               (recursive)               --                        525,312
│    │    │    └─Rearrange: 4-686             [1, 1024]                 [1, 16, 8, 8]             --                        (recursive)               --                        --
│    │    └─Sequential: 3-941                 [1, 512]                  [1, 16, 8, 8]             (recursive)               (recursive)               --                        --
│    │    │    └─Linear: 4-687                [1, 512]                  [1, 1024]                 (recursive)               (recursive)               --                        525,312
│    │    │    └─Rearrange: 4-688             [1, 1024]                 [1, 16, 8, 8]             --                        (recursive)               --                        --
│    │    └─Sequential: 3-942                 [1, 512]                  [1, 16, 8, 8]             (recursive)               (recursive)               --                        --
│    │    │    └─Linear: 4-689                [1, 512]                  [1, 1024]                 (recursive)               (recursive)               --                        525,312
│    │    │    └─Rearrange: 4-690             [1, 1024]                 [1, 16, 8, 8]             --                        (recursive)               --                        --
│    │    └─Sequential: 3-943                 [1, 512]                  [1, 16, 8, 8]             (recursive)               (recursive)               --                        --
│    │    │    └─Linear: 4-691                [1, 512]                  [1, 1024]                 (recursive)               (recursive)               --                        525,312
│    │    │    └─Rearrange: 4-692             [1, 1024]                 [1, 16, 8, 8]             --                        (recursive)               --                        --
│    │    └─Sequential: 3-944                 [1, 512]                  [1, 16, 8, 8]             (recursive)               (recursive)               --                        --
│    │    │    └─Linear: 4-693                [1, 512]                  [1, 1024]                 (recursive)               (recursive)               --                        525,312
│    │    │    └─Rearrange: 4-694             [1, 1024]                 [1, 16, 8, 8]             --                        (recursive)               --                        --
│    │    └─Sequential: 3-945                 [1, 512]                  [1, 16, 8, 8]             (recursive)               (recursive)               --                        --
│    │    │    └─Linear: 4-695                [1, 512]                  [1, 1024]                 (recursive)               (recursive)               --                        525,312
│    │    │    └─Rearrange: 4-696             [1, 1024]                 [1, 16, 8, 8]             --                        (recursive)               --                        --
│    │    └─Sequential: 3-946                 [1, 512]                  [1, 16, 8, 8]             (recursive)               (recursive)               --                        --
│    │    │    └─Linear: 4-697                [1, 512]                  [1, 1024]                 (recursive)               (recursive)               --                        525,312
│    │    │    └─Rearrange: 4-698             [1, 1024]                 [1, 16, 8, 8]             --                        (recursive)               --                        --
│    │    └─Sequential: 3-947                 [1, 512]                  [1, 16, 8, 8]             (recursive)               (recursive)               --                        --
│    │    │    └─Linear: 4-699                [1, 512]                  [1, 1024]                 (recursive)               (recursive)               --                        525,312
│    │    │    └─Rearrange: 4-700             [1, 1024]                 [1, 16, 8, 8]             --                        (recursive)               --                        --
│    │    └─Sequential: 3-948                 [1, 512]                  [1, 16, 8, 8]             (recursive)               (recursive)               --                        --
│    │    │    └─Linear: 4-701                [1, 512]                  [1, 1024]                 (recursive)               (recursive)               --                        525,312
│    │    │    └─Rearrange: 4-702             [1, 1024]                 [1, 16, 8, 8]             --                        (recursive)               --                        --
│    │    └─Sequential: 3-949                 [1, 512]                  [1, 16, 8, 8]             (recursive)               (recursive)               --                        --
│    │    │    └─Linear: 4-703                [1, 512]                  [1, 1024]                 (recursive)               (recursive)               --                        525,312
│    │    │    └─Rearrange: 4-704             [1, 1024]                 [1, 16, 8, 8]             --                        (recursive)               --                        --
│    │    └─Sequential: 3-950                 [1, 512]                  [1, 16, 8, 8]             (recursive)               (recursive)               --                        --
│    │    │    └─Linear: 4-705                [1, 512]                  [1, 1024]                 (recursive)               (recursive)               --                        525,312
│    │    │    └─Rearrange: 4-706             [1, 1024]                 [1, 16, 8, 8]             --                        (recursive)               --                        --
│    │    └─Sequential: 3-951                 [1, 512]                  [1, 16, 8, 8]             (recursive)               (recursive)               --                        --
│    │    │    └─Linear: 4-707                [1, 512]                  [1, 1024]                 (recursive)               (recursive)               --                        525,312
│    │    │    └─Rearrange: 4-708             [1, 1024]                 [1, 16, 8, 8]             --                        (recursive)               --                        --
│    │    └─Sequential: 3-952                 [1, 512]                  [1, 16, 8, 8]             (recursive)               (recursive)               --                        --
│    │    │    └─Linear: 4-709                [1, 512]                  [1, 1024]                 (recursive)               (recursive)               --                        525,312
│    │    │    └─Rearrange: 4-710             [1, 1024]                 [1, 16, 8, 8]             --                        (recursive)               --                        --
│    │    └─Sequential: 3-953                 [1, 512]                  [1, 16, 8, 8]             (recursive)               (recursive)               --                        --
│    │    │    └─Linear: 4-711                [1, 512]                  [1, 1024]                 (recursive)               (recursive)               --                        525,312
│    │    │    └─Rearrange: 4-712             [1, 1024]                 [1, 16, 8, 8]             --                        (recursive)               --                        --
│    │    └─Sequential: 3-954                 [1, 512]                  [1, 16, 8, 8]             (recursive)               (recursive)               --                        --
│    │    │    └─Linear: 4-713                [1, 512]                  [1, 1024]                 (recursive)               (recursive)               --                        525,312
│    │    │    └─Rearrange: 4-714             [1, 1024]                 [1, 16, 8, 8]             --                        (recursive)               --                        --
│    │    └─Sequential: 3-955                 [1, 512]                  [1, 16, 8, 8]             (recursive)               (recursive)               --                        --
│    │    │    └─Linear: 4-715                [1, 512]                  [1, 1024]                 (recursive)               (recursive)               --                        525,312
│    │    │    └─Rearrange: 4-716             [1, 1024]                 [1, 16, 8, 8]             --                        (recursive)               --                        --
│    │    └─Sequential: 3-956                 [1, 512]                  [1, 16, 8, 8]             (recursive)               (recursive)               --                        --
│    │    │    └─Linear: 4-717                [1, 512]                  [1, 1024]                 (recursive)               (recursive)               --                        525,312
│    │    │    └─Rearrange: 4-718             [1, 1024]                 [1, 16, 8, 8]             --                        (recursive)               --                        --
│    │    └─Sequential: 3-957                 [1, 512]                  [1, 16, 8, 8]             (recursive)               (recursive)               --                        --
│    │    │    └─Linear: 4-719                [1, 512]                  [1, 1024]                 (recursive)               (recursive)               --                        525,312
│    │    │    └─Rearrange: 4-720             [1, 1024]                 [1, 16, 8, 8]             --                        (recursive)               --                        --
│    │    └─Sequential: 3-958                 [1, 512]                  [1, 16, 8, 8]             (recursive)               (recursive)               --                        --
│    │    │    └─Linear: 4-721                [1, 512]                  [1, 1024]                 (recursive)               (recursive)               --                        525,312
│    │    │    └─Rearrange: 4-722             [1, 1024]                 [1, 16, 8, 8]             --                        (recursive)               --                        --
│    │    └─Sequential: 3-959                 [1, 512]                  [1, 16, 8, 8]             (recursive)               (recursive)               --                        --
│    │    │    └─Linear: 4-723                [1, 512]                  [1, 1024]                 (recursive)               (recursive)               --                        525,312
│    │    │    └─Rearrange: 4-724             [1, 1024]                 [1, 16, 8, 8]             --                        (recursive)               --                        --
│    │    └─Sequential: 3-960                 [1, 512]                  [1, 16, 8, 8]             (recursive)               (recursive)               --                        --
│    │    │    └─Linear: 4-725                [1, 512]                  [1, 1024]                 (recursive)               (recursive)               --                        525,312
│    │    │    └─Rearrange: 4-726             [1, 1024]                 [1, 16, 8, 8]             --                        (recursive)               --                        --
│    │    └─Sequential: 3-961                 [1, 512]                  [1, 16, 8, 8]             (recursive)               (recursive)               --                        --
│    │    │    └─Linear: 4-727                [1, 512]                  [1, 1024]                 (recursive)               (recursive)               --                        525,312
│    │    │    └─Rearrange: 4-728             [1, 1024]                 [1, 16, 8, 8]             --                        (recursive)               --                        --
│    │    └─Sequential: 3-962                 [1, 512]                  [1, 16, 8, 8]             (recursive)               (recursive)               --                        --
│    │    │    └─Linear: 4-729                [1, 512]                  [1, 1024]                 (recursive)               (recursive)               --                        525,312
│    │    │    └─Rearrange: 4-730             [1, 1024]                 [1, 16, 8, 8]             --                        (recursive)               --                        --
│    │    └─Sequential: 3-963                 [1, 512]                  [1, 16, 8, 8]             (recursive)               (recursive)               --                        --
│    │    │    └─Linear: 4-731                [1, 512]                  [1, 1024]                 (recursive)               (recursive)               --                        525,312
│    │    │    └─Rearrange: 4-732             [1, 1024]                 [1, 16, 8, 8]             --                        (recursive)               --                        --
│    │    └─Sequential: 3-964                 [1, 512]                  [1, 16, 8, 8]             (recursive)               (recursive)               --                        --
│    │    │    └─Linear: 4-733                [1, 512]                  [1, 1024]                 (recursive)               (recursive)               --                        525,312
│    │    │    └─Rearrange: 4-734             [1, 1024]                 [1, 16, 8, 8]             --                        (recursive)               --                        --
│    │    └─Sequential: 3-965                 [1, 512]                  [1, 16, 8, 8]             (recursive)               (recursive)               --                        --
│    │    │    └─Linear: 4-735                [1, 512]                  [1, 1024]                 (recursive)               (recursive)               --                        525,312
│    │    │    └─Rearrange: 4-736             [1, 1024]                 [1, 16, 8, 8]             --                        (recursive)               --                        --
│    │    └─Sequential: 3-966                 [1, 512]                  [1, 16, 8, 8]             (recursive)               (recursive)               --                        --
│    │    │    └─Linear: 4-737                [1, 512]                  [1, 1024]                 (recursive)               (recursive)               --                        525,312
│    │    │    └─Rearrange: 4-738             [1, 1024]                 [1, 16, 8, 8]             --                        (recursive)               --                        --
│    │    └─Sequential: 3-967                 [1, 512]                  [1, 16, 8, 8]             (recursive)               (recursive)               --                        --
│    │    │    └─Linear: 4-739                [1, 512]                  [1, 1024]                 (recursive)               (recursive)               --                        525,312
│    │    │    └─Rearrange: 4-740             [1, 1024]                 [1, 16, 8, 8]             --                        (recursive)               --                        --
│    │    └─Sequential: 3-968                 [1, 512]                  [1, 16, 8, 8]             (recursive)               (recursive)               --                        --
│    │    │    └─Linear: 4-741                [1, 512]                  [1, 1024]                 (recursive)               (recursive)               --                        525,312
│    │    │    └─Rearrange: 4-742             [1, 1024]                 [1, 16, 8, 8]             --                        (recursive)               --                        --
│    └─Conv2d: 2-27                           [1, 16, 256, 256]         [1, 3, 256, 256]          435                         0.00%                   [3, 3]                    28,508,160
===================================================================================================================================================================================================
Total params: 214,053,731
Trainable params: 214,053,731
Non-trainable params: 0
Total mult-adds (G): 26.37
===================================================================================================================================================================================================
Input size (MB): 0.79
Forward/backward pass size (MB): 404.40
Params size (MB): 748.71
Estimated Total Size (MB): 1153.90
===================================================================================================================================================================================================
self.loss_weight_lpips, self.loss_weight_convnext: 1.0, 0.1
[12/01 00:13:24 Tokenizer]: Creating optimizers.
[12/01 00:13:24 Tokenizer]: Creating lr_schedulers.
self.train_transform: Compose(
    Resize(size=256, interpolation=bicubic, max_size=None, antialias=True)
    RandomCrop(size=(256, 256), padding=None)
    RandomHorizontalFlip(p=0.5)
    ToTensor()
    Normalize(mean=[0.0, 0.0, 0.0], std=[1.0, 1.0, 1.0])
)
self.eval_transform: Compose(
    Resize(size=256, interpolation=bilinear, max_size=None, antialias=True)
    CenterCrop(size=(256, 256))
    ToTensor()
    Normalize(mean=[0.0, 0.0, 0.0], std=[1.0, 1.0, 1.0])
)
[12/01 00:13:24 Tokenizer]: Creating evaluator.
[12/01 00:13:24 Tokenizer]: Preparing model, optimizer and dataloaders
SH-IDCA1404-10-140-54-36:60111:60111 [0] NCCL INFO NCCL_SOCKET_IFNAME set by environment to bond0
SH-IDCA1404-10-140-54-36:60111:60111 [0] NCCL INFO Bootstrap : Using bond0:10.140.54.36<0>
SH-IDCA1404-10-140-54-36:60111:60111 [0] NCCL INFO NET/Plugin: No plugin found (libnccl-net.so)
SH-IDCA1404-10-140-54-36:60111:60111 [0] NCCL INFO NET/Plugin: Plugin load returned 2 : libnccl-net.so: cannot open shared object file: No such file or directory : when loading libnccl-net.so
SH-IDCA1404-10-140-54-36:60111:60111 [0] NCCL INFO NET/Plugin: Using internal network plugin.
SH-IDCA1404-10-140-54-36:60111:60111 [0] NCCL INFO cudaDriverVersion 12000
NCCL version 2.21.5+cuda11.0
SH-IDCA1404-10-140-54-36:60114:60114 [3] NCCL INFO cudaDriverVersion 12000
SH-IDCA1404-10-140-54-36:60117:60117 [6] NCCL INFO cudaDriverVersion 12000
SH-IDCA1404-10-140-54-36:60114:60114 [3] NCCL INFO NCCL_SOCKET_IFNAME set by environment to bond0
SH-IDCA1404-10-140-54-36:60117:60117 [6] NCCL INFO NCCL_SOCKET_IFNAME set by environment to bond0
SH-IDCA1404-10-140-54-36:60113:60113 [2] NCCL INFO cudaDriverVersion 12000
SH-IDCA1404-10-140-54-36:60113:60113 [2] NCCL INFO NCCL_SOCKET_IFNAME set by environment to bond0
SH-IDCA1404-10-140-54-36:60115:60115 [4] NCCL INFO cudaDriverVersion 12000
SH-IDCA1404-10-140-54-36:60117:60117 [6] NCCL INFO Bootstrap : Using bond0:10.140.54.36<0>
SH-IDCA1404-10-140-54-36:60115:60115 [4] NCCL INFO NCCL_SOCKET_IFNAME set by environment to bond0
SH-IDCA1404-10-140-54-36:60114:60114 [3] NCCL INFO Bootstrap : Using bond0:10.140.54.36<0>
SH-IDCA1404-10-140-54-36:60113:60113 [2] NCCL INFO Bootstrap : Using bond0:10.140.54.36<0>
SH-IDCA1404-10-140-54-36:60115:60115 [4] NCCL INFO Bootstrap : Using bond0:10.140.54.36<0>
SH-IDCA1404-10-140-54-36:60118:60118 [7] NCCL INFO cudaDriverVersion 12000
SH-IDCA1404-10-140-54-36:60112:60112 [1] NCCL INFO cudaDriverVersion 12000
SH-IDCA1404-10-140-54-36:60116:60116 [5] NCCL INFO cudaDriverVersion 12000
SH-IDCA1404-10-140-54-36:60118:60118 [7] NCCL INFO NCCL_SOCKET_IFNAME set by environment to bond0
SH-IDCA1404-10-140-54-36:60112:60112 [1] NCCL INFO NCCL_SOCKET_IFNAME set by environment to bond0
SH-IDCA1404-10-140-54-36:60116:60116 [5] NCCL INFO NCCL_SOCKET_IFNAME set by environment to bond0
SH-IDCA1404-10-140-54-36:60118:60118 [7] NCCL INFO Bootstrap : Using bond0:10.140.54.36<0>
SH-IDCA1404-10-140-54-36:60112:60112 [1] NCCL INFO Bootstrap : Using bond0:10.140.54.36<0>
SH-IDCA1404-10-140-54-36:60116:60116 [5] NCCL INFO Bootstrap : Using bond0:10.140.54.36<0>
SH-IDCA1404-10-140-54-36:60117:60117 [6] NCCL INFO NET/Plugin: No plugin found (libnccl-net.so)
SH-IDCA1404-10-140-54-36:60117:60117 [6] NCCL INFO NET/Plugin: Plugin load returned 2 : libnccl-net.so: cannot open shared object file: No such file or directory : when loading libnccl-net.so
SH-IDCA1404-10-140-54-36:60117:60117 [6] NCCL INFO NET/Plugin: Using internal network plugin.
SH-IDCA1404-10-140-54-36:60115:60115 [4] NCCL INFO NET/Plugin: No plugin found (libnccl-net.so)
SH-IDCA1404-10-140-54-36:60115:60115 [4] NCCL INFO NET/Plugin: Plugin load returned 2 : libnccl-net.so: cannot open shared object file: No such file or directory : when loading libnccl-net.so
SH-IDCA1404-10-140-54-36:60115:60115 [4] NCCL INFO NET/Plugin: Using internal network plugin.
SH-IDCA1404-10-140-54-36:60113:60113 [2] NCCL INFO NET/Plugin: No plugin found (libnccl-net.so)
SH-IDCA1404-10-140-54-36:60113:60113 [2] NCCL INFO NET/Plugin: Plugin load returned 2 : libnccl-net.so: cannot open shared object file: No such file or directory : when loading libnccl-net.so
SH-IDCA1404-10-140-54-36:60113:60113 [2] NCCL INFO NET/Plugin: Using internal network plugin.
SH-IDCA1404-10-140-54-36:60114:60114 [3] NCCL INFO NET/Plugin: No plugin found (libnccl-net.so)
SH-IDCA1404-10-140-54-36:60114:60114 [3] NCCL INFO NET/Plugin: Plugin load returned 2 : libnccl-net.so: cannot open shared object file: No such file or directory : when loading libnccl-net.so
SH-IDCA1404-10-140-54-36:60114:60114 [3] NCCL INFO NET/Plugin: Using internal network plugin.
SH-IDCA1404-10-140-54-36:60116:60116 [5] NCCL INFO NET/Plugin: No plugin found (libnccl-net.so)
SH-IDCA1404-10-140-54-36:60116:60116 [5] NCCL INFO NET/Plugin: Plugin load returned 2 : libnccl-net.so: cannot open shared object file: No such file or directory : when loading libnccl-net.so
SH-IDCA1404-10-140-54-36:60116:60116 [5] NCCL INFO NET/Plugin: Using internal network plugin.
SH-IDCA1404-10-140-54-36:60118:60118 [7] NCCL INFO NET/Plugin: No plugin found (libnccl-net.so)
SH-IDCA1404-10-140-54-36:60118:60118 [7] NCCL INFO NET/Plugin: Plugin load returned 2 : libnccl-net.so: cannot open shared object file: No such file or directory : when loading libnccl-net.so
SH-IDCA1404-10-140-54-36:60118:60118 [7] NCCL INFO NET/Plugin: Using internal network plugin.
SH-IDCA1404-10-140-54-36:60112:60112 [1] NCCL INFO NET/Plugin: No plugin found (libnccl-net.so)
SH-IDCA1404-10-140-54-36:60112:60112 [1] NCCL INFO NET/Plugin: Plugin load returned 2 : libnccl-net.so: cannot open shared object file: No such file or directory : when loading libnccl-net.so
SH-IDCA1404-10-140-54-36:60112:60112 [1] NCCL INFO NET/Plugin: Using internal network plugin.
SH-IDCA1404-10-140-54-42:69417:69417 [7] NCCL INFO cudaDriverVersion 12000
SH-IDCA1404-10-140-54-42:69412:69412 [3] NCCL INFO cudaDriverVersion 12000
SH-IDCA1404-10-140-54-42:69412:69412 [3] NCCL INFO NCCL_SOCKET_IFNAME set by environment to bond0
SH-IDCA1404-10-140-54-42:69417:69417 [7] NCCL INFO NCCL_SOCKET_IFNAME set by environment to bond0
SH-IDCA1404-10-140-54-42:69410:69410 [1] NCCL INFO cudaDriverVersion 12000
SH-IDCA1404-10-140-54-42:69410:69410 [1] NCCL INFO NCCL_SOCKET_IFNAME set by environment to bond0
SH-IDCA1404-10-140-54-42:69416:69416 [6] NCCL INFO cudaDriverVersion 12000
SH-IDCA1404-10-140-54-42:69416:69416 [6] NCCL INFO NCCL_SOCKET_IFNAME set by environment to bond0
SH-IDCA1404-10-140-54-42:69409:69409 [0] NCCL INFO cudaDriverVersion 12000
SH-IDCA1404-10-140-54-42:69415:69415 [5] NCCL INFO cudaDriverVersion 12000
SH-IDCA1404-10-140-54-42:69409:69409 [0] NCCL INFO NCCL_SOCKET_IFNAME set by environment to bond0
SH-IDCA1404-10-140-54-42:69415:69415 [5] NCCL INFO NCCL_SOCKET_IFNAME set by environment to bond0
SH-IDCA1404-10-140-54-42:69414:69414 [4] NCCL INFO cudaDriverVersion 12000
SH-IDCA1404-10-140-54-42:69414:69414 [4] NCCL INFO NCCL_SOCKET_IFNAME set by environment to bond0
SH-IDCA1404-10-140-54-42:69412:69412 [3] NCCL INFO Bootstrap : Using bond0:10.140.54.42<0>
SH-IDCA1404-10-140-54-42:69417:69417 [7] NCCL INFO Bootstrap : Using bond0:10.140.54.42<0>
SH-IDCA1404-10-140-54-42:69411:69411 [2] NCCL INFO cudaDriverVersion 12000
SH-IDCA1404-10-140-54-42:69410:69410 [1] NCCL INFO Bootstrap : Using bond0:10.140.54.42<0>
SH-IDCA1404-10-140-54-42:69409:69409 [0] NCCL INFO Bootstrap : Using bond0:10.140.54.42<0>
SH-IDCA1404-10-140-54-42:69414:69414 [4] NCCL INFO Bootstrap : Using bond0:10.140.54.42<0>
SH-IDCA1404-10-140-54-42:69415:69415 [5] NCCL INFO Bootstrap : Using bond0:10.140.54.42<0>
SH-IDCA1404-10-140-54-42:69416:69416 [6] NCCL INFO Bootstrap : Using bond0:10.140.54.42<0>
SH-IDCA1404-10-140-54-42:69411:69411 [2] NCCL INFO NCCL_SOCKET_IFNAME set by environment to bond0
SH-IDCA1404-10-140-54-42:69411:69411 [2] NCCL INFO Bootstrap : Using bond0:10.140.54.42<0>
SH-IDCA1404-10-140-54-42:69415:69415 [5] NCCL INFO NET/Plugin: No plugin found (libnccl-net.so)
SH-IDCA1404-10-140-54-42:69415:69415 [5] NCCL INFO NET/Plugin: Plugin load returned 2 : libnccl-net.so: cannot open shared object file: No such file or directory : when loading libnccl-net.so
SH-IDCA1404-10-140-54-42:69415:69415 [5] NCCL INFO NET/Plugin: Using internal network plugin.
SH-IDCA1404-10-140-54-42:69410:69410 [1] NCCL INFO NET/Plugin: No plugin found (libnccl-net.so)
SH-IDCA1404-10-140-54-42:69410:69410 [1] NCCL INFO NET/Plugin: Plugin load returned 2 : libnccl-net.so: cannot open shared object file: No such file or directory : when loading libnccl-net.so
SH-IDCA1404-10-140-54-42:69410:69410 [1] NCCL INFO NET/Plugin: Using internal network plugin.
SH-IDCA1404-10-140-54-42:69411:69411 [2] NCCL INFO NET/Plugin: No plugin found (libnccl-net.so)
SH-IDCA1404-10-140-54-42:69411:69411 [2] NCCL INFO NET/Plugin: Plugin load returned 2 : libnccl-net.so: cannot open shared object file: No such file or directory : when loading libnccl-net.so
SH-IDCA1404-10-140-54-42:69411:69411 [2] NCCL INFO NET/Plugin: Using internal network plugin.
SH-IDCA1404-10-140-54-42:69409:69409 [0] NCCL INFO NET/Plugin: No plugin found (libnccl-net.so)
SH-IDCA1404-10-140-54-42:69409:69409 [0] NCCL INFO NET/Plugin: Plugin load returned 2 : libnccl-net.so: cannot open shared object file: No such file or directory : when loading libnccl-net.so
SH-IDCA1404-10-140-54-42:69409:69409 [0] NCCL INFO NET/Plugin: Using internal network plugin.
SH-IDCA1404-10-140-54-42:69417:69417 [7] NCCL INFO NET/Plugin: No plugin found (libnccl-net.so)
SH-IDCA1404-10-140-54-42:69417:69417 [7] NCCL INFO NET/Plugin: Plugin load returned 2 : libnccl-net.so: cannot open shared object file: No such file or directory : when loading libnccl-net.so
SH-IDCA1404-10-140-54-42:69417:69417 [7] NCCL INFO NET/Plugin: Using internal network plugin.
SH-IDCA1404-10-140-54-42:69416:69416 [6] NCCL INFO NET/Plugin: No plugin found (libnccl-net.so)
SH-IDCA1404-10-140-54-42:69416:69416 [6] NCCL INFO NET/Plugin: Plugin load returned 2 : libnccl-net.so: cannot open shared object file: No such file or directory : when loading libnccl-net.so
SH-IDCA1404-10-140-54-42:69416:69416 [6] NCCL INFO NET/Plugin: Using internal network plugin.
SH-IDCA1404-10-140-54-42:69412:69412 [3] NCCL INFO NET/Plugin: No plugin found (libnccl-net.so)
SH-IDCA1404-10-140-54-42:69412:69412 [3] NCCL INFO NET/Plugin: Plugin load returned 2 : libnccl-net.so: cannot open shared object file: No such file or directory : when loading libnccl-net.so
SH-IDCA1404-10-140-54-42:69412:69412 [3] NCCL INFO NET/Plugin: Using internal network plugin.
SH-IDCA1404-10-140-54-42:69414:69414 [4] NCCL INFO NET/Plugin: No plugin found (libnccl-net.so)
SH-IDCA1404-10-140-54-42:69414:69414 [4] NCCL INFO NET/Plugin: Plugin load returned 2 : libnccl-net.so: cannot open shared object file: No such file or directory : when loading libnccl-net.so
SH-IDCA1404-10-140-54-42:69414:69414 [4] NCCL INFO NET/Plugin: Using internal network plugin.
SH-IDCA1404-10-140-54-36:60111:60111 [0] NCCL INFO Comm config Blocking set to 1
SH-IDCA1404-10-140-54-36:60117:60117 [6] NCCL INFO Comm config Blocking set to 1
SH-IDCA1404-10-140-54-36:60115:60115 [4] NCCL INFO Comm config Blocking set to 1
SH-IDCA1404-10-140-54-36:60114:60114 [3] NCCL INFO Comm config Blocking set to 1
SH-IDCA1404-10-140-54-36:60113:60113 [2] NCCL INFO Comm config Blocking set to 1
SH-IDCA1404-10-140-54-36:60112:60112 [1] NCCL INFO Comm config Blocking set to 1
SH-IDCA1404-10-140-54-36:60116:60116 [5] NCCL INFO Comm config Blocking set to 1
SH-IDCA1404-10-140-54-36:60111:63806 [0] NCCL INFO NCCL_SOCKET_IFNAME set by environment to bond0
SH-IDCA1404-10-140-54-36:60111:63806 [0] NCCL INFO NCCL_IB_HCA set to mlx5_0,mlx5_2
SH-IDCA1404-10-140-54-36:60117:63807 [6] NCCL INFO NCCL_SOCKET_IFNAME set by environment to bond0
SH-IDCA1404-10-140-54-36:60115:63808 [4] NCCL INFO NCCL_SOCKET_IFNAME set by environment to bond0
SH-IDCA1404-10-140-54-36:60117:63807 [6] NCCL INFO NCCL_IB_HCA set to mlx5_0,mlx5_2
SH-IDCA1404-10-140-54-36:60115:63808 [4] NCCL INFO NCCL_IB_HCA set to mlx5_0,mlx5_2
SH-IDCA1404-10-140-54-36:60114:63809 [3] NCCL INFO NCCL_SOCKET_IFNAME set by environment to bond0
SH-IDCA1404-10-140-54-36:60112:63811 [1] NCCL INFO NCCL_SOCKET_IFNAME set by environment to bond0
SH-IDCA1404-10-140-54-36:60114:63809 [3] NCCL INFO NCCL_IB_HCA set to mlx5_0,mlx5_2
SH-IDCA1404-10-140-54-36:60112:63811 [1] NCCL INFO NCCL_IB_HCA set to mlx5_0,mlx5_2
SH-IDCA1404-10-140-54-36:60113:63810 [2] NCCL INFO NCCL_SOCKET_IFNAME set by environment to bond0
SH-IDCA1404-10-140-54-36:60113:63810 [2] NCCL INFO NCCL_IB_HCA set to mlx5_0,mlx5_2
SH-IDCA1404-10-140-54-36:60116:63813 [5] NCCL INFO NCCL_SOCKET_IFNAME set by environment to bond0
SH-IDCA1404-10-140-54-36:60116:63813 [5] NCCL INFO NCCL_IB_HCA set to mlx5_0,mlx5_2
SH-IDCA1404-10-140-54-36:60111:63806 [0] NCCL INFO NET/IB : Using [0]mlx5_2:1/IB [RO]; OOB bond0:10.140.54.36<0>
SH-IDCA1404-10-140-54-36:60111:63806 [0] NCCL INFO Using non-device net plugin version 0
SH-IDCA1404-10-140-54-36:60111:63806 [0] NCCL INFO Using network IB
SH-IDCA1404-10-140-54-36:60117:63807 [6] NCCL INFO NET/IB : Using [0]mlx5_2:1/IB [RO]; OOB bond0:10.140.54.36<0>
SH-IDCA1404-10-140-54-36:60117:63807 [6] NCCL INFO Using non-device net plugin version 0
SH-IDCA1404-10-140-54-36:60117:63807 [6] NCCL INFO Using network IB
SH-IDCA1404-10-140-54-36:60115:63808 [4] NCCL INFO NET/IB : Using [0]mlx5_2:1/IB [RO]; OOB bond0:10.140.54.36<0>
SH-IDCA1404-10-140-54-36:60115:63808 [4] NCCL INFO Using non-device net plugin version 0
SH-IDCA1404-10-140-54-36:60115:63808 [4] NCCL INFO Using network IB
SH-IDCA1404-10-140-54-36:60112:63811 [1] NCCL INFO NET/IB : Using [0]mlx5_2:1/IB [RO]; OOB bond0:10.140.54.36<0>
SH-IDCA1404-10-140-54-36:60114:63809 [3] NCCL INFO NET/IB : Using [0]mlx5_2:1/IB [RO]; OOB bond0:10.140.54.36<0>
SH-IDCA1404-10-140-54-36:60112:63811 [1] NCCL INFO Using non-device net plugin version 0
SH-IDCA1404-10-140-54-36:60112:63811 [1] NCCL INFO Using network IB
SH-IDCA1404-10-140-54-36:60114:63809 [3] NCCL INFO Using non-device net plugin version 0
SH-IDCA1404-10-140-54-36:60114:63809 [3] NCCL INFO Using network IB
SH-IDCA1404-10-140-54-36:60113:63810 [2] NCCL INFO NET/IB : Using [0]mlx5_2:1/IB [RO]; OOB bond0:10.140.54.36<0>
SH-IDCA1404-10-140-54-36:60113:63810 [2] NCCL INFO Using non-device net plugin version 0
SH-IDCA1404-10-140-54-36:60113:63810 [2] NCCL INFO Using network IB
SH-IDCA1404-10-140-54-36:60116:63813 [5] NCCL INFO NET/IB : Using [0]mlx5_2:1/IB [RO]; OOB bond0:10.140.54.36<0>
SH-IDCA1404-10-140-54-36:60116:63813 [5] NCCL INFO Using non-device net plugin version 0
SH-IDCA1404-10-140-54-36:60116:63813 [5] NCCL INFO Using network IB
SH-IDCA1404-10-140-54-36:60118:60118 [7] NCCL INFO Comm config Blocking set to 1
SH-IDCA1404-10-140-54-36:60118:63823 [7] NCCL INFO NCCL_SOCKET_IFNAME set by environment to bond0
SH-IDCA1404-10-140-54-36:60118:63823 [7] NCCL INFO NCCL_IB_HCA set to mlx5_0,mlx5_2
SH-IDCA1404-10-140-54-36:60118:63823 [7] NCCL INFO NET/IB : Using [0]mlx5_2:1/IB [RO]; OOB bond0:10.140.54.36<0>
SH-IDCA1404-10-140-54-36:60118:63823 [7] NCCL INFO Using non-device net plugin version 0
SH-IDCA1404-10-140-54-36:60118:63823 [7] NCCL INFO Using network IB
SH-IDCA1404-10-140-54-42:69411:69411 [2] NCCL INFO Comm config Blocking set to 1
SH-IDCA1404-10-140-54-42:69416:69416 [6] NCCL INFO Comm config Blocking set to 1
SH-IDCA1404-10-140-54-42:69414:69414 [4] NCCL INFO Comm config Blocking set to 1
SH-IDCA1404-10-140-54-42:69415:69415 [5] NCCL INFO Comm config Blocking set to 1
SH-IDCA1404-10-140-54-42:69412:69412 [3] NCCL INFO Comm config Blocking set to 1
SH-IDCA1404-10-140-54-42:69410:69410 [1] NCCL INFO Comm config Blocking set to 1
SH-IDCA1404-10-140-54-42:69415:70383 [5] NCCL INFO NCCL_SOCKET_IFNAME set by environment to bond0
SH-IDCA1404-10-140-54-42:69414:70382 [4] NCCL INFO NCCL_SOCKET_IFNAME set by environment to bond0
SH-IDCA1404-10-140-54-42:69416:70381 [6] NCCL INFO NCCL_SOCKET_IFNAME set by environment to bond0
SH-IDCA1404-10-140-54-42:69410:70385 [1] NCCL INFO NCCL_SOCKET_IFNAME set by environment to bond0
SH-IDCA1404-10-140-54-42:69412:70384 [3] NCCL INFO NCCL_SOCKET_IFNAME set by environment to bond0
SH-IDCA1404-10-140-54-42:69411:70380 [2] NCCL INFO NCCL_SOCKET_IFNAME set by environment to bond0
SH-IDCA1404-10-140-54-42:69414:70382 [4] NCCL INFO NCCL_IB_HCA set to mlx5_0,mlx5_2
SH-IDCA1404-10-140-54-42:69415:70383 [5] NCCL INFO NCCL_IB_HCA set to mlx5_0,mlx5_2
SH-IDCA1404-10-140-54-42:69416:70381 [6] NCCL INFO NCCL_IB_HCA set to mlx5_0,mlx5_2
SH-IDCA1404-10-140-54-42:69410:70385 [1] NCCL INFO NCCL_IB_HCA set to mlx5_0,mlx5_2
SH-IDCA1404-10-140-54-42:69412:70384 [3] NCCL INFO NCCL_IB_HCA set to mlx5_0,mlx5_2
SH-IDCA1404-10-140-54-42:69411:70380 [2] NCCL INFO NCCL_IB_HCA set to mlx5_0,mlx5_2
SH-IDCA1404-10-140-54-42:69414:70382 [4] NCCL INFO NET/IB : Using [0]mlx5_2:1/IB [RO]; OOB bond0:10.140.54.42<0>
SH-IDCA1404-10-140-54-42:69414:70382 [4] NCCL INFO Using non-device net plugin version 0
SH-IDCA1404-10-140-54-42:69414:70382 [4] NCCL INFO Using network IB
SH-IDCA1404-10-140-54-42:69415:70383 [5] NCCL INFO NET/IB : Using [0]mlx5_2:1/IB [RO]; OOB bond0:10.140.54.42<0>
SH-IDCA1404-10-140-54-42:69416:70381 [6] NCCL INFO NET/IB : Using [0]mlx5_2:1/IB [RO]; OOB bond0:10.140.54.42<0>
SH-IDCA1404-10-140-54-42:69412:70384 [3] NCCL INFO NET/IB : Using [0]mlx5_2:1/IB [RO]; OOB bond0:10.140.54.42<0>
SH-IDCA1404-10-140-54-42:69415:70383 [5] NCCL INFO Using non-device net plugin version 0
SH-IDCA1404-10-140-54-42:69415:70383 [5] NCCL INFO Using network IB
SH-IDCA1404-10-140-54-42:69416:70381 [6] NCCL INFO Using non-device net plugin version 0
SH-IDCA1404-10-140-54-42:69416:70381 [6] NCCL INFO Using network IB
SH-IDCA1404-10-140-54-42:69412:70384 [3] NCCL INFO Using non-device net plugin version 0
SH-IDCA1404-10-140-54-42:69412:70384 [3] NCCL INFO Using network IB
SH-IDCA1404-10-140-54-42:69410:70385 [1] NCCL INFO NET/IB : Using [0]mlx5_2:1/IB [RO]; OOB bond0:10.140.54.42<0>
SH-IDCA1404-10-140-54-42:69411:70380 [2] NCCL INFO NET/IB : Using [0]mlx5_2:1/IB [RO]; OOB bond0:10.140.54.42<0>
SH-IDCA1404-10-140-54-42:69410:70385 [1] NCCL INFO Using non-device net plugin version 0
SH-IDCA1404-10-140-54-42:69410:70385 [1] NCCL INFO Using network IB
SH-IDCA1404-10-140-54-42:69411:70380 [2] NCCL INFO Using non-device net plugin version 0
SH-IDCA1404-10-140-54-42:69411:70380 [2] NCCL INFO Using network IB
SH-IDCA1404-10-140-54-42:69417:69417 [7] NCCL INFO Comm config Blocking set to 1
SH-IDCA1404-10-140-54-42:69409:69409 [0] NCCL INFO Comm config Blocking set to 1
SH-IDCA1404-10-140-54-42:69417:70392 [7] NCCL INFO NCCL_SOCKET_IFNAME set by environment to bond0
SH-IDCA1404-10-140-54-42:69409:70393 [0] NCCL INFO NCCL_SOCKET_IFNAME set by environment to bond0
SH-IDCA1404-10-140-54-42:69417:70392 [7] NCCL INFO NCCL_IB_HCA set to mlx5_0,mlx5_2
SH-IDCA1404-10-140-54-42:69409:70393 [0] NCCL INFO NCCL_IB_HCA set to mlx5_0,mlx5_2
SH-IDCA1404-10-140-54-42:69417:70392 [7] NCCL INFO NET/IB : Using [0]mlx5_2:1/IB [RO]; OOB bond0:10.140.54.42<0>
SH-IDCA1404-10-140-54-42:69417:70392 [7] NCCL INFO Using non-device net plugin version 0
SH-IDCA1404-10-140-54-42:69417:70392 [7] NCCL INFO Using network IB
SH-IDCA1404-10-140-54-42:69409:70393 [0] NCCL INFO NET/IB : Using [0]mlx5_2:1/IB [RO]; OOB bond0:10.140.54.42<0>
SH-IDCA1404-10-140-54-42:69409:70393 [0] NCCL INFO Using non-device net plugin version 0
SH-IDCA1404-10-140-54-42:69409:70393 [0] NCCL INFO Using network IB
SH-IDCA1404-10-140-54-36:60117:63807 [6] NCCL INFO ncclCommInitRank comm 0x227077c0 rank 6 nranks 16 cudaDev 6 nvmlDev 6 busId d4000 commId 0x332123aa22fe90c1 - Init START
SH-IDCA1404-10-140-54-36:60114:63809 [3] NCCL INFO ncclCommInitRank comm 0x233e8b00 rank 3 nranks 16 cudaDev 3 nvmlDev 3 busId 71000 commId 0x332123aa22fe90c1 - Init START
SH-IDCA1404-10-140-54-36:60115:63808 [4] NCCL INFO ncclCommInitRank comm 0x23348a00 rank 4 nranks 16 cudaDev 4 nvmlDev 4 busId 9d000 commId 0x332123aa22fe90c1 - Init START
SH-IDCA1404-10-140-54-36:60113:63810 [2] NCCL INFO ncclCommInitRank comm 0xddae3b0 rank 2 nranks 16 cudaDev 2 nvmlDev 2 busId 6b000 commId 0x332123aa22fe90c1 - Init START
SH-IDCA1404-10-140-54-36:60112:63811 [1] NCCL INFO ncclCommInitRank comm 0x22d4ac80 rank 1 nranks 16 cudaDev 1 nvmlDev 1 busId 56000 commId 0x332123aa22fe90c1 - Init START
SH-IDCA1404-10-140-54-42:69416:70381 [6] NCCL INFO ncclCommInitRank comm 0x297f6500 rank 14 nranks 16 cudaDev 6 nvmlDev 6 busId d4000 commId 0x332123aa22fe90c1 - Init START
SH-IDCA1404-10-140-54-42:69415:70383 [5] NCCL INFO ncclCommInitRank comm 0x21f364c0 rank 13 nranks 16 cudaDev 5 nvmlDev 5 busId a1000 commId 0x332123aa22fe90c1 - Init START
SH-IDCA1404-10-140-54-42:69414:70382 [4] NCCL INFO ncclCommInitRank comm 0x22d75540 rank 12 nranks 16 cudaDev 4 nvmlDev 4 busId 9d000 commId 0x332123aa22fe90c1 - Init START
SH-IDCA1404-10-140-54-36:60116:63813 [5] NCCL INFO ncclCommInitRank comm 0xe783650 rank 5 nranks 16 cudaDev 5 nvmlDev 5 busId a1000 commId 0x332123aa22fe90c1 - Init START
SH-IDCA1404-10-140-54-42:69412:70384 [3] NCCL INFO ncclCommInitRank comm 0x22641ac0 rank 11 nranks 16 cudaDev 3 nvmlDev 3 busId 71000 commId 0x332123aa22fe90c1 - Init START
SH-IDCA1404-10-140-54-42:69410:70385 [1] NCCL INFO ncclCommInitRank comm 0x22bde880 rank 9 nranks 16 cudaDev 1 nvmlDev 1 busId 56000 commId 0x332123aa22fe90c1 - Init START
SH-IDCA1404-10-140-54-36:60111:63806 [0] NCCL INFO ncclCommInitRank comm 0xbcd6b780 rank 0 nranks 16 cudaDev 0 nvmlDev 0 busId 51000 commId 0x332123aa22fe90c1 - Init START
SH-IDCA1404-10-140-54-36:60118:63823 [7] NCCL INFO ncclCommInitRank comm 0x23165400 rank 7 nranks 16 cudaDev 7 nvmlDev 7 busId d7000 commId 0x332123aa22fe90c1 - Init START
SH-IDCA1404-10-140-54-42:69409:70393 [0] NCCL INFO ncclCommInitRank comm 0x22186700 rank 8 nranks 16 cudaDev 0 nvmlDev 0 busId 51000 commId 0x332123aa22fe90c1 - Init START
SH-IDCA1404-10-140-54-42:69411:70380 [2] NCCL INFO ncclCommInitRank comm 0x21eb4a40 rank 10 nranks 16 cudaDev 2 nvmlDev 2 busId 6b000 commId 0x332123aa22fe90c1 - Init START
SH-IDCA1404-10-140-54-42:69417:70392 [7] NCCL INFO ncclCommInitRank comm 0x22e20140 rank 15 nranks 16 cudaDev 7 nvmlDev 7 busId d7000 commId 0x332123aa22fe90c1 - Init START
SH-IDCA1404-10-140-54-36:60118:63823 [7] NCCL INFO Setting affinity for GPU 7 to ffffffff,00000000,ffffffff,00000000
SH-IDCA1404-10-140-54-36:60114:63809 [3] NCCL INFO Setting affinity for GPU 3 to ffffffff,00000000,ffffffff
SH-IDCA1404-10-140-54-42:69409:70393 [0] NCCL INFO Setting affinity for GPU 0 to ffffffff,00000000,ffffffff
SH-IDCA1404-10-140-54-36:60112:63811 [1] NCCL INFO Setting affinity for GPU 1 to ffffffff,00000000,ffffffff
SH-IDCA1404-10-140-54-42:69410:70385 [1] NCCL INFO Setting affinity for GPU 1 to ffffffff,00000000,ffffffff
SH-IDCA1404-10-140-54-42:69414:70382 [4] NCCL INFO Setting affinity for GPU 4 to ffffffff,00000000,ffffffff,00000000
SH-IDCA1404-10-140-54-42:69415:70383 [5] NCCL INFO Setting affinity for GPU 5 to ffffffff,00000000,ffffffff,00000000
SH-IDCA1404-10-140-54-36:60115:63808 [4] NCCL INFO Setting affinity for GPU 4 to ffffffff,00000000,ffffffff,00000000
SH-IDCA1404-10-140-54-42:69416:70381 [6] NCCL INFO Setting affinity for GPU 6 to ffffffff,00000000,ffffffff,00000000
SH-IDCA1404-10-140-54-36:60111:63806 [0] NCCL INFO Setting affinity for GPU 0 to ffffffff,00000000,ffffffff
SH-IDCA1404-10-140-54-36:60113:63810 [2] NCCL INFO Setting affinity for GPU 2 to ffffffff,00000000,ffffffff
SH-IDCA1404-10-140-54-42:69417:70392 [7] NCCL INFO Setting affinity for GPU 7 to ffffffff,00000000,ffffffff,00000000
SH-IDCA1404-10-140-54-42:69412:70384 [3] NCCL INFO Setting affinity for GPU 3 to ffffffff,00000000,ffffffff
SH-IDCA1404-10-140-54-36:60116:63813 [5] NCCL INFO Setting affinity for GPU 5 to ffffffff,00000000,ffffffff,00000000
SH-IDCA1404-10-140-54-42:69411:70380 [2] NCCL INFO Setting affinity for GPU 2 to ffffffff,00000000,ffffffff
SH-IDCA1404-10-140-54-36:60117:63807 [6] NCCL INFO Setting affinity for GPU 6 to ffffffff,00000000,ffffffff,00000000
SH-IDCA1404-10-140-54-36:60117:63807 [6] NCCL INFO comm 0x227077c0 rank 6 nRanks 16 nNodes 2 localRanks 8 localRank 6 MNNVL 0
SH-IDCA1404-10-140-54-36:60116:63813 [5] NCCL INFO comm 0xe783650 rank 5 nRanks 16 nNodes 2 localRanks 8 localRank 5 MNNVL 0
SH-IDCA1404-10-140-54-36:60118:63823 [7] NCCL INFO comm 0x23165400 rank 7 nRanks 16 nNodes 2 localRanks 8 localRank 7 MNNVL 0
SH-IDCA1404-10-140-54-36:60114:63809 [3] NCCL INFO comm 0x233e8b00 rank 3 nRanks 16 nNodes 2 localRanks 8 localRank 3 MNNVL 0
SH-IDCA1404-10-140-54-36:60113:63810 [2] NCCL INFO comm 0xddae3b0 rank 2 nRanks 16 nNodes 2 localRanks 8 localRank 2 MNNVL 0
SH-IDCA1404-10-140-54-36:60115:63808 [4] NCCL INFO comm 0x23348a00 rank 4 nRanks 16 nNodes 2 localRanks 8 localRank 4 MNNVL 0
SH-IDCA1404-10-140-54-42:69417:70392 [7] NCCL INFO comm 0x22e20140 rank 15 nRanks 16 nNodes 2 localRanks 8 localRank 7 MNNVL 0
SH-IDCA1404-10-140-54-42:69416:70381 [6] NCCL INFO comm 0x297f6500 rank 14 nRanks 16 nNodes 2 localRanks 8 localRank 6 MNNVL 0
SH-IDCA1404-10-140-54-42:69414:70382 [4] NCCL INFO comm 0x22d75540 rank 12 nRanks 16 nNodes 2 localRanks 8 localRank 4 MNNVL 0
SH-IDCA1404-10-140-54-42:69415:70383 [5] NCCL INFO comm 0x21f364c0 rank 13 nRanks 16 nNodes 2 localRanks 8 localRank 5 MNNVL 0
SH-IDCA1404-10-140-54-42:69411:70380 [2] NCCL INFO comm 0x21eb4a40 rank 10 nRanks 16 nNodes 2 localRanks 8 localRank 2 MNNVL 0
SH-IDCA1404-10-140-54-42:69412:70384 [3] NCCL INFO comm 0x22641ac0 rank 11 nRanks 16 nNodes 2 localRanks 8 localRank 3 MNNVL 0
SH-IDCA1404-10-140-54-42:69410:70385 [1] NCCL INFO comm 0x22bde880 rank 9 nRanks 16 nNodes 2 localRanks 8 localRank 1 MNNVL 0
SH-IDCA1404-10-140-54-36:60112:63811 [1] NCCL INFO comm 0x22d4ac80 rank 1 nRanks 16 nNodes 2 localRanks 8 localRank 1 MNNVL 0
SH-IDCA1404-10-140-54-36:60114:63809 [3] NCCL INFO Trees [0] 4/-1/-1->3->2 [1] 4/-1/-1->3->2
SH-IDCA1404-10-140-54-36:60114:63809 [3] NCCL INFO P2P Chunksize set to 131072
SH-IDCA1404-10-140-54-36:60113:63810 [2] NCCL INFO Trees [0] 3/-1/-1->2->1 [1] 3/-1/-1->2->1
SH-IDCA1404-10-140-54-36:60117:63807 [6] NCCL INFO Trees [0] 7/-1/-1->6->5 [1] 7/-1/-1->6->5
SH-IDCA1404-10-140-54-36:60115:63808 [4] NCCL INFO Trees [0] 5/-1/-1->4->3 [1] 5/-1/-1->4->3
SH-IDCA1404-10-140-54-36:60113:63810 [2] NCCL INFO P2P Chunksize set to 131072
SH-IDCA1404-10-140-54-42:69409:70393 [0] NCCL INFO comm 0x22186700 rank 8 nRanks 16 nNodes 2 localRanks 8 localRank 0 MNNVL 0
SH-IDCA1404-10-140-54-42:69414:70382 [4] NCCL INFO Trees [0] 13/-1/-1->12->11 [1] 13/-1/-1->12->11
SH-IDCA1404-10-140-54-42:69414:70382 [4] NCCL INFO P2P Chunksize set to 131072
SH-IDCA1404-10-140-54-42:69417:70392 [7] NCCL INFO Trees [0] -1/-1/-1->15->14 [1] -1/-1/-1->15->14
SH-IDCA1404-10-140-54-42:69411:70380 [2] NCCL INFO Trees [0] 11/-1/-1->10->9 [1] 11/-1/-1->10->9
SH-IDCA1404-10-140-54-42:69410:70385 [1] NCCL INFO Trees [0] 10/-1/-1->9->8 [1] 10/-1/-1->9->8
SH-IDCA1404-10-140-54-42:69412:70384 [3] NCCL INFO Trees [0] 12/-1/-1->11->10 [1] 12/-1/-1->11->10
SH-IDCA1404-10-140-54-36:60117:63807 [6] NCCL INFO P2P Chunksize set to 131072
SH-IDCA1404-10-140-54-36:60115:63808 [4] NCCL INFO P2P Chunksize set to 131072
SH-IDCA1404-10-140-54-36:60116:63813 [5] NCCL INFO Trees [0] 6/-1/-1->5->4 [1] 6/-1/-1->5->4
SH-IDCA1404-10-140-54-36:60111:63806 [0] NCCL INFO comm 0xbcd6b780 rank 0 nRanks 16 nNodes 2 localRanks 8 localRank 0 MNNVL 0
SH-IDCA1404-10-140-54-36:60118:63823 [7] NCCL INFO Trees [0] -1/-1/-1->7->6 [1] -1/-1/-1->7->6
SH-IDCA1404-10-140-54-36:60116:63813 [5] NCCL INFO P2P Chunksize set to 131072
SH-IDCA1404-10-140-54-36:60118:63823 [7] NCCL INFO P2P Chunksize set to 131072
SH-IDCA1404-10-140-54-36:60112:63811 [1] NCCL INFO Trees [0] 2/-1/-1->1->0 [1] 2/-1/-1->1->0
SH-IDCA1404-10-140-54-36:60112:63811 [1] NCCL INFO P2P Chunksize set to 131072
SH-IDCA1404-10-140-54-42:69409:70393 [0] NCCL INFO Trees [0] 9/-1/-1->8->0 [1] 9/0/-1->8->-1
SH-IDCA1404-10-140-54-42:69412:70384 [3] NCCL INFO P2P Chunksize set to 131072
SH-IDCA1404-10-140-54-42:69410:70385 [1] NCCL INFO P2P Chunksize set to 131072
SH-IDCA1404-10-140-54-42:69411:70380 [2] NCCL INFO P2P Chunksize set to 131072
SH-IDCA1404-10-140-54-42:69409:70393 [0] NCCL INFO P2P Chunksize set to 131072
SH-IDCA1404-10-140-54-42:69417:70392 [7] NCCL INFO P2P Chunksize set to 131072
SH-IDCA1404-10-140-54-42:69416:70381 [6] NCCL INFO Trees [0] 15/-1/-1->14->13 [1] 15/-1/-1->14->13
SH-IDCA1404-10-140-54-42:69416:70381 [6] NCCL INFO P2P Chunksize set to 131072
SH-IDCA1404-10-140-54-42:69415:70383 [5] NCCL INFO Trees [0] 14/-1/-1->13->12 [1] 14/-1/-1->13->12
SH-IDCA1404-10-140-54-36:60111:63806 [0] NCCL INFO Channel 00/02 :    0   7   6   5   4   3   2   1   8  15  14  13  12  11  10   9
SH-IDCA1404-10-140-54-36:60111:63806 [0] NCCL INFO Channel 01/02 :    0   7   6   5   4   3   2   1   8  15  14  13  12  11  10   9
SH-IDCA1404-10-140-54-36:60111:63806 [0] NCCL INFO Trees [0] 1/8/-1->0->-1 [1] 1/-1/-1->0->8
SH-IDCA1404-10-140-54-42:69415:70383 [5] NCCL INFO P2P Chunksize set to 131072
SH-IDCA1404-10-140-54-36:60111:63806 [0] NCCL INFO P2P Chunksize set to 131072
SH-IDCA1404-10-140-54-42:69414:70382 [4] NCCL INFO Channel 00/0 : 12[4] -> 11[3] via P2P/IPC/read
SH-IDCA1404-10-140-54-36:60114:63809 [3] NCCL INFO Channel 00/0 : 3[3] -> 2[2] via P2P/IPC/read
SH-IDCA1404-10-140-54-42:69411:70380 [2] NCCL INFO Channel 00/0 : 10[2] -> 9[1] via P2P/IPC/read
SH-IDCA1404-10-140-54-36:60113:63810 [2] NCCL INFO Channel 00/0 : 2[2] -> 1[1] via P2P/IPC/read
SH-IDCA1404-10-140-54-42:69412:70384 [3] NCCL INFO Channel 00/0 : 11[3] -> 10[2] via P2P/IPC/read
SH-IDCA1404-10-140-54-36:60111:63806 [0] NCCL INFO Channel 00/0 : 9[1] -> 0[0] [receive] via NET/IB/0/GDRDMA
SH-IDCA1404-10-140-54-36:60117:63807 [6] NCCL INFO Channel 00/0 : 6[6] -> 5[5] via P2P/IPC/read
SH-IDCA1404-10-140-54-42:69415:70383 [5] NCCL INFO Channel 00/0 : 13[5] -> 12[4] via P2P/IPC/read
SH-IDCA1404-10-140-54-36:60111:63806 [0] NCCL INFO Channel 01/0 : 9[1] -> 0[0] [receive] via NET/IB/0/GDRDMA
SH-IDCA1404-10-140-54-42:69416:70381 [6] NCCL INFO Channel 00/0 : 14[6] -> 13[5] via P2P/IPC/read
SH-IDCA1404-10-140-54-36:60111:63806 [0] NCCL INFO Channel 00/0 : 0[0] -> 7[7] via P2P/IPC/read
SH-IDCA1404-10-140-54-42:69414:70382 [4] NCCL INFO Channel 01/0 : 12[4] -> 11[3] via P2P/IPC/read
SH-IDCA1404-10-140-54-36:60116:63813 [5] NCCL INFO Channel 00/0 : 5[5] -> 4[4] via P2P/IPC/read
SH-IDCA1404-10-140-54-42:69411:70380 [2] NCCL INFO Channel 01/0 : 10[2] -> 9[1] via P2P/IPC/read
SH-IDCA1404-10-140-54-36:60115:63808 [4] NCCL INFO Channel 00/0 : 4[4] -> 3[3] via P2P/IPC/read
SH-IDCA1404-10-140-54-42:69412:70384 [3] NCCL INFO Channel 01/0 : 11[3] -> 10[2] via P2P/IPC/read
SH-IDCA1404-10-140-54-36:60114:63809 [3] NCCL INFO Channel 01/0 : 3[3] -> 2[2] via P2P/IPC/read
SH-IDCA1404-10-140-54-42:69415:70383 [5] NCCL INFO Channel 01/0 : 13[5] -> 12[4] via P2P/IPC/read
SH-IDCA1404-10-140-54-36:60113:63810 [2] NCCL INFO Channel 01/0 : 2[2] -> 1[1] via P2P/IPC/read
SH-IDCA1404-10-140-54-42:69416:70381 [6] NCCL INFO Channel 01/0 : 14[6] -> 13[5] via P2P/IPC/read
SH-IDCA1404-10-140-54-36:60117:63807 [6] NCCL INFO Channel 01/0 : 6[6] -> 5[5] via P2P/IPC/read
SH-IDCA1404-10-140-54-42:69410:70385 [1] NCCL INFO Channel 00/0 : 9[1] -> 0[0] [send] via NET/IB/0/GDRDMA
SH-IDCA1404-10-140-54-42:69409:70393 [0] NCCL INFO Channel 00/0 : 1[1] -> 8[0] [receive] via NET/IB/0/GDRDMA
SH-IDCA1404-10-140-54-36:60112:63811 [1] NCCL INFO Channel 00/0 : 1[1] -> 8[0] [send] via NET/IB/0/GDRDMA
SH-IDCA1404-10-140-54-42:69410:70385 [1] NCCL INFO Channel 01/0 : 9[1] -> 0[0] [send] via NET/IB/0/GDRDMA
SH-IDCA1404-10-140-54-36:60112:63811 [1] NCCL INFO Channel 01/0 : 1[1] -> 8[0] [send] via NET/IB/0/GDRDMA
SH-IDCA1404-10-140-54-42:69409:70393 [0] NCCL INFO Channel 01/0 : 1[1] -> 8[0] [receive] via NET/IB/0/GDRDMA
SH-IDCA1404-10-140-54-36:60116:63813 [5] NCCL INFO Channel 01/0 : 5[5] -> 4[4] via P2P/IPC/read
SH-IDCA1404-10-140-54-42:69409:70393 [0] NCCL INFO Channel 00/0 : 8[0] -> 15[7] via P2P/IPC/read
SH-IDCA1404-10-140-54-36:60115:63808 [4] NCCL INFO Channel 01/0 : 4[4] -> 3[3] via P2P/IPC/read
SH-IDCA1404-10-140-54-42:69409:70393 [0] NCCL INFO Channel 01/0 : 8[0] -> 15[7] via P2P/IPC/read
SH-IDCA1404-10-140-54-36:60111:63806 [0] NCCL INFO Channel 01/0 : 0[0] -> 7[7] via P2P/IPC/read
SH-IDCA1404-10-140-54-42:69414:70382 [4] NCCL INFO Connected all rings
SH-IDCA1404-10-140-54-36:60118:63823 [7] NCCL INFO Channel 00/0 : 7[7] -> 6[6] via P2P/IPC/read
SH-IDCA1404-10-140-54-42:69417:70392 [7] NCCL INFO Channel 00/0 : 15[7] -> 14[6] via P2P/IPC/read
SH-IDCA1404-10-140-54-36:60118:63823 [7] NCCL INFO Channel 01/0 : 7[7] -> 6[6] via P2P/IPC/read
SH-IDCA1404-10-140-54-42:69417:70392 [7] NCCL INFO Channel 01/0 : 15[7] -> 14[6] via P2P/IPC/read
SH-IDCA1404-10-140-54-36:60115:63808 [4] NCCL INFO Connected all rings
SH-IDCA1404-10-140-54-42:69414:70382 [4] NCCL INFO Channel 00/0 : 12[4] -> 13[5] via P2P/IPC/read
SH-IDCA1404-10-140-54-36:60115:63808 [4] NCCL INFO Channel 00/0 : 4[4] -> 5[5] via P2P/IPC/read
SH-IDCA1404-10-140-54-42:69412:70384 [3] NCCL INFO Connected all rings
SH-IDCA1404-10-140-54-36:60116:63813 [5] NCCL INFO Connected all rings
SH-IDCA1404-10-140-54-42:69414:70382 [4] NCCL INFO Channel 01/0 : 12[4] -> 13[5] via P2P/IPC/read
SH-IDCA1404-10-140-54-36:60115:63808 [4] NCCL INFO Channel 01/0 : 4[4] -> 5[5] via P2P/IPC/read
SH-IDCA1404-10-140-54-42:69412:70384 [3] NCCL INFO Channel 00/0 : 11[3] -> 12[4] via P2P/IPC/read
SH-IDCA1404-10-140-54-36:60116:63813 [5] NCCL INFO Channel 00/0 : 5[5] -> 6[6] via P2P/IPC/read
SH-IDCA1404-10-140-54-42:69415:70383 [5] NCCL INFO Connected all rings
SH-IDCA1404-10-140-54-36:60114:63809 [3] NCCL INFO Connected all rings
SH-IDCA1404-10-140-54-42:69412:70384 [3] NCCL INFO Channel 01/0 : 11[3] -> 12[4] via P2P/IPC/read
SH-IDCA1404-10-140-54-36:60116:63813 [5] NCCL INFO Channel 01/0 : 5[5] -> 6[6] via P2P/IPC/read
SH-IDCA1404-10-140-54-42:69415:70383 [5] NCCL INFO Channel 00/0 : 13[5] -> 14[6] via P2P/IPC/read
SH-IDCA1404-10-140-54-36:60114:63809 [3] NCCL INFO Channel 00/0 : 3[3] -> 4[4] via P2P/IPC/read
SH-IDCA1404-10-140-54-42:69415:70383 [5] NCCL INFO Channel 01/0 : 13[5] -> 14[6] via P2P/IPC/read
SH-IDCA1404-10-140-54-36:60114:63809 [3] NCCL INFO Channel 01/0 : 3[3] -> 4[4] via P2P/IPC/read
SH-IDCA1404-10-140-54-42:69411:70380 [2] NCCL INFO Connected all rings
SH-IDCA1404-10-140-54-42:69410:70385 [1] NCCL INFO Connected all rings
SH-IDCA1404-10-140-54-36:60117:63807 [6] NCCL INFO Connected all rings
SH-IDCA1404-10-140-54-36:60118:63823 [7] NCCL INFO Connected all rings
SH-IDCA1404-10-140-54-42:69411:70380 [2] NCCL INFO Channel 00/0 : 10[2] -> 11[3] via P2P/IPC/read
SH-IDCA1404-10-140-54-36:60111:63806 [0] NCCL INFO Connected all rings
SH-IDCA1404-10-140-54-42:69417:70392 [7] NCCL INFO Connected all rings
SH-IDCA1404-10-140-54-36:60111:63806 [0] NCCL INFO Channel 00/0 : 0[0] -> 1[1] via P2P/IPC/read
SH-IDCA1404-10-140-54-42:69416:70381 [6] NCCL INFO Connected all rings
SH-IDCA1404-10-140-54-36:60111:63806 [0] NCCL INFO Channel 01/0 : 0[0] -> 1[1] via P2P/IPC/read
SH-IDCA1404-10-140-54-42:69409:70393 [0] NCCL INFO Connected all rings
SH-IDCA1404-10-140-54-42:69410:70385 [1] NCCL INFO Channel 00/0 : 9[1] -> 10[2] via P2P/IPC/read
SH-IDCA1404-10-140-54-36:60117:63807 [6] NCCL INFO Channel 00/0 : 6[6] -> 7[7] via P2P/IPC/read
SH-IDCA1404-10-140-54-42:69409:70393 [0] NCCL INFO Channel 00/0 : 8[0] -> 9[1] via P2P/IPC/read
SH-IDCA1404-10-140-54-36:60117:63807 [6] NCCL INFO Channel 01/0 : 6[6] -> 7[7] via P2P/IPC/read
SH-IDCA1404-10-140-54-42:69411:70380 [2] NCCL INFO Channel 01/0 : 10[2] -> 11[3] via P2P/IPC/read
SH-IDCA1404-10-140-54-36:60112:63811 [1] NCCL INFO Connected all rings
SH-IDCA1404-10-140-54-36:60113:63810 [2] NCCL INFO Connected all rings
SH-IDCA1404-10-140-54-42:69410:70385 [1] NCCL INFO Channel 01/0 : 9[1] -> 10[2] via P2P/IPC/read
SH-IDCA1404-10-140-54-36:60113:63810 [2] NCCL INFO Channel 00/0 : 2[2] -> 3[3] via P2P/IPC/read
SH-IDCA1404-10-140-54-42:69409:70393 [0] NCCL INFO Channel 01/0 : 8[0] -> 9[1] via P2P/IPC/read
SH-IDCA1404-10-140-54-36:60112:63811 [1] NCCL INFO Channel 00/0 : 1[1] -> 2[2] via P2P/IPC/read
SH-IDCA1404-10-140-54-42:69416:70381 [6] NCCL INFO Channel 00/0 : 14[6] -> 15[7] via P2P/IPC/read
SH-IDCA1404-10-140-54-36:60113:63810 [2] NCCL INFO Channel 01/0 : 2[2] -> 3[3] via P2P/IPC/read
SH-IDCA1404-10-140-54-42:69410:70385 [1] NCCL INFO Channel 00/0 : 9[1] -> 8[0] via P2P/IPC/read
SH-IDCA1404-10-140-54-36:60112:63811 [1] NCCL INFO Channel 01/0 : 1[1] -> 2[2] via P2P/IPC/read
SH-IDCA1404-10-140-54-42:69409:70393 [0] NCCL INFO Channel 00/0 : 0[0] -> 8[0] [receive] via NET/IB/0/GDRDMA
SH-IDCA1404-10-140-54-36:60118:63823 [7] NCCL INFO Connected all trees
SH-IDCA1404-10-140-54-42:69409:70393 [0] NCCL INFO Channel 01/0 : 0[0] -> 8[0] [receive] via NET/IB/0/GDRDMA
SH-IDCA1404-10-140-54-36:60118:63823 [7] NCCL INFO threadThresholds 8/8/64 | 128/8/64 | 512 | 512
SH-IDCA1404-10-140-54-36:60118:63823 [7] NCCL INFO 2 coll channels, 2 collnet channels, 0 nvls channels, 2 p2p channels, 1 p2p channels per peer
SH-IDCA1404-10-140-54-42:69409:70393 [0] NCCL INFO Channel 00/0 : 8[0] -> 0[0] [send] via NET/IB/0/GDRDMA
SH-IDCA1404-10-140-54-36:60116:63813 [5] NCCL INFO Connected all trees
SH-IDCA1404-10-140-54-42:69409:70393 [0] NCCL INFO Channel 01/0 : 8[0] -> 0[0] [send] via NET/IB/0/GDRDMA
SH-IDCA1404-10-140-54-36:60117:63807 [6] NCCL INFO Connected all trees
SH-IDCA1404-10-140-54-42:69416:70381 [6] NCCL INFO Channel 01/0 : 14[6] -> 15[7] via P2P/IPC/read
SH-IDCA1404-10-140-54-36:60116:63813 [5] NCCL INFO threadThresholds 8/8/64 | 128/8/64 | 512 | 512
SH-IDCA1404-10-140-54-36:60116:63813 [5] NCCL INFO 2 coll channels, 2 collnet channels, 0 nvls channels, 2 p2p channels, 1 p2p channels per peer
SH-IDCA1404-10-140-54-42:69410:70385 [1] NCCL INFO Channel 01/0 : 9[1] -> 8[0] via P2P/IPC/read
SH-IDCA1404-10-140-54-36:60117:63807 [6] NCCL INFO threadThresholds 8/8/64 | 128/8/64 | 512 | 512
SH-IDCA1404-10-140-54-36:60117:63807 [6] NCCL INFO 2 coll channels, 2 collnet channels, 0 nvls channels, 2 p2p channels, 1 p2p channels per peer
SH-IDCA1404-10-140-54-42:69412:70384 [3] NCCL INFO Connected all trees
SH-IDCA1404-10-140-54-36:60112:63811 [1] NCCL INFO Channel 00/0 : 1[1] -> 0[0] via P2P/IPC/read
SH-IDCA1404-10-140-54-42:69412:70384 [3] NCCL INFO threadThresholds 8/8/64 | 128/8/64 | 512 | 512
SH-IDCA1404-10-140-54-42:69412:70384 [3] NCCL INFO 2 coll channels, 2 collnet channels, 0 nvls channels, 2 p2p channels, 1 p2p channels per peer
SH-IDCA1404-10-140-54-36:60111:63806 [0] NCCL INFO Channel 00/0 : 8[0] -> 0[0] [receive] via NET/IB/0/GDRDMA
SH-IDCA1404-10-140-54-42:69414:70382 [4] NCCL INFO Connected all trees
SH-IDCA1404-10-140-54-36:60111:63806 [0] NCCL INFO Channel 01/0 : 8[0] -> 0[0] [receive] via NET/IB/0/GDRDMA
SH-IDCA1404-10-140-54-42:69414:70382 [4] NCCL INFO threadThresholds 8/8/64 | 128/8/64 | 512 | 512
SH-IDCA1404-10-140-54-42:69414:70382 [4] NCCL INFO 2 coll channels, 2 collnet channels, 0 nvls channels, 2 p2p channels, 1 p2p channels per peer
SH-IDCA1404-10-140-54-36:60111:63806 [0] NCCL INFO Channel 00/0 : 0[0] -> 8[0] [send] via NET/IB/0/GDRDMA
SH-IDCA1404-10-140-54-36:60111:63806 [0] NCCL INFO Channel 01/0 : 0[0] -> 8[0] [send] via NET/IB/0/GDRDMA
SH-IDCA1404-10-140-54-42:69417:70392 [7] NCCL INFO Connected all trees
SH-IDCA1404-10-140-54-36:60112:63811 [1] NCCL INFO Channel 01/0 : 1[1] -> 0[0] via P2P/IPC/read
SH-IDCA1404-10-140-54-42:69417:70392 [7] NCCL INFO threadThresholds 8/8/64 | 128/8/64 | 512 | 512
SH-IDCA1404-10-140-54-42:69417:70392 [7] NCCL INFO 2 coll channels, 2 collnet channels, 0 nvls channels, 2 p2p channels, 1 p2p channels per peer
SH-IDCA1404-10-140-54-36:60115:63808 [4] NCCL INFO Connected all trees
SH-IDCA1404-10-140-54-42:69415:70383 [5] NCCL INFO Connected all trees
SH-IDCA1404-10-140-54-42:69416:70381 [6] NCCL INFO Connected all trees
SH-IDCA1404-10-140-54-36:60115:63808 [4] NCCL INFO threadThresholds 8/8/64 | 128/8/64 | 512 | 512
SH-IDCA1404-10-140-54-36:60115:63808 [4] NCCL INFO 2 coll channels, 2 collnet channels, 0 nvls channels, 2 p2p channels, 1 p2p channels per peer
SH-IDCA1404-10-140-54-42:69416:70381 [6] NCCL INFO threadThresholds 8/8/64 | 128/8/64 | 512 | 512
SH-IDCA1404-10-140-54-42:69415:70383 [5] NCCL INFO threadThresholds 8/8/64 | 128/8/64 | 512 | 512
SH-IDCA1404-10-140-54-42:69416:70381 [6] NCCL INFO 2 coll channels, 2 collnet channels, 0 nvls channels, 2 p2p channels, 1 p2p channels per peer
SH-IDCA1404-10-140-54-42:69415:70383 [5] NCCL INFO 2 coll channels, 2 collnet channels, 0 nvls channels, 2 p2p channels, 1 p2p channels per peer
SH-IDCA1404-10-140-54-36:60114:63809 [3] NCCL INFO Connected all trees
SH-IDCA1404-10-140-54-42:69411:70380 [2] NCCL INFO Connected all trees
SH-IDCA1404-10-140-54-36:60114:63809 [3] NCCL INFO threadThresholds 8/8/64 | 128/8/64 | 512 | 512
SH-IDCA1404-10-140-54-36:60114:63809 [3] NCCL INFO 2 coll channels, 2 collnet channels, 0 nvls channels, 2 p2p channels, 1 p2p channels per peer
SH-IDCA1404-10-140-54-42:69411:70380 [2] NCCL INFO threadThresholds 8/8/64 | 128/8/64 | 512 | 512
SH-IDCA1404-10-140-54-42:69411:70380 [2] NCCL INFO 2 coll channels, 2 collnet channels, 0 nvls channels, 2 p2p channels, 1 p2p channels per peer
SH-IDCA1404-10-140-54-36:60113:63810 [2] NCCL INFO Connected all trees
SH-IDCA1404-10-140-54-36:60113:63810 [2] NCCL INFO threadThresholds 8/8/64 | 128/8/64 | 512 | 512
SH-IDCA1404-10-140-54-36:60113:63810 [2] NCCL INFO 2 coll channels, 2 collnet channels, 0 nvls channels, 2 p2p channels, 1 p2p channels per peer
SH-IDCA1404-10-140-54-36:60112:63811 [1] NCCL INFO Connected all trees
SH-IDCA1404-10-140-54-42:69410:70385 [1] NCCL INFO Connected all trees
SH-IDCA1404-10-140-54-36:60112:63811 [1] NCCL INFO threadThresholds 8/8/64 | 128/8/64 | 512 | 512
SH-IDCA1404-10-140-54-36:60112:63811 [1] NCCL INFO 2 coll channels, 2 collnet channels, 0 nvls channels, 2 p2p channels, 1 p2p channels per peer
SH-IDCA1404-10-140-54-36:60111:63806 [0] NCCL INFO Connected all trees
SH-IDCA1404-10-140-54-42:69410:70385 [1] NCCL INFO threadThresholds 8/8/64 | 128/8/64 | 512 | 512
SH-IDCA1404-10-140-54-42:69410:70385 [1] NCCL INFO 2 coll channels, 2 collnet channels, 0 nvls channels, 2 p2p channels, 1 p2p channels per peer
SH-IDCA1404-10-140-54-36:60111:63806 [0] NCCL INFO threadThresholds 8/8/64 | 128/8/64 | 512 | 512
SH-IDCA1404-10-140-54-36:60111:63806 [0] NCCL INFO 2 coll channels, 2 collnet channels, 0 nvls channels, 2 p2p channels, 1 p2p channels per peer
SH-IDCA1404-10-140-54-42:69409:70393 [0] NCCL INFO Connected all trees
SH-IDCA1404-10-140-54-42:69409:70393 [0] NCCL INFO threadThresholds 8/8/64 | 128/8/64 | 512 | 512
SH-IDCA1404-10-140-54-42:69409:70393 [0] NCCL INFO 2 coll channels, 2 collnet channels, 0 nvls channels, 2 p2p channels, 1 p2p channels per peer
SH-IDCA1404-10-140-54-42:69411:70380 [2] NCCL INFO TUNER/Plugin: Plugin load returned 11 : libnccl-net.so: cannot open shared object file: No such file or directory : when loading libnccl-tuner.so
SH-IDCA1404-10-140-54-42:69411:70380 [2] NCCL INFO TUNER/Plugin: Using internal tuner plugin.
SH-IDCA1404-10-140-54-42:69411:70380 [2] NCCL INFO ncclCommInitRank comm 0x21eb4a40 rank 10 nranks 16 cudaDev 2 nvmlDev 2 busId 6b000 commId 0x332123aa22fe90c1 - Init COMPLETE
SH-IDCA1404-10-140-54-42:69412:70384 [3] NCCL INFO TUNER/Plugin: Plugin load returned 11 : libnccl-net.so: cannot open shared object file: No such file or directory : when loading libnccl-tuner.so
SH-IDCA1404-10-140-54-42:69412:70384 [3] NCCL INFO TUNER/Plugin: Using internal tuner plugin.
SH-IDCA1404-10-140-54-42:69412:70384 [3] NCCL INFO ncclCommInitRank comm 0x22641ac0 rank 11 nranks 16 cudaDev 3 nvmlDev 3 busId 71000 commId 0x332123aa22fe90c1 - Init COMPLETE
SH-IDCA1404-10-140-54-42:69416:70381 [6] NCCL INFO TUNER/Plugin: Plugin load returned 11 : libnccl-net.so: cannot open shared object file: No such file or directory : when loading libnccl-tuner.so
SH-IDCA1404-10-140-54-42:69416:70381 [6] NCCL INFO TUNER/Plugin: Using internal tuner plugin.
SH-IDCA1404-10-140-54-42:69416:70381 [6] NCCL INFO ncclCommInitRank comm 0x297f6500 rank 14 nranks 16 cudaDev 6 nvmlDev 6 busId d4000 commId 0x332123aa22fe90c1 - Init COMPLETE
SH-IDCA1404-10-140-54-42:69410:70385 [1] NCCL INFO TUNER/Plugin: Plugin load returned 11 : libnccl-net.so: cannot open shared object file: No such file or directory : when loading libnccl-tuner.so
SH-IDCA1404-10-140-54-42:69410:70385 [1] NCCL INFO TUNER/Plugin: Using internal tuner plugin.
SH-IDCA1404-10-140-54-42:69410:70385 [1] NCCL INFO ncclCommInitRank comm 0x22bde880 rank 9 nranks 16 cudaDev 1 nvmlDev 1 busId 56000 commId 0x332123aa22fe90c1 - Init COMPLETE
SH-IDCA1404-10-140-54-42:69409:70393 [0] NCCL INFO TUNER/Plugin: Plugin load returned 11 : libnccl-net.so: cannot open shared object file: No such file or directory : when loading libnccl-tuner.so
SH-IDCA1404-10-140-54-42:69409:70393 [0] NCCL INFO TUNER/Plugin: Using internal tuner plugin.
SH-IDCA1404-10-140-54-42:69409:70393 [0] NCCL INFO ncclCommInitRank comm 0x22186700 rank 8 nranks 16 cudaDev 0 nvmlDev 0 busId 51000 commId 0x332123aa22fe90c1 - Init COMPLETE
SH-IDCA1404-10-140-54-42:69415:70383 [5] NCCL INFO TUNER/Plugin: Plugin load returned 11 : libnccl-net.so: cannot open shared object file: No such file or directory : when loading libnccl-tuner.so
SH-IDCA1404-10-140-54-42:69415:70383 [5] NCCL INFO TUNER/Plugin: Using internal tuner plugin.
SH-IDCA1404-10-140-54-42:69415:70383 [5] NCCL INFO ncclCommInitRank comm 0x21f364c0 rank 13 nranks 16 cudaDev 5 nvmlDev 5 busId a1000 commId 0x332123aa22fe90c1 - Init COMPLETE
SH-IDCA1404-10-140-54-42:69414:70382 [4] NCCL INFO TUNER/Plugin: Plugin load returned 11 : libnccl-net.so: cannot open shared object file: No such file or directory : when loading libnccl-tuner.so
SH-IDCA1404-10-140-54-42:69414:70382 [4] NCCL INFO TUNER/Plugin: Using internal tuner plugin.
SH-IDCA1404-10-140-54-42:69414:70382 [4] NCCL INFO ncclCommInitRank comm 0x22d75540 rank 12 nranks 16 cudaDev 4 nvmlDev 4 busId 9d000 commId 0x332123aa22fe90c1 - Init COMPLETE
SH-IDCA1404-10-140-54-42:69417:70392 [7] NCCL INFO TUNER/Plugin: Plugin load returned 11 : libnccl-net.so: cannot open shared object file: No such file or directory : when loading libnccl-tuner.so
SH-IDCA1404-10-140-54-42:69417:70392 [7] NCCL INFO TUNER/Plugin: Using internal tuner plugin.
SH-IDCA1404-10-140-54-42:69417:70392 [7] NCCL INFO ncclCommInitRank comm 0x22e20140 rank 15 nranks 16 cudaDev 7 nvmlDev 7 busId d7000 commId 0x332123aa22fe90c1 - Init COMPLETE
SH-IDCA1404-10-140-54-36:60111:63806 [0] NCCL INFO TUNER/Plugin: Plugin load returned 11 : libnccl-net.so: cannot open shared object file: No such file or directory : when loading libnccl-tuner.so
SH-IDCA1404-10-140-54-36:60111:63806 [0] NCCL INFO TUNER/Plugin: Using internal tuner plugin.
SH-IDCA1404-10-140-54-36:60111:63806 [0] NCCL INFO ncclCommInitRank comm 0xbcd6b780 rank 0 nranks 16 cudaDev 0 nvmlDev 0 busId 51000 commId 0x332123aa22fe90c1 - Init COMPLETE
SH-IDCA1404-10-140-54-36:60112:63811 [1] NCCL INFO TUNER/Plugin: Plugin load returned 11 : libnccl-net.so: cannot open shared object file: No such file or directory : when loading libnccl-tuner.so
SH-IDCA1404-10-140-54-36:60112:63811 [1] NCCL INFO TUNER/Plugin: Using internal tuner plugin.
SH-IDCA1404-10-140-54-36:60112:63811 [1] NCCL INFO ncclCommInitRank comm 0x22d4ac80 rank 1 nranks 16 cudaDev 1 nvmlDev 1 busId 56000 commId 0x332123aa22fe90c1 - Init COMPLETE
SH-IDCA1404-10-140-54-36:60113:63810 [2] NCCL INFO TUNER/Plugin: Plugin load returned 11 : libnccl-net.so: cannot open shared object file: No such file or directory : when loading libnccl-tuner.so
SH-IDCA1404-10-140-54-36:60113:63810 [2] NCCL INFO TUNER/Plugin: Using internal tuner plugin.
SH-IDCA1404-10-140-54-36:60113:63810 [2] NCCL INFO ncclCommInitRank comm 0xddae3b0 rank 2 nranks 16 cudaDev 2 nvmlDev 2 busId 6b000 commId 0x332123aa22fe90c1 - Init COMPLETE
SH-IDCA1404-10-140-54-36:60118:63823 [7] NCCL INFO TUNER/Plugin: Plugin load returned 11 : libnccl-net.so: cannot open shared object file: No such file or directory : when loading libnccl-tuner.so
SH-IDCA1404-10-140-54-36:60118:63823 [7] NCCL INFO TUNER/Plugin: Using internal tuner plugin.
SH-IDCA1404-10-140-54-36:60118:63823 [7] NCCL INFO ncclCommInitRank comm 0x23165400 rank 7 nranks 16 cudaDev 7 nvmlDev 7 busId d7000 commId 0x332123aa22fe90c1 - Init COMPLETE
SH-IDCA1404-10-140-54-36:60117:63807 [6] NCCL INFO TUNER/Plugin: Plugin load returned 11 : libnccl-net.so: cannot open shared object file: No such file or directory : when loading libnccl-tuner.so
SH-IDCA1404-10-140-54-36:60117:63807 [6] NCCL INFO TUNER/Plugin: Using internal tuner plugin.
SH-IDCA1404-10-140-54-36:60117:63807 [6] NCCL INFO ncclCommInitRank comm 0x227077c0 rank 6 nranks 16 cudaDev 6 nvmlDev 6 busId d4000 commId 0x332123aa22fe90c1 - Init COMPLETE
SH-IDCA1404-10-140-54-36:60116:63813 [5] NCCL INFO TUNER/Plugin: Plugin load returned 11 : libnccl-net.so: cannot open shared object file: No such file or directory : when loading libnccl-tuner.so
SH-IDCA1404-10-140-54-36:60116:63813 [5] NCCL INFO TUNER/Plugin: Using internal tuner plugin.
SH-IDCA1404-10-140-54-36:60116:63813 [5] NCCL INFO ncclCommInitRank comm 0xe783650 rank 5 nranks 16 cudaDev 5 nvmlDev 5 busId a1000 commId 0x332123aa22fe90c1 - Init COMPLETE
SH-IDCA1404-10-140-54-36:60115:63808 [4] NCCL INFO TUNER/Plugin: Plugin load returned 11 : libnccl-net.so: cannot open shared object file: No such file or directory : when loading libnccl-tuner.so
SH-IDCA1404-10-140-54-36:60115:63808 [4] NCCL INFO TUNER/Plugin: Using internal tuner plugin.
SH-IDCA1404-10-140-54-36:60115:63808 [4] NCCL INFO ncclCommInitRank comm 0x23348a00 rank 4 nranks 16 cudaDev 4 nvmlDev 4 busId 9d000 commId 0x332123aa22fe90c1 - Init COMPLETE
SH-IDCA1404-10-140-54-36:60114:63809 [3] NCCL INFO TUNER/Plugin: Plugin load returned 11 : libnccl-net.so: cannot open shared object file: No such file or directory : when loading libnccl-tuner.so
SH-IDCA1404-10-140-54-36:60114:63809 [3] NCCL INFO TUNER/Plugin: Using internal tuner plugin.
SH-IDCA1404-10-140-54-36:60114:63809 [3] NCCL INFO ncclCommInitRank comm 0x233e8b00 rank 3 nranks 16 cudaDev 3 nvmlDev 3 busId 71000 commId 0x332123aa22fe90c1 - Init COMPLETE
[12/01 00:13:27 Tokenizer]: ***** Running training *****
[12/01 00:13:27 Tokenizer]:   Num training steps = 1000000
[12/01 00:13:27 Tokenizer]:   Gradient Accumulation steps = 1
[12/01 00:13:27 Tokenizer]:   Instantaneous batch size per gpu = 32
[12/01 00:13:27 Tokenizer]:   Total train batch size (w. parallel, distributed & accumulation) = 512
[12/01 00:13:27 Tokenizer]: All globbed checkpoints are: ['checkpoints/quadtok_sl256_vae_ts16-expandprob34/checkpoint-350000', 'checkpoints/quadtok_sl256_vae_ts16-expandprob34/checkpoint-300000']
[12/01 00:13:27 Tokenizer]: Load checkpoint from checkpoints/quadtok_sl256_vae_ts16-expandprob34/checkpoint-350000
loading weight from checkpoints/quadtok_sl256_vae_ts16-expandprob34/checkpoint-350000/ema_model/pytorch_model.bin, msg: <All keys matched successfully>
loading weight from checkpoints/quadtok_sl256_vae_ts16-expandprob34/checkpoint-350000/ema_model/pytorch_model.bin, msg: <All keys matched successfully>
loading weight from checkpoints/quadtok_sl256_vae_ts16-expandprob34/checkpoint-350000/ema_model/pytorch_model.bin, msg: <All keys matched successfully>
loading weight from checkpoints/quadtok_sl256_vae_ts16-expandprob34/checkpoint-350000/ema_model/pytorch_model.bin, msg: <All keys matched successfully>
loading weight from checkpoints/quadtok_sl256_vae_ts16-expandprob34/checkpoint-350000/ema_model/pytorch_model.bin, msg: <All keys matched successfully>
loading weight from checkpoints/quadtok_sl256_vae_ts16-expandprob34/checkpoint-350000/ema_model/pytorch_model.bin, msg: <All keys matched successfully>
loading weight from checkpoints/quadtok_sl256_vae_ts16-expandprob34/checkpoint-350000/ema_model/pytorch_model.bin, msg: <All keys matched successfully>
loading weight from checkpoints/quadtok_sl256_vae_ts16-expandprob34/checkpoint-350000/ema_model/pytorch_model.bin, msg: <All keys matched successfully>
loading weight from checkpoints/quadtok_sl256_vae_ts16-expandprob34/checkpoint-350000/ema_model/pytorch_model.bin, msg: <All keys matched successfully>
loading weight from checkpoints/quadtok_sl256_vae_ts16-expandprob34/checkpoint-350000/ema_model/pytorch_model.bin, msg: <All keys matched successfully>
loading weight from checkpoints/quadtok_sl256_vae_ts16-expandprob34/checkpoint-350000/ema_model/pytorch_model.bin, msg: <All keys matched successfully>
loading weight from checkpoints/quadtok_sl256_vae_ts16-expandprob34/checkpoint-350000/ema_model/pytorch_model.bin, msg: <All keys matched successfully>
loading weight from checkpoints/quadtok_sl256_vae_ts16-expandprob34/checkpoint-350000/ema_model/pytorch_model.bin, msg: <All keys matched successfully>
loading weight from checkpoints/quadtok_sl256_vae_ts16-expandprob34/checkpoint-350000/ema_model/pytorch_model.bin, msg: <All keys matched successfully>
loading weight from checkpoints/quadtok_sl256_vae_ts16-expandprob34/checkpoint-350000/ema_model/pytorch_model.bin, msg: <All keys matched successfully>
loading weight from checkpoints/quadtok_sl256_vae_ts16-expandprob34/checkpoint-350000/ema_model/pytorch_model.bin, msg: <All keys matched successfully>
[12/01 00:13:36 Tokenizer]: Resuming at global_step 350000
Epoch 0/0 started.
Epoch 0/0 started.
[rank13]:[W1201 00:13:42.421257573 reducer.cpp:1400] Warning: find_unused_parameters=True was specified in DDP constructor, but did not find any unused parameters in the forward pass. This flag results in an extra traversal of the autograd graph every iteration,  which can adversely affect performance. If your model indeed never has any unused parameters in the forward pass, consider turning this flag off. Note that this warning may be a false positive if your model has flow control causing later iterations to have unused parameters. (function operator())
[rank15]:[W1201 00:13:52.239854163 reducer.cpp:1400] Warning: find_unused_parameters=True was specified in DDP constructor, but did not find any unused parameters in the forward pass. This flag results in an extra traversal of the autograd graph every iteration,  which can adversely affect performance. If your model indeed never has any unused parameters in the forward pass, consider turning this flag off. Note that this warning may be a false positive if your model has flow control causing later iterations to have unused parameters. (function operator())
[rank9]:[W1201 00:13:53.292528328 reducer.cpp:1400] Warning: find_unused_parameters=True was specified in DDP constructor, but did not find any unused parameters in the forward pass. This flag results in an extra traversal of the autograd graph every iteration,  which can adversely affect performance. If your model indeed never has any unused parameters in the forward pass, consider turning this flag off. Note that this warning may be a false positive if your model has flow control causing later iterations to have unused parameters. (function operator())
[rank12]:[W1201 00:13:53.340838506 reducer.cpp:1400] Warning: find_unused_parameters=True was specified in DDP constructor, but did not find any unused parameters in the forward pass. This flag results in an extra traversal of the autograd graph every iteration,  which can adversely affect performance. If your model indeed never has any unused parameters in the forward pass, consider turning this flag off. Note that this warning may be a false positive if your model has flow control causing later iterations to have unused parameters. (function operator())
[rank0]:[W1201 00:13:54.778442630 reducer.cpp:1400] Warning: find_unused_parameters=True was specified in DDP constructor, but did not find any unused parameters in the forward pass. This flag results in an extra traversal of the autograd graph every iteration,  which can adversely affect performance. If your model indeed never has any unused parameters in the forward pass, consider turning this flag off. Note that this warning may be a false positive if your model has flow control causing later iterations to have unused parameters. (function operator())
[rank1]:[W1201 00:13:54.631787102 reducer.cpp:1400] Warning: find_unused_parameters=True was specified in DDP constructor, but did not find any unused parameters in the forward pass. This flag results in an extra traversal of the autograd graph every iteration,  which can adversely affect performance. If your model indeed never has any unused parameters in the forward pass, consider turning this flag off. Note that this warning may be a false positive if your model has flow control causing later iterations to have unused parameters. (function operator())
[rank14]:[W1201 00:13:55.492165753 reducer.cpp:1400] Warning: find_unused_parameters=True was specified in DDP constructor, but did not find any unused parameters in the forward pass. This flag results in an extra traversal of the autograd graph every iteration,  which can adversely affect performance. If your model indeed never has any unused parameters in the forward pass, consider turning this flag off. Note that this warning may be a false positive if your model has flow control causing later iterations to have unused parameters. (function operator())
[rank11]:[W1201 00:13:56.018317102 reducer.cpp:1400] Warning: find_unused_parameters=True was specified in DDP constructor, but did not find any unused parameters in the forward pass. This flag results in an extra traversal of the autograd graph every iteration,  which can adversely affect performance. If your model indeed never has any unused parameters in the forward pass, consider turning this flag off. Note that this warning may be a false positive if your model has flow control causing later iterations to have unused parameters. (function operator())
[rank8]:[W1201 00:13:56.339437113 reducer.cpp:1400] Warning: find_unused_parameters=True was specified in DDP constructor, but did not find any unused parameters in the forward pass. This flag results in an extra traversal of the autograd graph every iteration,  which can adversely affect performance. If your model indeed never has any unused parameters in the forward pass, consider turning this flag off. Note that this warning may be a false positive if your model has flow control causing later iterations to have unused parameters. (function operator())
[rank10]:[W1201 00:13:57.837886337 reducer.cpp:1400] Warning: find_unused_parameters=True was specified in DDP constructor, but did not find any unused parameters in the forward pass. This flag results in an extra traversal of the autograd graph every iteration,  which can adversely affect performance. If your model indeed never has any unused parameters in the forward pass, consider turning this flag off. Note that this warning may be a false positive if your model has flow control causing later iterations to have unused parameters. (function operator())
[rank4]:[W1201 00:13:57.455720888 reducer.cpp:1400] Warning: find_unused_parameters=True was specified in DDP constructor, but did not find any unused parameters in the forward pass. This flag results in an extra traversal of the autograd graph every iteration,  which can adversely affect performance. If your model indeed never has any unused parameters in the forward pass, consider turning this flag off. Note that this warning may be a false positive if your model has flow control causing later iterations to have unused parameters. (function operator())
[rank5]:[W1201 00:13:57.546748399 reducer.cpp:1400] Warning: find_unused_parameters=True was specified in DDP constructor, but did not find any unused parameters in the forward pass. This flag results in an extra traversal of the autograd graph every iteration,  which can adversely affect performance. If your model indeed never has any unused parameters in the forward pass, consider turning this flag off. Note that this warning may be a false positive if your model has flow control causing later iterations to have unused parameters. (function operator())
[rank7]:[W1201 00:13:58.768005470 reducer.cpp:1400] Warning: find_unused_parameters=True was specified in DDP constructor, but did not find any unused parameters in the forward pass. This flag results in an extra traversal of the autograd graph every iteration,  which can adversely affect performance. If your model indeed never has any unused parameters in the forward pass, consider turning this flag off. Note that this warning may be a false positive if your model has flow control causing later iterations to have unused parameters. (function operator())
[rank6]:[W1201 00:13:58.848305964 reducer.cpp:1400] Warning: find_unused_parameters=True was specified in DDP constructor, but did not find any unused parameters in the forward pass. This flag results in an extra traversal of the autograd graph every iteration,  which can adversely affect performance. If your model indeed never has any unused parameters in the forward pass, consider turning this flag off. Note that this warning may be a false positive if your model has flow control causing later iterations to have unused parameters. (function operator())
[rank2]:[W1201 00:13:58.867104067 reducer.cpp:1400] Warning: find_unused_parameters=True was specified in DDP constructor, but did not find any unused parameters in the forward pass. This flag results in an extra traversal of the autograd graph every iteration,  which can adversely affect performance. If your model indeed never has any unused parameters in the forward pass, consider turning this flag off. Note that this warning may be a false positive if your model has flow control causing later iterations to have unused parameters. (function operator())
[rank3]:[W1201 00:13:58.897382428 reducer.cpp:1400] Warning: find_unused_parameters=True was specified in DDP constructor, but did not find any unused parameters in the forward pass. This flag results in an extra traversal of the autograd graph every iteration,  which can adversely affect performance. If your model indeed never has any unused parameters in the forward pass, consider turning this flag off. Note that this warning may be a false positive if your model has flow control causing later iterations to have unused parameters. (function operator())
[12/01 00:14:51 Tokenizer]: Data (t): 0.0013, 33.47/s/gpu Batch (t): 0.9562 LR: 0.000076 Step: 350050 Total Loss: 0.1971 KL Loss: 0.0106 Recon Loss: 0.0064 Discriminator Loss: 0.0050 Perceptual Loss: 0.1751 
[12/01 00:15:37 Tokenizer]: Data (t): 0.0013, 35.68/s/gpu Batch (t): 0.8969 LR: 0.000076 Step: 350100 Total Loss: 0.2213 KL Loss: 0.0111 Recon Loss: 0.0073 Discriminator Loss: 0.0146 Perceptual Loss: 0.1883 
[12/01 00:16:24 Tokenizer]: Data (t): 0.0012, 35.30/s/gpu Batch (t): 0.9064 LR: 0.000076 Step: 350150 Total Loss: 0.2048 KL Loss: 0.0105 Recon Loss: 0.0079 Discriminator Loss: -0.0179 Perceptual Loss: 0.2044 
[12/01 00:17:10 Tokenizer]: Data (t): 0.0012, 32.47/s/gpu Batch (t): 0.9855 LR: 0.000076 Step: 350200 Total Loss: 0.1758 KL Loss: 0.0111 Recon Loss: 0.0070 Discriminator Loss: -0.0164 Perceptual Loss: 0.1741 
[12/01 00:17:59 Tokenizer]: Data (t): 0.0012, 34.56/s/gpu Batch (t): 0.9258 LR: 0.000076 Step: 350250 Total Loss: 0.2272 KL Loss: 0.0108 Recon Loss: 0.0074 Discriminator Loss: 0.0244 Perceptual Loss: 0.1846 
[12/01 00:18:46 Tokenizer]: Data (t): 0.0013, 35.29/s/gpu Batch (t): 0.9069 LR: 0.000076 Step: 350300 Total Loss: 0.2304 KL Loss: 0.0107 Recon Loss: 0.0075 Discriminator Loss: 0.0246 Perceptual Loss: 0.1876 
[12/01 00:19:32 Tokenizer]: Data (t): 0.0013, 34.35/s/gpu Batch (t): 0.9315 LR: 0.000076 Step: 350350 Total Loss: 0.2121 KL Loss: 0.0107 Recon Loss: 0.0082 Discriminator Loss: 0.0134 Perceptual Loss: 0.1798 
[12/01 00:20:19 Tokenizer]: Data (t): 0.0013, 35.79/s/gpu Batch (t): 0.8941 LR: 0.000076 Step: 350400 Total Loss: 0.2064 KL Loss: 0.0108 Recon Loss: 0.0066 Discriminator Loss: 0.0145 Perceptual Loss: 0.1745 
[12/01 00:21:05 Tokenizer]: Data (t): 0.0012, 33.30/s/gpu Batch (t): 0.9611 LR: 0.000076 Step: 350450 Total Loss: 0.2230 KL Loss: 0.0107 Recon Loss: 0.0062 Discriminator Loss: 0.0272 Perceptual Loss: 0.1789 
[12/01 00:21:52 Tokenizer]: Data (t): 0.0012, 33.08/s/gpu Batch (t): 0.9673 LR: 0.000076 Step: 350500 Total Loss: 0.2108 KL Loss: 0.0109 Recon Loss: 0.0069 Discriminator Loss: 0.0208 Perceptual Loss: 0.1721 
[12/01 00:21:53 Tokenizer]: Reconstructing images...
[12/01 00:22:43 Tokenizer]: Data (t): 0.0012, 34.49/s/gpu Batch (t): 0.9278 LR: 0.000076 Step: 350550 Total Loss: 0.2029 KL Loss: 0.0108 Recon Loss: 0.0068 Discriminator Loss: 0.0009 Perceptual Loss: 0.1844 
[12/01 00:23:29 Tokenizer]: Data (t): 0.0013, 34.09/s/gpu Batch (t): 0.9386 LR: 0.000076 Step: 350600 Total Loss: 0.2038 KL Loss: 0.0108 Recon Loss: 0.0073 Discriminator Loss: 0.0084 Perceptual Loss: 0.1772 
[12/01 00:24:15 Tokenizer]: Data (t): 0.0012, 34.95/s/gpu Batch (t): 0.9155 LR: 0.000076 Step: 350650 Total Loss: 0.2150 KL Loss: 0.0106 Recon Loss: 0.0065 Discriminator Loss: 0.0166 Perceptual Loss: 0.1813 
[12/01 00:25:02 Tokenizer]: Data (t): 0.0013, 34.32/s/gpu Batch (t): 0.9324 LR: 0.000076 Step: 350700 Total Loss: 0.2088 KL Loss: 0.0111 Recon Loss: 0.0075 Discriminator Loss: 0.0120 Perceptual Loss: 0.1782 
[12/01 00:25:48 Tokenizer]: Data (t): 0.0013, 33.39/s/gpu Batch (t): 0.9583 LR: 0.000076 Step: 350750 Total Loss: 0.1827 KL Loss: 0.0110 Recon Loss: 0.0068 Discriminator Loss: -0.0120 Perceptual Loss: 0.1769 
[12/01 00:26:36 Tokenizer]: Data (t): 0.0012, 32.65/s/gpu Batch (t): 0.9801 LR: 0.000076 Step: 350800 Total Loss: 0.1811 KL Loss: 0.0108 Recon Loss: 0.0072 Discriminator Loss: -0.0217 Perceptual Loss: 0.1849 
[12/01 00:27:23 Tokenizer]: Data (t): 0.0013, 34.13/s/gpu Batch (t): 0.9376 LR: 0.000076 Step: 350850 Total Loss: 0.2107 KL Loss: 0.0107 Recon Loss: 0.0063 Discriminator Loss: 0.0267 Perceptual Loss: 0.1670 
[12/01 00:28:10 Tokenizer]: Data (t): 0.0013, 35.15/s/gpu Batch (t): 0.9104 LR: 0.000076 Step: 350900 Total Loss: 0.2081 KL Loss: 0.0110 Recon Loss: 0.0080 Discriminator Loss: 0.0069 Perceptual Loss: 0.1822 
[12/01 00:28:56 Tokenizer]: Data (t): 0.0017, 35.36/s/gpu Batch (t): 0.9049 LR: 0.000076 Step: 350950 Total Loss: 0.1821 KL Loss: 0.0107 Recon Loss: 0.0069 Discriminator Loss: -0.0166 Perceptual Loss: 0.1811 
[12/01 00:29:43 Tokenizer]: Data (t): 0.0015, 30.38/s/gpu Batch (t): 1.0533 LR: 0.000076 Step: 351000 Total Loss: 0.1854 KL Loss: 0.0112 Recon Loss: 0.0097 Discriminator Loss: -0.0156 Perceptual Loss: 0.1801 
[12/01 00:29:43 Tokenizer]: Reconstructing images...
[12/01 00:30:31 Tokenizer]: Data (t): 0.0013, 35.18/s/gpu Batch (t): 0.9096 LR: 0.000076 Step: 351050 Total Loss: 0.1838 KL Loss: 0.0110 Recon Loss: 0.0084 Discriminator Loss: -0.0224 Perceptual Loss: 0.1867 
[12/01 00:31:19 Tokenizer]: Data (t): 0.0012, 34.32/s/gpu Batch (t): 0.9323 LR: 0.000076 Step: 351100 Total Loss: 0.1998 KL Loss: 0.0114 Recon Loss: 0.0064 Discriminator Loss: 0.0232 Perceptual Loss: 0.1588 
[12/01 00:32:06 Tokenizer]: Data (t): 0.0018, 34.10/s/gpu Batch (t): 0.9385 LR: 0.000076 Step: 351150 Total Loss: 0.1812 KL Loss: 0.0112 Recon Loss: 0.0063 Discriminator Loss: 0.0056 Perceptual Loss: 0.1582 
[12/01 00:32:52 Tokenizer]: Data (t): 0.0014, 34.69/s/gpu Batch (t): 0.9224 LR: 0.000076 Step: 351200 Total Loss: 0.1961 KL Loss: 0.0109 Recon Loss: 0.0074 Discriminator Loss: 0.0115 Perceptual Loss: 0.1662 
[12/01 00:33:39 Tokenizer]: Data (t): 0.0021, 31.38/s/gpu Batch (t): 1.0198 LR: 0.000076 Step: 351250 Total Loss: 0.1820 KL Loss: 0.0109 Recon Loss: 0.0067 Discriminator Loss: -0.0069 Perceptual Loss: 0.1712 
[12/01 00:34:25 Tokenizer]: Data (t): 0.0012, 34.77/s/gpu Batch (t): 0.9202 LR: 0.000076 Step: 351300 Total Loss: 0.1925 KL Loss: 0.0111 Recon Loss: 0.0069 Discriminator Loss: -0.0003 Perceptual Loss: 0.1749 
[12/01 00:35:12 Tokenizer]: Data (t): 0.0013, 34.94/s/gpu Batch (t): 0.9158 LR: 0.000076 Step: 351350 Total Loss: 0.1846 KL Loss: 0.0111 Recon Loss: 0.0089 Discriminator Loss: -0.0167 Perceptual Loss: 0.1814 
[12/01 00:35:59 Tokenizer]: Data (t): 0.0013, 27.85/s/gpu Batch (t): 1.1489 LR: 0.000076 Step: 351400 Total Loss: 0.1756 KL Loss: 0.0109 Recon Loss: 0.0071 Discriminator Loss: -0.0112 Perceptual Loss: 0.1689 
[12/01 00:36:46 Tokenizer]: Data (t): 0.0013, 35.57/s/gpu Batch (t): 0.8996 LR: 0.000076 Step: 351450 Total Loss: 0.2026 KL Loss: 0.0103 Recon Loss: 0.0059 Discriminator Loss: -0.0011 Perceptual Loss: 0.1875 
[12/01 00:37:33 Tokenizer]: Data (t): 0.0012, 36.34/s/gpu Batch (t): 0.8805 LR: 0.000076 Step: 351500 Total Loss: 0.1902 KL Loss: 0.0109 Recon Loss: 0.0067 Discriminator Loss: -0.0027 Perceptual Loss: 0.1753 
[12/01 00:37:33 Tokenizer]: Reconstructing images...
[12/01 00:38:20 Tokenizer]: Data (t): 0.0013, 33.79/s/gpu Batch (t): 0.9470 LR: 0.000076 Step: 351550 Total Loss: 0.2003 KL Loss: 0.0110 Recon Loss: 0.0078 Discriminator Loss: 0.0025 Perceptual Loss: 0.1790 
[12/01 00:39:07 Tokenizer]: Data (t): 0.0012, 34.08/s/gpu Batch (t): 0.9389 LR: 0.000076 Step: 351600 Total Loss: 0.2037 KL Loss: 0.0108 Recon Loss: 0.0071 Discriminator Loss: 0.0118 Perceptual Loss: 0.1739 
[12/01 00:39:54 Tokenizer]: Data (t): 0.0021, 34.17/s/gpu Batch (t): 0.9365 LR: 0.000076 Step: 351650 Total Loss: 0.2041 KL Loss: 0.0109 Recon Loss: 0.0064 Discriminator Loss: 0.0120 Perceptual Loss: 0.1749 
[12/01 00:40:42 Tokenizer]: Data (t): 0.0012, 34.86/s/gpu Batch (t): 0.9179 LR: 0.000076 Step: 351700 Total Loss: 0.2096 KL Loss: 0.0107 Recon Loss: 0.0067 Discriminator Loss: 0.0121 Perceptual Loss: 0.1800 
[12/01 00:41:29 Tokenizer]: Data (t): 0.0012, 33.27/s/gpu Batch (t): 0.9620 LR: 0.000076 Step: 351750 Total Loss: 0.1799 KL Loss: 0.0111 Recon Loss: 0.0067 Discriminator Loss: -0.0005 Perceptual Loss: 0.1626 
[12/01 00:42:15 Tokenizer]: Data (t): 0.0012, 35.24/s/gpu Batch (t): 0.9081 LR: 0.000076 Step: 351800 Total Loss: 0.1892 KL Loss: 0.0107 Recon Loss: 0.0071 Discriminator Loss: -0.0050 Perceptual Loss: 0.1763 
[12/01 00:43:02 Tokenizer]: Data (t): 0.0014, 35.57/s/gpu Batch (t): 0.8996 LR: 0.000076 Step: 351850 Total Loss: 0.2102 KL Loss: 0.0108 Recon Loss: 0.0061 Discriminator Loss: 0.0218 Perceptual Loss: 0.1714 
[12/01 00:43:48 Tokenizer]: Data (t): 0.0012, 35.03/s/gpu Batch (t): 0.9136 LR: 0.000076 Step: 351900 Total Loss: 0.2213 KL Loss: 0.0110 Recon Loss: 0.0067 Discriminator Loss: 0.0244 Perceptual Loss: 0.1792 
[12/01 00:44:36 Tokenizer]: Data (t): 0.0012, 33.47/s/gpu Batch (t): 0.9562 LR: 0.000076 Step: 351950 Total Loss: 0.1972 KL Loss: 0.0107 Recon Loss: 0.0080 Discriminator Loss: -0.0082 Perceptual Loss: 0.1866 
[12/01 00:45:23 Tokenizer]: Data (t): 0.0012, 28.78/s/gpu Batch (t): 1.1119 LR: 0.000076 Step: 352000 Total Loss: 0.2114 KL Loss: 0.0109 Recon Loss: 0.0072 Discriminator Loss: 0.0135 Perceptual Loss: 0.1798 
[12/01 00:45:24 Tokenizer]: Reconstructing images...
[12/01 00:46:11 Tokenizer]: Data (t): 0.0012, 34.62/s/gpu Batch (t): 0.9244 LR: 0.000076 Step: 352050 Total Loss: 0.1976 KL Loss: 0.0107 Recon Loss: 0.0066 Discriminator Loss: 0.0044 Perceptual Loss: 0.1759 
[12/01 00:46:58 Tokenizer]: Data (t): 0.0013, 33.28/s/gpu Batch (t): 0.9617 LR: 0.000076 Step: 352100 Total Loss: 0.1920 KL Loss: 0.0109 Recon Loss: 0.0064 Discriminator Loss: -0.0014 Perceptual Loss: 0.1761 
[12/01 00:47:44 Tokenizer]: Data (t): 0.0012, 34.90/s/gpu Batch (t): 0.9170 LR: 0.000076 Step: 352150 Total Loss: 0.1990 KL Loss: 0.0109 Recon Loss: 0.0068 Discriminator Loss: 0.0048 Perceptual Loss: 0.1764 
[12/01 00:48:31 Tokenizer]: Data (t): 0.0012, 34.69/s/gpu Batch (t): 0.9223 LR: 0.000076 Step: 352200 Total Loss: 0.2195 KL Loss: 0.0109 Recon Loss: 0.0080 Discriminator Loss: 0.0252 Perceptual Loss: 0.1754 
[12/01 00:49:19 Tokenizer]: Data (t): 0.0013, 34.91/s/gpu Batch (t): 0.9165 LR: 0.000076 Step: 352250 Total Loss: 0.1828 KL Loss: 0.0108 Recon Loss: 0.0065 Discriminator Loss: -0.0020 Perceptual Loss: 0.1675 
[12/01 00:50:06 Tokenizer]: Data (t): 0.0014, 35.01/s/gpu Batch (t): 0.9140 LR: 0.000076 Step: 352300 Total Loss: 0.1980 KL Loss: 0.0110 Recon Loss: 0.0063 Discriminator Loss: 0.0026 Perceptual Loss: 0.1782 
[12/01 00:50:52 Tokenizer]: Data (t): 0.0012, 34.57/s/gpu Batch (t): 0.9257 LR: 0.000076 Step: 352350 Total Loss: 0.1972 KL Loss: 0.0109 Recon Loss: 0.0059 Discriminator Loss: 0.0099 Perceptual Loss: 0.1704 
[12/01 00:51:39 Tokenizer]: Data (t): 0.0013, 36.02/s/gpu Batch (t): 0.8883 LR: 0.000076 Step: 352400 Total Loss: 0.2086 KL Loss: 0.0110 Recon Loss: 0.0067 Discriminator Loss: 0.0146 Perceptual Loss: 0.1763 
[12/01 00:52:25 Tokenizer]: Data (t): 0.0012, 32.72/s/gpu Batch (t): 0.9779 LR: 0.000076 Step: 352450 Total Loss: 0.1890 KL Loss: 0.0111 Recon Loss: 0.0068 Discriminator Loss: -0.0036 Perceptual Loss: 0.1748 
[12/01 00:53:13 Tokenizer]: Data (t): 0.0013, 34.71/s/gpu Batch (t): 0.9220 LR: 0.000076 Step: 352500 Total Loss: 0.1808 KL Loss: 0.0110 Recon Loss: 0.0066 Discriminator Loss: -0.0078 Perceptual Loss: 0.1710 
[12/01 00:53:13 Tokenizer]: Reconstructing images...
[12/01 00:54:01 Tokenizer]: Data (t): 0.0012, 34.39/s/gpu Batch (t): 0.9305 LR: 0.000076 Step: 352550 Total Loss: 0.2076 KL Loss: 0.0108 Recon Loss: 0.0076 Discriminator Loss: 0.0036 Perceptual Loss: 0.1857 
[12/01 00:54:48 Tokenizer]: Data (t): 0.0014, 35.12/s/gpu Batch (t): 0.9111 LR: 0.000076 Step: 352600 Total Loss: 0.2035 KL Loss: 0.0111 Recon Loss: 0.0068 Discriminator Loss: 0.0095 Perceptual Loss: 0.1762 
[12/01 00:55:34 Tokenizer]: Data (t): 0.0016, 33.46/s/gpu Batch (t): 0.9563 LR: 0.000076 Step: 352650 Total Loss: 0.2075 KL Loss: 0.0111 Recon Loss: 0.0076 Discriminator Loss: 0.0143 Perceptual Loss: 0.1746 
[12/01 00:56:21 Tokenizer]: Data (t): 0.0012, 34.34/s/gpu Batch (t): 0.9318 LR: 0.000076 Step: 352700 Total Loss: 0.1981 KL Loss: 0.0111 Recon Loss: 0.0082 Discriminator Loss: -0.0030 Perceptual Loss: 0.1818 
[12/01 00:57:07 Tokenizer]: Data (t): 0.0012, 34.71/s/gpu Batch (t): 0.9219 LR: 0.000076 Step: 352750 Total Loss: 0.1921 KL Loss: 0.0110 Recon Loss: 0.0080 Discriminator Loss: -0.0028 Perceptual Loss: 0.1759 
[12/01 00:57:55 Tokenizer]: Data (t): 0.0013, 30.90/s/gpu Batch (t): 1.0356 LR: 0.000076 Step: 352800 Total Loss: 0.2071 KL Loss: 0.0111 Recon Loss: 0.0073 Discriminator Loss: 0.0112 Perceptual Loss: 0.1775 
[12/01 00:58:42 Tokenizer]: Data (t): 0.0013, 33.96/s/gpu Batch (t): 0.9423 LR: 0.000076 Step: 352850 Total Loss: 0.2125 KL Loss: 0.0114 Recon Loss: 0.0068 Discriminator Loss: 0.0178 Perceptual Loss: 0.1765 
[12/01 00:59:29 Tokenizer]: Data (t): 0.0012, 34.54/s/gpu Batch (t): 0.9264 LR: 0.000076 Step: 352900 Total Loss: 0.2194 KL Loss: 0.0109 Recon Loss: 0.0060 Discriminator Loss: 0.0284 Perceptual Loss: 0.1740 
[12/01 01:00:15 Tokenizer]: Data (t): 0.0012, 36.32/s/gpu Batch (t): 0.8810 LR: 0.000076 Step: 352950 Total Loss: 0.2125 KL Loss: 0.0112 Recon Loss: 0.0059 Discriminator Loss: 0.0330 Perceptual Loss: 0.1624 
[12/01 01:01:02 Tokenizer]: Data (t): 0.0013, 30.82/s/gpu Batch (t): 1.0383 LR: 0.000076 Step: 353000 Total Loss: 0.2044 KL Loss: 0.0110 Recon Loss: 0.0063 Discriminator Loss: 0.0162 Perceptual Loss: 0.1710 
[12/01 01:01:02 Tokenizer]: Reconstructing images...
[12/01 01:01:49 Tokenizer]: Data (t): 0.0013, 34.93/s/gpu Batch (t): 0.9161 LR: 0.000076 Step: 353050 Total Loss: 0.2034 KL Loss: 0.0111 Recon Loss: 0.0069 Discriminator Loss: 0.0030 Perceptual Loss: 0.1824 
[12/01 01:02:37 Tokenizer]: Data (t): 0.0012, 35.07/s/gpu Batch (t): 0.9125 LR: 0.000076 Step: 353100 Total Loss: 0.1874 KL Loss: 0.0111 Recon Loss: 0.0064 Discriminator Loss: -0.0000 Perceptual Loss: 0.1699 
[12/01 01:03:24 Tokenizer]: Data (t): 0.0012, 33.24/s/gpu Batch (t): 0.9628 LR: 0.000076 Step: 353150 Total Loss: 0.1837 KL Loss: 0.0109 Recon Loss: 0.0064 Discriminator Loss: 0.0011 Perceptual Loss: 0.1653 
[12/01 01:04:11 Tokenizer]: Data (t): 0.0013, 35.83/s/gpu Batch (t): 0.8930 LR: 0.000076 Step: 353200 Total Loss: 0.2099 KL Loss: 0.0111 Recon Loss: 0.0072 Discriminator Loss: 0.0180 Perceptual Loss: 0.1736 
[12/01 01:04:57 Tokenizer]: Data (t): 0.0012, 35.69/s/gpu Batch (t): 0.8967 LR: 0.000076 Step: 353250 Total Loss: 0.1918 KL Loss: 0.0109 Recon Loss: 0.0068 Discriminator Loss: 0.0003 Perceptual Loss: 0.1738 
[12/01 01:05:44 Tokenizer]: Data (t): 0.0012, 34.82/s/gpu Batch (t): 0.9190 LR: 0.000076 Step: 353300 Total Loss: 0.1901 KL Loss: 0.0111 Recon Loss: 0.0073 Discriminator Loss: -0.0037 Perceptual Loss: 0.1754 
[12/01 01:06:30 Tokenizer]: Data (t): 0.0019, 32.25/s/gpu Batch (t): 0.9922 LR: 0.000076 Step: 353350 Total Loss: 0.1910 KL Loss: 0.0108 Recon Loss: 0.0081 Discriminator Loss: -0.0067 Perceptual Loss: 0.1789 
[12/01 01:07:18 Tokenizer]: Data (t): 0.0012, 35.21/s/gpu Batch (t): 0.9088 LR: 0.000076 Step: 353400 Total Loss: 0.2109 KL Loss: 0.0110 Recon Loss: 0.0067 Discriminator Loss: 0.0155 Perceptual Loss: 0.1777 
[12/01 01:08:04 Tokenizer]: Data (t): 0.0013, 35.98/s/gpu Batch (t): 0.8893 LR: 0.000076 Step: 353450 Total Loss: 0.1870 KL Loss: 0.0108 Recon Loss: 0.0071 Discriminator Loss: -0.0018 Perceptual Loss: 0.1709 
[12/01 01:08:51 Tokenizer]: Data (t): 0.0012, 34.73/s/gpu Batch (t): 0.9213 LR: 0.000076 Step: 353500 Total Loss: 0.2039 KL Loss: 0.0110 Recon Loss: 0.0081 Discriminator Loss: 0.0020 Perceptual Loss: 0.1829 
[12/01 01:08:52 Tokenizer]: Reconstructing images...
[12/01 01:09:39 Tokenizer]: Data (t): 0.0012, 35.20/s/gpu Batch (t): 0.9091 LR: 0.000076 Step: 353550 Total Loss: 0.1861 KL Loss: 0.0112 Recon Loss: 0.0064 Discriminator Loss: 0.0019 Perceptual Loss: 0.1667 
[12/01 01:10:26 Tokenizer]: Data (t): 0.0012, 34.64/s/gpu Batch (t): 0.9237 LR: 0.000076 Step: 353600 Total Loss: 0.2000 KL Loss: 0.0112 Recon Loss: 0.0074 Discriminator Loss: 0.0062 Perceptual Loss: 0.1751 
[12/01 01:11:13 Tokenizer]: Data (t): 0.0012, 34.84/s/gpu Batch (t): 0.9185 LR: 0.000076 Step: 353650 Total Loss: 0.1993 KL Loss: 0.0108 Recon Loss: 0.0065 Discriminator Loss: 0.0152 Perceptual Loss: 0.1667 
[12/01 01:11:59 Tokenizer]: Data (t): 0.0012, 33.67/s/gpu Batch (t): 0.9505 LR: 0.000076 Step: 353700 Total Loss: 0.1829 KL Loss: 0.0110 Recon Loss: 0.0080 Discriminator Loss: -0.0215 Perceptual Loss: 0.1854 
[12/01 01:12:47 Tokenizer]: Data (t): 0.0012, 32.25/s/gpu Batch (t): 0.9923 LR: 0.000076 Step: 353750 Total Loss: 0.2045 KL Loss: 0.0110 Recon Loss: 0.0071 Discriminator Loss: 0.0179 Perceptual Loss: 0.1685 
[12/01 01:13:33 Tokenizer]: Data (t): 0.0012, 32.68/s/gpu Batch (t): 0.9792 LR: 0.000076 Step: 353800 Total Loss: 0.1717 KL Loss: 0.0112 Recon Loss: 0.0064 Discriminator Loss: -0.0172 Perceptual Loss: 0.1713 
[12/01 01:14:20 Tokenizer]: Data (t): 0.0012, 34.94/s/gpu Batch (t): 0.9160 LR: 0.000076 Step: 353850 Total Loss: 0.1932 KL Loss: 0.0111 Recon Loss: 0.0071 Discriminator Loss: 0.0020 Perceptual Loss: 0.1730 
[12/01 01:15:07 Tokenizer]: Data (t): 0.0012, 32.98/s/gpu Batch (t): 0.9703 LR: 0.000076 Step: 353900 Total Loss: 0.1919 KL Loss: 0.0113 Recon Loss: 0.0074 Discriminator Loss: 0.0041 Perceptual Loss: 0.1690 
[12/01 01:15:54 Tokenizer]: Data (t): 0.0012, 33.66/s/gpu Batch (t): 0.9507 LR: 0.000076 Step: 353950 Total Loss: 0.2018 KL Loss: 0.0111 Recon Loss: 0.0063 Discriminator Loss: 0.0110 Perceptual Loss: 0.1734 
[12/01 01:16:41 Tokenizer]: Data (t): 0.0012, 31.02/s/gpu Batch (t): 1.0317 LR: 0.000076 Step: 354000 Total Loss: 0.1857 KL Loss: 0.0110 Recon Loss: 0.0062 Discriminator Loss: -0.0027 Perceptual Loss: 0.1713 
[12/01 01:16:42 Tokenizer]: Reconstructing images...
[12/01 01:17:29 Tokenizer]: Data (t): 0.0013, 35.57/s/gpu Batch (t): 0.8996 LR: 0.000076 Step: 354050 Total Loss: 0.1952 KL Loss: 0.0110 Recon Loss: 0.0070 Discriminator Loss: 0.0037 Perceptual Loss: 0.1735 
[12/01 01:18:15 Tokenizer]: Data (t): 0.0012, 35.65/s/gpu Batch (t): 0.8977 LR: 0.000076 Step: 354100 Total Loss: 0.2074 KL Loss: 0.0110 Recon Loss: 0.0068 Discriminator Loss: 0.0210 Perceptual Loss: 0.1686 
[12/01 01:19:02 Tokenizer]: Data (t): 0.0013, 36.18/s/gpu Batch (t): 0.8845 LR: 0.000076 Step: 354150 Total Loss: 0.1910 KL Loss: 0.0111 Recon Loss: 0.0077 Discriminator Loss: -0.0047 Perceptual Loss: 0.1768 
[12/01 01:19:49 Tokenizer]: Data (t): 0.0013, 35.20/s/gpu Batch (t): 0.9090 LR: 0.000076 Step: 354200 Total Loss: 0.2019 KL Loss: 0.0111 Recon Loss: 0.0064 Discriminator Loss: 0.0149 Perceptual Loss: 0.1694 
[12/01 01:20:36 Tokenizer]: Data (t): 0.0012, 29.40/s/gpu Batch (t): 1.0883 LR: 0.000076 Step: 354250 Total Loss: 0.1885 KL Loss: 0.0110 Recon Loss: 0.0071 Discriminator Loss: -0.0073 Perceptual Loss: 0.1777 
[12/01 01:21:23 Tokenizer]: Data (t): 0.0012, 34.56/s/gpu Batch (t): 0.9258 LR: 0.000076 Step: 354300 Total Loss: 0.1861 KL Loss: 0.0108 Recon Loss: 0.0079 Discriminator Loss: -0.0037 Perceptual Loss: 0.1712 
[12/01 01:22:10 Tokenizer]: Data (t): 0.0012, 33.49/s/gpu Batch (t): 0.9554 LR: 0.000076 Step: 354350 Total Loss: 0.1783 KL Loss: 0.0112 Recon Loss: 0.0059 Discriminator Loss: 0.0001 Perceptual Loss: 0.1611 
[12/01 01:22:57 Tokenizer]: Data (t): 0.0012, 34.76/s/gpu Batch (t): 0.9207 LR: 0.000076 Step: 354400 Total Loss: 0.1914 KL Loss: 0.0111 Recon Loss: 0.0069 Discriminator Loss: -0.0016 Perceptual Loss: 0.1750 
[12/01 01:23:43 Tokenizer]: Data (t): 0.0019, 34.93/s/gpu Batch (t): 0.9160 LR: 0.000076 Step: 354450 Total Loss: 0.1658 KL Loss: 0.0108 Recon Loss: 0.0071 Discriminator Loss: -0.0379 Perceptual Loss: 0.1859 
[12/01 01:24:31 Tokenizer]: Data (t): 0.0012, 25.95/s/gpu Batch (t): 1.2331 LR: 0.000076 Step: 354500 Total Loss: 0.2023 KL Loss: 0.0108 Recon Loss: 0.0069 Discriminator Loss: 0.0158 Perceptual Loss: 0.1688 
[12/01 01:24:32 Tokenizer]: Reconstructing images...
[12/01 01:25:19 Tokenizer]: Data (t): 0.0013, 33.19/s/gpu Batch (t): 0.9641 LR: 0.000076 Step: 354550 Total Loss: 0.1993 KL Loss: 0.0112 Recon Loss: 0.0071 Discriminator Loss: 0.0045 Perceptual Loss: 0.1765 
[12/01 01:26:06 Tokenizer]: Data (t): 0.0014, 34.85/s/gpu Batch (t): 0.9181 LR: 0.000076 Step: 354600 Total Loss: 0.1981 KL Loss: 0.0112 Recon Loss: 0.0061 Discriminator Loss: 0.0225 Perceptual Loss: 0.1583 
[12/01 01:26:53 Tokenizer]: Data (t): 0.0012, 32.79/s/gpu Batch (t): 0.9760 LR: 0.000076 Step: 354650 Total Loss: 0.1856 KL Loss: 0.0113 Recon Loss: 0.0066 Discriminator Loss: -0.0043 Perceptual Loss: 0.1721 
[12/01 01:27:39 Tokenizer]: Data (t): 0.0012, 36.10/s/gpu Batch (t): 0.8865 LR: 0.000076 Step: 354700 Total Loss: 0.1972 KL Loss: 0.0110 Recon Loss: 0.0062 Discriminator Loss: 0.0097 Perceptual Loss: 0.1703 
[12/01 01:28:25 Tokenizer]: Data (t): 0.0013, 35.29/s/gpu Batch (t): 0.9067 LR: 0.000076 Step: 354750 Total Loss: 0.1860 KL Loss: 0.0111 Recon Loss: 0.0079 Discriminator Loss: -0.0117 Perceptual Loss: 0.1786 
[12/01 01:29:13 Tokenizer]: Data (t): 0.0012, 33.96/s/gpu Batch (t): 0.9423 LR: 0.000076 Step: 354800 Total Loss: 0.1767 KL Loss: 0.0108 Recon Loss: 0.0053 Discriminator Loss: -0.0015 Perceptual Loss: 0.1620 
[12/01 01:30:00 Tokenizer]: Data (t): 0.0013, 34.34/s/gpu Batch (t): 0.9319 LR: 0.000076 Step: 354850 Total Loss: 0.1896 KL Loss: 0.0105 Recon Loss: 0.0065 Discriminator Loss: -0.0017 Perceptual Loss: 0.1743 
[12/01 01:30:46 Tokenizer]: Data (t): 0.0012, 35.62/s/gpu Batch (t): 0.8983 LR: 0.000076 Step: 354900 Total Loss: 0.1905 KL Loss: 0.0109 Recon Loss: 0.0070 Discriminator Loss: -0.0038 Perceptual Loss: 0.1764 
[12/01 01:31:33 Tokenizer]: Data (t): 0.0012, 34.74/s/gpu Batch (t): 0.9213 LR: 0.000076 Step: 354950 Total Loss: 0.2157 KL Loss: 0.0107 Recon Loss: 0.0061 Discriminator Loss: 0.0246 Perceptual Loss: 0.1743 
[12/01 01:32:20 Tokenizer]: Data (t): 0.0012, 31.64/s/gpu Batch (t): 1.0115 LR: 0.000076 Step: 355000 Total Loss: 0.2017 KL Loss: 0.0109 Recon Loss: 0.0071 Discriminator Loss: 0.0084 Perceptual Loss: 0.1753 
[12/01 01:32:21 Tokenizer]: Reconstructing images...
[12/01 01:33:08 Tokenizer]: Data (t): 0.0013, 35.29/s/gpu Batch (t): 0.9067 LR: 0.000076 Step: 355050 Total Loss: 0.1950 KL Loss: 0.0107 Recon Loss: 0.0067 Discriminator Loss: 0.0060 Perceptual Loss: 0.1716 
[12/01 01:33:55 Tokenizer]: Data (t): 0.0012, 33.39/s/gpu Batch (t): 0.9583 LR: 0.000076 Step: 355100 Total Loss: 0.1812 KL Loss: 0.0111 Recon Loss: 0.0060 Discriminator Loss: -0.0022 Perceptual Loss: 0.1662 
[12/01 01:34:42 Tokenizer]: Data (t): 0.0013, 34.86/s/gpu Batch (t): 0.9179 LR: 0.000076 Step: 355150 Total Loss: 0.1862 KL Loss: 0.0109 Recon Loss: 0.0073 Discriminator Loss: -0.0155 Perceptual Loss: 0.1835 
[12/01 01:35:29 Tokenizer]: Data (t): 0.0012, 35.80/s/gpu Batch (t): 0.8938 LR: 0.000076 Step: 355200 Total Loss: 0.1724 KL Loss: 0.0106 Recon Loss: 0.0072 Discriminator Loss: -0.0162 Perceptual Loss: 0.1707 
[12/01 01:36:16 Tokenizer]: Data (t): 0.0012, 34.81/s/gpu Batch (t): 0.9194 LR: 0.000076 Step: 355250 Total Loss: 0.1874 KL Loss: 0.0113 Recon Loss: 0.0076 Discriminator Loss: -0.0036 Perceptual Loss: 0.1722 
[12/01 01:37:03 Tokenizer]: Data (t): 0.0012, 29.59/s/gpu Batch (t): 1.0816 LR: 0.000076 Step: 355300 Total Loss: 0.1860 KL Loss: 0.0110 Recon Loss: 0.0062 Discriminator Loss: 0.0094 Perceptual Loss: 0.1594 
[12/01 01:37:50 Tokenizer]: Data (t): 0.0013, 33.51/s/gpu Batch (t): 0.9551 LR: 0.000076 Step: 355350 Total Loss: 0.2024 KL Loss: 0.0109 Recon Loss: 0.0077 Discriminator Loss: 0.0064 Perceptual Loss: 0.1774 
[12/01 01:38:37 Tokenizer]: Data (t): 0.0012, 34.84/s/gpu Batch (t): 0.9185 LR: 0.000076 Step: 355400 Total Loss: 0.1943 KL Loss: 0.0110 Recon Loss: 0.0061 Discriminator Loss: 0.0141 Perceptual Loss: 0.1631 
[12/01 01:39:24 Tokenizer]: Data (t): 0.0013, 34.38/s/gpu Batch (t): 0.9307 LR: 0.000076 Step: 355450 Total Loss: 0.1959 KL Loss: 0.0109 Recon Loss: 0.0066 Discriminator Loss: 0.0056 Perceptual Loss: 0.1727 
[12/01 01:40:11 Tokenizer]: Data (t): 0.0014, 34.23/s/gpu Batch (t): 0.9348 LR: 0.000076 Step: 355500 Total Loss: 0.1772 KL Loss: 0.0109 Recon Loss: 0.0070 Discriminator Loss: -0.0215 Perceptual Loss: 0.1809 
[12/01 01:40:11 Tokenizer]: Reconstructing images...
[12/01 01:40:58 Tokenizer]: Data (t): 0.0013, 36.48/s/gpu Batch (t): 0.8773 LR: 0.000076 Step: 355550 Total Loss: 0.1901 KL Loss: 0.0109 Recon Loss: 0.0077 Discriminator Loss: 0.0017 Perceptual Loss: 0.1698 
[12/01 01:41:45 Tokenizer]: Data (t): 0.0012, 34.50/s/gpu Batch (t): 0.9275 LR: 0.000076 Step: 355600 Total Loss: 0.1837 KL Loss: 0.0109 Recon Loss: 0.0075 Discriminator Loss: -0.0117 Perceptual Loss: 0.1770 
[12/01 01:42:32 Tokenizer]: Data (t): 0.0013, 32.55/s/gpu Batch (t): 0.9832 LR: 0.000076 Step: 355650 Total Loss: 0.1835 KL Loss: 0.0109 Recon Loss: 0.0062 Discriminator Loss: 0.0005 Perceptual Loss: 0.1659 
[12/01 01:43:20 Tokenizer]: Data (t): 0.0013, 30.39/s/gpu Batch (t): 1.0530 LR: 0.000076 Step: 355700 Total Loss: 0.1817 KL Loss: 0.0111 Recon Loss: 0.0064 Discriminator Loss: -0.0020 Perceptual Loss: 0.1662 
[12/01 01:44:06 Tokenizer]: Data (t): 0.0013, 34.94/s/gpu Batch (t): 0.9158 LR: 0.000076 Step: 355750 Total Loss: 0.1818 KL Loss: 0.0107 Recon Loss: 0.0071 Discriminator Loss: -0.0142 Perceptual Loss: 0.1782 
[12/01 01:44:53 Tokenizer]: Data (t): 0.0012, 36.01/s/gpu Batch (t): 0.8886 LR: 0.000076 Step: 355800 Total Loss: 0.1958 KL Loss: 0.0108 Recon Loss: 0.0074 Discriminator Loss: 0.0021 Perceptual Loss: 0.1756 
[12/01 01:45:39 Tokenizer]: Data (t): 0.0012, 35.15/s/gpu Batch (t): 0.9105 LR: 0.000076 Step: 355850 Total Loss: 0.1984 KL Loss: 0.0109 Recon Loss: 0.0072 Discriminator Loss: 0.0047 Perceptual Loss: 0.1756 
[12/01 01:46:26 Tokenizer]: Data (t): 0.0012, 35.41/s/gpu Batch (t): 0.9038 LR: 0.000076 Step: 355900 Total Loss: 0.1908 KL Loss: 0.0111 Recon Loss: 0.0069 Discriminator Loss: -0.0038 Perceptual Loss: 0.1767 
[12/01 01:47:13 Tokenizer]: Data (t): 0.0012, 36.37/s/gpu Batch (t): 0.8798 LR: 0.000075 Step: 355950 Total Loss: 0.1965 KL Loss: 0.0108 Recon Loss: 0.0071 Discriminator Loss: 0.0072 Perceptual Loss: 0.1713 
[12/01 01:48:00 Tokenizer]: Data (t): 0.0012, 32.08/s/gpu Batch (t): 0.9976 LR: 0.000075 Step: 356000 Total Loss: 0.1983 KL Loss: 0.0109 Recon Loss: 0.0067 Discriminator Loss: 0.0136 Perceptual Loss: 0.1671 
[12/01 01:48:01 Tokenizer]: Reconstructing images...
[12/01 01:48:48 Tokenizer]: Data (t): 0.0012, 35.56/s/gpu Batch (t): 0.9000 LR: 0.000075 Step: 356050 Total Loss: 0.1869 KL Loss: 0.0108 Recon Loss: 0.0075 Discriminator Loss: -0.0110 Perceptual Loss: 0.1796 
[12/01 01:49:35 Tokenizer]: Data (t): 0.0012, 33.78/s/gpu Batch (t): 0.9472 LR: 0.000075 Step: 356100 Total Loss: 0.1872 KL Loss: 0.0110 Recon Loss: 0.0063 Discriminator Loss: 0.0031 Perceptual Loss: 0.1667 
[12/01 01:50:21 Tokenizer]: Data (t): 0.0013, 35.47/s/gpu Batch (t): 0.9021 LR: 0.000075 Step: 356150 Total Loss: 0.1857 KL Loss: 0.0107 Recon Loss: 0.0089 Discriminator Loss: -0.0205 Perceptual Loss: 0.1866 
[12/01 01:51:09 Tokenizer]: Data (t): 0.0012, 34.74/s/gpu Batch (t): 0.9210 LR: 0.000075 Step: 356200 Total Loss: 0.1882 KL Loss: 0.0110 Recon Loss: 0.0061 Discriminator Loss: 0.0044 Perceptual Loss: 0.1667 
[12/01 01:51:57 Tokenizer]: Data (t): 0.0012, 34.28/s/gpu Batch (t): 0.9334 LR: 0.000075 Step: 356250 Total Loss: 0.1992 KL Loss: 0.0110 Recon Loss: 0.0069 Discriminator Loss: 0.0074 Perceptual Loss: 0.1738 
[12/01 01:52:43 Tokenizer]: Data (t): 0.0013, 34.85/s/gpu Batch (t): 0.9183 LR: 0.000075 Step: 356300 Total Loss: 0.1791 KL Loss: 0.0111 Recon Loss: 0.0061 Discriminator Loss: -0.0063 Perceptual Loss: 0.1682 
[12/01 01:53:30 Tokenizer]: Data (t): 0.0013, 35.09/s/gpu Batch (t): 0.9120 LR: 0.000075 Step: 356350 Total Loss: 0.2001 KL Loss: 0.0113 Recon Loss: 0.0074 Discriminator Loss: 0.0045 Perceptual Loss: 0.1770 
[12/01 01:54:16 Tokenizer]: Data (t): 0.0012, 36.70/s/gpu Batch (t): 0.8720 LR: 0.000075 Step: 356400 Total Loss: 0.1905 KL Loss: 0.0111 Recon Loss: 0.0063 Discriminator Loss: 0.0002 Perceptual Loss: 0.1730 
[12/01 01:55:03 Tokenizer]: Data (t): 0.0013, 34.96/s/gpu Batch (t): 0.9155 LR: 0.000075 Step: 356450 Total Loss: 0.1520 KL Loss: 0.0112 Recon Loss: 0.0061 Discriminator Loss: -0.0374 Perceptual Loss: 0.1721 
[12/01 01:55:51 Tokenizer]: Data (t): 0.0012, 33.19/s/gpu Batch (t): 0.9643 LR: 0.000075 Step: 356500 Total Loss: 0.1982 KL Loss: 0.0113 Recon Loss: 0.0065 Discriminator Loss: 0.0063 Perceptual Loss: 0.1741 
[12/01 01:55:52 Tokenizer]: Reconstructing images...
[12/01 01:56:39 Tokenizer]: Data (t): 0.0012, 34.76/s/gpu Batch (t): 0.9206 LR: 0.000075 Step: 356550 Total Loss: 0.2037 KL Loss: 0.0109 Recon Loss: 0.0060 Discriminator Loss: 0.0138 Perceptual Loss: 0.1729 
[12/01 01:57:26 Tokenizer]: Data (t): 0.0019, 32.91/s/gpu Batch (t): 0.9724 LR: 0.000075 Step: 356600 Total Loss: 0.1793 KL Loss: 0.0111 Recon Loss: 0.0067 Discriminator Loss: -0.0065 Perceptual Loss: 0.1681 
[12/01 01:58:12 Tokenizer]: Data (t): 0.0012, 35.87/s/gpu Batch (t): 0.8920 LR: 0.000075 Step: 356650 Total Loss: 0.1970 KL Loss: 0.0106 Recon Loss: 0.0070 Discriminator Loss: -0.0012 Perceptual Loss: 0.1807 
[12/01 01:58:59 Tokenizer]: Data (t): 0.0012, 35.16/s/gpu Batch (t): 0.9100 LR: 0.000075 Step: 356700 Total Loss: 0.1868 KL Loss: 0.0112 Recon Loss: 0.0064 Discriminator Loss: 0.0032 Perceptual Loss: 0.1659 
[12/01 01:59:46 Tokenizer]: Data (t): 0.0013, 36.47/s/gpu Batch (t): 0.8775 LR: 0.000075 Step: 356750 Total Loss: 0.1884 KL Loss: 0.0105 Recon Loss: 0.0071 Discriminator Loss: -0.0103 Perceptual Loss: 0.1811 
[12/01 02:00:33 Tokenizer]: Data (t): 0.0012, 30.15/s/gpu Batch (t): 1.0614 LR: 0.000075 Step: 356800 Total Loss: 0.2107 KL Loss: 0.0109 Recon Loss: 0.0070 Discriminator Loss: 0.0179 Perceptual Loss: 0.1749 
[12/01 02:01:20 Tokenizer]: Data (t): 0.0012, 34.79/s/gpu Batch (t): 0.9198 LR: 0.000075 Step: 356850 Total Loss: 0.2144 KL Loss: 0.0109 Recon Loss: 0.0075 Discriminator Loss: 0.0171 Perceptual Loss: 0.1789 
[12/01 02:02:06 Tokenizer]: Data (t): 0.0012, 35.42/s/gpu Batch (t): 0.9034 LR: 0.000075 Step: 356900 Total Loss: 0.2229 KL Loss: 0.0109 Recon Loss: 0.0067 Discriminator Loss: 0.0322 Perceptual Loss: 0.1732 
[12/01 02:02:53 Tokenizer]: Data (t): 0.0012, 35.08/s/gpu Batch (t): 0.9123 LR: 0.000075 Step: 356950 Total Loss: 0.1530 KL Loss: 0.0112 Recon Loss: 0.0057 Discriminator Loss: -0.0288 Perceptual Loss: 0.1650 
[12/01 02:03:40 Tokenizer]: Data (t): 0.0012, 31.78/s/gpu Batch (t): 1.0069 LR: 0.000075 Step: 357000 Total Loss: 0.2187 KL Loss: 0.0111 Recon Loss: 0.0075 Discriminator Loss: 0.0148 Perceptual Loss: 0.1853 
[12/01 02:03:40 Tokenizer]: Reconstructing images...
[12/01 02:04:29 Tokenizer]: Data (t): 0.0012, 34.65/s/gpu Batch (t): 0.9236 LR: 0.000075 Step: 357050 Total Loss: 0.1830 KL Loss: 0.0110 Recon Loss: 0.0061 Discriminator Loss: 0.0016 Perceptual Loss: 0.1642 
[12/01 02:05:15 Tokenizer]: Data (t): 0.0013, 34.60/s/gpu Batch (t): 0.9250 LR: 0.000075 Step: 357100 Total Loss: 0.2164 KL Loss: 0.0109 Recon Loss: 0.0075 Discriminator Loss: 0.0155 Perceptual Loss: 0.1825 
[12/01 02:06:02 Tokenizer]: Data (t): 0.0012, 35.04/s/gpu Batch (t): 0.9133 LR: 0.000075 Step: 357150 Total Loss: 0.1676 KL Loss: 0.0112 Recon Loss: 0.0067 Discriminator Loss: -0.0153 Perceptual Loss: 0.1650 
[12/01 02:06:48 Tokenizer]: Data (t): 0.0012, 35.20/s/gpu Batch (t): 0.9091 LR: 0.000075 Step: 357200 Total Loss: 0.1864 KL Loss: 0.0110 Recon Loss: 0.0064 Discriminator Loss: -0.0046 Perceptual Loss: 0.1737 
[12/01 02:07:36 Tokenizer]: Data (t): 0.0013, 35.01/s/gpu Batch (t): 0.9140 LR: 0.000075 Step: 357250 Total Loss: 0.2056 KL Loss: 0.0111 Recon Loss: 0.0067 Discriminator Loss: 0.0190 Perceptual Loss: 0.1688 
[12/01 02:08:22 Tokenizer]: Data (t): 0.0016, 34.46/s/gpu Batch (t): 0.9286 LR: 0.000075 Step: 357300 Total Loss: 0.1951 KL Loss: 0.0111 Recon Loss: 0.0076 Discriminator Loss: -0.0060 Perceptual Loss: 0.1823 
[12/01 02:09:09 Tokenizer]: Data (t): 0.0012, 35.08/s/gpu Batch (t): 0.9122 LR: 0.000075 Step: 357350 Total Loss: 0.1915 KL Loss: 0.0111 Recon Loss: 0.0061 Discriminator Loss: 0.0118 Perceptual Loss: 0.1626 
[12/01 02:09:56 Tokenizer]: Data (t): 0.0012, 35.17/s/gpu Batch (t): 0.9099 LR: 0.000075 Step: 357400 Total Loss: 0.1969 KL Loss: 0.0107 Recon Loss: 0.0073 Discriminator Loss: -0.0071 Perceptual Loss: 0.1860 
[12/01 02:10:43 Tokenizer]: Data (t): 0.0023, 33.90/s/gpu Batch (t): 0.9440 LR: 0.000075 Step: 357450 Total Loss: 0.1837 KL Loss: 0.0109 Recon Loss: 0.0078 Discriminator Loss: -0.0082 Perceptual Loss: 0.1733 
[12/01 02:11:30 Tokenizer]: Data (t): 0.0012, 33.17/s/gpu Batch (t): 0.9649 LR: 0.000075 Step: 357500 Total Loss: 0.1879 KL Loss: 0.0109 Recon Loss: 0.0071 Discriminator Loss: 0.0011 Perceptual Loss: 0.1688 
[12/01 02:11:30 Tokenizer]: Reconstructing images...
[12/01 02:12:17 Tokenizer]: Data (t): 0.0018, 34.29/s/gpu Batch (t): 0.9331 LR: 0.000075 Step: 357550 Total Loss: 0.2134 KL Loss: 0.0112 Recon Loss: 0.0069 Discriminator Loss: 0.0198 Perceptual Loss: 0.1755 
[12/01 02:13:05 Tokenizer]: Data (t): 0.0013, 34.58/s/gpu Batch (t): 0.9255 LR: 0.000075 Step: 357600 Total Loss: 0.1670 KL Loss: 0.0111 Recon Loss: 0.0070 Discriminator Loss: -0.0140 Perceptual Loss: 0.1630 
[12/01 02:13:52 Tokenizer]: Data (t): 0.0012, 34.85/s/gpu Batch (t): 0.9183 LR: 0.000075 Step: 357650 Total Loss: 0.2010 KL Loss: 0.0108 Recon Loss: 0.0068 Discriminator Loss: 0.0033 Perceptual Loss: 0.1801 
[12/01 02:14:39 Tokenizer]: Data (t): 0.0012, 32.49/s/gpu Batch (t): 0.9850 LR: 0.000075 Step: 357700 Total Loss: 0.1897 KL Loss: 0.0108 Recon Loss: 0.0070 Discriminator Loss: 0.0012 Perceptual Loss: 0.1708 
[12/01 02:15:26 Tokenizer]: Data (t): 0.0012, 33.08/s/gpu Batch (t): 0.9674 LR: 0.000075 Step: 357750 Total Loss: 0.1888 KL Loss: 0.0108 Recon Loss: 0.0066 Discriminator Loss: -0.0003 Perceptual Loss: 0.1716 
[12/01 02:16:12 Tokenizer]: Data (t): 0.0013, 35.22/s/gpu Batch (t): 0.9086 LR: 0.000075 Step: 357800 Total Loss: 0.1873 KL Loss: 0.0113 Recon Loss: 0.0058 Discriminator Loss: 0.0072 Perceptual Loss: 0.1631 
[12/01 02:16:59 Tokenizer]: Data (t): 0.0012, 29.12/s/gpu Batch (t): 1.0989 LR: 0.000075 Step: 357850 Total Loss: 0.1759 KL Loss: 0.0111 Recon Loss: 0.0056 Discriminator Loss: -0.0062 Perceptual Loss: 0.1653 
[12/01 02:17:47 Tokenizer]: Data (t): 0.0013, 34.87/s/gpu Batch (t): 0.9176 LR: 0.000075 Step: 357900 Total Loss: 0.2106 KL Loss: 0.0108 Recon Loss: 0.0064 Discriminator Loss: 0.0277 Perceptual Loss: 0.1656 
[12/01 02:18:33 Tokenizer]: Data (t): 0.0012, 34.60/s/gpu Batch (t): 0.9248 LR: 0.000075 Step: 357950 Total Loss: 0.1896 KL Loss: 0.0105 Recon Loss: 0.0063 Discriminator Loss: -0.0015 Perceptual Loss: 0.1743 
[12/01 02:19:20 Tokenizer]: Data (t): 0.0012, 30.15/s/gpu Batch (t): 1.0612 LR: 0.000075 Step: 358000 Total Loss: 0.1998 KL Loss: 0.0112 Recon Loss: 0.0069 Discriminator Loss: 0.0230 Perceptual Loss: 0.1588 
[12/01 02:19:21 Tokenizer]: Reconstructing images...
[12/01 02:20:07 Tokenizer]: Data (t): 0.0012, 35.61/s/gpu Batch (t): 0.8985 LR: 0.000075 Step: 358050 Total Loss: 0.1869 KL Loss: 0.0108 Recon Loss: 0.0060 Discriminator Loss: 0.0053 Perceptual Loss: 0.1648 
[12/01 02:20:54 Tokenizer]: Data (t): 0.0013, 33.77/s/gpu Batch (t): 0.9477 LR: 0.000075 Step: 358100 Total Loss: 0.2085 KL Loss: 0.0106 Recon Loss: 0.0067 Discriminator Loss: 0.0083 Perceptual Loss: 0.1829 
[12/01 02:21:41 Tokenizer]: Data (t): 0.0013, 34.04/s/gpu Batch (t): 0.9400 LR: 0.000075 Step: 358150 Total Loss: 0.2041 KL Loss: 0.0107 Recon Loss: 0.0061 Discriminator Loss: 0.0182 Perceptual Loss: 0.1692 
[12/01 02:22:29 Tokenizer]: Data (t): 0.0012, 33.47/s/gpu Batch (t): 0.9561 LR: 0.000075 Step: 358200 Total Loss: 0.1993 KL Loss: 0.0107 Recon Loss: 0.0067 Discriminator Loss: 0.0062 Perceptual Loss: 0.1757 
[12/01 02:23:15 Tokenizer]: Data (t): 0.0012, 35.58/s/gpu Batch (t): 0.8994 LR: 0.000075 Step: 358250 Total Loss: 0.1853 KL Loss: 0.0109 Recon Loss: 0.0065 Discriminator Loss: -0.0070 Perceptual Loss: 0.1749 
[12/01 02:24:03 Tokenizer]: Data (t): 0.0014, 34.69/s/gpu Batch (t): 0.9223 LR: 0.000075 Step: 358300 Total Loss: 0.2014 KL Loss: 0.0111 Recon Loss: 0.0061 Discriminator Loss: 0.0131 Perceptual Loss: 0.1711 
[12/01 02:24:49 Tokenizer]: Data (t): 0.0012, 34.63/s/gpu Batch (t): 0.9240 LR: 0.000075 Step: 358350 Total Loss: 0.1579 KL Loss: 0.0113 Recon Loss: 0.0056 Discriminator Loss: -0.0229 Perceptual Loss: 0.1639 
[12/01 02:25:36 Tokenizer]: Data (t): 0.0012, 31.70/s/gpu Batch (t): 1.0095 LR: 0.000075 Step: 358400 Total Loss: 0.1987 KL Loss: 0.0111 Recon Loss: 0.0073 Discriminator Loss: 0.0031 Perceptual Loss: 0.1772 
[12/01 02:26:23 Tokenizer]: Data (t): 0.0013, 35.24/s/gpu Batch (t): 0.9080 LR: 0.000075 Step: 358450 Total Loss: 0.1778 KL Loss: 0.0109 Recon Loss: 0.0069 Discriminator Loss: -0.0109 Perceptual Loss: 0.1709 
[12/01 02:27:10 Tokenizer]: Data (t): 0.0013, 34.45/s/gpu Batch (t): 0.9290 LR: 0.000075 Step: 358500 Total Loss: 0.1992 KL Loss: 0.0109 Recon Loss: 0.0079 Discriminator Loss: 0.0001 Perceptual Loss: 0.1804 
[12/01 02:27:11 Tokenizer]: Reconstructing images...
[12/01 02:27:58 Tokenizer]: Data (t): 0.0012, 33.73/s/gpu Batch (t): 0.9487 LR: 0.000075 Step: 358550 Total Loss: 0.2175 KL Loss: 0.0109 Recon Loss: 0.0067 Discriminator Loss: 0.0321 Perceptual Loss: 0.1678 
[12/01 02:28:45 Tokenizer]: Data (t): 0.0014, 34.61/s/gpu Batch (t): 0.9246 LR: 0.000075 Step: 358600 Total Loss: 0.1670 KL Loss: 0.0113 Recon Loss: 0.0053 Discriminator Loss: -0.0100 Perceptual Loss: 0.1605 
[12/01 02:29:31 Tokenizer]: Data (t): 0.0012, 32.93/s/gpu Batch (t): 0.9716 LR: 0.000075 Step: 358650 Total Loss: 0.1945 KL Loss: 0.0110 Recon Loss: 0.0071 Discriminator Loss: -0.0034 Perceptual Loss: 0.1798 
[12/01 02:30:18 Tokenizer]: Data (t): 0.0013, 32.32/s/gpu Batch (t): 0.9901 LR: 0.000075 Step: 358700 Total Loss: 0.1816 KL Loss: 0.0110 Recon Loss: 0.0069 Discriminator Loss: -0.0062 Perceptual Loss: 0.1698 
[12/01 02:31:05 Tokenizer]: Data (t): 0.0012, 33.92/s/gpu Batch (t): 0.9435 LR: 0.000075 Step: 358750 Total Loss: 0.1834 KL Loss: 0.0108 Recon Loss: 0.0074 Discriminator Loss: -0.0185 Perceptual Loss: 0.1837 
[12/01 02:31:52 Tokenizer]: Data (t): 0.0021, 34.27/s/gpu Batch (t): 0.9336 LR: 0.000075 Step: 358800 Total Loss: 0.2029 KL Loss: 0.0109 Recon Loss: 0.0062 Discriminator Loss: 0.0133 Perceptual Loss: 0.1726 
[12/01 02:32:39 Tokenizer]: Data (t): 0.0013, 32.29/s/gpu Batch (t): 0.9910 LR: 0.000075 Step: 358850 Total Loss: 0.1900 KL Loss: 0.0111 Recon Loss: 0.0066 Discriminator Loss: -0.0024 Perceptual Loss: 0.1747 
[12/01 02:33:26 Tokenizer]: Data (t): 0.0013, 36.65/s/gpu Batch (t): 0.8732 LR: 0.000075 Step: 358900 Total Loss: 0.2260 KL Loss: 0.0107 Recon Loss: 0.0067 Discriminator Loss: 0.0329 Perceptual Loss: 0.1757 
[12/01 02:34:12 Tokenizer]: Data (t): 0.0014, 33.22/s/gpu Batch (t): 0.9634 LR: 0.000075 Step: 358950 Total Loss: 0.1905 KL Loss: 0.0112 Recon Loss: 0.0054 Discriminator Loss: 0.0132 Perceptual Loss: 0.1607 
[12/01 02:34:59 Tokenizer]: Data (t): 0.0013, 30.28/s/gpu Batch (t): 1.0567 LR: 0.000075 Step: 359000 Total Loss: 0.1694 KL Loss: 0.0111 Recon Loss: 0.0054 Discriminator Loss: -0.0135 Perceptual Loss: 0.1664 
[12/01 02:35:00 Tokenizer]: Reconstructing images...
[12/01 02:35:47 Tokenizer]: Data (t): 0.0012, 33.37/s/gpu Batch (t): 0.9588 LR: 0.000075 Step: 359050 Total Loss: 0.2059 KL Loss: 0.0108 Recon Loss: 0.0070 Discriminator Loss: 0.0135 Perceptual Loss: 0.1746 
[12/01 02:36:34 Tokenizer]: Data (t): 0.0014, 35.16/s/gpu Batch (t): 0.9102 LR: 0.000075 Step: 359100 Total Loss: 0.1774 KL Loss: 0.0109 Recon Loss: 0.0069 Discriminator Loss: -0.0099 Perceptual Loss: 0.1694 
[12/01 02:37:21 Tokenizer]: Data (t): 0.0013, 34.70/s/gpu Batch (t): 0.9222 LR: 0.000075 Step: 359150 Total Loss: 0.1884 KL Loss: 0.0109 Recon Loss: 0.0068 Discriminator Loss: 0.0002 Perceptual Loss: 0.1705 
[12/01 02:38:07 Tokenizer]: Data (t): 0.0012, 34.33/s/gpu Batch (t): 0.9321 LR: 0.000075 Step: 359200 Total Loss: 0.1814 KL Loss: 0.0110 Recon Loss: 0.0063 Discriminator Loss: -0.0037 Perceptual Loss: 0.1679 
[12/01 02:38:54 Tokenizer]: Data (t): 0.0022, 32.98/s/gpu Batch (t): 0.9702 LR: 0.000075 Step: 359250 Total Loss: 0.1950 KL Loss: 0.0110 Recon Loss: 0.0060 Discriminator Loss: 0.0076 Perceptual Loss: 0.1704 
[12/01 02:39:40 Tokenizer]: Data (t): 0.0013, 35.74/s/gpu Batch (t): 0.8953 LR: 0.000075 Step: 359300 Total Loss: 0.2026 KL Loss: 0.0108 Recon Loss: 0.0068 Discriminator Loss: 0.0074 Perceptual Loss: 0.1777 
[12/01 02:40:28 Tokenizer]: Data (t): 0.0013, 34.71/s/gpu Batch (t): 0.9219 LR: 0.000075 Step: 359350 Total Loss: 0.1806 KL Loss: 0.0112 Recon Loss: 0.0061 Discriminator Loss: -0.0009 Perceptual Loss: 0.1641 
[12/01 02:41:15 Tokenizer]: Data (t): 0.0012, 35.43/s/gpu Batch (t): 0.9033 LR: 0.000075 Step: 359400 Total Loss: 0.1978 KL Loss: 0.0109 Recon Loss: 0.0068 Discriminator Loss: 0.0018 Perceptual Loss: 0.1783 
[12/01 02:42:02 Tokenizer]: Data (t): 0.0019, 32.62/s/gpu Batch (t): 0.9811 LR: 0.000075 Step: 359450 Total Loss: 0.1930 KL Loss: 0.0110 Recon Loss: 0.0063 Discriminator Loss: 0.0088 Perceptual Loss: 0.1668 
[12/01 02:42:48 Tokenizer]: Data (t): 0.0012, 31.61/s/gpu Batch (t): 1.0123 LR: 0.000075 Step: 359500 Total Loss: 0.1993 KL Loss: 0.0110 Recon Loss: 0.0067 Discriminator Loss: 0.0039 Perceptual Loss: 0.1777 
[12/01 02:42:49 Tokenizer]: Reconstructing images...
[12/01 02:43:36 Tokenizer]: Data (t): 0.0012, 34.02/s/gpu Batch (t): 0.9407 LR: 0.000075 Step: 359550 Total Loss: 0.1969 KL Loss: 0.0110 Recon Loss: 0.0066 Discriminator Loss: 0.0115 Perceptual Loss: 0.1679 
[12/01 02:44:24 Tokenizer]: Data (t): 0.0012, 29.00/s/gpu Batch (t): 1.1034 LR: 0.000075 Step: 359600 Total Loss: 0.2089 KL Loss: 0.0109 Recon Loss: 0.0074 Discriminator Loss: 0.0093 Perceptual Loss: 0.1814 
[12/01 02:45:11 Tokenizer]: Data (t): 0.0012, 35.31/s/gpu Batch (t): 0.9061 LR: 0.000075 Step: 359650 Total Loss: 0.1911 KL Loss: 0.0109 Recon Loss: 0.0072 Discriminator Loss: 0.0003 Perceptual Loss: 0.1727 
[12/01 02:45:58 Tokenizer]: Data (t): 0.0013, 33.72/s/gpu Batch (t): 0.9490 LR: 0.000075 Step: 359700 Total Loss: 0.2204 KL Loss: 0.0107 Recon Loss: 0.0074 Discriminator Loss: 0.0228 Perceptual Loss: 0.1795 
[12/01 02:46:45 Tokenizer]: Data (t): 0.0013, 35.38/s/gpu Batch (t): 0.9045 LR: 0.000075 Step: 359750 Total Loss: 0.1869 KL Loss: 0.0111 Recon Loss: 0.0074 Discriminator Loss: -0.0002 Perceptual Loss: 0.1686 
[12/01 02:47:32 Tokenizer]: Data (t): 0.0013, 33.14/s/gpu Batch (t): 0.9655 LR: 0.000075 Step: 359800 Total Loss: 0.2039 KL Loss: 0.0109 Recon Loss: 0.0061 Discriminator Loss: 0.0201 Perceptual Loss: 0.1667 
[12/01 02:48:18 Tokenizer]: Data (t): 0.0012, 35.34/s/gpu Batch (t): 0.9055 LR: 0.000075 Step: 359850 Total Loss: 0.1906 KL Loss: 0.0109 Recon Loss: 0.0058 Discriminator Loss: 0.0052 Perceptual Loss: 0.1687 
[12/01 02:49:06 Tokenizer]: Data (t): 0.0013, 34.50/s/gpu Batch (t): 0.9275 LR: 0.000075 Step: 359900 Total Loss: 0.1921 KL Loss: 0.0108 Recon Loss: 0.0058 Discriminator Loss: 0.0061 Perceptual Loss: 0.1695 
[12/01 02:49:52 Tokenizer]: Data (t): 0.0012, 34.52/s/gpu Batch (t): 0.9271 LR: 0.000075 Step: 359950 Total Loss: 0.2124 KL Loss: 0.0107 Recon Loss: 0.0060 Discriminator Loss: 0.0220 Perceptual Loss: 0.1736 
[12/01 02:50:39 Tokenizer]: Data (t): 0.0013, 30.46/s/gpu Batch (t): 1.0507 LR: 0.000075 Step: 360000 Total Loss: 0.1954 KL Loss: 0.0108 Recon Loss: 0.0078 Discriminator Loss: -0.0030 Perceptual Loss: 0.1798 
Model weights saved in checkpoints/quadtok_sl256_vae_ts16-expandprob34/checkpoint-360000/unwrapped_model/pytorch_model.bin
[12/01 02:50:41 Tokenizer]: Saved state to checkpoints/quadtok_sl256_vae_ts16-expandprob34/checkpoint-360000
Model weights saved in checkpoints/quadtok_sl256_vae_ts16-expandprob34/checkpoint-360000/ema_model/pytorch_model.bin
[12/01 02:50:50 Tokenizer]: Reconstructing images...
[12/01 02:50:51 Tokenizer]: Computing metrics on the validation set.
[12/01 02:56:06 Tokenizer]: EMA EVALUATION Step: 360000 
[12/01 02:56:06 Tokenizer]: {'InceptionScore': 204.8744100689561,
 'PSNR': 25.510180894470217,
 'rFID': 1.3807088083278245}
[12/01 02:57:05 Tokenizer]: Data (t): 0.0012, 35.29/s/gpu Batch (t): 0.9067 LR: 0.000075 Step: 360050 Total Loss: 0.1797 KL Loss: 0.0111 Recon Loss: 0.0073 Discriminator Loss: -0.0141 Perceptual Loss: 0.1754 
[12/01 02:57:52 Tokenizer]: Data (t): 0.0013, 36.10/s/gpu Batch (t): 0.8863 LR: 0.000075 Step: 360100 Total Loss: 0.1816 KL Loss: 0.0105 Recon Loss: 0.0069 Discriminator Loss: -0.0053 Perceptual Loss: 0.1695 
[12/01 02:58:39 Tokenizer]: Data (t): 0.0012, 32.92/s/gpu Batch (t): 0.9721 LR: 0.000075 Step: 360150 Total Loss: 0.1902 KL Loss: 0.0111 Recon Loss: 0.0084 Discriminator Loss: -0.0046 Perceptual Loss: 0.1753 
[12/01 02:59:26 Tokenizer]: Data (t): 0.0012, 35.61/s/gpu Batch (t): 0.8986 LR: 0.000075 Step: 360200 Total Loss: 0.1885 KL Loss: 0.0110 Recon Loss: 0.0069 Discriminator Loss: -0.0073 Perceptual Loss: 0.1779 
[12/01 03:00:13 Tokenizer]: Data (t): 0.0012, 32.43/s/gpu Batch (t): 0.9867 LR: 0.000075 Step: 360250 Total Loss: 0.1971 KL Loss: 0.0110 Recon Loss: 0.0064 Discriminator Loss: 0.0121 Perceptual Loss: 0.1677 
[12/01 03:00:59 Tokenizer]: Data (t): 0.0013, 35.33/s/gpu Batch (t): 0.9057 LR: 0.000075 Step: 360300 Total Loss: 0.1937 KL Loss: 0.0107 Recon Loss: 0.0069 Discriminator Loss: -0.0040 Perceptual Loss: 0.1800 
[12/01 03:01:46 Tokenizer]: Data (t): 0.0012, 35.97/s/gpu Batch (t): 0.8896 LR: 0.000075 Step: 360350 Total Loss: 0.2112 KL Loss: 0.0109 Recon Loss: 0.0065 Discriminator Loss: 0.0217 Perceptual Loss: 0.1721 
[12/01 03:02:32 Tokenizer]: Data (t): 0.0012, 30.99/s/gpu Batch (t): 1.0327 LR: 0.000075 Step: 360400 Total Loss: 0.1948 KL Loss: 0.0107 Recon Loss: 0.0080 Discriminator Loss: -0.0100 Perceptual Loss: 0.1861 
[12/01 03:03:20 Tokenizer]: Data (t): 0.0012, 34.80/s/gpu Batch (t): 0.9195 LR: 0.000075 Step: 360450 Total Loss: 0.1785 KL Loss: 0.0108 Recon Loss: 0.0059 Discriminator Loss: -0.0062 Perceptual Loss: 0.1680 
[12/01 03:04:06 Tokenizer]: Data (t): 0.0013, 34.23/s/gpu Batch (t): 0.9349 LR: 0.000075 Step: 360500 Total Loss: 0.2038 KL Loss: 0.0109 Recon Loss: 0.0074 Discriminator Loss: 0.0010 Perceptual Loss: 0.1845 
[12/01 03:04:07 Tokenizer]: Reconstructing images...
[12/01 03:04:54 Tokenizer]: Data (t): 0.0019, 33.96/s/gpu Batch (t): 0.9424 LR: 0.000075 Step: 360550 Total Loss: 0.1864 KL Loss: 0.0111 Recon Loss: 0.0065 Discriminator Loss: -0.0006 Perceptual Loss: 0.1693 
[12/01 03:05:41 Tokenizer]: Data (t): 0.0012, 34.12/s/gpu Batch (t): 0.9380 LR: 0.000075 Step: 360600 Total Loss: 0.1985 KL Loss: 0.0108 Recon Loss: 0.0060 Discriminator Loss: 0.0102 Perceptual Loss: 0.1714 
[12/01 03:06:28 Tokenizer]: Data (t): 0.0013, 36.19/s/gpu Batch (t): 0.8843 LR: 0.000075 Step: 360650 Total Loss: 0.1802 KL Loss: 0.0110 Recon Loss: 0.0063 Discriminator Loss: 0.0035 Perceptual Loss: 0.1594 
[12/01 03:07:15 Tokenizer]: Data (t): 0.0012, 33.98/s/gpu Batch (t): 0.9416 LR: 0.000075 Step: 360700 Total Loss: 0.1927 KL Loss: 0.0112 Recon Loss: 0.0067 Discriminator Loss: 0.0055 Perceptual Loss: 0.1693 
[12/01 03:08:03 Tokenizer]: Data (t): 0.0012, 32.70/s/gpu Batch (t): 0.9787 LR: 0.000075 Step: 360750 Total Loss: 0.1839 KL Loss: 0.0113 Recon Loss: 0.0062 Discriminator Loss: -0.0107 Perceptual Loss: 0.1771 
[12/01 03:08:49 Tokenizer]: Data (t): 0.0012, 34.69/s/gpu Batch (t): 0.9224 LR: 0.000075 Step: 360800 Total Loss: 0.1876 KL Loss: 0.0105 Recon Loss: 0.0065 Discriminator Loss: 0.0003 Perceptual Loss: 0.1703 
[12/01 03:09:36 Tokenizer]: Data (t): 0.0014, 33.55/s/gpu Batch (t): 0.9537 LR: 0.000075 Step: 360850 Total Loss: 0.1734 KL Loss: 0.0112 Recon Loss: 0.0068 Discriminator Loss: -0.0219 Perceptual Loss: 0.1773 
[12/01 03:10:23 Tokenizer]: Data (t): 0.0012, 34.22/s/gpu Batch (t): 0.9351 LR: 0.000075 Step: 360900 Total Loss: 0.1906 KL Loss: 0.0111 Recon Loss: 0.0062 Discriminator Loss: 0.0114 Perceptual Loss: 0.1619 
[12/01 03:11:10 Tokenizer]: Data (t): 0.0013, 35.73/s/gpu Batch (t): 0.8956 LR: 0.000075 Step: 360950 Total Loss: 0.1813 KL Loss: 0.0111 Recon Loss: 0.0069 Discriminator Loss: -0.0169 Perceptual Loss: 0.1801 
[12/01 03:11:57 Tokenizer]: Data (t): 0.0013, 30.04/s/gpu Batch (t): 1.0652 LR: 0.000075 Step: 361000 Total Loss: 0.1804 KL Loss: 0.0111 Recon Loss: 0.0053 Discriminator Loss: 0.0016 Perceptual Loss: 0.1624 
[12/01 03:11:58 Tokenizer]: Reconstructing images...
[12/01 03:12:45 Tokenizer]: Data (t): 0.0013, 35.30/s/gpu Batch (t): 0.9065 LR: 0.000075 Step: 361050 Total Loss: 0.1869 KL Loss: 0.0113 Recon Loss: 0.0072 Discriminator Loss: -0.0071 Perceptual Loss: 0.1755 
[12/01 03:13:32 Tokenizer]: Data (t): 0.0013, 35.24/s/gpu Batch (t): 0.9079 LR: 0.000075 Step: 361100 Total Loss: 0.1896 KL Loss: 0.0110 Recon Loss: 0.0053 Discriminator Loss: 0.0117 Perceptual Loss: 0.1616 
[12/01 03:14:19 Tokenizer]: Data (t): 0.0020, 34.04/s/gpu Batch (t): 0.9401 LR: 0.000075 Step: 361150 Total Loss: 0.1803 KL Loss: 0.0115 Recon Loss: 0.0059 Discriminator Loss: 0.0066 Perceptual Loss: 0.1563 
[12/01 03:15:06 Tokenizer]: Data (t): 0.0012, 35.39/s/gpu Batch (t): 0.9041 LR: 0.000075 Step: 361200 Total Loss: 0.2059 KL Loss: 0.0110 Recon Loss: 0.0063 Discriminator Loss: 0.0160 Perceptual Loss: 0.1727 
[12/01 03:15:53 Tokenizer]: Data (t): 0.0013, 35.26/s/gpu Batch (t): 0.9076 LR: 0.000075 Step: 361250 Total Loss: 0.1851 KL Loss: 0.0108 Recon Loss: 0.0076 Discriminator Loss: -0.0105 Perceptual Loss: 0.1771 
[12/01 03:16:40 Tokenizer]: Data (t): 0.0016, 33.86/s/gpu Batch (t): 0.9451 LR: 0.000075 Step: 361300 Total Loss: 0.1751 KL Loss: 0.0111 Recon Loss: 0.0064 Discriminator Loss: -0.0074 Perceptual Loss: 0.1650 
[12/01 03:17:27 Tokenizer]: Data (t): 0.0014, 35.20/s/gpu Batch (t): 0.9091 LR: 0.000075 Step: 361350 Total Loss: 0.2014 KL Loss: 0.0109 Recon Loss: 0.0061 Discriminator Loss: 0.0117 Perceptual Loss: 0.1727 
[12/01 03:18:14 Tokenizer]: Data (t): 0.0013, 34.43/s/gpu Batch (t): 0.9294 LR: 0.000075 Step: 361400 Total Loss: 0.2004 KL Loss: 0.0108 Recon Loss: 0.0068 Discriminator Loss: 0.0104 Perceptual Loss: 0.1724 
[12/01 03:19:00 Tokenizer]: Data (t): 0.0013, 33.98/s/gpu Batch (t): 0.9417 LR: 0.000075 Step: 361450 Total Loss: 0.2015 KL Loss: 0.0111 Recon Loss: 0.0055 Discriminator Loss: 0.0151 Perceptual Loss: 0.1698 
[12/01 03:19:47 Tokenizer]: Data (t): 0.0013, 33.52/s/gpu Batch (t): 0.9548 LR: 0.000075 Step: 361500 Total Loss: 0.1960 KL Loss: 0.0109 Recon Loss: 0.0069 Discriminator Loss: 0.0071 Perceptual Loss: 0.1710 
[12/01 03:19:48 Tokenizer]: Reconstructing images...
[12/01 03:20:35 Tokenizer]: Data (t): 0.0012, 33.12/s/gpu Batch (t): 0.9661 LR: 0.000075 Step: 361550 Total Loss: 0.1979 KL Loss: 0.0110 Recon Loss: 0.0060 Discriminator Loss: 0.0166 Perceptual Loss: 0.1643 
[12/01 03:21:21 Tokenizer]: Data (t): 0.0014, 33.47/s/gpu Batch (t): 0.9562 LR: 0.000075 Step: 361600 Total Loss: 0.1916 KL Loss: 0.0109 Recon Loss: 0.0072 Discriminator Loss: -0.0064 Perceptual Loss: 0.1799 
[12/01 03:22:08 Tokenizer]: Data (t): 0.0014, 35.36/s/gpu Batch (t): 0.9049 LR: 0.000075 Step: 361650 Total Loss: 0.1991 KL Loss: 0.0110 Recon Loss: 0.0070 Discriminator Loss: 0.0056 Perceptual Loss: 0.1755 
[12/01 03:22:55 Tokenizer]: Data (t): 0.0013, 33.73/s/gpu Batch (t): 0.9486 LR: 0.000075 Step: 361700 Total Loss: 0.1938 KL Loss: 0.0112 Recon Loss: 0.0064 Discriminator Loss: 0.0106 Perceptual Loss: 0.1657 
[12/01 03:23:42 Tokenizer]: Data (t): 0.0012, 35.04/s/gpu Batch (t): 0.9132 LR: 0.000075 Step: 361750 Total Loss: 0.2009 KL Loss: 0.0112 Recon Loss: 0.0079 Discriminator Loss: 0.0014 Perceptual Loss: 0.1805 
[12/01 03:24:29 Tokenizer]: Data (t): 0.0013, 33.88/s/gpu Batch (t): 0.9445 LR: 0.000075 Step: 361800 Total Loss: 0.1976 KL Loss: 0.0112 Recon Loss: 0.0061 Discriminator Loss: 0.0164 Perceptual Loss: 0.1639 
[12/01 03:25:16 Tokenizer]: Data (t): 0.0012, 34.80/s/gpu Batch (t): 0.9196 LR: 0.000075 Step: 361850 Total Loss: 0.1794 KL Loss: 0.0111 Recon Loss: 0.0054 Discriminator Loss: 0.0011 Perceptual Loss: 0.1618 
[12/01 03:26:03 Tokenizer]: Data (t): 0.0014, 35.08/s/gpu Batch (t): 0.9123 LR: 0.000075 Step: 361900 Total Loss: 0.1884 KL Loss: 0.0110 Recon Loss: 0.0061 Discriminator Loss: 0.0071 Perceptual Loss: 0.1643 
[12/01 03:26:49 Tokenizer]: Data (t): 0.0013, 34.30/s/gpu Batch (t): 0.9329 LR: 0.000075 Step: 361950 Total Loss: 0.1907 KL Loss: 0.0111 Recon Loss: 0.0059 Discriminator Loss: 0.0128 Perceptual Loss: 0.1609 
[12/01 03:27:36 Tokenizer]: Data (t): 0.0013, 30.60/s/gpu Batch (t): 1.0457 LR: 0.000075 Step: 362000 Total Loss: 0.1980 KL Loss: 0.0112 Recon Loss: 0.0062 Discriminator Loss: 0.0061 Perceptual Loss: 0.1745 
[12/01 03:27:36 Tokenizer]: Reconstructing images...
[12/01 03:28:24 Tokenizer]: Data (t): 0.0015, 35.39/s/gpu Batch (t): 0.9041 LR: 0.000075 Step: 362050 Total Loss: 0.1549 KL Loss: 0.0113 Recon Loss: 0.0056 Discriminator Loss: -0.0255 Perceptual Loss: 0.1636 
[12/01 03:29:10 Tokenizer]: Data (t): 0.0012, 34.07/s/gpu Batch (t): 0.9393 LR: 0.000075 Step: 362100 Total Loss: 0.1783 KL Loss: 0.0110 Recon Loss: 0.0062 Discriminator Loss: -0.0103 Perceptual Loss: 0.1713 
[12/01 03:29:57 Tokenizer]: Data (t): 0.0012, 36.81/s/gpu Batch (t): 0.8693 LR: 0.000075 Step: 362150 Total Loss: 0.1948 KL Loss: 0.0110 Recon Loss: 0.0088 Discriminator Loss: -0.0041 Perceptual Loss: 0.1791 
[12/01 03:30:45 Tokenizer]: Data (t): 0.0017, 35.25/s/gpu Batch (t): 0.9078 LR: 0.000075 Step: 362200 Total Loss: 0.1782 KL Loss: 0.0109 Recon Loss: 0.0068 Discriminator Loss: -0.0112 Perceptual Loss: 0.1716 
[12/01 03:31:31 Tokenizer]: Data (t): 0.0012, 35.31/s/gpu Batch (t): 0.9063 LR: 0.000075 Step: 362250 Total Loss: 0.2126 KL Loss: 0.0109 Recon Loss: 0.0084 Discriminator Loss: 0.0102 Perceptual Loss: 0.1831 
[12/01 03:32:18 Tokenizer]: Data (t): 0.0012, 34.97/s/gpu Batch (t): 0.9150 LR: 0.000075 Step: 362300 Total Loss: 0.1858 KL Loss: 0.0113 Recon Loss: 0.0064 Discriminator Loss: 0.0063 Perceptual Loss: 0.1619 
[12/01 03:33:05 Tokenizer]: Data (t): 0.0012, 33.68/s/gpu Batch (t): 0.9501 LR: 0.000075 Step: 362350 Total Loss: 0.1923 KL Loss: 0.0113 Recon Loss: 0.0070 Discriminator Loss: 0.0031 Perceptual Loss: 0.1710 
[12/01 03:33:52 Tokenizer]: Data (t): 0.0012, 34.59/s/gpu Batch (t): 0.9252 LR: 0.000075 Step: 362400 Total Loss: 0.1939 KL Loss: 0.0109 Recon Loss: 0.0065 Discriminator Loss: 0.0054 Perceptual Loss: 0.1711 
[12/01 03:34:39 Tokenizer]: Data (t): 0.0012, 32.32/s/gpu Batch (t): 0.9903 LR: 0.000075 Step: 362450 Total Loss: 0.1895 KL Loss: 0.0111 Recon Loss: 0.0066 Discriminator Loss: 0.0043 Perceptual Loss: 0.1676 
[12/01 03:35:26 Tokenizer]: Data (t): 0.0013, 33.99/s/gpu Batch (t): 0.9415 LR: 0.000075 Step: 362500 Total Loss: 0.1764 KL Loss: 0.0111 Recon Loss: 0.0072 Discriminator Loss: -0.0179 Perceptual Loss: 0.1760 
[12/01 03:35:27 Tokenizer]: Reconstructing images...
[12/01 03:36:14 Tokenizer]: Data (t): 0.0012, 29.77/s/gpu Batch (t): 1.0749 LR: 0.000075 Step: 362550 Total Loss: 0.1828 KL Loss: 0.0109 Recon Loss: 0.0063 Discriminator Loss: -0.0039 Perceptual Loss: 0.1695 
[12/01 03:37:01 Tokenizer]: Data (t): 0.0012, 34.32/s/gpu Batch (t): 0.9325 LR: 0.000075 Step: 362600 Total Loss: 0.1865 KL Loss: 0.0112 Recon Loss: 0.0061 Discriminator Loss: -0.0024 Perceptual Loss: 0.1716 
[12/01 03:37:48 Tokenizer]: Data (t): 0.0012, 33.96/s/gpu Batch (t): 0.9422 LR: 0.000075 Step: 362650 Total Loss: 0.1684 KL Loss: 0.0110 Recon Loss: 0.0059 Discriminator Loss: -0.0155 Perceptual Loss: 0.1670 
[12/01 03:38:35 Tokenizer]: Data (t): 0.0012, 35.68/s/gpu Batch (t): 0.8968 LR: 0.000075 Step: 362700 Total Loss: 0.2084 KL Loss: 0.0109 Recon Loss: 0.0058 Discriminator Loss: 0.0285 Perceptual Loss: 0.1633 
[12/01 03:39:22 Tokenizer]: Data (t): 0.0013, 33.32/s/gpu Batch (t): 0.9605 LR: 0.000075 Step: 362750 Total Loss: 0.1860 KL Loss: 0.0113 Recon Loss: 0.0069 Discriminator Loss: 0.0013 Perceptual Loss: 0.1665 
[12/01 03:40:09 Tokenizer]: Data (t): 0.0012, 34.91/s/gpu Batch (t): 0.9165 LR: 0.000075 Step: 362800 Total Loss: 0.1881 KL Loss: 0.0109 Recon Loss: 0.0069 Discriminator Loss: -0.0069 Perceptual Loss: 0.1773 
[12/01 03:40:56 Tokenizer]: Data (t): 0.0012, 30.11/s/gpu Batch (t): 1.0628 LR: 0.000075 Step: 362850 Total Loss: 0.2083 KL Loss: 0.0109 Recon Loss: 0.0060 Discriminator Loss: 0.0249 Perceptual Loss: 0.1665 
[12/01 03:41:43 Tokenizer]: Data (t): 0.0012, 34.32/s/gpu Batch (t): 0.9325 LR: 0.000075 Step: 362900 Total Loss: 0.2028 KL Loss: 0.0108 Recon Loss: 0.0064 Discriminator Loss: 0.0198 Perceptual Loss: 0.1658 
[12/01 03:42:30 Tokenizer]: Data (t): 0.0013, 33.89/s/gpu Batch (t): 0.9442 LR: 0.000075 Step: 362950 Total Loss: 0.1826 KL Loss: 0.0112 Recon Loss: 0.0058 Discriminator Loss: -0.0003 Perceptual Loss: 0.1659 
[12/01 03:43:18 Tokenizer]: Data (t): 0.0012, 30.01/s/gpu Batch (t): 1.0665 LR: 0.000075 Step: 363000 Total Loss: 0.1838 KL Loss: 0.0110 Recon Loss: 0.0062 Discriminator Loss: 0.0024 Perceptual Loss: 0.1641 
[12/01 03:43:18 Tokenizer]: Reconstructing images...
[12/01 03:44:06 Tokenizer]: Data (t): 0.0013, 34.38/s/gpu Batch (t): 0.9307 LR: 0.000075 Step: 363050 Total Loss: 0.1956 KL Loss: 0.0111 Recon Loss: 0.0066 Discriminator Loss: 0.0110 Perceptual Loss: 0.1670 
[12/01 03:44:53 Tokenizer]: Data (t): 0.0013, 35.47/s/gpu Batch (t): 0.9022 LR: 0.000075 Step: 363100 Total Loss: 0.1889 KL Loss: 0.0110 Recon Loss: 0.0070 Discriminator Loss: -0.0043 Perceptual Loss: 0.1752 
[12/01 03:45:39 Tokenizer]: Data (t): 0.0012, 35.71/s/gpu Batch (t): 0.8962 LR: 0.000075 Step: 363150 Total Loss: 0.1949 KL Loss: 0.0107 Recon Loss: 0.0069 Discriminator Loss: 0.0099 Perceptual Loss: 0.1674 
[12/01 03:46:27 Tokenizer]: Data (t): 0.0012, 35.88/s/gpu Batch (t): 0.8917 LR: 0.000075 Step: 363200 Total Loss: 0.1945 KL Loss: 0.0109 Recon Loss: 0.0095 Discriminator Loss: -0.0136 Perceptual Loss: 0.1878 
[12/01 03:47:14 Tokenizer]: Data (t): 0.0012, 35.30/s/gpu Batch (t): 0.9065 LR: 0.000075 Step: 363250 Total Loss: 0.1658 KL Loss: 0.0110 Recon Loss: 0.0063 Discriminator Loss: -0.0174 Perceptual Loss: 0.1659 
[12/01 03:48:01 Tokenizer]: Data (t): 0.0013, 33.75/s/gpu Batch (t): 0.9483 LR: 0.000075 Step: 363300 Total Loss: 0.1838 KL Loss: 0.0111 Recon Loss: 0.0086 Discriminator Loss: -0.0280 Perceptual Loss: 0.1921 
[12/01 03:48:47 Tokenizer]: Data (t): 0.0012, 34.35/s/gpu Batch (t): 0.9317 LR: 0.000075 Step: 363350 Total Loss: 0.1886 KL Loss: 0.0109 Recon Loss: 0.0058 Discriminator Loss: 0.0075 Perceptual Loss: 0.1644 
[12/01 03:49:34 Tokenizer]: Data (t): 0.0012, 34.91/s/gpu Batch (t): 0.9167 LR: 0.000075 Step: 363400 Total Loss: 0.1842 KL Loss: 0.0109 Recon Loss: 0.0066 Discriminator Loss: 0.0003 Perceptual Loss: 0.1663 
[12/01 03:50:21 Tokenizer]: Data (t): 0.0013, 35.08/s/gpu Batch (t): 0.9122 LR: 0.000075 Step: 363450 Total Loss: 0.1822 KL Loss: 0.0111 Recon Loss: 0.0060 Discriminator Loss: -0.0000 Perceptual Loss: 0.1652 
[12/01 03:51:07 Tokenizer]: Data (t): 0.0012, 33.02/s/gpu Batch (t): 0.9692 LR: 0.000075 Step: 363500 Total Loss: 0.2002 KL Loss: 0.0104 Recon Loss: 0.0068 Discriminator Loss: -0.0017 Perceptual Loss: 0.1847 
[12/01 03:51:08 Tokenizer]: Reconstructing images...
[12/01 03:51:56 Tokenizer]: Data (t): 0.0013, 36.08/s/gpu Batch (t): 0.8869 LR: 0.000075 Step: 363550 Total Loss: 0.1692 KL Loss: 0.0109 Recon Loss: 0.0058 Discriminator Loss: -0.0056 Perceptual Loss: 0.1580 
[12/01 03:52:43 Tokenizer]: Data (t): 0.0020, 34.07/s/gpu Batch (t): 0.9391 LR: 0.000075 Step: 363600 Total Loss: 0.1756 KL Loss: 0.0108 Recon Loss: 0.0064 Discriminator Loss: -0.0071 Perceptual Loss: 0.1655 
[12/01 03:53:30 Tokenizer]: Data (t): 0.0013, 36.58/s/gpu Batch (t): 0.8748 LR: 0.000075 Step: 363650 Total Loss: 0.2090 KL Loss: 0.0110 Recon Loss: 0.0071 Discriminator Loss: 0.0132 Perceptual Loss: 0.1777 
[12/01 03:54:17 Tokenizer]: Data (t): 0.0012, 35.03/s/gpu Batch (t): 0.9136 LR: 0.000075 Step: 363700 Total Loss: 0.1866 KL Loss: 0.0110 Recon Loss: 0.0069 Discriminator Loss: 0.0035 Perceptual Loss: 0.1653 
[12/01 03:55:04 Tokenizer]: Data (t): 0.0013, 34.33/s/gpu Batch (t): 0.9321 LR: 0.000075 Step: 363750 Total Loss: 0.1668 KL Loss: 0.0111 Recon Loss: 0.0066 Discriminator Loss: -0.0250 Perceptual Loss: 0.1741 
[12/01 03:55:51 Tokenizer]: Data (t): 0.0018, 34.40/s/gpu Batch (t): 0.9301 LR: 0.000074 Step: 363800 Total Loss: 0.2063 KL Loss: 0.0110 Recon Loss: 0.0064 Discriminator Loss: 0.0237 Perceptual Loss: 0.1652 
[12/01 03:56:38 Tokenizer]: Data (t): 0.0012, 33.03/s/gpu Batch (t): 0.9689 LR: 0.000074 Step: 363850 Total Loss: 0.1922 KL Loss: 0.0113 Recon Loss: 0.0068 Discriminator Loss: -0.0057 Perceptual Loss: 0.1798 
[12/01 03:57:25 Tokenizer]: Data (t): 0.0012, 34.46/s/gpu Batch (t): 0.9286 LR: 0.000074 Step: 363900 Total Loss: 0.1763 KL Loss: 0.0114 Recon Loss: 0.0064 Discriminator Loss: -0.0084 Perceptual Loss: 0.1670 
[12/01 03:58:12 Tokenizer]: Data (t): 0.0012, 35.71/s/gpu Batch (t): 0.8960 LR: 0.000074 Step: 363950 Total Loss: 0.2013 KL Loss: 0.0107 Recon Loss: 0.0059 Discriminator Loss: 0.0089 Perceptual Loss: 0.1758 
[12/01 03:58:59 Tokenizer]: Data (t): 0.0014, 30.44/s/gpu Batch (t): 1.0512 LR: 0.000074 Step: 364000 Total Loss: 0.2129 KL Loss: 0.0110 Recon Loss: 0.0067 Discriminator Loss: 0.0312 Perceptual Loss: 0.1640 
[12/01 03:59:00 Tokenizer]: Reconstructing images...
[12/01 03:59:47 Tokenizer]: Data (t): 0.0012, 33.77/s/gpu Batch (t): 0.9476 LR: 0.000074 Step: 364050 Total Loss: 0.1728 KL Loss: 0.0108 Recon Loss: 0.0065 Discriminator Loss: -0.0122 Perceptual Loss: 0.1677 
[12/01 04:00:35 Tokenizer]: Data (t): 0.0013, 32.69/s/gpu Batch (t): 0.9790 LR: 0.000074 Step: 364100 Total Loss: 0.1884 KL Loss: 0.0108 Recon Loss: 0.0062 Discriminator Loss: 0.0056 Perceptual Loss: 0.1658 
[12/01 04:01:22 Tokenizer]: Data (t): 0.0013, 34.46/s/gpu Batch (t): 0.9286 LR: 0.000074 Step: 364150 Total Loss: 0.2083 KL Loss: 0.0112 Recon Loss: 0.0064 Discriminator Loss: 0.0197 Perceptual Loss: 0.1710 
[12/01 04:02:09 Tokenizer]: Data (t): 0.0012, 33.21/s/gpu Batch (t): 0.9635 LR: 0.000074 Step: 364200 Total Loss: 0.1716 KL Loss: 0.0110 Recon Loss: 0.0067 Discriminator Loss: -0.0220 Perceptual Loss: 0.1760 
[12/01 04:02:57 Tokenizer]: Data (t): 0.0020, 34.07/s/gpu Batch (t): 0.9391 LR: 0.000074 Step: 364250 Total Loss: 0.1977 KL Loss: 0.0105 Recon Loss: 0.0074 Discriminator Loss: 0.0018 Perceptual Loss: 0.1779 
[12/01 04:03:44 Tokenizer]: Data (t): 0.0012, 35.28/s/gpu Batch (t): 0.9070 LR: 0.000074 Step: 364300 Total Loss: 0.1980 KL Loss: 0.0108 Recon Loss: 0.0061 Discriminator Loss: 0.0108 Perceptual Loss: 0.1703 
[12/01 04:04:31 Tokenizer]: Data (t): 0.0013, 36.11/s/gpu Batch (t): 0.8863 LR: 0.000074 Step: 364350 Total Loss: 0.1933 KL Loss: 0.0111 Recon Loss: 0.0070 Discriminator Loss: 0.0050 Perceptual Loss: 0.1703 
[12/01 04:05:18 Tokenizer]: Data (t): 0.0013, 31.85/s/gpu Batch (t): 1.0047 LR: 0.000074 Step: 364400 Total Loss: 0.2130 KL Loss: 0.0107 Recon Loss: 0.0066 Discriminator Loss: 0.0156 Perceptual Loss: 0.1801 
[12/01 04:06:05 Tokenizer]: Data (t): 0.0012, 32.74/s/gpu Batch (t): 0.9775 LR: 0.000074 Step: 364450 Total Loss: 0.1675 KL Loss: 0.0113 Recon Loss: 0.0058 Discriminator Loss: -0.0134 Perceptual Loss: 0.1638 
[12/01 04:06:52 Tokenizer]: Data (t): 0.0012, 32.58/s/gpu Batch (t): 0.9823 LR: 0.000074 Step: 364500 Total Loss: 0.1751 KL Loss: 0.0110 Recon Loss: 0.0065 Discriminator Loss: -0.0163 Perceptual Loss: 0.1738 
[12/01 04:06:53 Tokenizer]: Reconstructing images...
[12/01 04:07:40 Tokenizer]: Data (t): 0.0020, 34.07/s/gpu Batch (t): 0.9394 LR: 0.000074 Step: 364550 Total Loss: 0.1942 KL Loss: 0.0109 Recon Loss: 0.0065 Discriminator Loss: 0.0001 Perceptual Loss: 0.1768 
[12/01 04:08:26 Tokenizer]: Data (t): 0.0012, 34.61/s/gpu Batch (t): 0.9245 LR: 0.000074 Step: 364600 Total Loss: 0.1826 KL Loss: 0.0112 Recon Loss: 0.0061 Discriminator Loss: -0.0040 Perceptual Loss: 0.1692 
[12/01 04:09:13 Tokenizer]: Data (t): 0.0012, 35.28/s/gpu Batch (t): 0.9070 LR: 0.000074 Step: 364650 Total Loss: 0.1855 KL Loss: 0.0110 Recon Loss: 0.0061 Discriminator Loss: 0.0020 Perceptual Loss: 0.1665 
[12/01 04:10:00 Tokenizer]: Data (t): 0.0012, 34.63/s/gpu Batch (t): 0.9241 LR: 0.000074 Step: 364700 Total Loss: 0.1738 KL Loss: 0.0112 Recon Loss: 0.0070 Discriminator Loss: -0.0144 Perceptual Loss: 0.1700 
[12/01 04:10:47 Tokenizer]: Data (t): 0.0013, 33.22/s/gpu Batch (t): 0.9633 LR: 0.000074 Step: 364750 Total Loss: 0.1987 KL Loss: 0.0108 Recon Loss: 0.0067 Discriminator Loss: 0.0112 Perceptual Loss: 0.1700 
[12/01 04:11:34 Tokenizer]: Data (t): 0.0013, 35.56/s/gpu Batch (t): 0.8998 LR: 0.000074 Step: 364800 Total Loss: 0.1972 KL Loss: 0.0112 Recon Loss: 0.0070 Discriminator Loss: 0.0034 Perceptual Loss: 0.1755 
[12/01 04:12:21 Tokenizer]: Data (t): 0.0012, 33.75/s/gpu Batch (t): 0.9482 LR: 0.000074 Step: 364850 Total Loss: 0.1895 KL Loss: 0.0112 Recon Loss: 0.0070 Discriminator Loss: 0.0022 Perceptual Loss: 0.1691 
[12/01 04:13:07 Tokenizer]: Data (t): 0.0012, 33.48/s/gpu Batch (t): 0.9559 LR: 0.000074 Step: 364900 Total Loss: 0.2051 KL Loss: 0.0110 Recon Loss: 0.0076 Discriminator Loss: 0.0165 Perceptual Loss: 0.1700 
[12/01 04:13:54 Tokenizer]: Data (t): 0.0013, 35.55/s/gpu Batch (t): 0.9000 LR: 0.000074 Step: 364950 Total Loss: 0.1717 KL Loss: 0.0113 Recon Loss: 0.0061 Discriminator Loss: -0.0093 Perceptual Loss: 0.1635 
[12/01 04:14:42 Tokenizer]: Data (t): 0.0019, 26.73/s/gpu Batch (t): 1.1973 LR: 0.000074 Step: 365000 Total Loss: 0.2046 KL Loss: 0.0113 Recon Loss: 0.0064 Discriminator Loss: 0.0214 Perceptual Loss: 0.1656 
[12/01 04:14:43 Tokenizer]: Reconstructing images...
[12/01 04:15:30 Tokenizer]: Data (t): 0.0013, 33.80/s/gpu Batch (t): 0.9468 LR: 0.000074 Step: 365050 Total Loss: 0.1836 KL Loss: 0.0112 Recon Loss: 0.0067 Discriminator Loss: 0.0039 Perceptual Loss: 0.1617 
[12/01 04:16:16 Tokenizer]: Data (t): 0.0012, 33.13/s/gpu Batch (t): 0.9659 LR: 0.000074 Step: 365100 Total Loss: 0.2109 KL Loss: 0.0109 Recon Loss: 0.0087 Discriminator Loss: -0.0056 Perceptual Loss: 0.1969 
[12/01 04:17:03 Tokenizer]: Data (t): 0.0012, 34.25/s/gpu Batch (t): 0.9344 LR: 0.000074 Step: 365150 Total Loss: 0.1888 KL Loss: 0.0113 Recon Loss: 0.0054 Discriminator Loss: 0.0110 Perceptual Loss: 0.1612 
[12/01 04:17:50 Tokenizer]: Data (t): 0.0013, 35.44/s/gpu Batch (t): 0.9030 LR: 0.000074 Step: 365200 Total Loss: 0.1712 KL Loss: 0.0107 Recon Loss: 0.0055 Discriminator Loss: -0.0058 Perceptual Loss: 0.1609 
[12/01 04:18:38 Tokenizer]: Data (t): 0.0013, 28.18/s/gpu Batch (t): 1.1355 LR: 0.000074 Step: 365250 Total Loss: 0.2076 KL Loss: 0.0111 Recon Loss: 0.0074 Discriminator Loss: 0.0135 Perceptual Loss: 0.1757 
[12/01 04:19:25 Tokenizer]: Data (t): 0.0012, 34.22/s/gpu Batch (t): 0.9351 LR: 0.000074 Step: 365300 Total Loss: 0.1634 KL Loss: 0.0110 Recon Loss: 0.0058 Discriminator Loss: -0.0220 Perceptual Loss: 0.1685 
[12/01 04:20:12 Tokenizer]: Data (t): 0.0014, 32.89/s/gpu Batch (t): 0.9729 LR: 0.000074 Step: 365350 Total Loss: 0.1825 KL Loss: 0.0108 Recon Loss: 0.0067 Discriminator Loss: 0.0003 Perceptual Loss: 0.1647 
[12/01 04:20:58 Tokenizer]: Data (t): 0.0015, 35.61/s/gpu Batch (t): 0.8985 LR: 0.000074 Step: 365400 Total Loss: 0.1967 KL Loss: 0.0109 Recon Loss: 0.0079 Discriminator Loss: -0.0029 Perceptual Loss: 0.1807 
[12/01 04:21:45 Tokenizer]: Data (t): 0.0013, 35.50/s/gpu Batch (t): 0.9015 LR: 0.000074 Step: 365450 Total Loss: 0.1841 KL Loss: 0.0110 Recon Loss: 0.0060 Discriminator Loss: 0.0035 Perceptual Loss: 0.1636 
[12/01 04:22:32 Tokenizer]: Data (t): 0.0014, 34.04/s/gpu Batch (t): 0.9401 LR: 0.000074 Step: 365500 Total Loss: 0.2182 KL Loss: 0.0111 Recon Loss: 0.0103 Discriminator Loss: 0.0099 Perceptual Loss: 0.1868 
[12/01 04:22:32 Tokenizer]: Reconstructing images...
[12/01 04:23:20 Tokenizer]: Data (t): 0.0020, 30.83/s/gpu Batch (t): 1.0379 LR: 0.000074 Step: 365550 Total Loss: 0.1745 KL Loss: 0.0112 Recon Loss: 0.0057 Discriminator Loss: -0.0046 Perceptual Loss: 0.1621 
[12/01 04:24:07 Tokenizer]: Data (t): 0.0012, 33.02/s/gpu Batch (t): 0.9690 LR: 0.000074 Step: 365600 Total Loss: 0.1671 KL Loss: 0.0111 Recon Loss: 0.0055 Discriminator Loss: -0.0077 Perceptual Loss: 0.1583 
[12/01 04:24:55 Tokenizer]: Data (t): 0.0013, 33.73/s/gpu Batch (t): 0.9488 LR: 0.000074 Step: 365650 Total Loss: 0.2162 KL Loss: 0.0113 Recon Loss: 0.0073 Discriminator Loss: 0.0231 Perceptual Loss: 0.1744 
[12/01 04:25:41 Tokenizer]: Data (t): 0.0013, 34.59/s/gpu Batch (t): 0.9251 LR: 0.000074 Step: 365700 Total Loss: 0.1871 KL Loss: 0.0110 Recon Loss: 0.0064 Discriminator Loss: -0.0016 Perceptual Loss: 0.1713 
[12/01 04:26:28 Tokenizer]: Data (t): 0.0019, 34.33/s/gpu Batch (t): 0.9322 LR: 0.000074 Step: 365750 Total Loss: 0.1712 KL Loss: 0.0105 Recon Loss: 0.0069 Discriminator Loss: -0.0200 Perceptual Loss: 0.1737 
[12/01 04:27:15 Tokenizer]: Data (t): 0.0012, 34.94/s/gpu Batch (t): 0.9157 LR: 0.000074 Step: 365800 Total Loss: 0.1906 KL Loss: 0.0111 Recon Loss: 0.0066 Discriminator Loss: 0.0050 Perceptual Loss: 0.1679 
[12/01 04:28:02 Tokenizer]: Data (t): 0.0012, 34.35/s/gpu Batch (t): 0.9315 LR: 0.000074 Step: 365850 Total Loss: 0.1893 KL Loss: 0.0110 Recon Loss: 0.0060 Discriminator Loss: 0.0027 Perceptual Loss: 0.1696 
[12/01 04:28:50 Tokenizer]: Data (t): 0.0012, 33.78/s/gpu Batch (t): 0.9473 LR: 0.000074 Step: 365900 Total Loss: 0.2006 KL Loss: 0.0109 Recon Loss: 0.0106 Discriminator Loss: -0.0029 Perceptual Loss: 0.1820 
[12/01 04:29:37 Tokenizer]: Data (t): 0.0013, 35.48/s/gpu Batch (t): 0.9020 LR: 0.000074 Step: 365950 Total Loss: 0.2043 KL Loss: 0.0111 Recon Loss: 0.0102 Discriminator Loss: 0.0003 Perceptual Loss: 0.1828 
[12/01 04:30:24 Tokenizer]: Data (t): 0.0012, 30.10/s/gpu Batch (t): 1.0632 LR: 0.000074 Step: 366000 Total Loss: 0.1836 KL Loss: 0.0110 Recon Loss: 0.0061 Discriminator Loss: 0.0090 Perceptual Loss: 0.1574 
[12/01 04:30:24 Tokenizer]: Reconstructing images...
[12/01 04:31:12 Tokenizer]: Data (t): 0.0013, 35.61/s/gpu Batch (t): 0.8987 LR: 0.000074 Step: 366050 Total Loss: 0.1785 KL Loss: 0.0110 Recon Loss: 0.0060 Discriminator Loss: -0.0006 Perceptual Loss: 0.1621 
[12/01 04:31:58 Tokenizer]: Data (t): 0.0012, 35.54/s/gpu Batch (t): 0.9003 LR: 0.000074 Step: 366100 Total Loss: 0.1839 KL Loss: 0.0112 Recon Loss: 0.0069 Discriminator Loss: -0.0011 Perceptual Loss: 0.1669 
[12/01 04:32:45 Tokenizer]: Data (t): 0.0012, 35.63/s/gpu Batch (t): 0.8980 LR: 0.000074 Step: 366150 Total Loss: 0.2107 KL Loss: 0.0111 Recon Loss: 0.0067 Discriminator Loss: 0.0167 Perceptual Loss: 0.1762 
[12/01 04:33:32 Tokenizer]: Data (t): 0.0020, 34.85/s/gpu Batch (t): 0.9182 LR: 0.000074 Step: 366200 Total Loss: 0.1922 KL Loss: 0.0112 Recon Loss: 0.0072 Discriminator Loss: -0.0012 Perceptual Loss: 0.1749 
[12/01 04:34:19 Tokenizer]: Data (t): 0.0013, 34.08/s/gpu Batch (t): 0.9389 LR: 0.000074 Step: 366250 Total Loss: 0.1662 KL Loss: 0.0110 Recon Loss: 0.0069 Discriminator Loss: -0.0230 Perceptual Loss: 0.1712 
[12/01 04:35:06 Tokenizer]: Data (t): 0.0012, 35.37/s/gpu Batch (t): 0.9046 LR: 0.000074 Step: 366300 Total Loss: 0.1691 KL Loss: 0.0110 Recon Loss: 0.0058 Discriminator Loss: -0.0108 Perceptual Loss: 0.1631 
[12/01 04:35:53 Tokenizer]: Data (t): 0.0015, 36.63/s/gpu Batch (t): 0.8737 LR: 0.000074 Step: 366350 Total Loss: 0.1841 KL Loss: 0.0110 Recon Loss: 0.0056 Discriminator Loss: 0.0012 Perceptual Loss: 0.1662 
[12/01 04:36:40 Tokenizer]: Data (t): 0.0012, 34.74/s/gpu Batch (t): 0.9210 LR: 0.000074 Step: 366400 Total Loss: 0.1905 KL Loss: 0.0110 Recon Loss: 0.0077 Discriminator Loss: -0.0111 Perceptual Loss: 0.1828 
[12/01 04:37:27 Tokenizer]: Data (t): 0.0012, 33.69/s/gpu Batch (t): 0.9499 LR: 0.000074 Step: 366450 Total Loss: 0.1914 KL Loss: 0.0112 Recon Loss: 0.0061 Discriminator Loss: 0.0128 Perceptual Loss: 0.1613 
[12/01 04:38:14 Tokenizer]: Data (t): 0.0012, 34.45/s/gpu Batch (t): 0.9289 LR: 0.000074 Step: 366500 Total Loss: 0.2070 KL Loss: 0.0110 Recon Loss: 0.0063 Discriminator Loss: 0.0147 Perceptual Loss: 0.1751 
[12/01 04:38:15 Tokenizer]: Reconstructing images...
[12/01 04:39:03 Tokenizer]: Data (t): 0.0013, 35.68/s/gpu Batch (t): 0.8970 LR: 0.000074 Step: 366550 Total Loss: 0.1997 KL Loss: 0.0110 Recon Loss: 0.0059 Discriminator Loss: 0.0169 Perceptual Loss: 0.1660 
[12/01 04:39:49 Tokenizer]: Data (t): 0.0012, 33.62/s/gpu Batch (t): 0.9519 LR: 0.000074 Step: 366600 Total Loss: 0.1975 KL Loss: 0.0109 Recon Loss: 0.0072 Discriminator Loss: 0.0087 Perceptual Loss: 0.1707 
[12/01 04:40:37 Tokenizer]: Data (t): 0.0022, 34.84/s/gpu Batch (t): 0.9186 LR: 0.000074 Step: 366650 Total Loss: 0.1676 KL Loss: 0.0111 Recon Loss: 0.0067 Discriminator Loss: -0.0177 Perceptual Loss: 0.1676 
[12/01 04:41:24 Tokenizer]: Data (t): 0.0012, 34.12/s/gpu Batch (t): 0.9378 LR: 0.000074 Step: 366700 Total Loss: 0.1903 KL Loss: 0.0113 Recon Loss: 0.0059 Discriminator Loss: 0.0076 Perceptual Loss: 0.1654 
[12/01 04:42:11 Tokenizer]: Data (t): 0.0014, 34.04/s/gpu Batch (t): 0.9400 LR: 0.000074 Step: 366750 Total Loss: 0.1859 KL Loss: 0.0109 Recon Loss: 0.0067 Discriminator Loss: -0.0069 Perceptual Loss: 0.1752 
[12/01 04:42:58 Tokenizer]: Data (t): 0.0012, 35.14/s/gpu Batch (t): 0.9106 LR: 0.000074 Step: 366800 Total Loss: 0.1910 KL Loss: 0.0110 Recon Loss: 0.0071 Discriminator Loss: -0.0034 Perceptual Loss: 0.1763 
[12/01 04:43:45 Tokenizer]: Data (t): 0.0012, 35.46/s/gpu Batch (t): 0.9025 LR: 0.000074 Step: 366850 Total Loss: 0.1826 KL Loss: 0.0110 Recon Loss: 0.0067 Discriminator Loss: -0.0046 Perceptual Loss: 0.1696 
[12/01 04:44:31 Tokenizer]: Data (t): 0.0012, 33.89/s/gpu Batch (t): 0.9443 LR: 0.000074 Step: 366900 Total Loss: 0.1968 KL Loss: 0.0108 Recon Loss: 0.0068 Discriminator Loss: -0.0032 Perceptual Loss: 0.1824 
[12/01 04:45:18 Tokenizer]: Data (t): 0.0012, 33.38/s/gpu Batch (t): 0.9586 LR: 0.000074 Step: 366950 Total Loss: 0.1753 KL Loss: 0.0110 Recon Loss: 0.0067 Discriminator Loss: -0.0124 Perceptual Loss: 0.1700 
[12/01 04:46:05 Tokenizer]: Data (t): 0.0012, 29.76/s/gpu Batch (t): 1.0753 LR: 0.000074 Step: 367000 Total Loss: 0.1904 KL Loss: 0.0109 Recon Loss: 0.0070 Discriminator Loss: -0.0037 Perceptual Loss: 0.1762 
[12/01 04:46:06 Tokenizer]: Reconstructing images...
[12/01 04:46:53 Tokenizer]: Data (t): 0.0013, 32.65/s/gpu Batch (t): 0.9801 LR: 0.000074 Step: 367050 Total Loss: 0.2205 KL Loss: 0.0112 Recon Loss: 0.0068 Discriminator Loss: 0.0392 Perceptual Loss: 0.1633 
[12/01 04:47:40 Tokenizer]: Data (t): 0.0013, 35.07/s/gpu Batch (t): 0.9125 LR: 0.000074 Step: 367100 Total Loss: 0.2009 KL Loss: 0.0109 Recon Loss: 0.0066 Discriminator Loss: 0.0114 Perceptual Loss: 0.1719 
[12/01 04:48:27 Tokenizer]: Data (t): 0.0013, 34.39/s/gpu Batch (t): 0.9306 LR: 0.000074 Step: 367150 Total Loss: 0.2304 KL Loss: 0.0111 Recon Loss: 0.0088 Discriminator Loss: 0.0320 Perceptual Loss: 0.1785 
[12/01 04:49:14 Tokenizer]: Data (t): 0.0012, 34.43/s/gpu Batch (t): 0.9294 LR: 0.000074 Step: 367200 Total Loss: 0.1942 KL Loss: 0.0108 Recon Loss: 0.0067 Discriminator Loss: 0.0083 Perceptual Loss: 0.1684 
[12/01 04:50:01 Tokenizer]: Data (t): 0.0012, 34.29/s/gpu Batch (t): 0.9331 LR: 0.000074 Step: 367250 Total Loss: 0.1775 KL Loss: 0.0110 Recon Loss: 0.0057 Discriminator Loss: -0.0061 Perceptual Loss: 0.1669 
[12/01 04:50:48 Tokenizer]: Data (t): 0.0012, 33.46/s/gpu Batch (t): 0.9562 LR: 0.000074 Step: 367300 Total Loss: 0.1925 KL Loss: 0.0113 Recon Loss: 0.0092 Discriminator Loss: -0.0032 Perceptual Loss: 0.1752 
[12/01 04:51:35 Tokenizer]: Data (t): 0.0012, 33.02/s/gpu Batch (t): 0.9691 LR: 0.000074 Step: 367350 Total Loss: 0.1706 KL Loss: 0.0111 Recon Loss: 0.0057 Discriminator Loss: -0.0119 Perceptual Loss: 0.1657 
[12/01 04:52:22 Tokenizer]: Data (t): 0.0012, 35.63/s/gpu Batch (t): 0.8982 LR: 0.000074 Step: 367400 Total Loss: 0.1980 KL Loss: 0.0108 Recon Loss: 0.0062 Discriminator Loss: 0.0091 Perceptual Loss: 0.1719 
[12/01 04:53:09 Tokenizer]: Data (t): 0.0013, 35.97/s/gpu Batch (t): 0.8896 LR: 0.000074 Step: 367450 Total Loss: 0.2002 KL Loss: 0.0110 Recon Loss: 0.0064 Discriminator Loss: 0.0117 Perceptual Loss: 0.1711 
[12/01 04:53:55 Tokenizer]: Data (t): 0.0012, 35.85/s/gpu Batch (t): 0.8926 LR: 0.000074 Step: 367500 Total Loss: 0.1978 KL Loss: 0.0109 Recon Loss: 0.0068 Discriminator Loss: -0.0005 Perceptual Loss: 0.1806 
[12/01 04:53:56 Tokenizer]: Reconstructing images...
[12/01 04:54:43 Tokenizer]: Data (t): 0.0012, 35.76/s/gpu Batch (t): 0.8949 LR: 0.000074 Step: 367550 Total Loss: 0.2036 KL Loss: 0.0111 Recon Loss: 0.0056 Discriminator Loss: 0.0150 Perceptual Loss: 0.1720 
[12/01 04:55:30 Tokenizer]: Data (t): 0.0014, 34.10/s/gpu Batch (t): 0.9385 LR: 0.000074 Step: 367600 Total Loss: 0.1865 KL Loss: 0.0112 Recon Loss: 0.0071 Discriminator Loss: -0.0028 Perceptual Loss: 0.1710 
[12/01 04:56:18 Tokenizer]: Data (t): 0.0013, 34.12/s/gpu Batch (t): 0.9377 LR: 0.000074 Step: 367650 Total Loss: 0.1737 KL Loss: 0.0114 Recon Loss: 0.0075 Discriminator Loss: -0.0167 Perceptual Loss: 0.1714 
[12/01 04:57:05 Tokenizer]: Data (t): 0.0012, 33.61/s/gpu Batch (t): 0.9520 LR: 0.000074 Step: 367700 Total Loss: 0.1707 KL Loss: 0.0111 Recon Loss: 0.0059 Discriminator Loss: -0.0152 Perceptual Loss: 0.1689 
[12/01 04:57:52 Tokenizer]: Data (t): 0.0013, 33.03/s/gpu Batch (t): 0.9687 LR: 0.000074 Step: 367750 Total Loss: 0.2011 KL Loss: 0.0110 Recon Loss: 0.0065 Discriminator Loss: 0.0141 Perceptual Loss: 0.1696 
[12/01 04:58:38 Tokenizer]: Data (t): 0.0012, 34.35/s/gpu Batch (t): 0.9315 LR: 0.000074 Step: 367800 Total Loss: 0.2038 KL Loss: 0.0110 Recon Loss: 0.0068 Discriminator Loss: 0.0156 Perceptual Loss: 0.1704 
[12/01 04:59:26 Tokenizer]: Data (t): 0.0013, 35.54/s/gpu Batch (t): 0.9004 LR: 0.000074 Step: 367850 Total Loss: 0.1773 KL Loss: 0.0107 Recon Loss: 0.0062 Discriminator Loss: -0.0095 Perceptual Loss: 0.1700 
[12/01 05:00:13 Tokenizer]: Data (t): 0.0018, 33.84/s/gpu Batch (t): 0.9457 LR: 0.000074 Step: 367900 Total Loss: 0.1977 KL Loss: 0.0114 Recon Loss: 0.0063 Discriminator Loss: 0.0027 Perceptual Loss: 0.1772 
[12/01 05:01:00 Tokenizer]: Data (t): 0.0012, 34.63/s/gpu Batch (t): 0.9240 LR: 0.000074 Step: 367950 Total Loss: 0.1863 KL Loss: 0.0112 Recon Loss: 0.0070 Discriminator Loss: 0.0050 Perceptual Loss: 0.1631 
[12/01 05:01:47 Tokenizer]: Data (t): 0.0012, 30.83/s/gpu Batch (t): 1.0378 LR: 0.000074 Step: 368000 Total Loss: 0.1925 KL Loss: 0.0113 Recon Loss: 0.0060 Discriminator Loss: -0.0011 Perceptual Loss: 0.1762 
[12/01 05:01:48 Tokenizer]: Reconstructing images...
[12/01 05:02:35 Tokenizer]: Data (t): 0.0012, 34.79/s/gpu Batch (t): 0.9199 LR: 0.000074 Step: 368050 Total Loss: 0.1738 KL Loss: 0.0107 Recon Loss: 0.0063 Discriminator Loss: -0.0110 Perceptual Loss: 0.1677 
[12/01 05:03:22 Tokenizer]: Data (t): 0.0016, 34.04/s/gpu Batch (t): 0.9400 LR: 0.000074 Step: 368100 Total Loss: 0.1891 KL Loss: 0.0112 Recon Loss: 0.0058 Discriminator Loss: 0.0076 Perceptual Loss: 0.1645 
[12/01 05:04:09 Tokenizer]: Data (t): 0.0013, 34.44/s/gpu Batch (t): 0.9291 LR: 0.000074 Step: 368150 Total Loss: 0.1793 KL Loss: 0.0108 Recon Loss: 0.0058 Discriminator Loss: -0.0035 Perceptual Loss: 0.1663 
[12/01 05:04:56 Tokenizer]: Data (t): 0.0013, 35.07/s/gpu Batch (t): 0.9126 LR: 0.000074 Step: 368200 Total Loss: 0.1806 KL Loss: 0.0108 Recon Loss: 0.0060 Discriminator Loss: -0.0066 Perceptual Loss: 0.1704 
[12/01 05:05:43 Tokenizer]: Data (t): 0.0013, 34.68/s/gpu Batch (t): 0.9227 LR: 0.000074 Step: 368250 Total Loss: 0.1862 KL Loss: 0.0111 Recon Loss: 0.0057 Discriminator Loss: 0.0029 Perceptual Loss: 0.1666 
[12/01 05:06:29 Tokenizer]: Data (t): 0.0014, 35.23/s/gpu Batch (t): 0.9083 LR: 0.000074 Step: 368300 Total Loss: 0.1787 KL Loss: 0.0106 Recon Loss: 0.0061 Discriminator Loss: -0.0164 Perceptual Loss: 0.1784 
[12/01 05:07:16 Tokenizer]: Data (t): 0.0012, 35.24/s/gpu Batch (t): 0.9081 LR: 0.000074 Step: 368350 Total Loss: 0.1863 KL Loss: 0.0108 Recon Loss: 0.0063 Discriminator Loss: 0.0042 Perceptual Loss: 0.1649 
[12/01 05:08:03 Tokenizer]: Data (t): 0.0018, 34.37/s/gpu Batch (t): 0.9311 LR: 0.000074 Step: 368400 Total Loss: 0.1908 KL Loss: 0.0111 Recon Loss: 0.0066 Discriminator Loss: -0.0043 Perceptual Loss: 0.1774 
[12/01 05:08:50 Tokenizer]: Data (t): 0.0020, 34.43/s/gpu Batch (t): 0.9295 LR: 0.000074 Step: 368450 Total Loss: 0.1751 KL Loss: 0.0111 Recon Loss: 0.0060 Discriminator Loss: -0.0096 Perceptual Loss: 0.1675 
[12/01 05:09:37 Tokenizer]: Data (t): 0.0013, 34.52/s/gpu Batch (t): 0.9270 LR: 0.000074 Step: 368500 Total Loss: 0.1810 KL Loss: 0.0113 Recon Loss: 0.0065 Discriminator Loss: -0.0034 Perceptual Loss: 0.1665 
[12/01 05:09:38 Tokenizer]: Reconstructing images...
[12/01 05:10:25 Tokenizer]: Data (t): 0.0013, 33.69/s/gpu Batch (t): 0.9498 LR: 0.000074 Step: 368550 Total Loss: 0.1936 KL Loss: 0.0110 Recon Loss: 0.0061 Discriminator Loss: 0.0084 Perceptual Loss: 0.1681 
[12/01 05:11:12 Tokenizer]: Data (t): 0.0013, 34.14/s/gpu Batch (t): 0.9373 LR: 0.000074 Step: 368600 Total Loss: 0.1827 KL Loss: 0.0111 Recon Loss: 0.0061 Discriminator Loss: -0.0031 Perceptual Loss: 0.1686 
[12/01 05:11:59 Tokenizer]: Data (t): 0.0012, 34.85/s/gpu Batch (t): 0.9183 LR: 0.000074 Step: 368650 Total Loss: 0.1997 KL Loss: 0.0108 Recon Loss: 0.0070 Discriminator Loss: 0.0120 Perceptual Loss: 0.1700 
[12/01 05:12:46 Tokenizer]: Data (t): 0.0012, 34.45/s/gpu Batch (t): 0.9290 LR: 0.000074 Step: 368700 Total Loss: 0.1812 KL Loss: 0.0112 Recon Loss: 0.0069 Discriminator Loss: -0.0015 Perceptual Loss: 0.1645 
[12/01 05:13:34 Tokenizer]: Data (t): 0.0015, 33.83/s/gpu Batch (t): 0.9459 LR: 0.000074 Step: 368750 Total Loss: 0.1983 KL Loss: 0.0111 Recon Loss: 0.0058 Discriminator Loss: 0.0185 Perceptual Loss: 0.1628 
[12/01 05:14:20 Tokenizer]: Data (t): 0.0012, 33.12/s/gpu Batch (t): 0.9661 LR: 0.000074 Step: 368800 Total Loss: 0.1857 KL Loss: 0.0110 Recon Loss: 0.0077 Discriminator Loss: -0.0163 Perceptual Loss: 0.1832 
[12/01 05:15:08 Tokenizer]: Data (t): 0.0013, 34.73/s/gpu Batch (t): 0.9213 LR: 0.000074 Step: 368850 Total Loss: 0.1747 KL Loss: 0.0109 Recon Loss: 0.0053 Discriminator Loss: -0.0001 Perceptual Loss: 0.1586 
[12/01 05:15:55 Tokenizer]: Data (t): 0.0012, 34.67/s/gpu Batch (t): 0.9230 LR: 0.000074 Step: 368900 Total Loss: 0.1902 KL Loss: 0.0109 Recon Loss: 0.0072 Discriminator Loss: -0.0016 Perceptual Loss: 0.1738 
[12/01 05:16:42 Tokenizer]: Data (t): 0.0013, 35.14/s/gpu Batch (t): 0.9107 LR: 0.000074 Step: 368950 Total Loss: 0.1958 KL Loss: 0.0109 Recon Loss: 0.0066 Discriminator Loss: 0.0106 Perceptual Loss: 0.1678 
[12/01 05:17:29 Tokenizer]: Data (t): 0.0013, 30.78/s/gpu Batch (t): 1.0396 LR: 0.000074 Step: 369000 Total Loss: 0.1821 KL Loss: 0.0111 Recon Loss: 0.0072 Discriminator Loss: -0.0077 Perceptual Loss: 0.1715 
[12/01 05:17:29 Tokenizer]: Reconstructing images...
[12/01 05:18:17 Tokenizer]: Data (t): 0.0019, 36.20/s/gpu Batch (t): 0.8841 LR: 0.000074 Step: 369050 Total Loss: 0.2070 KL Loss: 0.0107 Recon Loss: 0.0080 Discriminator Loss: 0.0081 Perceptual Loss: 0.1802 
[12/01 05:19:04 Tokenizer]: Data (t): 0.0012, 33.52/s/gpu Batch (t): 0.9547 LR: 0.000074 Step: 369100 Total Loss: 0.1842 KL Loss: 0.0111 Recon Loss: 0.0063 Discriminator Loss: 0.0039 Perceptual Loss: 0.1629 
[12/01 05:19:51 Tokenizer]: Data (t): 0.0013, 35.87/s/gpu Batch (t): 0.8920 LR: 0.000074 Step: 369150 Total Loss: 0.1993 KL Loss: 0.0112 Recon Loss: 0.0058 Discriminator Loss: 0.0132 Perceptual Loss: 0.1692 
[12/01 05:20:37 Tokenizer]: Data (t): 0.0013, 32.82/s/gpu Batch (t): 0.9749 LR: 0.000074 Step: 369200 Total Loss: 0.1953 KL Loss: 0.0108 Recon Loss: 0.0065 Discriminator Loss: 0.0103 Perceptual Loss: 0.1678 
[12/01 05:21:24 Tokenizer]: Data (t): 0.0012, 33.94/s/gpu Batch (t): 0.9427 LR: 0.000074 Step: 369250 Total Loss: 0.1957 KL Loss: 0.0112 Recon Loss: 0.0059 Discriminator Loss: 0.0085 Perceptual Loss: 0.1700 
[12/01 05:22:11 Tokenizer]: Data (t): 0.0014, 34.64/s/gpu Batch (t): 0.9239 LR: 0.000074 Step: 369300 Total Loss: 0.1791 KL Loss: 0.0113 Recon Loss: 0.0060 Discriminator Loss: 0.0017 Perceptual Loss: 0.1601 
[12/01 05:22:58 Tokenizer]: Data (t): 0.0013, 34.19/s/gpu Batch (t): 0.9360 LR: 0.000074 Step: 369350 Total Loss: 0.1733 KL Loss: 0.0111 Recon Loss: 0.0054 Discriminator Loss: -0.0014 Perceptual Loss: 0.1582 
[12/01 05:23:45 Tokenizer]: Data (t): 0.0013, 35.19/s/gpu Batch (t): 0.9094 LR: 0.000074 Step: 369400 Total Loss: 0.1901 KL Loss: 0.0111 Recon Loss: 0.0068 Discriminator Loss: 0.0005 Perceptual Loss: 0.1717 
[12/01 05:24:32 Tokenizer]: Data (t): 0.0013, 34.62/s/gpu Batch (t): 0.9243 LR: 0.000074 Step: 369450 Total Loss: 0.2015 KL Loss: 0.0108 Recon Loss: 0.0092 Discriminator Loss: -0.0007 Perceptual Loss: 0.1822 
[12/01 05:25:18 Tokenizer]: Data (t): 0.0013, 34.14/s/gpu Batch (t): 0.9372 LR: 0.000074 Step: 369500 Total Loss: 0.1658 KL Loss: 0.0113 Recon Loss: 0.0056 Discriminator Loss: -0.0116 Perceptual Loss: 0.1604 
[12/01 05:25:19 Tokenizer]: Reconstructing images...
[12/01 05:26:06 Tokenizer]: Data (t): 0.0014, 34.85/s/gpu Batch (t): 0.9182 LR: 0.000074 Step: 369550 Total Loss: 0.1984 KL Loss: 0.0109 Recon Loss: 0.0066 Discriminator Loss: 0.0136 Perceptual Loss: 0.1672 
[12/01 05:26:54 Tokenizer]: Data (t): 0.0012, 35.81/s/gpu Batch (t): 0.8937 LR: 0.000074 Step: 369600 Total Loss: 0.2097 KL Loss: 0.0112 Recon Loss: 0.0106 Discriminator Loss: 0.0146 Perceptual Loss: 0.1732 
[12/01 05:27:41 Tokenizer]: Data (t): 0.0013, 32.88/s/gpu Batch (t): 0.9734 LR: 0.000074 Step: 369650 Total Loss: 0.1840 KL Loss: 0.0111 Recon Loss: 0.0077 Discriminator Loss: -0.0066 Perceptual Loss: 0.1718 
[12/01 05:28:27 Tokenizer]: Data (t): 0.0013, 35.40/s/gpu Batch (t): 0.9040 LR: 0.000074 Step: 369700 Total Loss: 0.1781 KL Loss: 0.0111 Recon Loss: 0.0061 Discriminator Loss: -0.0059 Perceptual Loss: 0.1669 
[12/01 05:29:14 Tokenizer]: Data (t): 0.0014, 34.95/s/gpu Batch (t): 0.9156 LR: 0.000074 Step: 369750 Total Loss: 0.1956 KL Loss: 0.0111 Recon Loss: 0.0079 Discriminator Loss: 0.0027 Perceptual Loss: 0.1738 
[12/01 05:30:01 Tokenizer]: Data (t): 0.0012, 34.76/s/gpu Batch (t): 0.9205 LR: 0.000074 Step: 369800 Total Loss: 0.1982 KL Loss: 0.0108 Recon Loss: 0.0070 Discriminator Loss: 0.0108 Perceptual Loss: 0.1697 
[12/01 05:30:47 Tokenizer]: Data (t): 0.0012, 33.66/s/gpu Batch (t): 0.9507 LR: 0.000074 Step: 369850 Total Loss: 0.1826 KL Loss: 0.0107 Recon Loss: 0.0069 Discriminator Loss: -0.0042 Perceptual Loss: 0.1692 
[12/01 05:31:34 Tokenizer]: Data (t): 0.0012, 36.07/s/gpu Batch (t): 0.8872 LR: 0.000074 Step: 369900 Total Loss: 0.2020 KL Loss: 0.0109 Recon Loss: 0.0074 Discriminator Loss: 0.0090 Perceptual Loss: 0.1748 
[12/01 05:32:22 Tokenizer]: Data (t): 0.0013, 33.21/s/gpu Batch (t): 0.9636 LR: 0.000074 Step: 369950 Total Loss: 0.1948 KL Loss: 0.0113 Recon Loss: 0.0067 Discriminator Loss: 0.0095 Perceptual Loss: 0.1673 
[12/01 05:33:08 Tokenizer]: Data (t): 0.0013, 30.04/s/gpu Batch (t): 1.0652 LR: 0.000074 Step: 370000 Total Loss: 0.1826 KL Loss: 0.0107 Recon Loss: 0.0076 Discriminator Loss: -0.0233 Perceptual Loss: 0.1875 
Model weights saved in checkpoints/quadtok_sl256_vae_ts16-expandprob34/checkpoint-370000/unwrapped_model/pytorch_model.bin
[12/01 05:33:10 Tokenizer]: Saved state to checkpoints/quadtok_sl256_vae_ts16-expandprob34/checkpoint-370000
Model weights saved in checkpoints/quadtok_sl256_vae_ts16-expandprob34/checkpoint-370000/ema_model/pytorch_model.bin
[12/01 05:33:20 Tokenizer]: Reconstructing images...
[12/01 05:33:20 Tokenizer]: Computing metrics on the validation set.
[12/01 05:38:36 Tokenizer]: EMA EVALUATION Step: 370000 
[12/01 05:38:36 Tokenizer]: {'InceptionScore': 207.0884136522246,
 'PSNR': 25.24612457183838,
 'rFID': 1.2083723672169526}
[12/01 05:39:26 Tokenizer]: Data (t): 0.0012, 32.94/s/gpu Batch (t): 0.9714 LR: 0.000074 Step: 370050 Total Loss: 0.1636 KL Loss: 0.0109 Recon Loss: 0.0057 Discriminator Loss: -0.0137 Perceptual Loss: 0.1607 
[12/01 05:40:13 Tokenizer]: Data (t): 0.0012, 35.15/s/gpu Batch (t): 0.9104 LR: 0.000074 Step: 370100 Total Loss: 0.1793 KL Loss: 0.0110 Recon Loss: 0.0065 Discriminator Loss: -0.0035 Perceptual Loss: 0.1653 
[12/01 05:41:00 Tokenizer]: Data (t): 0.0012, 35.75/s/gpu Batch (t): 0.8952 LR: 0.000074 Step: 370150 Total Loss: 0.2228 KL Loss: 0.0109 Recon Loss: 0.0064 Discriminator Loss: 0.0264 Perceptual Loss: 0.1791 
[12/01 05:41:47 Tokenizer]: Data (t): 0.0013, 35.50/s/gpu Batch (t): 0.9015 LR: 0.000074 Step: 370200 Total Loss: 0.1801 KL Loss: 0.0111 Recon Loss: 0.0070 Discriminator Loss: -0.0061 Perceptual Loss: 0.1680 
[12/01 05:42:33 Tokenizer]: Data (t): 0.0013, 33.86/s/gpu Batch (t): 0.9450 LR: 0.000074 Step: 370250 Total Loss: 0.1942 KL Loss: 0.0110 Recon Loss: 0.0073 Discriminator Loss: 0.0036 Perceptual Loss: 0.1723 
[12/01 05:43:20 Tokenizer]: Data (t): 0.0013, 34.48/s/gpu Batch (t): 0.9280 LR: 0.000074 Step: 370300 Total Loss: 0.2005 KL Loss: 0.0109 Recon Loss: 0.0056 Discriminator Loss: 0.0215 Perceptual Loss: 0.1625 
[12/01 05:44:07 Tokenizer]: Data (t): 0.0013, 34.66/s/gpu Batch (t): 0.9234 LR: 0.000074 Step: 370350 Total Loss: 0.1743 KL Loss: 0.0111 Recon Loss: 0.0066 Discriminator Loss: -0.0130 Perceptual Loss: 0.1696 
[12/01 05:44:54 Tokenizer]: Data (t): 0.0012, 34.83/s/gpu Batch (t): 0.9189 LR: 0.000074 Step: 370400 Total Loss: 0.2000 KL Loss: 0.0107 Recon Loss: 0.0064 Discriminator Loss: 0.0131 Perceptual Loss: 0.1697 
[12/01 05:45:42 Tokenizer]: Data (t): 0.0012, 34.55/s/gpu Batch (t): 0.9261 LR: 0.000074 Step: 370450 Total Loss: 0.1678 KL Loss: 0.0114 Recon Loss: 0.0071 Discriminator Loss: -0.0254 Perceptual Loss: 0.1748 
[12/01 05:46:28 Tokenizer]: Data (t): 0.0012, 34.27/s/gpu Batch (t): 0.9337 LR: 0.000074 Step: 370500 Total Loss: 0.1809 KL Loss: 0.0107 Recon Loss: 0.0065 Discriminator Loss: -0.0068 Perceptual Loss: 0.1704 
[12/01 05:46:29 Tokenizer]: Reconstructing images...
[12/01 05:47:16 Tokenizer]: Data (t): 0.0013, 35.66/s/gpu Batch (t): 0.8973 LR: 0.000074 Step: 370550 Total Loss: 0.1933 KL Loss: 0.0111 Recon Loss: 0.0072 Discriminator Loss: -0.0053 Perceptual Loss: 0.1804 
[12/01 05:48:03 Tokenizer]: Data (t): 0.0012, 32.92/s/gpu Batch (t): 0.9721 LR: 0.000074 Step: 370600 Total Loss: 0.1961 KL Loss: 0.0110 Recon Loss: 0.0075 Discriminator Loss: 0.0101 Perceptual Loss: 0.1674 
[12/01 05:48:51 Tokenizer]: Data (t): 0.0013, 33.59/s/gpu Batch (t): 0.9526 LR: 0.000074 Step: 370650 Total Loss: 0.1778 KL Loss: 0.0113 Recon Loss: 0.0054 Discriminator Loss: 0.0015 Perceptual Loss: 0.1595 
[12/01 05:49:38 Tokenizer]: Data (t): 0.0013, 32.51/s/gpu Batch (t): 0.9843 LR: 0.000074 Step: 370700 Total Loss: 0.1846 KL Loss: 0.0110 Recon Loss: 0.0061 Discriminator Loss: 0.0075 Perceptual Loss: 0.1600 
[12/01 05:50:25 Tokenizer]: Data (t): 0.0012, 35.80/s/gpu Batch (t): 0.8940 LR: 0.000074 Step: 370750 Total Loss: 0.1625 KL Loss: 0.0106 Recon Loss: 0.0066 Discriminator Loss: -0.0350 Perceptual Loss: 0.1803 
[12/01 05:51:12 Tokenizer]: Data (t): 0.0014, 35.53/s/gpu Batch (t): 0.9006 LR: 0.000074 Step: 370800 Total Loss: 0.1910 KL Loss: 0.0112 Recon Loss: 0.0063 Discriminator Loss: 0.0123 Perceptual Loss: 0.1612 
[12/01 05:51:58 Tokenizer]: Data (t): 0.0013, 34.23/s/gpu Batch (t): 0.9349 LR: 0.000074 Step: 370850 Total Loss: 0.1952 KL Loss: 0.0114 Recon Loss: 0.0058 Discriminator Loss: 0.0101 Perceptual Loss: 0.1679 
[12/01 05:52:45 Tokenizer]: Data (t): 0.0012, 34.02/s/gpu Batch (t): 0.9405 LR: 0.000074 Step: 370900 Total Loss: 0.1791 KL Loss: 0.0109 Recon Loss: 0.0058 Discriminator Loss: 0.0003 Perceptual Loss: 0.1621 
[12/01 05:53:32 Tokenizer]: Data (t): 0.0012, 33.43/s/gpu Batch (t): 0.9571 LR: 0.000074 Step: 370950 Total Loss: 0.1815 KL Loss: 0.0110 Recon Loss: 0.0062 Discriminator Loss: -0.0087 Perceptual Loss: 0.1731 
[12/01 05:54:19 Tokenizer]: Data (t): 0.0013, 30.86/s/gpu Batch (t): 1.0369 LR: 0.000074 Step: 371000 Total Loss: 0.1998 KL Loss: 0.0109 Recon Loss: 0.0065 Discriminator Loss: 0.0103 Perceptual Loss: 0.1722 
[12/01 05:54:19 Tokenizer]: Reconstructing images...
[12/01 05:55:07 Tokenizer]: Data (t): 0.0012, 34.03/s/gpu Batch (t): 0.9404 LR: 0.000074 Step: 371050 Total Loss: 0.1886 KL Loss: 0.0110 Recon Loss: 0.0063 Discriminator Loss: 0.0017 Perceptual Loss: 0.1697 
[12/01 05:55:54 Tokenizer]: Data (t): 0.0012, 33.63/s/gpu Batch (t): 0.9515 LR: 0.000074 Step: 371100 Total Loss: 0.2100 KL Loss: 0.0110 Recon Loss: 0.0058 Discriminator Loss: 0.0256 Perceptual Loss: 0.1676 
[12/01 05:56:41 Tokenizer]: Data (t): 0.0013, 36.11/s/gpu Batch (t): 0.8861 LR: 0.000074 Step: 371150 Total Loss: 0.1883 KL Loss: 0.0110 Recon Loss: 0.0078 Discriminator Loss: 0.0016 Perceptual Loss: 0.1679 
[12/01 05:57:28 Tokenizer]: Data (t): 0.0012, 33.49/s/gpu Batch (t): 0.9555 LR: 0.000074 Step: 371200 Total Loss: 0.1649 KL Loss: 0.0110 Recon Loss: 0.0061 Discriminator Loss: -0.0165 Perceptual Loss: 0.1644 
[12/01 05:58:15 Tokenizer]: Data (t): 0.0013, 35.43/s/gpu Batch (t): 0.9031 LR: 0.000074 Step: 371250 Total Loss: 0.1869 KL Loss: 0.0113 Recon Loss: 0.0057 Discriminator Loss: 0.0024 Perceptual Loss: 0.1676 
[12/01 05:59:02 Tokenizer]: Data (t): 0.0012, 34.62/s/gpu Batch (t): 0.9244 LR: 0.000074 Step: 371300 Total Loss: 0.1842 KL Loss: 0.0110 Recon Loss: 0.0055 Discriminator Loss: -0.0004 Perceptual Loss: 0.1681 
[12/01 05:59:49 Tokenizer]: Data (t): 0.0014, 35.07/s/gpu Batch (t): 0.9124 LR: 0.000074 Step: 371350 Total Loss: 0.2034 KL Loss: 0.0110 Recon Loss: 0.0058 Discriminator Loss: 0.0240 Perceptual Loss: 0.1627 
[12/01 06:00:36 Tokenizer]: Data (t): 0.0013, 29.27/s/gpu Batch (t): 1.0934 LR: 0.000074 Step: 371400 Total Loss: 0.1787 KL Loss: 0.0112 Recon Loss: 0.0063 Discriminator Loss: -0.0092 Perceptual Loss: 0.1705 
[12/01 06:01:23 Tokenizer]: Data (t): 0.0014, 33.29/s/gpu Batch (t): 0.9612 LR: 0.000074 Step: 371450 Total Loss: 0.1893 KL Loss: 0.0109 Recon Loss: 0.0071 Discriminator Loss: 0.0041 Perceptual Loss: 0.1672 
[12/01 06:02:10 Tokenizer]: Data (t): 0.0012, 29.34/s/gpu Batch (t): 1.0906 LR: 0.000073 Step: 371500 Total Loss: 0.1715 KL Loss: 0.0110 Recon Loss: 0.0072 Discriminator Loss: -0.0168 Perceptual Loss: 0.1700 
[12/01 06:02:10 Tokenizer]: Reconstructing images...
[12/01 06:02:58 Tokenizer]: Data (t): 0.0016, 29.54/s/gpu Batch (t): 1.0831 LR: 0.000073 Step: 371550 Total Loss: 0.1815 KL Loss: 0.0111 Recon Loss: 0.0075 Discriminator Loss: -0.0061 Perceptual Loss: 0.1690 
[12/01 06:03:44 Tokenizer]: Data (t): 0.0014, 34.66/s/gpu Batch (t): 0.9234 LR: 0.000073 Step: 371600 Total Loss: 0.1887 KL Loss: 0.0108 Recon Loss: 0.0069 Discriminator Loss: -0.0088 Perceptual Loss: 0.1798 
[12/01 06:04:31 Tokenizer]: Data (t): 0.0013, 34.64/s/gpu Batch (t): 0.9238 LR: 0.000073 Step: 371650 Total Loss: 0.1809 KL Loss: 0.0111 Recon Loss: 0.0064 Discriminator Loss: -0.0036 Perceptual Loss: 0.1669 
[12/01 06:05:18 Tokenizer]: Data (t): 0.0012, 34.74/s/gpu Batch (t): 0.9212 LR: 0.000073 Step: 371700 Total Loss: 0.1982 KL Loss: 0.0111 Recon Loss: 0.0063 Discriminator Loss: 0.0147 Perceptual Loss: 0.1661 
[12/01 06:06:05 Tokenizer]: Data (t): 0.0013, 33.86/s/gpu Batch (t): 0.9451 LR: 0.000073 Step: 371750 Total Loss: 0.2137 KL Loss: 0.0107 Recon Loss: 0.0067 Discriminator Loss: 0.0160 Perceptual Loss: 0.1803 
[12/01 06:06:52 Tokenizer]: Data (t): 0.0013, 35.88/s/gpu Batch (t): 0.8919 LR: 0.000073 Step: 371800 Total Loss: 0.1815 KL Loss: 0.0110 Recon Loss: 0.0073 Discriminator Loss: -0.0028 Perceptual Loss: 0.1661 
[12/01 06:07:39 Tokenizer]: Data (t): 0.0013, 33.10/s/gpu Batch (t): 0.9667 LR: 0.000073 Step: 371850 Total Loss: 0.2000 KL Loss: 0.0109 Recon Loss: 0.0070 Discriminator Loss: 0.0045 Perceptual Loss: 0.1775 
[12/01 06:08:26 Tokenizer]: Data (t): 0.0013, 36.25/s/gpu Batch (t): 0.8828 LR: 0.000073 Step: 371900 Total Loss: 0.1648 KL Loss: 0.0111 Recon Loss: 0.0061 Discriminator Loss: -0.0186 Perceptual Loss: 0.1663 
[12/01 06:09:12 Tokenizer]: Data (t): 0.0013, 33.92/s/gpu Batch (t): 0.9433 LR: 0.000073 Step: 371950 Total Loss: 0.1849 KL Loss: 0.0109 Recon Loss: 0.0066 Discriminator Loss: -0.0038 Perceptual Loss: 0.1712 
[12/01 06:10:00 Tokenizer]: Data (t): 0.0020, 29.82/s/gpu Batch (t): 1.0731 LR: 0.000073 Step: 372000 Total Loss: 0.2018 KL Loss: 0.0114 Recon Loss: 0.0066 Discriminator Loss: 0.0173 Perceptual Loss: 0.1665 
[12/01 06:10:00 Tokenizer]: Reconstructing images...
[12/01 06:10:48 Tokenizer]: Data (t): 0.0013, 35.86/s/gpu Batch (t): 0.8924 LR: 0.000073 Step: 372050 Total Loss: 0.1644 KL Loss: 0.0110 Recon Loss: 0.0057 Discriminator Loss: -0.0099 Perceptual Loss: 0.1577 
[12/01 06:11:35 Tokenizer]: Data (t): 0.0013, 33.23/s/gpu Batch (t): 0.9630 LR: 0.000073 Step: 372100 Total Loss: 0.2139 KL Loss: 0.0111 Recon Loss: 0.0068 Discriminator Loss: 0.0187 Perceptual Loss: 0.1774 
[12/01 06:12:22 Tokenizer]: Data (t): 0.0013, 35.09/s/gpu Batch (t): 0.9120 LR: 0.000073 Step: 372150 Total Loss: 0.1905 KL Loss: 0.0110 Recon Loss: 0.0058 Discriminator Loss: 0.0062 Perceptual Loss: 0.1675 
[12/01 06:13:09 Tokenizer]: Data (t): 0.0013, 35.30/s/gpu Batch (t): 0.9065 LR: 0.000073 Step: 372200 Total Loss: 0.1851 KL Loss: 0.0112 Recon Loss: 0.0075 Discriminator Loss: -0.0085 Perceptual Loss: 0.1749 
[12/01 06:13:56 Tokenizer]: Data (t): 0.0013, 34.40/s/gpu Batch (t): 0.9302 LR: 0.000073 Step: 372250 Total Loss: 0.1918 KL Loss: 0.0110 Recon Loss: 0.0062 Discriminator Loss: 0.0092 Perceptual Loss: 0.1653 
[12/01 06:14:43 Tokenizer]: Data (t): 0.0022, 34.12/s/gpu Batch (t): 0.9378 LR: 0.000073 Step: 372300 Total Loss: 0.1734 KL Loss: 0.0108 Recon Loss: 0.0063 Discriminator Loss: -0.0071 Perceptual Loss: 0.1632 
[12/01 06:15:30 Tokenizer]: Data (t): 0.0022, 35.28/s/gpu Batch (t): 0.9071 LR: 0.000073 Step: 372350 Total Loss: 0.1913 KL Loss: 0.0110 Recon Loss: 0.0058 Discriminator Loss: 0.0157 Perceptual Loss: 0.1587 
[12/01 06:16:17 Tokenizer]: Data (t): 0.0013, 33.81/s/gpu Batch (t): 0.9464 LR: 0.000073 Step: 372400 Total Loss: 0.1872 KL Loss: 0.0110 Recon Loss: 0.0078 Discriminator Loss: -0.0039 Perceptual Loss: 0.1723 
[12/01 06:17:04 Tokenizer]: Data (t): 0.0013, 36.61/s/gpu Batch (t): 0.8741 LR: 0.000073 Step: 372450 Total Loss: 0.1844 KL Loss: 0.0110 Recon Loss: 0.0062 Discriminator Loss: 0.0005 Perceptual Loss: 0.1667 
[12/01 06:17:51 Tokenizer]: Data (t): 0.0012, 34.33/s/gpu Batch (t): 0.9321 LR: 0.000073 Step: 372500 Total Loss: 0.2033 KL Loss: 0.0115 Recon Loss: 0.0073 Discriminator Loss: 0.0167 Perceptual Loss: 0.1677 
[12/01 06:17:52 Tokenizer]: Reconstructing images...
[12/01 06:18:38 Tokenizer]: Data (t): 0.0013, 35.50/s/gpu Batch (t): 0.9013 LR: 0.000073 Step: 372550 Total Loss: 0.1703 KL Loss: 0.0111 Recon Loss: 0.0063 Discriminator Loss: -0.0099 Perceptual Loss: 0.1628 
[12/01 06:19:26 Tokenizer]: Data (t): 0.0023, 35.33/s/gpu Batch (t): 0.9058 LR: 0.000073 Step: 372600 Total Loss: 0.1720 KL Loss: 0.0112 Recon Loss: 0.0062 Discriminator Loss: -0.0083 Perceptual Loss: 0.1628 
[12/01 06:20:13 Tokenizer]: Data (t): 0.0013, 33.93/s/gpu Batch (t): 0.9431 LR: 0.000073 Step: 372650 Total Loss: 0.1673 KL Loss: 0.0110 Recon Loss: 0.0072 Discriminator Loss: -0.0235 Perceptual Loss: 0.1725 
[12/01 06:21:00 Tokenizer]: Data (t): 0.0013, 35.59/s/gpu Batch (t): 0.8990 LR: 0.000073 Step: 372700 Total Loss: 0.1828 KL Loss: 0.0109 Recon Loss: 0.0059 Discriminator Loss: 0.0008 Perceptual Loss: 0.1650 
[12/01 06:21:47 Tokenizer]: Data (t): 0.0013, 35.76/s/gpu Batch (t): 0.8950 LR: 0.000073 Step: 372750 Total Loss: 0.1968 KL Loss: 0.0110 Recon Loss: 0.0062 Discriminator Loss: 0.0143 Perceptual Loss: 0.1654 
[12/01 06:22:33 Tokenizer]: Data (t): 0.0013, 33.37/s/gpu Batch (t): 0.9590 LR: 0.000073 Step: 372800 Total Loss: 0.1816 KL Loss: 0.0112 Recon Loss: 0.0067 Discriminator Loss: -0.0050 Perceptual Loss: 0.1687 
[12/01 06:23:20 Tokenizer]: Data (t): 0.0014, 35.61/s/gpu Batch (t): 0.8986 LR: 0.000073 Step: 372850 Total Loss: 0.1807 KL Loss: 0.0113 Recon Loss: 0.0061 Discriminator Loss: -0.0007 Perceptual Loss: 0.1639 
[12/01 06:24:07 Tokenizer]: Data (t): 0.0017, 33.50/s/gpu Batch (t): 0.9551 LR: 0.000073 Step: 372900 Total Loss: 0.1697 KL Loss: 0.0109 Recon Loss: 0.0064 Discriminator Loss: -0.0163 Perceptual Loss: 0.1687 
[12/01 06:24:54 Tokenizer]: Data (t): 0.0012, 34.83/s/gpu Batch (t): 0.9187 LR: 0.000073 Step: 372950 Total Loss: 0.1759 KL Loss: 0.0114 Recon Loss: 0.0061 Discriminator Loss: -0.0190 Perceptual Loss: 0.1774 
[12/01 06:25:41 Tokenizer]: Data (t): 0.0012, 31.40/s/gpu Batch (t): 1.0190 LR: 0.000073 Step: 373000 Total Loss: 0.1861 KL Loss: 0.0109 Recon Loss: 0.0057 Discriminator Loss: 0.0040 Perceptual Loss: 0.1654 
[12/01 06:25:42 Tokenizer]: Reconstructing images...
[12/01 06:26:29 Tokenizer]: Data (t): 0.0013, 33.19/s/gpu Batch (t): 0.9640 LR: 0.000073 Step: 373050 Total Loss: 0.1975 KL Loss: 0.0112 Recon Loss: 0.0057 Discriminator Loss: 0.0099 Perceptual Loss: 0.1707 
[12/01 06:27:15 Tokenizer]: Data (t): 0.0013, 34.36/s/gpu Batch (t): 0.9313 LR: 0.000073 Step: 373100 Total Loss: 0.1848 KL Loss: 0.0107 Recon Loss: 0.0057 Discriminator Loss: -0.0017 Perceptual Loss: 0.1701 
[12/01 06:28:03 Tokenizer]: Data (t): 0.0013, 33.57/s/gpu Batch (t): 0.9532 LR: 0.000073 Step: 373150 Total Loss: 0.1662 KL Loss: 0.0109 Recon Loss: 0.0058 Discriminator Loss: -0.0118 Perceptual Loss: 0.1613 
[12/01 06:28:50 Tokenizer]: Data (t): 0.0013, 33.53/s/gpu Batch (t): 0.9542 LR: 0.000073 Step: 373200 Total Loss: 0.2001 KL Loss: 0.0112 Recon Loss: 0.0072 Discriminator Loss: 0.0053 Perceptual Loss: 0.1765 
[12/01 06:29:36 Tokenizer]: Data (t): 0.0013, 34.54/s/gpu Batch (t): 0.9265 LR: 0.000073 Step: 373250 Total Loss: 0.1856 KL Loss: 0.0109 Recon Loss: 0.0061 Discriminator Loss: 0.0070 Perceptual Loss: 0.1616 
[12/01 06:30:23 Tokenizer]: Data (t): 0.0012, 33.70/s/gpu Batch (t): 0.9494 LR: 0.000073 Step: 373300 Total Loss: 0.1856 KL Loss: 0.0111 Recon Loss: 0.0062 Discriminator Loss: 0.0062 Perceptual Loss: 0.1622 
[12/01 06:31:10 Tokenizer]: Data (t): 0.0013, 33.65/s/gpu Batch (t): 0.9509 LR: 0.000073 Step: 373350 Total Loss: 0.2173 KL Loss: 0.0111 Recon Loss: 0.0072 Discriminator Loss: 0.0168 Perceptual Loss: 0.1823 
[12/01 06:31:56 Tokenizer]: Data (t): 0.0013, 33.36/s/gpu Batch (t): 0.9593 LR: 0.000073 Step: 373400 Total Loss: 0.1822 KL Loss: 0.0111 Recon Loss: 0.0060 Discriminator Loss: 0.0055 Perceptual Loss: 0.1597 
[12/01 06:32:43 Tokenizer]: Data (t): 0.0013, 34.53/s/gpu Batch (t): 0.9267 LR: 0.000073 Step: 373450 Total Loss: 0.1878 KL Loss: 0.0110 Recon Loss: 0.0064 Discriminator Loss: -0.0000 Perceptual Loss: 0.1704 
[12/01 06:33:30 Tokenizer]: Data (t): 0.0013, 34.93/s/gpu Batch (t): 0.9160 LR: 0.000073 Step: 373500 Total Loss: 0.1917 KL Loss: 0.0107 Recon Loss: 0.0066 Discriminator Loss: 0.0053 Perceptual Loss: 0.1691 
[12/01 06:33:31 Tokenizer]: Reconstructing images...
[12/01 06:34:18 Tokenizer]: Data (t): 0.0013, 33.76/s/gpu Batch (t): 0.9479 LR: 0.000073 Step: 373550 Total Loss: 0.1869 KL Loss: 0.0111 Recon Loss: 0.0062 Discriminator Loss: 0.0034 Perceptual Loss: 0.1663 
[12/01 06:35:05 Tokenizer]: Data (t): 0.0014, 33.60/s/gpu Batch (t): 0.9524 LR: 0.000073 Step: 373600 Total Loss: 0.1965 KL Loss: 0.0113 Recon Loss: 0.0083 Discriminator Loss: 0.0090 Perceptual Loss: 0.1679 
[12/01 06:35:52 Tokenizer]: Data (t): 0.0017, 32.66/s/gpu Batch (t): 0.9798 LR: 0.000073 Step: 373650 Total Loss: 0.1608 KL Loss: 0.0112 Recon Loss: 0.0063 Discriminator Loss: -0.0152 Perceptual Loss: 0.1585 
[12/01 06:36:39 Tokenizer]: Data (t): 0.0013, 33.59/s/gpu Batch (t): 0.9526 LR: 0.000073 Step: 373700 Total Loss: 0.2076 KL Loss: 0.0110 Recon Loss: 0.0065 Discriminator Loss: 0.0216 Perceptual Loss: 0.1686 
[12/01 06:37:26 Tokenizer]: Data (t): 0.0013, 33.31/s/gpu Batch (t): 0.9606 LR: 0.000073 Step: 373750 Total Loss: 0.1938 KL Loss: 0.0111 Recon Loss: 0.0061 Discriminator Loss: 0.0103 Perceptual Loss: 0.1663 
[12/01 06:38:13 Tokenizer]: Data (t): 0.0013, 35.00/s/gpu Batch (t): 0.9143 LR: 0.000073 Step: 373800 Total Loss: 0.1934 KL Loss: 0.0108 Recon Loss: 0.0064 Discriminator Loss: 0.0069 Perceptual Loss: 0.1693 
[12/01 06:39:00 Tokenizer]: Data (t): 0.0013, 33.63/s/gpu Batch (t): 0.9516 LR: 0.000073 Step: 373850 Total Loss: 0.1908 KL Loss: 0.0112 Recon Loss: 0.0066 Discriminator Loss: 0.0050 Perceptual Loss: 0.1679 
[12/01 06:39:46 Tokenizer]: Data (t): 0.0018, 34.34/s/gpu Batch (t): 0.9318 LR: 0.000073 Step: 373900 Total Loss: 0.1724 KL Loss: 0.0108 Recon Loss: 0.0063 Discriminator Loss: -0.0107 Perceptual Loss: 0.1660 
[12/01 06:40:34 Tokenizer]: Data (t): 0.0013, 35.26/s/gpu Batch (t): 0.9076 LR: 0.000073 Step: 373950 Total Loss: 0.1955 KL Loss: 0.0111 Recon Loss: 0.0065 Discriminator Loss: 0.0057 Perceptual Loss: 0.1722 
[12/01 06:41:20 Tokenizer]: Data (t): 0.0013, 30.32/s/gpu Batch (t): 1.0555 LR: 0.000073 Step: 374000 Total Loss: 0.1809 KL Loss: 0.0113 Recon Loss: 0.0054 Discriminator Loss: 0.0027 Perceptual Loss: 0.1615 
[12/01 06:41:21 Tokenizer]: Reconstructing images...
[12/01 06:42:09 Tokenizer]: Data (t): 0.0013, 35.42/s/gpu Batch (t): 0.9035 LR: 0.000073 Step: 374050 Total Loss: 0.1777 KL Loss: 0.0113 Recon Loss: 0.0067 Discriminator Loss: -0.0011 Perceptual Loss: 0.1608 
[12/01 06:42:56 Tokenizer]: Data (t): 0.0013, 33.74/s/gpu Batch (t): 0.9484 LR: 0.000073 Step: 374100 Total Loss: 0.2124 KL Loss: 0.0113 Recon Loss: 0.0100 Discriminator Loss: 0.0093 Perceptual Loss: 0.1817 
[12/01 06:43:43 Tokenizer]: Data (t): 0.0022, 34.43/s/gpu Batch (t): 0.9295 LR: 0.000073 Step: 374150 Total Loss: 0.1958 KL Loss: 0.0109 Recon Loss: 0.0059 Discriminator Loss: 0.0189 Perceptual Loss: 0.1601 
[12/01 06:44:29 Tokenizer]: Data (t): 0.0013, 34.44/s/gpu Batch (t): 0.9291 LR: 0.000073 Step: 374200 Total Loss: 0.1799 KL Loss: 0.0111 Recon Loss: 0.0057 Discriminator Loss: 0.0032 Perceptual Loss: 0.1599 
[12/01 06:45:16 Tokenizer]: Data (t): 0.0012, 34.55/s/gpu Batch (t): 0.9262 LR: 0.000073 Step: 374250 Total Loss: 0.2139 KL Loss: 0.0108 Recon Loss: 0.0075 Discriminator Loss: 0.0185 Perceptual Loss: 0.1771 
[12/01 06:46:03 Tokenizer]: Data (t): 0.0013, 34.93/s/gpu Batch (t): 0.9161 LR: 0.000073 Step: 374300 Total Loss: 0.1894 KL Loss: 0.0112 Recon Loss: 0.0068 Discriminator Loss: 0.0094 Perceptual Loss: 0.1621 
[12/01 06:46:50 Tokenizer]: Data (t): 0.0012, 34.01/s/gpu Batch (t): 0.9409 LR: 0.000073 Step: 374350 Total Loss: 0.1730 KL Loss: 0.0108 Recon Loss: 0.0059 Discriminator Loss: -0.0106 Perceptual Loss: 0.1669 
[12/01 06:47:37 Tokenizer]: Data (t): 0.0013, 34.08/s/gpu Batch (t): 0.9389 LR: 0.000073 Step: 374400 Total Loss: 0.1983 KL Loss: 0.0114 Recon Loss: 0.0063 Discriminator Loss: 0.0201 Perceptual Loss: 0.1606 
[12/01 06:48:24 Tokenizer]: Data (t): 0.0013, 33.29/s/gpu Batch (t): 0.9613 LR: 0.000073 Step: 374450 Total Loss: 0.1738 KL Loss: 0.0112 Recon Loss: 0.0064 Discriminator Loss: -0.0103 Perceptual Loss: 0.1665 
[12/01 06:49:11 Tokenizer]: Data (t): 0.0013, 32.43/s/gpu Batch (t): 0.9867 LR: 0.000073 Step: 374500 Total Loss: 0.1765 KL Loss: 0.0110 Recon Loss: 0.0067 Discriminator Loss: -0.0077 Perceptual Loss: 0.1664 
[12/01 06:49:12 Tokenizer]: Reconstructing images...
[12/01 06:49:59 Tokenizer]: Data (t): 0.0013, 32.22/s/gpu Batch (t): 0.9930 LR: 0.000073 Step: 374550 Total Loss: 0.1806 KL Loss: 0.0109 Recon Loss: 0.0061 Discriminator Loss: -0.0007 Perceptual Loss: 0.1643 
[12/01 06:50:46 Tokenizer]: Data (t): 0.0013, 35.66/s/gpu Batch (t): 0.8973 LR: 0.000073 Step: 374600 Total Loss: 0.2114 KL Loss: 0.0107 Recon Loss: 0.0065 Discriminator Loss: 0.0207 Perceptual Loss: 0.1734 
[12/01 06:51:33 Tokenizer]: Data (t): 0.0012, 35.53/s/gpu Batch (t): 0.9007 LR: 0.000073 Step: 374650 Total Loss: 0.2074 KL Loss: 0.0112 Recon Loss: 0.0069 Discriminator Loss: 0.0228 Perceptual Loss: 0.1665 
[12/01 06:52:20 Tokenizer]: Data (t): 0.0012, 35.40/s/gpu Batch (t): 0.9040 LR: 0.000073 Step: 374700 Total Loss: 0.1794 KL Loss: 0.0111 Recon Loss: 0.0068 Discriminator Loss: -0.0076 Perceptual Loss: 0.1692 
[12/01 06:53:07 Tokenizer]: Data (t): 0.0013, 29.07/s/gpu Batch (t): 1.1008 LR: 0.000073 Step: 374750 Total Loss: 0.1840 KL Loss: 0.0112 Recon Loss: 0.0057 Discriminator Loss: 0.0021 Perceptual Loss: 0.1650 
[12/01 06:53:54 Tokenizer]: Data (t): 0.0014, 35.02/s/gpu Batch (t): 0.9138 LR: 0.000073 Step: 374800 Total Loss: 0.1617 KL Loss: 0.0110 Recon Loss: 0.0069 Discriminator Loss: -0.0233 Perceptual Loss: 0.1672 
[12/01 06:54:41 Tokenizer]: Data (t): 0.0013, 34.90/s/gpu Batch (t): 0.9170 LR: 0.000073 Step: 374850 Total Loss: 0.1947 KL Loss: 0.0107 Recon Loss: 0.0063 Discriminator Loss: 0.0098 Perceptual Loss: 0.1678 
[12/01 06:55:28 Tokenizer]: Data (t): 0.0013, 34.10/s/gpu Batch (t): 0.9385 LR: 0.000073 Step: 374900 Total Loss: 0.1887 KL Loss: 0.0109 Recon Loss: 0.0066 Discriminator Loss: 0.0013 Perceptual Loss: 0.1699 
[12/01 06:56:15 Tokenizer]: Data (t): 0.0012, 33.87/s/gpu Batch (t): 0.9448 LR: 0.000073 Step: 374950 Total Loss: 0.1987 KL Loss: 0.0109 Recon Loss: 0.0060 Discriminator Loss: 0.0157 Perceptual Loss: 0.1661 
[12/01 06:57:02 Tokenizer]: Data (t): 0.0012, 30.08/s/gpu Batch (t): 1.0639 LR: 0.000073 Step: 375000 Total Loss: 0.1621 KL Loss: 0.0110 Recon Loss: 0.0075 Discriminator Loss: -0.0353 Perceptual Loss: 0.1789 
[12/01 06:57:03 Tokenizer]: Reconstructing images...
[12/01 06:57:50 Tokenizer]: Data (t): 0.0013, 34.51/s/gpu Batch (t): 0.9272 LR: 0.000073 Step: 375050 Total Loss: 0.1588 KL Loss: 0.0111 Recon Loss: 0.0061 Discriminator Loss: -0.0214 Perceptual Loss: 0.1630 
[12/01 06:58:37 Tokenizer]: Data (t): 0.0013, 34.43/s/gpu Batch (t): 0.9295 LR: 0.000073 Step: 375100 Total Loss: 0.1641 KL Loss: 0.0109 Recon Loss: 0.0061 Discriminator Loss: -0.0170 Perceptual Loss: 0.1641 
[12/01 06:59:24 Tokenizer]: Data (t): 0.0013, 34.28/s/gpu Batch (t): 0.9334 LR: 0.000073 Step: 375150 Total Loss: 0.1846 KL Loss: 0.0112 Recon Loss: 0.0056 Discriminator Loss: 0.0010 Perceptual Loss: 0.1668 
[12/01 07:00:10 Tokenizer]: Data (t): 0.0013, 35.49/s/gpu Batch (t): 0.9016 LR: 0.000073 Step: 375200 Total Loss: 0.1968 KL Loss: 0.0110 Recon Loss: 0.0062 Discriminator Loss: 0.0162 Perceptual Loss: 0.1634 
[12/01 07:00:57 Tokenizer]: Data (t): 0.0013, 33.27/s/gpu Batch (t): 0.9617 LR: 0.000073 Step: 375250 Total Loss: 0.1813 KL Loss: 0.0112 Recon Loss: 0.0064 Discriminator Loss: -0.0068 Perceptual Loss: 0.1705 
[12/01 07:01:44 Tokenizer]: Data (t): 0.0013, 33.65/s/gpu Batch (t): 0.9510 LR: 0.000073 Step: 375300 Total Loss: 0.1798 KL Loss: 0.0109 Recon Loss: 0.0068 Discriminator Loss: -0.0060 Perceptual Loss: 0.1680 
[12/01 07:02:31 Tokenizer]: Data (t): 0.0013, 35.57/s/gpu Batch (t): 0.8997 LR: 0.000073 Step: 375350 Total Loss: 0.1783 KL Loss: 0.0110 Recon Loss: 0.0064 Discriminator Loss: -0.0114 Perceptual Loss: 0.1723 
[12/01 07:03:18 Tokenizer]: Data (t): 0.0018, 34.31/s/gpu Batch (t): 0.9327 LR: 0.000073 Step: 375400 Total Loss: 0.1992 KL Loss: 0.0109 Recon Loss: 0.0062 Discriminator Loss: 0.0146 Perceptual Loss: 0.1675 
[12/01 07:04:05 Tokenizer]: Data (t): 0.0015, 33.74/s/gpu Batch (t): 0.9483 LR: 0.000073 Step: 375450 Total Loss: 0.1932 KL Loss: 0.0108 Recon Loss: 0.0060 Discriminator Loss: 0.0026 Perceptual Loss: 0.1737 
[12/01 07:04:52 Tokenizer]: Data (t): 0.0020, 35.74/s/gpu Batch (t): 0.8954 LR: 0.000073 Step: 375500 Total Loss: 0.1858 KL Loss: 0.0110 Recon Loss: 0.0056 Discriminator Loss: 0.0068 Perceptual Loss: 0.1624 
[12/01 07:04:52 Tokenizer]: Reconstructing images...
[12/01 07:05:40 Tokenizer]: Data (t): 0.0013, 33.13/s/gpu Batch (t): 0.9658 LR: 0.000073 Step: 375550 Total Loss: 0.1924 KL Loss: 0.0108 Recon Loss: 0.0063 Discriminator Loss: 0.0056 Perceptual Loss: 0.1697 
[12/01 07:06:26 Tokenizer]: Data (t): 0.0013, 35.15/s/gpu Batch (t): 0.9104 LR: 0.000073 Step: 375600 Total Loss: 0.1790 KL Loss: 0.0111 Recon Loss: 0.0065 Discriminator Loss: -0.0017 Perceptual Loss: 0.1631 
[12/01 07:07:14 Tokenizer]: Data (t): 0.0013, 34.61/s/gpu Batch (t): 0.9246 LR: 0.000073 Step: 375650 Total Loss: 0.1798 KL Loss: 0.0111 Recon Loss: 0.0063 Discriminator Loss: 0.0018 Perceptual Loss: 0.1607 
[12/01 07:08:00 Tokenizer]: Data (t): 0.0014, 34.46/s/gpu Batch (t): 0.9287 LR: 0.000073 Step: 375700 Total Loss: 0.1875 KL Loss: 0.0113 Recon Loss: 0.0078 Discriminator Loss: -0.0094 Perceptual Loss: 0.1777 
[12/01 07:08:47 Tokenizer]: Data (t): 0.0013, 34.85/s/gpu Batch (t): 0.9182 LR: 0.000073 Step: 375750 Total Loss: 0.1848 KL Loss: 0.0112 Recon Loss: 0.0056 Discriminator Loss: 0.0101 Perceptual Loss: 0.1579 
[12/01 07:09:34 Tokenizer]: Data (t): 0.0013, 35.94/s/gpu Batch (t): 0.8905 LR: 0.000073 Step: 375800 Total Loss: 0.1911 KL Loss: 0.0113 Recon Loss: 0.0067 Discriminator Loss: 0.0035 Perceptual Loss: 0.1697 
[12/01 07:10:21 Tokenizer]: Data (t): 0.0013, 32.98/s/gpu Batch (t): 0.9702 LR: 0.000073 Step: 375850 Total Loss: 0.1937 KL Loss: 0.0112 Recon Loss: 0.0057 Discriminator Loss: 0.0113 Perceptual Loss: 0.1655 
[12/01 07:11:08 Tokenizer]: Data (t): 0.0013, 35.96/s/gpu Batch (t): 0.8900 LR: 0.000073 Step: 375900 Total Loss: 0.1955 KL Loss: 0.0110 Recon Loss: 0.0064 Discriminator Loss: 0.0130 Perceptual Loss: 0.1651 
[12/01 07:11:55 Tokenizer]: Data (t): 0.0012, 34.18/s/gpu Batch (t): 0.9361 LR: 0.000073 Step: 375950 Total Loss: 0.1744 KL Loss: 0.0112 Recon Loss: 0.0073 Discriminator Loss: -0.0192 Perceptual Loss: 0.1752 
[12/01 07:12:42 Tokenizer]: Data (t): 0.0013, 30.77/s/gpu Batch (t): 1.0401 LR: 0.000073 Step: 376000 Total Loss: 0.1940 KL Loss: 0.0109 Recon Loss: 0.0078 Discriminator Loss: 0.0033 Perceptual Loss: 0.1718 
[12/01 07:12:42 Tokenizer]: Reconstructing images...
[12/01 07:13:30 Tokenizer]: Data (t): 0.0013, 35.16/s/gpu Batch (t): 0.9101 LR: 0.000073 Step: 376050 Total Loss: 0.1641 KL Loss: 0.0112 Recon Loss: 0.0052 Discriminator Loss: -0.0127 Perceptual Loss: 0.1603 
[12/01 07:14:17 Tokenizer]: Data (t): 0.0012, 33.50/s/gpu Batch (t): 0.9553 LR: 0.000073 Step: 376100 Total Loss: 0.1928 KL Loss: 0.0109 Recon Loss: 0.0068 Discriminator Loss: 0.0080 Perceptual Loss: 0.1671 
[12/01 07:15:04 Tokenizer]: Data (t): 0.0014, 33.88/s/gpu Batch (t): 0.9444 LR: 0.000073 Step: 376150 Total Loss: 0.2045 KL Loss: 0.0110 Recon Loss: 0.0067 Discriminator Loss: 0.0160 Perceptual Loss: 0.1707 
[12/01 07:15:51 Tokenizer]: Data (t): 0.0012, 36.19/s/gpu Batch (t): 0.8841 LR: 0.000073 Step: 376200 Total Loss: 0.2039 KL Loss: 0.0109 Recon Loss: 0.0069 Discriminator Loss: 0.0094 Perceptual Loss: 0.1767 
[12/01 07:16:38 Tokenizer]: Data (t): 0.0013, 34.50/s/gpu Batch (t): 0.9275 LR: 0.000073 Step: 376250 Total Loss: 0.1907 KL Loss: 0.0112 Recon Loss: 0.0057 Discriminator Loss: 0.0081 Perceptual Loss: 0.1658 
[12/01 07:17:25 Tokenizer]: Data (t): 0.0013, 34.77/s/gpu Batch (t): 0.9203 LR: 0.000073 Step: 376300 Total Loss: 0.1919 KL Loss: 0.0112 Recon Loss: 0.0095 Discriminator Loss: -0.0171 Perceptual Loss: 0.1883 
[12/01 07:18:12 Tokenizer]: Data (t): 0.0022, 34.72/s/gpu Batch (t): 0.9217 LR: 0.000073 Step: 376350 Total Loss: 0.1910 KL Loss: 0.0110 Recon Loss: 0.0063 Discriminator Loss: 0.0077 Perceptual Loss: 0.1661 
[12/01 07:18:59 Tokenizer]: Data (t): 0.0013, 34.66/s/gpu Batch (t): 0.9234 LR: 0.000073 Step: 376400 Total Loss: 0.2044 KL Loss: 0.0110 Recon Loss: 0.0073 Discriminator Loss: 0.0054 Perceptual Loss: 0.1807 
[12/01 07:19:46 Tokenizer]: Data (t): 0.0013, 34.13/s/gpu Batch (t): 0.9375 LR: 0.000073 Step: 376450 Total Loss: 0.1853 KL Loss: 0.0109 Recon Loss: 0.0054 Discriminator Loss: 0.0023 Perceptual Loss: 0.1667 
[12/01 07:20:32 Tokenizer]: Data (t): 0.0013, 35.02/s/gpu Batch (t): 0.9137 LR: 0.000073 Step: 376500 Total Loss: 0.1835 KL Loss: 0.0111 Recon Loss: 0.0063 Discriminator Loss: 0.0005 Perceptual Loss: 0.1655 
[12/01 07:20:33 Tokenizer]: Reconstructing images...
[12/01 07:21:21 Tokenizer]: Data (t): 0.0013, 36.09/s/gpu Batch (t): 0.8867 LR: 0.000073 Step: 376550 Total Loss: 0.1959 KL Loss: 0.0108 Recon Loss: 0.0065 Discriminator Loss: 0.0041 Perceptual Loss: 0.1746 
[12/01 07:22:08 Tokenizer]: Data (t): 0.0013, 34.85/s/gpu Batch (t): 0.9182 LR: 0.000073 Step: 376600 Total Loss: 0.1948 KL Loss: 0.0112 Recon Loss: 0.0073 Discriminator Loss: 0.0018 Perceptual Loss: 0.1746 
[12/01 07:22:55 Tokenizer]: Data (t): 0.0013, 35.25/s/gpu Batch (t): 0.9078 LR: 0.000073 Step: 376650 Total Loss: 0.1840 KL Loss: 0.0108 Recon Loss: 0.0067 Discriminator Loss: -0.0038 Perceptual Loss: 0.1704 
[12/01 07:23:41 Tokenizer]: Data (t): 0.0013, 34.83/s/gpu Batch (t): 0.9187 LR: 0.000073 Step: 376700 Total Loss: 0.2053 KL Loss: 0.0114 Recon Loss: 0.0076 Discriminator Loss: 0.0085 Perceptual Loss: 0.1777 
[12/01 07:24:28 Tokenizer]: Data (t): 0.0013, 35.49/s/gpu Batch (t): 0.9017 LR: 0.000073 Step: 376750 Total Loss: 0.3386 KL Loss: 0.0112 Recon Loss: 0.0171 Discriminator Loss: 0.1058 Perceptual Loss: 0.2046 
[12/01 07:25:16 Tokenizer]: Data (t): 0.0013, 34.21/s/gpu Batch (t): 0.9355 LR: 0.000073 Step: 376800 Total Loss: 0.1894 KL Loss: 0.0113 Recon Loss: 0.0055 Discriminator Loss: 0.0061 Perceptual Loss: 0.1664 
[12/01 07:26:03 Tokenizer]: Data (t): 0.0013, 34.83/s/gpu Batch (t): 0.9187 LR: 0.000073 Step: 376850 Total Loss: 0.1926 KL Loss: 0.0107 Recon Loss: 0.0062 Discriminator Loss: 0.0130 Perceptual Loss: 0.1626 
[12/01 07:26:50 Tokenizer]: Data (t): 0.0012, 34.21/s/gpu Batch (t): 0.9354 LR: 0.000073 Step: 376900 Total Loss: 0.2246 KL Loss: 0.0111 Recon Loss: 0.0062 Discriminator Loss: 0.0469 Perceptual Loss: 0.1605 
[12/01 07:27:37 Tokenizer]: Data (t): 0.0013, 33.63/s/gpu Batch (t): 0.9516 LR: 0.000073 Step: 376950 Total Loss: 0.1775 KL Loss: 0.0112 Recon Loss: 0.0065 Discriminator Loss: -0.0006 Perceptual Loss: 0.1605 
[12/01 07:28:23 Tokenizer]: Data (t): 0.0022, 29.97/s/gpu Batch (t): 1.0676 LR: 0.000073 Step: 377000 Total Loss: 0.1855 KL Loss: 0.0112 Recon Loss: 0.0060 Discriminator Loss: 0.0083 Perceptual Loss: 0.1600 
[12/01 07:28:24 Tokenizer]: Reconstructing images...
[12/01 07:29:11 Tokenizer]: Data (t): 0.0013, 33.78/s/gpu Batch (t): 0.9474 LR: 0.000073 Step: 377050 Total Loss: 0.1599 KL Loss: 0.0112 Recon Loss: 0.0060 Discriminator Loss: -0.0182 Perceptual Loss: 0.1609 
[12/01 07:29:58 Tokenizer]: Data (t): 0.0014, 34.81/s/gpu Batch (t): 0.9192 LR: 0.000073 Step: 377100 Total Loss: 0.1705 KL Loss: 0.0109 Recon Loss: 0.0059 Discriminator Loss: -0.0117 Perceptual Loss: 0.1655 
[12/01 07:30:45 Tokenizer]: Data (t): 0.0014, 34.21/s/gpu Batch (t): 0.9353 LR: 0.000073 Step: 377150 Total Loss: 0.1836 KL Loss: 0.0111 Recon Loss: 0.0070 Discriminator Loss: -0.0011 Perceptual Loss: 0.1666 
[12/01 07:31:32 Tokenizer]: Data (t): 0.0012, 35.01/s/gpu Batch (t): 0.9140 LR: 0.000073 Step: 377200 Total Loss: 0.1853 KL Loss: 0.0110 Recon Loss: 0.0061 Discriminator Loss: -0.0019 Perceptual Loss: 0.1702 
[12/01 07:32:19 Tokenizer]: Data (t): 0.0013, 35.10/s/gpu Batch (t): 0.9118 LR: 0.000073 Step: 377250 Total Loss: 0.1852 KL Loss: 0.0108 Recon Loss: 0.0062 Discriminator Loss: -0.0021 Perceptual Loss: 0.1703 
[12/01 07:33:06 Tokenizer]: Data (t): 0.0012, 34.99/s/gpu Batch (t): 0.9145 LR: 0.000073 Step: 377300 Total Loss: 0.1797 KL Loss: 0.0108 Recon Loss: 0.0069 Discriminator Loss: -0.0130 Perceptual Loss: 0.1750 
[12/01 07:33:53 Tokenizer]: Data (t): 0.0012, 32.28/s/gpu Batch (t): 0.9913 LR: 0.000073 Step: 377350 Total Loss: 0.2137 KL Loss: 0.0109 Recon Loss: 0.0187 Discriminator Loss: -0.0151 Perceptual Loss: 0.1992 
[12/01 07:34:40 Tokenizer]: Data (t): 0.0012, 34.67/s/gpu Batch (t): 0.9230 LR: 0.000073 Step: 377400 Total Loss: 0.1761 KL Loss: 0.0115 Recon Loss: 0.0055 Discriminator Loss: 0.0031 Perceptual Loss: 0.1561 
[12/01 07:35:27 Tokenizer]: Data (t): 0.0013, 35.73/s/gpu Batch (t): 0.8956 LR: 0.000073 Step: 377450 Total Loss: 0.1861 KL Loss: 0.0111 Recon Loss: 0.0067 Discriminator Loss: 0.0047 Perceptual Loss: 0.1636 
[12/01 07:36:13 Tokenizer]: Data (t): 0.0013, 35.81/s/gpu Batch (t): 0.8936 LR: 0.000073 Step: 377500 Total Loss: 0.1882 KL Loss: 0.0113 Recon Loss: 0.0054 Discriminator Loss: 0.0123 Perceptual Loss: 0.1592 
[12/01 07:36:14 Tokenizer]: Reconstructing images...
[12/01 07:37:01 Tokenizer]: Data (t): 0.0020, 33.72/s/gpu Batch (t): 0.9490 LR: 0.000073 Step: 377550 Total Loss: 0.1883 KL Loss: 0.0108 Recon Loss: 0.0060 Discriminator Loss: 0.0028 Perceptual Loss: 0.1686 
[12/01 07:37:48 Tokenizer]: Data (t): 0.0012, 34.53/s/gpu Batch (t): 0.9266 LR: 0.000073 Step: 377600 Total Loss: 0.2006 KL Loss: 0.0112 Recon Loss: 0.0073 Discriminator Loss: 0.0063 Perceptual Loss: 0.1757 
[12/01 07:38:35 Tokenizer]: Data (t): 0.0013, 34.42/s/gpu Batch (t): 0.9298 LR: 0.000073 Step: 377650 Total Loss: 0.2174 KL Loss: 0.0110 Recon Loss: 0.0071 Discriminator Loss: 0.0222 Perceptual Loss: 0.1771 
[12/01 07:39:22 Tokenizer]: Data (t): 0.0013, 33.29/s/gpu Batch (t): 0.9612 LR: 0.000073 Step: 377700 Total Loss: 0.1882 KL Loss: 0.0112 Recon Loss: 0.0065 Discriminator Loss: 0.0029 Perceptual Loss: 0.1676 
[12/01 07:40:09 Tokenizer]: Data (t): 0.0020, 33.73/s/gpu Batch (t): 0.9488 LR: 0.000073 Step: 377750 Total Loss: 0.1965 KL Loss: 0.0112 Recon Loss: 0.0062 Discriminator Loss: 0.0030 Perceptual Loss: 0.1761 
[12/01 07:40:56 Tokenizer]: Data (t): 0.0013, 35.02/s/gpu Batch (t): 0.9137 LR: 0.000073 Step: 377800 Total Loss: 0.1600 KL Loss: 0.0112 Recon Loss: 0.0064 Discriminator Loss: -0.0274 Perceptual Loss: 0.1698 
[12/01 07:41:43 Tokenizer]: Data (t): 0.0013, 35.89/s/gpu Batch (t): 0.8915 LR: 0.000073 Step: 377850 Total Loss: 0.2119 KL Loss: 0.0107 Recon Loss: 0.0061 Discriminator Loss: 0.0292 Perceptual Loss: 0.1659 
[12/01 07:42:30 Tokenizer]: Data (t): 0.0013, 34.92/s/gpu Batch (t): 0.9164 LR: 0.000073 Step: 377900 Total Loss: 0.1798 KL Loss: 0.0110 Recon Loss: 0.0055 Discriminator Loss: 0.0020 Perceptual Loss: 0.1613 
[12/01 07:43:17 Tokenizer]: Data (t): 0.0013, 33.67/s/gpu Batch (t): 0.9505 LR: 0.000073 Step: 377950 Total Loss: 0.1665 KL Loss: 0.0108 Recon Loss: 0.0071 Discriminator Loss: -0.0268 Perceptual Loss: 0.1755 
[12/01 07:44:04 Tokenizer]: Data (t): 0.0013, 26.90/s/gpu Batch (t): 1.1895 LR: 0.000073 Step: 378000 Total Loss: 0.1702 KL Loss: 0.0110 Recon Loss: 0.0078 Discriminator Loss: -0.0230 Perceptual Loss: 0.1745 
[12/01 07:44:05 Tokenizer]: Reconstructing images...
[12/01 07:44:52 Tokenizer]: Data (t): 0.0013, 34.79/s/gpu Batch (t): 0.9197 LR: 0.000073 Step: 378050 Total Loss: 0.1840 KL Loss: 0.0108 Recon Loss: 0.0059 Discriminator Loss: 0.0036 Perceptual Loss: 0.1637 
[12/01 07:45:39 Tokenizer]: Data (t): 0.0013, 34.89/s/gpu Batch (t): 0.9172 LR: 0.000073 Step: 378100 Total Loss: 0.1824 KL Loss: 0.0110 Recon Loss: 0.0060 Discriminator Loss: 0.0039 Perceptual Loss: 0.1614 
[12/01 07:46:26 Tokenizer]: Data (t): 0.0027, 34.94/s/gpu Batch (t): 0.9158 LR: 0.000073 Step: 378150 Total Loss: 0.1841 KL Loss: 0.0111 Recon Loss: 0.0066 Discriminator Loss: -0.0046 Perceptual Loss: 0.1711 
[12/01 07:47:13 Tokenizer]: Data (t): 0.0013, 35.88/s/gpu Batch (t): 0.8919 LR: 0.000073 Step: 378200 Total Loss: 0.1869 KL Loss: 0.0111 Recon Loss: 0.0072 Discriminator Loss: -0.0067 Perceptual Loss: 0.1752 
[12/01 07:48:00 Tokenizer]: Data (t): 0.0012, 34.46/s/gpu Batch (t): 0.9285 LR: 0.000073 Step: 378250 Total Loss: 0.1969 KL Loss: 0.0112 Recon Loss: 0.0078 Discriminator Loss: 0.0002 Perceptual Loss: 0.1776 
[12/01 07:48:47 Tokenizer]: Data (t): 0.0018, 33.89/s/gpu Batch (t): 0.9442 LR: 0.000073 Step: 378300 Total Loss: 0.1677 KL Loss: 0.0112 Recon Loss: 0.0063 Discriminator Loss: -0.0110 Perceptual Loss: 0.1612 
[12/01 07:49:34 Tokenizer]: Data (t): 0.0013, 33.68/s/gpu Batch (t): 0.9501 LR: 0.000073 Step: 378350 Total Loss: 0.1855 KL Loss: 0.0111 Recon Loss: 0.0064 Discriminator Loss: -0.0061 Perceptual Loss: 0.1740 
[12/01 07:50:21 Tokenizer]: Data (t): 0.0014, 33.89/s/gpu Batch (t): 0.9442 LR: 0.000073 Step: 378400 Total Loss: 0.1714 KL Loss: 0.0113 Recon Loss: 0.0064 Discriminator Loss: -0.0095 Perceptual Loss: 0.1632 
[12/01 07:51:08 Tokenizer]: Data (t): 0.0012, 34.69/s/gpu Batch (t): 0.9225 LR: 0.000073 Step: 378450 Total Loss: 0.1958 KL Loss: 0.0110 Recon Loss: 0.0074 Discriminator Loss: 0.0002 Perceptual Loss: 0.1772 
[12/01 07:51:55 Tokenizer]: Data (t): 0.0013, 33.98/s/gpu Batch (t): 0.9417 LR: 0.000073 Step: 378500 Total Loss: 0.1693 KL Loss: 0.0113 Recon Loss: 0.0063 Discriminator Loss: -0.0158 Perceptual Loss: 0.1675 
[12/01 07:51:55 Tokenizer]: Reconstructing images...
[12/01 07:52:43 Tokenizer]: Data (t): 0.0012, 32.19/s/gpu Batch (t): 0.9941 LR: 0.000073 Step: 378550 Total Loss: 0.2051 KL Loss: 0.0110 Recon Loss: 0.0070 Discriminator Loss: 0.0171 Perceptual Loss: 0.1700 
[12/01 07:53:30 Tokenizer]: Data (t): 0.0012, 35.41/s/gpu Batch (t): 0.9036 LR: 0.000073 Step: 378600 Total Loss: 0.1859 KL Loss: 0.0113 Recon Loss: 0.0064 Discriminator Loss: 0.0085 Perceptual Loss: 0.1597 
[12/01 07:54:16 Tokenizer]: Data (t): 0.0015, 34.71/s/gpu Batch (t): 0.9220 LR: 0.000073 Step: 378650 Total Loss: 0.1961 KL Loss: 0.0113 Recon Loss: 0.0063 Discriminator Loss: 0.0123 Perceptual Loss: 0.1663 
[12/01 07:55:03 Tokenizer]: Data (t): 0.0013, 35.36/s/gpu Batch (t): 0.9051 LR: 0.000073 Step: 378700 Total Loss: 0.1949 KL Loss: 0.0110 Recon Loss: 0.0063 Discriminator Loss: 0.0117 Perceptual Loss: 0.1659 
[12/01 07:55:50 Tokenizer]: Data (t): 0.0012, 32.29/s/gpu Batch (t): 0.9909 LR: 0.000073 Step: 378750 Total Loss: 0.2172 KL Loss: 0.0109 Recon Loss: 0.0064 Discriminator Loss: 0.0260 Perceptual Loss: 0.1739 
[12/01 07:56:36 Tokenizer]: Data (t): 0.0012, 33.35/s/gpu Batch (t): 0.9595 LR: 0.000073 Step: 378800 Total Loss: 0.2272 KL Loss: 0.0110 Recon Loss: 0.0076 Discriminator Loss: 0.0387 Perceptual Loss: 0.1699 
[12/01 07:57:23 Tokenizer]: Data (t): 0.0012, 35.55/s/gpu Batch (t): 0.9001 LR: 0.000073 Step: 378850 Total Loss: 0.1680 KL Loss: 0.0111 Recon Loss: 0.0063 Discriminator Loss: -0.0112 Perceptual Loss: 0.1618 
[12/01 07:58:10 Tokenizer]: Data (t): 0.0019, 34.42/s/gpu Batch (t): 0.9298 LR: 0.000073 Step: 378900 Total Loss: 0.2022 KL Loss: 0.0110 Recon Loss: 0.0075 Discriminator Loss: 0.0104 Perceptual Loss: 0.1733 
[12/01 07:58:57 Tokenizer]: Data (t): 0.0013, 35.22/s/gpu Batch (t): 0.9087 LR: 0.000073 Step: 378950 Total Loss: 0.1702 KL Loss: 0.0110 Recon Loss: 0.0063 Discriminator Loss: -0.0121 Perceptual Loss: 0.1651 
[12/01 07:59:44 Tokenizer]: Data (t): 0.0015, 29.85/s/gpu Batch (t): 1.0721 LR: 0.000073 Step: 379000 Total Loss: 0.1909 KL Loss: 0.0108 Recon Loss: 0.0066 Discriminator Loss: 0.0010 Perceptual Loss: 0.1724 
[12/01 07:59:44 Tokenizer]: Reconstructing images...
[12/01 08:00:32 Tokenizer]: Data (t): 0.0018, 32.89/s/gpu Batch (t): 0.9731 LR: 0.000073 Step: 379050 Total Loss: 0.2088 KL Loss: 0.0110 Recon Loss: 0.0064 Discriminator Loss: 0.0171 Perceptual Loss: 0.1743 
[12/01 08:01:20 Tokenizer]: Data (t): 0.0013, 33.08/s/gpu Batch (t): 0.9674 LR: 0.000073 Step: 379100 Total Loss: 0.1554 KL Loss: 0.0108 Recon Loss: 0.0058 Discriminator Loss: -0.0235 Perceptual Loss: 0.1623 
[12/01 08:02:07 Tokenizer]: Data (t): 0.0013, 35.36/s/gpu Batch (t): 0.9050 LR: 0.000072 Step: 379150 Total Loss: 0.1952 KL Loss: 0.0113 Recon Loss: 0.0058 Discriminator Loss: 0.0181 Perceptual Loss: 0.1599 
[12/01 08:02:54 Tokenizer]: Data (t): 0.0017, 33.08/s/gpu Batch (t): 0.9674 LR: 0.000072 Step: 379200 Total Loss: 0.1752 KL Loss: 0.0109 Recon Loss: 0.0063 Discriminator Loss: -0.0085 Perceptual Loss: 0.1665 
[12/01 08:03:40 Tokenizer]: Data (t): 0.0013, 34.74/s/gpu Batch (t): 0.9210 LR: 0.000072 Step: 379250 Total Loss: 0.1815 KL Loss: 0.0112 Recon Loss: 0.0064 Discriminator Loss: -0.0023 Perceptual Loss: 0.1662 
[12/01 08:04:27 Tokenizer]: Data (t): 0.0013, 35.04/s/gpu Batch (t): 0.9134 LR: 0.000072 Step: 379300 Total Loss: 0.2295 KL Loss: 0.0110 Recon Loss: 0.0060 Discriminator Loss: 0.0461 Perceptual Loss: 0.1665 
[12/01 08:05:14 Tokenizer]: Data (t): 0.0013, 35.21/s/gpu Batch (t): 0.9090 LR: 0.000072 Step: 379350 Total Loss: 0.1815 KL Loss: 0.0110 Recon Loss: 0.0073 Discriminator Loss: -0.0032 Perceptual Loss: 0.1665 
[12/01 08:06:01 Tokenizer]: Data (t): 0.0013, 34.49/s/gpu Batch (t): 0.9278 LR: 0.000072 Step: 379400 Total Loss: 0.1798 KL Loss: 0.0111 Recon Loss: 0.0094 Discriminator Loss: -0.0191 Perceptual Loss: 0.1785 
[12/01 08:06:48 Tokenizer]: Data (t): 0.0013, 34.40/s/gpu Batch (t): 0.9303 LR: 0.000072 Step: 379450 Total Loss: 0.1968 KL Loss: 0.0108 Recon Loss: 0.0067 Discriminator Loss: 0.0140 Perceptual Loss: 0.1653 
[12/01 08:07:35 Tokenizer]: Data (t): 0.0012, 34.05/s/gpu Batch (t): 0.9398 LR: 0.000072 Step: 379500 Total Loss: 0.1748 KL Loss: 0.0112 Recon Loss: 0.0060 Discriminator Loss: 0.0018 Perceptual Loss: 0.1559 
[12/01 08:07:36 Tokenizer]: Reconstructing images...
[12/01 08:08:23 Tokenizer]: Data (t): 0.0012, 33.97/s/gpu Batch (t): 0.9421 LR: 0.000072 Step: 379550 Total Loss: 0.1957 KL Loss: 0.0110 Recon Loss: 0.0063 Discriminator Loss: 0.0169 Perceptual Loss: 0.1616 
[12/01 08:09:10 Tokenizer]: Data (t): 0.0013, 35.52/s/gpu Batch (t): 0.9009 LR: 0.000072 Step: 379600 Total Loss: 0.1567 KL Loss: 0.0110 Recon Loss: 0.0062 Discriminator Loss: -0.0253 Perceptual Loss: 0.1648 
[12/01 08:09:57 Tokenizer]: Data (t): 0.0012, 34.73/s/gpu Batch (t): 0.9215 LR: 0.000072 Step: 379650 Total Loss: 0.1965 KL Loss: 0.0110 Recon Loss: 0.0061 Discriminator Loss: 0.0016 Perceptual Loss: 0.1779 
[12/01 08:10:44 Tokenizer]: Data (t): 0.0013, 34.84/s/gpu Batch (t): 0.9185 LR: 0.000072 Step: 379700 Total Loss: 0.1736 KL Loss: 0.0109 Recon Loss: 0.0055 Discriminator Loss: -0.0016 Perceptual Loss: 0.1588 
[12/01 08:11:31 Tokenizer]: Data (t): 0.0013, 32.64/s/gpu Batch (t): 0.9804 LR: 0.000072 Step: 379750 Total Loss: 0.1584 KL Loss: 0.0112 Recon Loss: 0.0078 Discriminator Loss: -0.0325 Perceptual Loss: 0.1719 
[12/01 08:12:18 Tokenizer]: Data (t): 0.0013, 33.73/s/gpu Batch (t): 0.9487 LR: 0.000072 Step: 379800 Total Loss: 0.1805 KL Loss: 0.0111 Recon Loss: 0.0060 Discriminator Loss: 0.0007 Perceptual Loss: 0.1628 
[12/01 08:13:05 Tokenizer]: Data (t): 0.0013, 33.36/s/gpu Batch (t): 0.9593 LR: 0.000072 Step: 379850 Total Loss: 0.1967 KL Loss: 0.0110 Recon Loss: 0.0051 Discriminator Loss: 0.0162 Perceptual Loss: 0.1643 
[12/01 08:13:52 Tokenizer]: Data (t): 0.0012, 34.77/s/gpu Batch (t): 0.9203 LR: 0.000072 Step: 379900 Total Loss: 0.1886 KL Loss: 0.0113 Recon Loss: 0.0064 Discriminator Loss: 0.0106 Perceptual Loss: 0.1603 
[12/01 08:14:39 Tokenizer]: Data (t): 0.0012, 36.24/s/gpu Batch (t): 0.8831 LR: 0.000072 Step: 379950 Total Loss: 0.1845 KL Loss: 0.0108 Recon Loss: 0.0069 Discriminator Loss: -0.0024 Perceptual Loss: 0.1691 
[12/01 08:15:27 Tokenizer]: Data (t): 0.0012, 30.02/s/gpu Batch (t): 1.0661 LR: 0.000072 Step: 380000 Total Loss: 0.1920 KL Loss: 0.0108 Recon Loss: 0.0069 Discriminator Loss: -0.0049 Perceptual Loss: 0.1792 
Model weights saved in checkpoints/quadtok_sl256_vae_ts16-expandprob34/checkpoint-380000/unwrapped_model/pytorch_model.bin
[12/01 08:15:29 Tokenizer]: Saved state to checkpoints/quadtok_sl256_vae_ts16-expandprob34/checkpoint-380000
Model weights saved in checkpoints/quadtok_sl256_vae_ts16-expandprob34/checkpoint-380000/ema_model/pytorch_model.bin
[12/01 08:15:38 Tokenizer]: Reconstructing images...
[12/01 08:15:39 Tokenizer]: Computing metrics on the validation set.
[12/01 08:20:53 Tokenizer]: EMA EVALUATION Step: 380000 
[12/01 08:20:53 Tokenizer]: {'InceptionScore': 208.19001363753944,
 'PSNR': 24.314854740295413,
 'rFID': 1.115265819892727}
[12/01 08:21:45 Tokenizer]: Data (t): 0.0015, 33.35/s/gpu Batch (t): 0.9594 LR: 0.000072 Step: 380050 Total Loss: 0.1884 KL Loss: 0.0109 Recon Loss: 0.0060 Discriminator Loss: 0.0030 Perceptual Loss: 0.1684 
[12/01 08:22:32 Tokenizer]: Data (t): 0.0012, 34.54/s/gpu Batch (t): 0.9266 LR: 0.000072 Step: 380100 Total Loss: 0.1902 KL Loss: 0.0110 Recon Loss: 0.0066 Discriminator Loss: 0.0039 Perceptual Loss: 0.1688 
[12/01 08:23:19 Tokenizer]: Data (t): 0.0012, 35.73/s/gpu Batch (t): 0.8956 LR: 0.000072 Step: 380150 Total Loss: 0.1837 KL Loss: 0.0114 Recon Loss: 0.0066 Discriminator Loss: -0.0001 Perceptual Loss: 0.1658 
[12/01 08:24:06 Tokenizer]: Data (t): 0.0012, 34.89/s/gpu Batch (t): 0.9171 LR: 0.000072 Step: 380200 Total Loss: 0.2005 KL Loss: 0.0113 Recon Loss: 0.0060 Discriminator Loss: 0.0178 Perceptual Loss: 0.1654 
[12/01 08:24:53 Tokenizer]: Data (t): 0.0012, 32.16/s/gpu Batch (t): 0.9950 LR: 0.000072 Step: 380250 Total Loss: 0.1933 KL Loss: 0.0109 Recon Loss: 0.0086 Discriminator Loss: -0.0104 Perceptual Loss: 0.1842 
[12/01 08:25:40 Tokenizer]: Data (t): 0.0013, 35.66/s/gpu Batch (t): 0.8973 LR: 0.000072 Step: 380300 Total Loss: 0.1871 KL Loss: 0.0108 Recon Loss: 0.0069 Discriminator Loss: 0.0010 Perceptual Loss: 0.1683 
[12/01 08:26:26 Tokenizer]: Data (t): 0.0012, 34.12/s/gpu Batch (t): 0.9379 LR: 0.000072 Step: 380350 Total Loss: 0.2017 KL Loss: 0.0110 Recon Loss: 0.0059 Discriminator Loss: 0.0108 Perceptual Loss: 0.1740 
[12/01 08:27:14 Tokenizer]: Data (t): 0.0014, 33.09/s/gpu Batch (t): 0.9672 LR: 0.000072 Step: 380400 Total Loss: 0.1856 KL Loss: 0.0108 Recon Loss: 0.0060 Discriminator Loss: -0.0026 Perceptual Loss: 0.1713 
[12/01 08:28:00 Tokenizer]: Data (t): 0.0013, 33.93/s/gpu Batch (t): 0.9432 LR: 0.000072 Step: 380450 Total Loss: 0.1866 KL Loss: 0.0111 Recon Loss: 0.0058 Discriminator Loss: 0.0067 Perceptual Loss: 0.1631 
[12/01 08:28:47 Tokenizer]: Data (t): 0.0013, 34.32/s/gpu Batch (t): 0.9323 LR: 0.000072 Step: 380500 Total Loss: 0.1795 KL Loss: 0.0112 Recon Loss: 0.0070 Discriminator Loss: -0.0232 Perceptual Loss: 0.1845 
[12/01 08:28:48 Tokenizer]: Reconstructing images...
[12/01 08:29:36 Tokenizer]: Data (t): 0.0012, 33.83/s/gpu Batch (t): 0.9458 LR: 0.000072 Step: 380550 Total Loss: 0.1967 KL Loss: 0.0111 Recon Loss: 0.0109 Discriminator Loss: -0.0069 Perceptual Loss: 0.1816 
[12/01 08:30:23 Tokenizer]: Data (t): 0.0013, 32.58/s/gpu Batch (t): 0.9821 LR: 0.000072 Step: 380600 Total Loss: 0.1846 KL Loss: 0.0113 Recon Loss: 0.0053 Discriminator Loss: 0.0078 Perceptual Loss: 0.1601 
[12/01 08:31:09 Tokenizer]: Data (t): 0.0013, 35.66/s/gpu Batch (t): 0.8973 LR: 0.000072 Step: 380650 Total Loss: 0.1881 KL Loss: 0.0111 Recon Loss: 0.0054 Discriminator Loss: 0.0137 Perceptual Loss: 0.1579 
[12/01 08:31:56 Tokenizer]: Data (t): 0.0012, 35.43/s/gpu Batch (t): 0.9033 LR: 0.000072 Step: 380700 Total Loss: 0.1590 KL Loss: 0.0114 Recon Loss: 0.0059 Discriminator Loss: -0.0145 Perceptual Loss: 0.1561 
[12/01 08:32:43 Tokenizer]: Data (t): 0.0013, 34.62/s/gpu Batch (t): 0.9245 LR: 0.000072 Step: 380750 Total Loss: 0.2105 KL Loss: 0.0112 Recon Loss: 0.0065 Discriminator Loss: 0.0242 Perceptual Loss: 0.1685 
[12/01 08:33:30 Tokenizer]: Data (t): 0.0012, 34.74/s/gpu Batch (t): 0.9212 LR: 0.000072 Step: 380800 Total Loss: 0.1876 KL Loss: 0.0114 Recon Loss: 0.0079 Discriminator Loss: -0.0089 Perceptual Loss: 0.1771 
[12/01 08:34:17 Tokenizer]: Data (t): 0.0012, 31.90/s/gpu Batch (t): 1.0033 LR: 0.000072 Step: 380850 Total Loss: 0.1558 KL Loss: 0.0111 Recon Loss: 0.0060 Discriminator Loss: -0.0213 Perceptual Loss: 0.1601 
[12/01 08:35:04 Tokenizer]: Data (t): 0.0012, 34.66/s/gpu Batch (t): 0.9234 LR: 0.000072 Step: 380900 Total Loss: 0.1732 KL Loss: 0.0112 Recon Loss: 0.0059 Discriminator Loss: -0.0030 Perceptual Loss: 0.1590 
[12/01 08:35:51 Tokenizer]: Data (t): 0.0013, 35.79/s/gpu Batch (t): 0.8940 LR: 0.000072 Step: 380950 Total Loss: 0.1860 KL Loss: 0.0112 Recon Loss: 0.0058 Discriminator Loss: 0.0032 Perceptual Loss: 0.1658 
[12/01 08:36:38 Tokenizer]: Data (t): 0.0012, 29.81/s/gpu Batch (t): 1.0733 LR: 0.000072 Step: 381000 Total Loss: 0.1730 KL Loss: 0.0113 Recon Loss: 0.0060 Discriminator Loss: -0.0062 Perceptual Loss: 0.1619 
[12/01 08:36:39 Tokenizer]: Reconstructing images...
[12/01 08:37:27 Tokenizer]: Data (t): 0.0014, 34.96/s/gpu Batch (t): 0.9153 LR: 0.000072 Step: 381050 Total Loss: 0.1822 KL Loss: 0.0109 Recon Loss: 0.0074 Discriminator Loss: -0.0140 Perceptual Loss: 0.1779 
[12/01 08:38:14 Tokenizer]: Data (t): 0.0022, 34.33/s/gpu Batch (t): 0.9321 LR: 0.000072 Step: 381100 Total Loss: 0.1757 KL Loss: 0.0110 Recon Loss: 0.0058 Discriminator Loss: 0.0001 Perceptual Loss: 0.1587 
[12/01 08:39:01 Tokenizer]: Data (t): 0.0013, 34.92/s/gpu Batch (t): 0.9165 LR: 0.000072 Step: 381150 Total Loss: 0.1999 KL Loss: 0.0109 Recon Loss: 0.0072 Discriminator Loss: 0.0024 Perceptual Loss: 0.1794 
[12/01 08:39:47 Tokenizer]: Data (t): 0.0013, 35.49/s/gpu Batch (t): 0.9017 LR: 0.000072 Step: 381200 Total Loss: 0.1680 KL Loss: 0.0113 Recon Loss: 0.0095 Discriminator Loss: -0.0356 Perceptual Loss: 0.1828 
[12/01 08:40:34 Tokenizer]: Data (t): 0.0015, 36.05/s/gpu Batch (t): 0.8876 LR: 0.000072 Step: 381250 Total Loss: 0.1757 KL Loss: 0.0106 Recon Loss: 0.0070 Discriminator Loss: -0.0175 Perceptual Loss: 0.1756 
[12/01 08:41:21 Tokenizer]: Data (t): 0.0013, 33.88/s/gpu Batch (t): 0.9444 LR: 0.000072 Step: 381300 Total Loss: 0.1796 KL Loss: 0.0110 Recon Loss: 0.0057 Discriminator Loss: -0.0007 Perceptual Loss: 0.1635 
[12/01 08:42:08 Tokenizer]: Data (t): 0.0013, 34.71/s/gpu Batch (t): 0.9218 LR: 0.000072 Step: 381350 Total Loss: 0.1946 KL Loss: 0.0110 Recon Loss: 0.0063 Discriminator Loss: 0.0156 Perceptual Loss: 0.1617 
[12/01 08:42:56 Tokenizer]: Data (t): 0.0013, 35.39/s/gpu Batch (t): 0.9042 LR: 0.000072 Step: 381400 Total Loss: 0.1968 KL Loss: 0.0109 Recon Loss: 0.0066 Discriminator Loss: 0.0140 Perceptual Loss: 0.1653 
[12/01 08:43:43 Tokenizer]: Data (t): 0.0013, 32.74/s/gpu Batch (t): 0.9773 LR: 0.000072 Step: 381450 Total Loss: 0.1499 KL Loss: 0.0111 Recon Loss: 0.0062 Discriminator Loss: -0.0296 Perceptual Loss: 0.1623 
[12/01 08:44:29 Tokenizer]: Data (t): 0.0013, 34.58/s/gpu Batch (t): 0.9253 LR: 0.000072 Step: 381500 Total Loss: 0.1987 KL Loss: 0.0111 Recon Loss: 0.0061 Discriminator Loss: 0.0093 Perceptual Loss: 0.1721 
[12/01 08:44:30 Tokenizer]: Reconstructing images...
[12/01 08:45:17 Tokenizer]: Data (t): 0.0012, 35.50/s/gpu Batch (t): 0.9014 LR: 0.000072 Step: 381550 Total Loss: 0.1920 KL Loss: 0.0104 Recon Loss: 0.0063 Discriminator Loss: 0.0023 Perceptual Loss: 0.1730 
[12/01 08:46:04 Tokenizer]: Data (t): 0.0016, 34.83/s/gpu Batch (t): 0.9188 LR: 0.000072 Step: 381600 Total Loss: 0.1675 KL Loss: 0.0112 Recon Loss: 0.0060 Discriminator Loss: -0.0121 Perceptual Loss: 0.1624 
[12/01 08:46:51 Tokenizer]: Data (t): 0.0013, 34.65/s/gpu Batch (t): 0.9237 LR: 0.000072 Step: 381650 Total Loss: 0.1749 KL Loss: 0.0112 Recon Loss: 0.0060 Discriminator Loss: 0.0012 Perceptual Loss: 0.1565 
srun: got SIGCONT
slurmstepd: error: *** JOB 6427922 ON SH-IDCA1404-10-140-54-36 CANCELLED AT 2025-12-01T08:46:58 ***
srun: Job step aborted: Waiting up to 2 seconds for job step to finish.
slurmstepd: error: *** STEP 6427922.0 ON SH-IDCA1404-10-140-54-36 CANCELLED AT 2025-12-01T08:46:58 ***
srun: Easily find out why your job was killed by following the link below:
	https://docs.phoenix.sensetime.com/FAQ/SlurmFAQ/Find-out-why-my-job-was-killed/
srun: forcing job termination
W1201 08:46:58.851000 69061 site-packages/torch/distributed/elastic/agent/server/api.py:719] Received Signals.SIGTERM death signal, shutting down workers
W1201 08:46:58.840000 59725 site-packages/torch/distributed/elastic/agent/server/api.py:719] Received Signals.SIGTERM death signal, shutting down workers
W1201 08:46:58.854000 69061 site-packages/torch/distributed/elastic/multiprocessing/api.py:897] Sending process 69409 closing signal SIGTERM
W1201 08:46:58.842000 59725 site-packages/torch/distributed/elastic/multiprocessing/api.py:897] Sending process 60111 closing signal SIGTERM
W1201 08:46:58.859000 69061 site-packages/torch/distributed/elastic/multiprocessing/api.py:897] Sending process 69410 closing signal SIGTERM
W1201 08:46:58.847000 59725 site-packages/torch/distributed/elastic/multiprocessing/api.py:897] Sending process 60112 closing signal SIGTERM
W1201 08:46:58.863000 69061 site-packages/torch/distributed/elastic/multiprocessing/api.py:897] Sending process 69411 closing signal SIGTERM
W1201 08:46:58.850000 59725 site-packages/torch/distributed/elastic/multiprocessing/api.py:897] Sending process 60113 closing signal SIGTERM
W1201 08:46:58.866000 69061 site-packages/torch/distributed/elastic/multiprocessing/api.py:897] Sending process 69412 closing signal SIGTERM
